name,display_name,base_model,family,variant,seed_index,seed_label,sort_order,component,component_label,component_order,layer,submodule_group,numel,delta_l1_sum,delta_l2_norm,baseline_l2_norm,tuned_l2_norm,relative_l2,cosine_similarity,sign_flip_fraction,tail_abs_delta_z_gt_1p0_count,tail_abs_delta_z_gt_1p0_fraction,tail_abs_delta_z_gt_2p0_count,tail_abs_delta_z_gt_2p0_fraction,tail_abs_delta_z_gt_3p0_count,tail_abs_delta_z_gt_3p0_fraction,tail_abs_delta_z_gt_5p0_count,tail_abs_delta_z_gt_5p0_fraction,p999_abs_delta_z_approx,delta_energy_share
Alpha,Alpha,Alpha,Alpha,base,,,0,conv,Convolution front-end,0,0.0,Conv,384,17.615575432777405,2.6611771655105008,14.461701556876564,16.90036478043933,0.18401549465283512,0.9976784482478915,0.2526041666666667,2,0.005208333333333333,0,0.0,0,0.0,0,0.0,1.6074923465346864,0.08724064487876768
Alpha,Alpha,Alpha,Alpha,base,,,0,conv,Convolution front-end,0,1.0,Conv,20544,128.62090063095093,2.828518539783339,46.497315688230195,45.93533025275521,0.06083186734367242,0.998201017774081,0.08172702492211838,9,0.0004380841121495327,0,0.0,0,0.0,0,0.0,0.7247818652662539,0.09855742542037255
Alpha,Alpha,Alpha,Alpha,base,,,0,conv,Convolution front-end,0,2.0,Conv,73856,282.06631994247437,2.1349887015872357,38.04358883556148,37.917423573299544,0.05611953989975535,0.9984257464978658,0.01948386048526863,9,0.00012185875216637782,0,0.0,0,0.0,0,0.0,0.48197583222218154,0.0561516409975765
Alpha,Alpha,Alpha,Alpha,base,,,0,conv,Convolution front-end,0,3.0,Conv,147584,214.08122515678406,1.2852882039236013,19.38435817030847,19.942440365571485,0.06630543000862649,0.9982661197420741,0.005969481786643539,40,0.0002710320901994796,7,4.7430615784908936e-05,2,1.355160450997398e-05,0,0.0,0.6814801818397729,0.020350371138383103
Alpha,Alpha,Alpha,Alpha,base,,,0,conv,Convolution front-end,0,4.0,Conv,328192,375.89901781082153,1.4081686613545408,24.802331738681307,24.569058598239934,0.056775656264540945,0.9984176893204137,0.025710559672386897,90,0.00027422971918876753,1,3.046996879875195e-06,0,0.0,0,0.0,0.5644740020113083,0.02442759103508027
Alpha,Alpha,Alpha,Alpha,base,,,0,transformer_self_attn,Transformer self-attention,1,0.0,Self-attention,1049088,574.1147443652153,0.7246247173402378,72.72642185497955,72.69244852876237,0.009963706433752084,0.9999489968710946,0.007684770009760859,0,0.0,0,0.0,0,0.0,0,0.0,0.07857900155099959,0.006468410576766438
Alpha,Alpha,Alpha,Alpha,base,,,0,transformer_self_attn,Transformer self-attention,1,1.0,Self-attention,1049088,613.3670381903648,0.7676334181606318,62.75676637620779,62.70602917760169,0.012231882910583535,0.9999239161067841,0.00557055270863836,0,0.0,0,0.0,0,0.0,0,0.0,0.05413702789210576,0.007259037446216958
Alpha,Alpha,Alpha,Alpha,base,,,0,transformer_self_attn,Transformer self-attention,1,2.0,Self-attention,1049088,660.4182123541832,0.813078603764874,72.67765985494144,72.62944598016112,0.011187462631401452,0.9999360914775277,0.004503911969253294,0,0.0,0,0.0,0,0.0,0,0.0,0.04468224913653121,0.008143973579563282
Alpha,Alpha,Alpha,Alpha,base,,,0,transformer_self_attn,Transformer self-attention,1,3.0,Self-attention,1049088,666.0706535577774,0.819893321610143,76.67362987359456,76.63933163133869,0.01069328950464224,0.9999415747591086,0.004315176610541728,0,0.0,0,0.0,0,0.0,0,0.0,0.041032663752899934,0.008281061089521324
Alpha,Alpha,Alpha,Alpha,base,,,0,transformer_self_attn,Transformer self-attention,1,4.0,Self-attention,1049088,653.5290666818619,0.8042459527467091,78.77963763724014,78.74748571711527,0.010208804925582973,0.9999463995140327,0.003643164348462665,0,0.0,0,0.0,0,0.0,0,0.0,0.03926594460221114,0.007967995107373619
Alpha,Alpha,Alpha,Alpha,base,,,0,transformer_self_attn,Transformer self-attention,1,5.0,Self-attention,1049088,669.4201683402061,0.8234544623493648,79.58207756336601,79.55336649342169,0.010347235050425663,0.9999449302833349,0.004074967972181552,0,0.0,0,0.0,0,0.0,0,0.0,0.040926695642457066,0.00835315356059128
Alpha,Alpha,Alpha,Alpha,base,,,0,transformer_self_attn,Transformer self-attention,1,6.0,Self-attention,1049088,641.3289641141891,0.7897685952852762,80.26332072343511,80.23553292127029,0.009839719913988949,0.9999501462357834,0.0035049490605173254,0,0.0,0,0.0,0,0.0,0,0.0,0.03770133521232114,0.007683710811778697
Alpha,Alpha,Alpha,Alpha,base,,,0,transformer_self_attn,Transformer self-attention,1,7.0,Self-attention,1049088,655.5899775624275,0.8067280619256357,80.81129729931499,80.7835868335123,0.009982862407685469,0.9999484258512362,0.0038652620180575892,0,0.0,0,0.0,0,0.0,0,0.0,0.03922674006989842,0.008017253553353547
Alpha,Alpha,Alpha,Alpha,base,,,0,transformer_self_attn,Transformer self-attention,1,8.0,Self-attention,1049088,655.3338857293129,0.8060177236824937,82.64227212211796,82.61904836448275,0.009753092491109831,0.9999508586134834,0.003631725841874085,0,0.0,0,0.0,0,0.0,0,0.0,0.036621961571339054,0.008003141103779587
Alpha,Alpha,Alpha,Alpha,base,,,0,transformer_self_attn,Transformer self-attention,1,9.0,Self-attention,1049088,691.7433673143387,0.8495078661225216,81.46292152450843,81.35315959948586,0.010428153695260407,0.9999449880592477,0.003991085590531967,0,0.0,0,0.0,0,0.0,0,0.0,0.04108968553503698,0.008890088818026231
Alpha,Alpha,Alpha,Alpha,base,,,0,transformer_self_attn,Transformer self-attention,1,10.0,Self-attention,1049088,675.1480352282524,0.8297005447559611,81.52731743185629,81.49787188893389,0.010176963634912274,0.9999466724154092,0.003945331564177648,0,0.0,0,0.0,0,0.0,0,0.0,0.04068210103399389,0.00848035516149943
Alpha,Alpha,Alpha,Alpha,base,,,0,transformer_self_attn,Transformer self-attention,1,11.0,Self-attention,1049088,664.8602213263512,0.8175919000370878,78.93266472916565,78.88922995536875,0.010358093228480312,0.9999446830363308,0.0038728876891166424,0,0.0,0,0.0,0,0.0,0,0.0,0.04032773343422313,0.008234636843447456
Alpha,Alpha,Alpha,Alpha,base,,,0,transformer_self_attn,Transformer self-attention,1,12.0,Self-attention,1049088,678.0187138319016,0.8364824861447807,77.3956421424041,77.34779186977636,0.0108078757794358,0.9999402139737605,0.003968208577354807,0,0.0,0,0.0,0,0.0,0,0.0,0.04087635396550496,0.008619557980391665
Alpha,Alpha,Alpha,Alpha,base,,,0,transformer_self_attn,Transformer self-attention,1,13.0,Self-attention,1049088,685.4231872558594,0.844049303274506,75.74498464486366,75.71134041692858,0.011143302850107987,0.9999363599184705,0.004018728648121034,0,0.0,0,0.0,0,0.0,0,0.0,0.0413949047016013,0.008776208291267077
Alpha,Alpha,Alpha,Alpha,base,,,0,transformer_self_attn,Transformer self-attention,1,14.0,Self-attention,1049088,685.1231429576874,0.8444992835315434,77.59547381842589,77.56227543972807,0.01088335752040987,0.9999393438588099,0.0038271336627623232,0,0.0,0,0.0,0,0.0,0,0.0,0.04089941960491319,0.008785568344350618
Alpha,Alpha,Alpha,Alpha,base,,,0,transformer_self_attn,Transformer self-attention,1,15.0,Self-attention,1049088,744.2358422279358,0.9238243590073638,77.27375583739308,77.24939742362547,0.011955214923826825,0.9999269405384028,0.004057810212298682,0,0.0,0,0.0,0,0.0,0,0.0,0.047152930593618664,0.010513567548506245
Alpha,Alpha,Alpha,Alpha,base,,,0,transformer_self_attn,Transformer self-attention,1,16.0,Self-attention,1049088,788.3764172196388,0.9828382528597599,69.91971956990635,69.9319776684859,0.014056667545371025,0.9998996981351059,0.0046783491947291365,0,0.0,0,0.0,0,0.0,0,0.0,0.05761286483740595,0.011899683024023227
Alpha,Alpha,Alpha,Alpha,base,,,0,transformer_self_attn,Transformer self-attention,1,17.0,Self-attention,1049088,825.8803803324699,1.0288810923321259,87.56039058382642,87.61991201748988,0.01175053109598808,0.9999296711958247,0.0041569439360663735,0,0.0,0,0.0,0,0.0,0,0.0,0.05134785494851105,0.013040722794078004
Alpha,Alpha,Alpha,Alpha,base,,,0,transformer_ffn,Transformer FFN,2,0.0,Feed-forward,3145728,1786.945556640625,1.3207908756921187,100.05765915835728,99.93172107470743,0.013200297576437826,0.9999108299020023,0.004933675130208333,0,0.0,0,0.0,0,0.0,0,0.0,0.05115572092963089,0.02149014821432783
Alpha,Alpha,Alpha,Alpha,base,,,0,transformer_ffn,Transformer FFN,2,1.0,Feed-forward,3145728,1955.5654296875,1.4028269963185729,118.69927370512846,118.54809521416297,0.011818328390142048,0.9999280291927469,0.004021962483723958,0,0.0,0,0.0,0,0.0,0,0.0,0.04156119345280329,0.024242618130488783
Alpha,Alpha,Alpha,Alpha,base,,,0,transformer_ffn,Transformer FFN,2,2.0,Feed-forward,3145728,2035.5914306640625,1.4415189497393828,123.8261780209712,123.67477393159548,0.01164147172090893,0.9999298059339112,0.003972053527832031,0,0.0,0,0.0,0,0.0,0,0.0,0.04115134000410277,0.02559835174313232
Alpha,Alpha,Alpha,Alpha,base,,,0,transformer_ffn,Transformer FFN,2,3.0,Feed-forward,3145728,2009.6134033203125,1.4232639194345926,123.03037488576246,122.89517533692586,0.011568394559117016,0.9999303971461495,0.0038836797078450522,0,0.0,0,0.0,0,0.0,0,0.0,0.041054668367812915,0.024954114897139956
Alpha,Alpha,Alpha,Alpha,base,,,0,transformer_ffn,Transformer FFN,2,4.0,Feed-forward,3145728,2010.7828979492188,1.4235533984304851,122.62340523618951,122.4933173400441,0.011609149131754369,0.9999299894261495,0.003907521565755208,0,0.0,0,0.0,0,0.0,0,0.0,0.04108523479127665,0.0249642668115417
Alpha,Alpha,Alpha,Alpha,base,,,0,transformer_ffn,Transformer FFN,2,5.0,Feed-forward,3145728,1995.8057861328125,1.4140074281875084,121.9855888485142,121.86485334364765,0.011591594068898243,0.9999301340669277,0.003952344258626302,0,0.0,0,0.0,0,0.0,0,0.0,0.04111458492225704,0.02463058191728749
Alpha,Alpha,Alpha,Alpha,base,,,0,transformer_ffn,Transformer FFN,2,6.0,Feed-forward,3145728,1974.79638671875,1.399090172394065,120.82866954002473,120.70750295458542,0.0115791242071949,0.9999302487058438,0.0040429433186848955,0,0.0,0,0.0,0,0.0,0,0.0,0.0411702489087535,0.024113636097533527
Alpha,Alpha,Alpha,Alpha,base,,,0,transformer_ffn,Transformer FFN,2,7.0,Feed-forward,3145728,2016.878173828125,1.428187662331711,121.86810477289576,121.75725682621037,0.011719125894286798,0.9999285950325477,0.004140218098958333,0,0.0,0,0.0,0,0.0,0,0.0,0.04128886012484968,0.025127069713096608
Alpha,Alpha,Alpha,Alpha,base,,,0,transformer_ffn,Transformer FFN,2,8.0,Feed-forward,3145728,2079.2666015625,1.4720349607591956,126.31817852772616,126.20502757170571,0.011653389701436204,0.9999293125094106,0.004436492919921875,0,0.0,0,0.0,0,0.0,0,0.0,0.04113013722637737,0.02669362406283798
Alpha,Alpha,Alpha,Alpha,base,,,0,transformer_ffn,Transformer FFN,2,9.0,Feed-forward,3145728,2133.25244140625,1.5099131128437167,124.29381576216393,124.16431197082156,0.012147934340779444,0.9999235813179523,0.004238128662109375,0,0.0,0,0.0,0,0.0,0,0.0,0.04166940459326453,0.028085050179392182
Alpha,Alpha,Alpha,Alpha,base,,,0,transformer_ffn,Transformer FFN,2,10.0,Feed-forward,3145728,2094.074462890625,1.4834016118069024,118.41869697378345,118.31065932271277,0.012526751684620361,0.9999188457926234,0.0043519337972005205,0,0.0,0,0.0,0,0.0,0,0.0,0.04210500603977968,0.027107457388780495
Alpha,Alpha,Alpha,Alpha,base,,,0,transformer_ffn,Transformer FFN,2,11.0,Feed-forward,3145728,2073.2825927734375,1.4693551744415965,117.24210602757547,117.13027144287359,0.012532657628104958,0.9999188179742438,0.004300435384114583,0,0.0,0,0.0,0,0.0,0,0.0,0.04211648356695705,0.02659652297675162
Alpha,Alpha,Alpha,Alpha,base,,,0,transformer_ffn,Transformer FFN,2,12.0,Feed-forward,3145728,2136.2346801757812,1.5132202262174026,118.1794145502401,118.09486429416077,0.012804431566836829,0.9999153270261636,0.004350026448567708,0,0.0,0,0.0,0,0.0,0,0.0,0.04466197019670333,0.028208212447155174
Alpha,Alpha,Alpha,Alpha,base,,,0,transformer_ffn,Transformer FFN,2,13.0,Feed-forward,3145728,2148.4592895507812,1.5224165992569059,118.55297594522354,118.46910033580487,0.012841656543150073,0.9999148134450662,0.004346211751302083,0,0.0,0,0.0,0,0.0,0,0.0,0.04533953125653882,0.028552116807968295
Alpha,Alpha,Alpha,Alpha,base,,,0,transformer_ffn,Transformer FFN,2,14.0,Feed-forward,3145728,2223.1909790039062,1.5751524775735843,119.79008536093983,119.70135363687413,0.013149272519737132,0.9999106992112329,0.004384040832519531,0,0.0,0,0.0,0,0.0,0,0.0,0.04771450079906147,0.03056444343726473
Alpha,Alpha,Alpha,Alpha,base,,,0,transformer_ffn,Transformer FFN,2,15.0,Feed-forward,3145728,2325.4666137695312,1.6508091503119868,120.42536508015037,120.32016818095688,0.013708151511214102,0.9999034137529179,0.004549662272135417,0,0.0,0,0.0,0,0.0,0,0.0,0.05168681312513524,0.033571057785406075
Alpha,Alpha,Alpha,Alpha,base,,,0,transformer_ffn,Transformer FFN,2,16.0,Feed-forward,3145728,2435.6790161132812,1.7293649946556824,122.27695334899582,122.16142025065135,0.014143016711577812,0.9998974952198074,0.004582405090332031,0,0.0,0,0.0,0,0.0,0,0.0,0.05273012093177972,0.03684212047228317
Alpha,Alpha,Alpha,Alpha,base,,,0,transformer_ffn,Transformer FFN,2,17.0,Feed-forward,3145728,2697.3584594726562,1.9191807726188295,124.91481863278872,124.75333866399127,0.015363915935871606,0.9998796087291423,0.005040168762207031,0,0.0,0,0.0,0,0.0,0,0.0,0.05539860893316047,0.04537358124549527
Alpha,Alpha,Alpha,Alpha,base,,,0,transformer_norm_deepnorm,Transformer norm/deepnorm,3,0.0,Norm/deepnorm,1025,0.5857940316200256,0.023306647114547826,5.030958463384759,5.038970709859241,0.004632645505656352,0.9999906575878289,0.03121951219512195,0,0.0,0,0.0,0,0.0,0,0.0,0.03676437755050645,6.691614164464685e-06
Alpha,Alpha,Alpha,Alpha,base,,,0,transformer_norm_deepnorm,Transformer norm/deepnorm,3,1.0,Norm/deepnorm,1025,0.6878762245178223,0.02745719668323197,6.668480467421702,6.682021276564009,0.004117459264875659,0.9999936890335357,0.006829268292682927,0,0.0,0,0.0,0,0.0,0,0.0,0.042149367893355986,9.287176088580486e-06
Alpha,Alpha,Alpha,Alpha,base,,,0,transformer_norm_deepnorm,Transformer norm/deepnorm,3,2.0,Norm/deepnorm,1025,0.676567018032074,0.026738330743143378,7.704114374533807,7.718115405973266,0.0034706559953892042,0.9999957782524567,0.000975609756097561,0,0.0,0,0.0,0,0.0,0,0.0,0.08718207822828865,8.807240842901594e-06
Alpha,Alpha,Alpha,Alpha,base,,,0,transformer_norm_deepnorm,Transformer norm/deepnorm,3,3.0,Norm/deepnorm,1025,0.6739501953125,0.026916711508021683,8.920147890652558,8.934631847787191,0.0030175185252505447,0.999996900642667,0.0,0,0.0,0,0.0,0,0.0,0,0.0,0.09993052616925908,8.92514519975506e-06
Alpha,Alpha,Alpha,Alpha,base,,,0,transformer_norm_deepnorm,Transformer norm/deepnorm,3,4.0,Norm/deepnorm,1025,0.6610107421875,0.026197949985207414,9.422039783358974,9.43663132061184,0.0027804966427200776,0.999997464668628,0.0,0,0.0,0,0.0,0,0.0,0,0.0,0.09997394731347216,8.454850018624016e-06
Alpha,Alpha,Alpha,Alpha,base,,,0,transformer_norm_deepnorm,Transformer norm/deepnorm,3,5.0,Norm/deepnorm,1025,0.7236328125,0.02816360790716471,10.584850252630194,10.602423524011835,0.002660746938782981,0.9999979767461629,0.0,0,0.0,0,0.0,0,0.0,0,0.0,0.08718207822828865,9.771199255115317e-06
Alpha,Alpha,Alpha,Alpha,base,,,0,transformer_norm_deepnorm,Transformer norm/deepnorm,3,6.0,Norm/deepnorm,1025,0.790771484375,0.030698195976658196,11.533993113026714,11.554812293316974,0.00266154103577402,0.9999982772187086,0.0,0,0.0,0,0.0,0,0.0,0,0.0,0.09679551955707216,1.1609058487544672e-05
Alpha,Alpha,Alpha,Alpha,base,,,0,transformer_norm_deepnorm,Transformer norm/deepnorm,3,7.0,Norm/deepnorm,1025,0.823974609375,0.03162445785600568,11.783549360123246,11.805417798803093,0.002683780318604464,0.9999983185348145,0.0,0,0.0,0,0.0,0,0.0,0,0.0,0.07497429570065349,1.2320191794219794e-05
Alpha,Alpha,Alpha,Alpha,base,,,0,transformer_norm_deepnorm,Transformer norm/deepnorm,3,8.0,Norm/deepnorm,1025,1.0340576171875,0.03834348796329018,9.960370311670419,9.98852090022191,0.0038496046596138934,0.9999967358324211,0.0,0,0.0,0,0.0,0,0.0,0,0.0,0.1664310178208303,1.811150431159032e-05
Alpha,Alpha,Alpha,Alpha,base,,,0,transformer_norm_deepnorm,Transformer norm/deepnorm,3,9.0,Norm/deepnorm,1025,0.6215133666992188,0.02438952285573893,8.316425285837186,8.324910013898165,0.0029326930763475005,0.99999638748555,0.0,0,0.0,0,0.0,0,0.0,0,0.0,0.07397762247932108,7.327872407161937e-06
Alpha,Alpha,Alpha,Alpha,base,,,0,transformer_norm_deepnorm,Transformer norm/deepnorm,3,10.0,Norm/deepnorm,1025,0.710205078125,0.02787001844976969,9.819863636134434,9.834174545858595,0.0028381268297059388,0.9999971595778322,0.0,0,0.0,0,0.0,0,0.0,0,0.0,0.12195682761741908,9.56854278362091e-06
Alpha,Alpha,Alpha,Alpha,base,,,0,transformer_norm_deepnorm,Transformer norm/deepnorm,3,11.0,Norm/deepnorm,1025,0.676025390625,0.02595996756841106,9.910766727107475,9.926436113285211,0.002619370254917203,0.9999979519483727,0.0,0,0.0,0,0.0,0,0.0,0,0.0,0.1265149538569844,8.301939836780863e-06
Alpha,Alpha,Alpha,Alpha,base,,,0,transformer_norm_deepnorm,Transformer norm/deepnorm,3,12.0,Norm/deepnorm,1025,0.768798828125,0.029433883736440604,9.29505464058627,9.313778578269364,0.003166617612758965,0.9999971117036506,0.0,0,0.0,0,0.0,0,0.0,0,0.0,0.20674128791550117,1.0672506569460916e-05
Alpha,Alpha,Alpha,Alpha,base,,,0,transformer_norm_deepnorm,Transformer norm/deepnorm,3,13.0,Norm/deepnorm,1025,0.848876953125,0.03242845583391563,10.103855046976017,10.126744061246065,0.0032095131692945196,0.9999976016098611,0.0,0,0.0,0,0.0,0,0.0,0,0.0,0.17764262517977764,1.2954594661506635e-05
Alpha,Alpha,Alpha,Alpha,base,,,0,transformer_norm_deepnorm,Transformer norm/deepnorm,3,14.0,Norm/deepnorm,1025,1.0987548828125,0.04116268134935861,11.51499608055111,11.547680404717312,0.003574702158942027,0.9999978059249707,0.0,0,0.0,0,0.0,0,0.0,0,0.0,0.20674128791550117,2.0872698735701622e-05
Alpha,Alpha,Alpha,Alpha,base,,,0,transformer_norm_deepnorm,Transformer norm/deepnorm,3,15.0,Norm/deepnorm,1025,0.8319091796875,0.032382702430381584,13.669368073731729,13.689842128247422,0.0023689977660787914,0.9999984190050906,0.0,0,0.0,0,0.0,0,0.0,0,0.0,0.11625916981796243,1.291806509825719e-05
Alpha,Alpha,Alpha,Alpha,base,,,0,transformer_norm_deepnorm,Transformer norm/deepnorm,3,16.0,Norm/deepnorm,1025,1.0274658203125,0.04008462685832811,10.934962386985386,10.96138853312931,0.003665730657293573,0.9999963251875454,0.0,0,0.0,0,0.0,0,0.0,0,0.0,0.17671604605920432,1.9793699877509478e-05
Alpha,Alpha,Alpha,Alpha,base,,,0,transformer_norm_deepnorm,Transformer norm/deepnorm,3,17.0,Norm/deepnorm,1025,2.722628355026245,0.10616842620081847,8.623354879302466,8.697308169949837,0.012311731070656575,0.9999614254864839,0.0,0,0.0,0,0.0,0,0.0,0,0.0,0.5588252046463081,0.00013885516850731564
Alpha,Alpha,Alpha,Alpha,base,,,0,upsample,Upsample,4,,Upsample,525312,461.5145927667618,0.7980427599363551,46.808640365494604,46.82092962139975,0.017049048075419473,0.9998535522091899,0.005781326145224172,0,0.0,0,0.0,0,0.0,0,0.0,0.06430303073669123,0.007845553973077053
Alpha,Alpha,Alpha,Alpha,base,,,0,crf,CRF head,5,,CRF,2097152,2135.654541015625,1.8234170136203904,48.61623023021093,48.46926126019846,0.0375063431489028,0.9992960096380006,0.01239776611328125,0,0.0,0,0.0,0,0.0,0,0.0,0.1292268764847254,0.040958429525684854
AlphaQCH,AlphaQCH,AlphaQCH,Alpha,QCH,,,1,conv,Convolution front-end,0,0.0,Conv,384,19.988454222679138,3.002868905421482,14.461701556876564,17.261194162885516,0.20764284849962245,0.997636295176764,0.21354166666666666,6,0.015625,0,0.0,0,0.0,0,0.0,1.6928858782868046,0.1031860070828387
AlphaQCH,AlphaQCH,AlphaQCH,Alpha,QCH,,,1,conv,Convolution front-end,0,1.0,Conv,20544,102.84155988693237,2.3286036313017573,46.497315688230195,46.19807381185693,0.050080388444684855,0.9987586056194929,0.08308995327102804,0,0.0,0,0.0,0,0.0,0,0.0,0.6968792607482518,0.0620496308663562
AlphaQCH,AlphaQCH,AlphaQCH,Alpha,QCH,,,1,conv,Convolution front-end,0,2.0,Conv,73856,282.5517930984497,2.020465708423438,38.04358883556148,38.7332213469663,0.05310922997187747,0.9987761519353829,0.020038994800693242,8,0.00010831889081455805,0,0.0,0,0.0,0,0.0,0.4592300951077985,0.046714427344758
AlphaQCH,AlphaQCH,AlphaQCH,Alpha,QCH,,,1,conv,Convolution front-end,0,3.0,Conv,147584,198.16839289665222,1.1603165140141622,19.38435817030847,19.820230895082304,0.05985839220570066,0.9984951772542534,0.006762250650477017,27,0.00018294666088464873,8,5.420641803989592e-05,2,1.355160450997398e-05,0,0.0,0.5873806435721546,0.015406394279058131
AlphaQCH,AlphaQCH,AlphaQCH,Alpha,QCH,,,1,conv,Convolution front-end,0,4.0,Conv,328192,353.40106201171875,1.212690597969828,24.802331738681307,24.706299705079015,0.04889421731580531,0.9988076127492569,0.024190108229329172,6,1.828198127925117e-05,0,0.0,0,0.0,0,0.0,0.4491411876685383,0.01682860366785269
AlphaQCH,AlphaQCH,AlphaQCH,Alpha,QCH,,,1,transformer_self_attn,Transformer self-attention,1,0.0,Self-attention,1049088,618.2723389267921,0.778476016490636,72.72642185497955,72.6875078485424,0.010704170460124507,0.9999415838082325,0.008302449365544168,0,0.0,0,0.0,0,0.0,0,0.0,0.08738157536399883,0.006934873380206134
AlphaQCH,AlphaQCH,AlphaQCH,Alpha,QCH,,,1,transformer_self_attn,Transformer self-attention,1,1.0,Self-attention,1049088,653.2106263041496,0.8172072941255302,62.75676637620779,62.70319149433016,0.013021819658881197,0.9999141439157192,0.005846983284529038,0,0.0,0,0.0,0,0.0,0,0.0,0.05558386634327335,0.007642096724461624
AlphaQCH,AlphaQCH,AlphaQCH,Alpha,QCH,,,1,transformer_self_attn,Transformer self-attention,1,2.0,Self-attention,1049088,705.7855644822121,0.868982723243281,72.67765985494144,72.62555492799727,0.011956669009124486,0.9999271890855178,0.004860412091264032,0,0.0,0,0.0,0,0.0,0,0.0,0.05041533724118066,0.00864112615500739
AlphaQCH,AlphaQCH,AlphaQCH,Alpha,QCH,,,1,transformer_self_attn,Transformer self-attention,1,3.0,Self-attention,1049088,713.8261834979057,0.8787689064668913,76.67362987359456,76.63491329642927,0.01146116217421339,0.9999328608120739,0.004554432040019521,0,0.0,0,0.0,0,0.0,0,0.0,0.04206933596851339,0.008836848819700044
AlphaQCH,AlphaQCH,AlphaQCH,Alpha,QCH,,,1,transformer_self_attn,Transformer self-attention,1,4.0,Self-attention,1049088,702.0017412900925,0.8639148393718622,78.77963763724014,78.74408885251005,0.010966220019314582,0.9999382867493374,0.003919594924353343,0,0.0,0,0.0,0,0.0,0,0.0,0.040996826576960646,0.008540630425534297
AlphaQCH,AlphaQCH,AlphaQCH,Alpha,QCH,,,1,transformer_self_attn,Transformer self-attention,1,5.0,Self-attention,1049088,721.1065833568573,0.8870609003642338,79.58207756336601,79.5511555386361,0.011146490862316507,0.9999362993328115,0.004386667276720351,0,0.0,0,0.0,0,0.0,0,0.0,0.04204796110125858,0.009004403235770914
AlphaQCH,AlphaQCH,AlphaQCH,Alpha,QCH,,,1,transformer_self_attn,Transformer self-attention,1,6.0,Self-attention,1049088,690.9194203615189,0.8508524667887829,80.26332072343511,80.23205339885799,0.010600763326508396,0.9999423297494365,0.003795677769643729,0,0.0,0,0.0,0,0.0,0,0.0,0.04022678330670855,0.00828431465790208
AlphaQCH,AlphaQCH,AlphaQCH,Alpha,QCH,,,1,transformer_self_attn,Transformer self-attention,1,7.0,Self-attention,1049088,707.2981088757515,0.8702072064110116,80.81129729931499,80.77928916573065,0.010768385553666607,0.9999403537686575,0.004144552220595413,0,0.0,0,0.0,0,0.0,0,0.0,0.041035614799121656,0.008665495726516915
AlphaQCH,AlphaQCH,AlphaQCH,Alpha,QCH,,,1,transformer_self_attn,Transformer self-attention,1,8.0,Self-attention,1049088,706.1764283180237,0.8683976865280578,82.64227212211796,82.61685662530246,0.010507911559411661,0.9999432216017454,0.003956770070766227,0,0.0,0,0.0,0,0.0,0,0.0,0.039614582527928204,0.008629494912687871
AlphaQCH,AlphaQCH,AlphaQCH,Alpha,QCH,,,1,transformer_self_attn,Transformer self-attention,1,9.0,Self-attention,1049088,742.0032885074615,0.9119962280240197,81.46292152450843,81.35262601144979,0.011195231044465194,0.9999366522503036,0.004331381161542216,0,0.0,0,0.0,0,0.0,0,0.0,0.04198202924696332,0.009517746768820872
AlphaQCH,AlphaQCH,AlphaQCH,Alpha,QCH,,,1,transformer_self_attn,Transformer self-attention,1,10.0,Self-attention,1049088,716.195661842823,0.8810662230551933,81.52731743185629,81.49803203564619,0.010807006176691784,0.9999400626677395,0.0041845869936554415,0,0.0,0,0.0,0,0.0,0,0.0,0.041780058623273726,0.00888311257612173
AlphaQCH,AlphaQCH,AlphaQCH,Alpha,QCH,,,1,transformer_self_attn,Transformer self-attention,1,11.0,Self-attention,1049088,708.2342518568039,0.8708314045442838,78.93266472916565,78.88683083458513,0.011032585907650223,0.9999378077570118,0.0040968917764763295,0,0.0,0,0.0,0,0.0,0,0.0,0.04151548194738946,0.008677931675437536
AlphaQCH,AlphaQCH,AlphaQCH,Alpha,QCH,,,1,transformer_self_attn,Transformer self-attention,1,12.0,Self-attention,1049088,720.2689837217331,0.8893872034795237,77.3956421424041,77.34701324514651,0.011491437745849882,0.9999327057127418,0.00427037579306979,0,0.0,0,0.0,0,0.0,0,0.0,0.041858258981581506,0.00905169297166114
AlphaQCH,AlphaQCH,AlphaQCH,Alpha,QCH,,,1,transformer_self_attn,Transformer self-attention,1,13.0,Self-attention,1049088,722.3778672218323,0.8900667357238603,75.74498464486366,75.70890245624354,0.011750833931738144,0.9999296034855073,0.004230341020009761,0,0.0,0,0.0,0,0.0,0,0.0,0.04327033542170032,0.009065530065350288
AlphaQCH,AlphaQCH,AlphaQCH,Alpha,QCH,,,1,transformer_self_attn,Transformer self-attention,1,14.0,Self-attention,1049088,723.5830833911896,0.8933816607097601,77.59547381842589,77.55626537523587,0.011513321805344857,0.9999323260177571,0.00399871126159102,0,0.0,0,0.0,0,0.0,0,0.0,0.04208810825209938,0.009133182326126038
AlphaQCH,AlphaQCH,AlphaQCH,Alpha,QCH,,,1,transformer_self_attn,Transformer self-attention,1,15.0,Self-attention,1049088,799.1304061412811,0.993720429494569,77.27375583739308,77.24799298947677,0.012859740266613143,0.9999158189719827,0.004356164592484138,0,0.0,0,0.0,0,0.0,0,0.0,0.05243853560354948,0.01129994938689164
AlphaQCH,AlphaQCH,AlphaQCH,Alpha,QCH,,,1,transformer_self_attn,Transformer self-attention,1,16.0,Self-attention,1049088,844.5504816770554,1.0556297302866422,69.91971956990635,69.93118779227994,0.0150977397618307,0.9998845756263106,0.005051053867740361,0,0.0,0,0.0,0,0.0,0,0.0,0.06461876733457993,0.012751793976556907
AlphaQCH,AlphaQCH,AlphaQCH,Alpha,QCH,,,1,transformer_self_attn,Transformer self-attention,1,17.0,Self-attention,1049088,877.0794400572777,1.0993580618333576,87.56039058382642,87.61648190299698,0.012555426654714024,0.9999200490541678,0.004400012201073694,0,0.0,0,0.0,0,0.0,0,0.0,0.053673697651283686,0.013830134144491262
AlphaQCH,AlphaQCH,AlphaQCH,Alpha,QCH,,,1,transformer_ffn,Transformer FFN,2,0.0,Feed-forward,3145728,1908.5604248046875,1.4090123278766904,100.05765915835728,99.92610551052212,0.014082003713945461,0.999898871317386,0.005285580952962239,0,0.0,0,0.0,0,0.0,0,0.0,0.0536944238046813,0.02271839505262935
AlphaQCH,AlphaQCH,AlphaQCH,Alpha,QCH,,,1,transformer_ffn,Transformer FFN,2,1.0,Feed-forward,3145728,2086.8084716796875,1.4974790887216423,118.69927370512846,118.54247079765337,0.012615739271005585,0.9999183535656486,0.0043137868245442705,0,0.0,0,0.0,0,0.0,0,0.0,0.04426252601397011,0.02566076470332414
AlphaQCH,AlphaQCH,AlphaQCH,Alpha,QCH,,,1,transformer_ffn,Transformer FFN,2,2.0,Feed-forward,3145728,2174.0352783203125,1.5402132757000868,123.8261780209712,123.66878253398268,0.012438510986257074,0.9999204406845748,0.004274050394694011,0,0.0,0,0.0,0,0.0,0,0.0,0.042050503263746875,0.02714624637218127
AlphaQCH,AlphaQCH,AlphaQCH,Alpha,QCH,,,1,transformer_ffn,Transformer FFN,2,3.0,Feed-forward,3145728,2154.6474609375,1.5266957774399177,123.03037488576246,122.89007569012642,0.012409096362239731,0.9999206713566168,0.004157702128092448,0,0.0,0,0.0,0,0.0,0,0.0,0.04202070926653502,0.0266718457157234
AlphaQCH,AlphaQCH,AlphaQCH,Alpha,QCH,,,1,transformer_ffn,Transformer FFN,2,4.0,Feed-forward,3145728,2162.0708618164062,1.5319126408099064,122.62340523618951,122.48689542469941,0.012492824170550637,0.9999196397870369,0.004238128662109375,0,0.0,0,0.0,0,0.0,0,0.0,0.04209352610162273,0.026854437571936687
AlphaQCH,AlphaQCH,AlphaQCH,Alpha,QCH,,,1,transformer_ffn,Transformer FFN,2,5.0,Feed-forward,3145728,2151.6658935546875,1.5252511794744263,121.9855888485142,121.85896529133586,0.012503535818222939,0.999919323539082,0.004253705342610677,0,0.0,0,0.0,0,0.0,0,0.0,0.042132395932957895,0.026621394452867233
AlphaQCH,AlphaQCH,AlphaQCH,Alpha,QCH,,,1,transformer_ffn,Transformer FFN,2,6.0,Feed-forward,3145728,2130.7869873046875,1.510719994528077,120.82866954002473,120.70248280573499,0.012502992876435137,0.9999191730571444,0.004363695780436198,0,0.0,0,0.0,0,0.0,0,0.0,0.04221628377117069,0.02611656261612071
AlphaQCH,AlphaQCH,AlphaQCH,Alpha,QCH,,,1,transformer_ffn,Transformer FFN,2,7.0,Feed-forward,3145728,2177.888671875,1.5434110755921437,121.86810477289576,121.75158615175718,0.012664602263802461,0.9999170843434564,0.0044892628987630205,0,0.0,0,0.0,0,0.0,0,0.0,0.04377881134408447,0.02725908578345555
AlphaQCH,AlphaQCH,AlphaQCH,Alpha,QCH,,,1,transformer_ffn,Transformer FFN,2,8.0,Feed-forward,3145728,2237.3534545898438,1.585378106592809,126.31817852772616,126.19994366579567,0.012550672635331063,0.999918564846571,0.004752159118652344,0,0.0,0,0.0,0,0.0,0,0.0,0.04216790744017544,0.028761648500545793
AlphaQCH,AlphaQCH,AlphaQCH,Alpha,QCH,,,1,transformer_ffn,Transformer FFN,2,9.0,Feed-forward,3145728,2279.5009155273438,1.6146947473622124,124.29381576216393,124.15925855277568,0.012990950011961303,0.9999129902812053,0.004504839579264323,0,0.0,0,0.0,0,0.0,0,0.0,0.04625687270222386,0.029835198145478144
AlphaQCH,AlphaQCH,AlphaQCH,Alpha,QCH,,,1,transformer_ffn,Transformer FFN,2,10.0,Feed-forward,3145728,2234.220458984375,1.5840093796493275,118.41869697378345,118.30699232756173,0.013376345291149385,0.9999079456403909,0.004659016927083333,0,0.0,0,0.0,0,0.0,0,0.0,0.049373642118726316,0.02871200753538962
AlphaQCH,AlphaQCH,AlphaQCH,Alpha,QCH,,,1,transformer_ffn,Transformer FFN,2,11.0,Feed-forward,3145728,2209.22802734375,1.5665176237851834,117.24210602757547,117.12617770552512,0.01336139102974424,0.9999081106906295,0.004590352376302083,0,0.0,0,0.0,0,0.0,0,0.0,0.04918947307039619,0.028081391986232055
AlphaQCH,AlphaQCH,AlphaQCH,Alpha,QCH,,,1,transformer_ffn,Transformer FFN,2,12.0,Feed-forward,3145728,2262.2339477539062,1.603336152267886,118.1794145502401,118.09062826649284,0.013566966449865655,0.9999052564045715,0.004558563232421875,0,0.0,0,0.0,0,0.0,0,0.0,0.05036304280730303,0.029416922199913938
AlphaQCH,AlphaQCH,AlphaQCH,Alpha,QCH,,,1,transformer_ffn,Transformer FFN,2,13.0,Feed-forward,3145728,2278.7915649414062,1.617146072225634,118.55297594522354,118.46350308217295,0.013640704160583956,0.9999041703522199,0.004625638326009114,0,0.0,0,0.0,0,0.0,0,0.0,0.05133681953298744,0.029925854634111942
AlphaQCH,AlphaQCH,AlphaQCH,Alpha,QCH,,,1,transformer_ffn,Transformer FFN,2,14.0,Feed-forward,3145728,2372.0089111328125,1.6853545820717768,119.79008536093983,119.69563043533586,0.014069232666406542,0.9998982336041421,0.00464630126953125,0,0.0,0,0.0,0,0.0,0,0.0,0.053187058042864874,0.03250353780051424
AlphaQCH,AlphaQCH,AlphaQCH,Alpha,QCH,,,1,transformer_ffn,Transformer FFN,2,15.0,Feed-forward,3145728,2472.2376098632812,1.7594685531325305,120.42536508015037,120.31609978380907,0.014610448155681181,0.9998904492933103,0.0047969818115234375,0,0.0,0,0.0,0,0.0,0,0.0,0.05480405835045642,0.03542509957921096
AlphaQCH,AlphaQCH,AlphaQCH,Alpha,QCH,,,1,transformer_ffn,Transformer FFN,2,16.0,Feed-forward,3145728,2597.25439453125,1.8480643855950334,122.27695334899582,122.15835649884947,0.015113758848083005,0.9998831498240301,0.004892031351725261,0,0.0,0,0.0,0,0.0,0,0.0,0.05530697457160808,0.03908249283568563
AlphaQCH,AlphaQCH,AlphaQCH,Alpha,QCH,,,1,transformer_ffn,Transformer FFN,2,17.0,Feed-forward,3145728,2694.2318725585938,1.9147729917391771,124.91481863278872,124.74950095403689,0.015328629642956995,0.9998802249473712,0.004979133605957031,0,0.0,0,0.0,0,0.0,0,0.0,0.05526648188822389,0.041954895871847295
AlphaQCH,AlphaQCH,AlphaQCH,Alpha,QCH,,,1,transformer_norm_deepnorm,Transformer norm/deepnorm,3,0.0,Norm/deepnorm,1025,0.6112479567527771,0.024269641845077527,5.030958463384759,5.038201310252197,0.0048240592765189366,0.9999894840101361,0.02926829268292683,0,0.0,0,0.0,0,0.0,0,0.0,0.040007541225917514,6.74023123783689e-06
AlphaQCH,AlphaQCH,AlphaQCH,Alpha,QCH,,,1,transformer_norm_deepnorm,Transformer norm/deepnorm,3,1.0,Norm/deepnorm,1025,0.7102009654045105,0.028239766629853773,6.668480467421702,6.681159748434881,0.004234812828471574,0.9999929209826197,0.007804878048780488,0,0.0,0,0.0,0,0.0,0,0.0,0.042150816639749,9.125785747903e-06
AlphaQCH,AlphaQCH,AlphaQCH,Alpha,QCH,,,1,transformer_norm_deepnorm,Transformer norm/deepnorm,3,2.0,Norm/deepnorm,1025,0.6967234015464783,0.027586434756323663,7.704114374533807,7.717220386497616,0.0035807405517638614,0.9999951406374842,0.001951219512195122,0,0.0,0,0.0,0,0.0,0,0.0,0.09359103911414432,8.70841694314695e-06
AlphaQCH,AlphaQCH,AlphaQCH,Alpha,QCH,,,1,transformer_norm_deepnorm,Transformer norm/deepnorm,3,3.0,Norm/deepnorm,1025,0.6973876953125,0.027961030459509265,8.920147890652558,8.934362007337144,0.0031345926998370232,0.999996516905005,0.0,0,0.0,0,0.0,0,0.0,0,0.0,0.09996321973666658,8.946525552517769e-06
AlphaQCH,AlphaQCH,AlphaQCH,Alpha,QCH,,,1,transformer_norm_deepnorm,Transformer norm/deepnorm,3,4.0,Norm/deepnorm,1025,0.712890625,0.02803846397834615,9.422039783358974,9.436500344795427,0.0029758379950660125,0.9999969283793804,0.0,0,0.0,0,0.0,0,0.0,0,0.0,0.11625916981796243,8.99614605561081e-06
AlphaQCH,AlphaQCH,AlphaQCH,Alpha,QCH,,,1,transformer_norm_deepnorm,Transformer norm/deepnorm,3,5.0,Norm/deepnorm,1025,0.7686767578125,0.029830897494634454,10.584850252630194,10.60254477417929,0.002818263535397589,0.9999975879278673,0.0,0,0.0,0,0.0,0,0.0,0,0.0,0.09743641564565773,1.0183116234410364e-05
AlphaQCH,AlphaQCH,AlphaQCH,Alpha,QCH,,,1,transformer_norm_deepnorm,Transformer norm/deepnorm,3,6.0,Norm/deepnorm,1025,0.8189697265625,0.031977995355053065,11.533993113026714,11.55475699485736,0.0027724999522440955,0.9999979680389186,0.0,0,0.0,0,0.0,0,0.0,0,0.0,0.09865074507666197,1.1701742353127334e-05
AlphaQCH,AlphaQCH,AlphaQCH,Alpha,QCH,,,1,transformer_norm_deepnorm,Transformer norm/deepnorm,3,7.0,Norm/deepnorm,1025,0.8563232421875,0.03292528478257418,11.783549360123246,11.805613937732224,0.0027941737906232197,0.9999980204729414,0.0,0,0.0,0,0.0,0,0.0,0,0.0,0.07497674844107383,1.240529629045343e-05
AlphaQCH,AlphaQCH,AlphaQCH,Alpha,QCH,,,1,transformer_norm_deepnorm,Transformer norm/deepnorm,3,8.0,Norm/deepnorm,1025,1.0850830078125,0.04032590510138351,9.960370311670419,9.989188071430831,0.004048635124954159,0.9999962369276165,0.0,0,0.0,0,0.0,0,0.0,0,0.0,0.1664310178208303,1.8608711763047564e-05
AlphaQCH,AlphaQCH,AlphaQCH,Alpha,QCH,,,1,transformer_norm_deepnorm,Transformer norm/deepnorm,3,9.0,Norm/deepnorm,1025,0.6405258178710938,0.025366690477862892,8.316425285837186,8.325825615344344,0.0030501915914592703,0.9999961618022996,0.0,0,0.0,0,0.0,0,0.0,0,0.0,0.07422045410826296,7.3633540137618016e-06
AlphaQCH,AlphaQCH,AlphaQCH,Alpha,QCH,,,1,transformer_norm_deepnorm,Transformer norm/deepnorm,3,10.0,Norm/deepnorm,1025,0.7412109375,0.02905837573249013,9.819863636134434,9.83433862709129,0.0029591424900810466,0.9999968878212497,0.0,0,0.0,0,0.0,0,0.0,0,0.0,0.12195682761741908,9.662527244915314e-06
AlphaQCH,AlphaQCH,AlphaQCH,Alpha,QCH,,,1,transformer_norm_deepnorm,Transformer norm/deepnorm,3,11.0,Norm/deepnorm,1025,0.7066650390625,0.027293840908967464,9.910766727107475,9.92706902987613,0.002753958564508621,0.999997705958074,0.0,0,0.0,0,0.0,0,0.0,0,0.0,0.12765448541687574,8.524666017630525e-06
AlphaQCH,AlphaQCH,AlphaQCH,Alpha,QCH,,,1,transformer_norm_deepnorm,Transformer norm/deepnorm,3,12.0,Norm/deepnorm,1025,0.7833251953125,0.030315001473002874,9.29505464058627,9.313707107037647,0.003261411863103103,0.9999968979642196,0.0,0,0.0,0,0.0,0,0.0,0,0.0,0.1775499672677203,1.0516306829062616e-05
AlphaQCH,AlphaQCH,AlphaQCH,Alpha,QCH,,,1,transformer_norm_deepnorm,Transformer norm/deepnorm,3,13.0,Norm/deepnorm,1025,0.849609375,0.032837140958207736,10.103855046976017,10.126289756479306,0.0032499616043118427,0.9999973890253373,0.0,0,0.0,0,0.0,0,0.0,0,0.0,0.1777167515094235,1.2338965102469947e-05
AlphaQCH,AlphaQCH,AlphaQCH,Alpha,QCH,,,1,transformer_norm_deepnorm,Transformer norm/deepnorm,3,14.0,Norm/deepnorm,1025,1.108154296875,0.04176446246160761,11.51499608055111,11.547511598127395,0.003626962803065507,0.9999976210643577,0.0,0,0.0,0,0.0,0,0.0,0,0.0,0.17766909886893686,1.996006051566737e-05
AlphaQCH,AlphaQCH,AlphaQCH,Alpha,QCH,,,1,transformer_norm_deepnorm,Transformer norm/deepnorm,3,15.0,Norm/deepnorm,1025,0.83203125,0.03287569046745875,13.669368073731729,13.689387779172401,0.002405062932692053,0.9999983392135409,0.0,0,0.0,0,0.0,0,0.0,0,0.0,0.13314369232123052,1.2367953025239079e-05
AlphaQCH,AlphaQCH,AlphaQCH,Alpha,QCH,,,1,transformer_norm_deepnorm,Transformer norm/deepnorm,3,16.0,Norm/deepnorm,1025,1.0413818359375,0.04036394754544854,10.934962386985386,10.961003972869534,0.0036912744751171124,0.9999962090615176,0.0,0,0.0,0,0.0,0,0.0,0,0.0,0.1772719935315483,1.864383830475604e-05
AlphaQCH,AlphaQCH,AlphaQCH,Alpha,QCH,,,1,transformer_norm_deepnorm,Transformer norm/deepnorm,3,17.0,Norm/deepnorm,1025,2.4816267490386963,0.09577854746199792,8.623354879302466,8.690643839453914,0.011106877636669203,0.9999691392630023,0.0,0,0.0,0,0.0,0,0.0,0,0.0,0.42136691362417084,0.00010497467876460045
AlphaQCH,AlphaQCH,AlphaQCH,Alpha,QCH,,,1,upsample,Upsample,4,,Upsample,525312,445.9544998407364,0.7749001514264687,46.808640365494604,46.80548413903548,0.016554639172935186,0.999861893027878,0.005623324805068226,0,0.0,0,0.0,0,0.0,0,0.0,0.06345777953470388,0.006871310170170283
AlphaQCH,AlphaQCH,AlphaQCH,Alpha,QCH,,,1,crf,CRF head,5,,CRF,2097152,2399.781982421875,2.0588392657792527,48.61623023021093,48.45432419509248,0.04234880524528645,0.999102758336187,0.013878345489501953,0,0.0,0,0.0,0,0.0,0,0.0,0.16024709850465557,0.04850571898055721
AlphaQCL,AlphaQCL,AlphaQCL,Alpha,QCL,,,2,conv,Convolution front-end,0,0.0,Conv,384,20.126574754714966,3.0149078344042026,14.461701556876564,17.285942668374386,0.20847531824292143,0.9977731368921652,0.2526041666666667,6,0.015625,0,0.0,0,0.0,0,0.0,1.6074923465346864,0.11981814560931692
AlphaQCL,AlphaQCL,AlphaQCL,Alpha,QCL,,,2,conv,Convolution front-end,0,1.0,Conv,20544,104.98899745941162,2.3323125621637097,46.497315688230195,46.411930155318764,0.05016015500340022,0.998741322358016,0.08162967289719626,9,0.0004380841121495327,0,0.0,0,0.0,0,0.0,0.5585157860384171,0.07170476488827875
AlphaQCL,AlphaQCL,AlphaQCL,Alpha,QCL,,,2,conv,Convolution front-end,0,2.0,Conv,73856,247.1377091407776,1.8701447885732434,38.04358883556148,38.217197190162665,0.04915794870606594,0.9988075483992662,0.02725574090121317,7,9.47790294627383e-05,0,0.0,0,0.0,0,0.0,0.4135698596616987,0.046102553019859376
AlphaQCL,AlphaQCL,AlphaQCL,Alpha,QCL,,,2,conv,Convolution front-end,0,3.0,Conv,147584,198.10837149620056,1.2307917458596536,19.38435817030847,19.989220957000136,0.06349406748709514,0.9985173714325555,0.006071118820468344,37,0.00025070468343451864,8,5.420641803989592e-05,2,1.355160450997398e-05,0,0.0,0.651711979510278,0.019968418188989274
AlphaQCL,AlphaQCL,AlphaQCL,Alpha,QCL,,,2,conv,Convolution front-end,0,4.0,Conv,328192,315.6875374317169,1.072895144930353,24.802331738681307,24.740179194184584,0.04325783382927018,0.9990651445022606,0.025756264625585022,5,1.5234984399375976e-05,0,0.0,0,0.0,0,0.0,0.4059827057991622,0.015173615445629642
AlphaQCL,AlphaQCL,AlphaQCL,Alpha,QCL,,,2,transformer_self_attn,Transformer self-attention,1,0.0,Self-attention,1049088,574.3322007656097,0.7247804527740345,72.72642185497955,72.69218923919954,0.009965847821019936,0.9999490329296323,0.007696208516349438,0,0.0,0,0.0,0,0.0,0,0.0,0.0788237763077027,0.006924484654535083
AlphaQCL,AlphaQCL,AlphaQCL,Alpha,QCL,,,2,transformer_self_attn,Transformer self-attention,1,1.0,Self-attention,1049088,612.3799180388451,0.766487424329545,62.75676637620779,62.70762011026311,0.012213622029769236,0.9999242699589718,0.005549582113225964,0,0.0,0,0.0,0,0.0,0,0.0,0.054063929004293174,0.007744343019310509
AlphaQCL,AlphaQCL,AlphaQCL,Alpha,QCL,,,2,transformer_self_attn,Transformer self-attention,1,2.0,Self-attention,1049088,658.715325653553,0.8110787603521264,72.67765985494144,72.63070316294308,0.01115994601327232,0.9999362721761342,0.004477222120546608,0,0.0,0,0.0,0,0.0,0,0.0,0.044396367559248834,0.008671626635385732
AlphaQCL,AlphaQCL,AlphaQCL,Alpha,QCL,,,2,transformer_self_attn,Transformer self-attention,1,3.0,Self-attention,1049088,664.0971910357475,0.8176378129915702,76.67362987359456,76.6405095798506,0.01066387249879171,0.9999416678824015,0.004277048255246461,0,0.0,0,0.0,0,0.0,0,0.0,0.04100077548236969,0.00881244559948329
AlphaQCL,AlphaQCL,AlphaQCL,Alpha,QCL,,,2,transformer_self_attn,Transformer self-attention,1,4.0,Self-attention,1049088,650.6034253835678,0.800833119325842,78.77963763724014,78.74899651024285,0.010165483662332407,0.9999466885649643,0.00361170845534407,0,0.0,0,0.0,0,0.0,0,0.0,0.03907691455170952,0.008453928381936917
AlphaQCL,AlphaQCL,AlphaQCL,Alpha,QCL,,,2,transformer_self_attn,Transformer self-attention,1,5.0,Self-attention,1049088,667.1042468547821,0.820770455718705,79.58207756336601,79.55586236863346,0.010313508780480991,0.9999451336770017,0.004069248718887262,0,0.0,0,0.0,0,0.0,0,0.0,0.040916642157414446,0.008880101785466778
AlphaQCL,AlphaQCL,AlphaQCL,Alpha,QCL,,,2,transformer_self_attn,Transformer self-attention,1,6.0,Self-attention,1049088,638.6364231109619,0.7866232582031206,80.26332072343511,80.23683613212664,0.00980053218721904,0.9999503315094432,0.0034839784651049294,0,0.0,0,0.0,0,0.0,0,0.0,0.037552844859415846,0.008156579611753598
AlphaQCL,AlphaQCL,AlphaQCL,Alpha,QCL,,,2,transformer_self_attn,Transformer self-attention,1,7.0,Self-attention,1049088,652.9986388683319,0.8035075173071958,80.81129729931499,80.78548302544473,0.00994300975433044,0.9999488871504976,0.003835712542703758,0,0.0,0,0.0,0,0.0,0,0.0,0.039054806964631414,0.008510486784268991
AlphaQCL,AlphaQCL,AlphaQCL,Alpha,QCL,,,2,transformer_self_attn,Transformer self-attention,1,8.0,Self-attention,1049088,652.0452567338943,0.8020484492471782,82.64227212211796,82.62109273279549,0.009705062901247513,0.9999514441135061,0.003606942410932162,0,0.0,0,0.0,0,0.0,0,0.0,0.03625631505031488,0.00847960691076596
AlphaQCL,AlphaQCL,AlphaQCL,Alpha,QCL,,,2,transformer_self_attn,Transformer self-attention,1,9.0,Self-attention,1049088,684.9401314854622,0.8413539722829251,81.46292152450843,81.35607345502116,0.010328060380571918,0.9999459936566841,0.003973927830649097,0,0.0,0,0.0,0,0.0,0,0.0,0.04095163025630233,0.009331082134897237
AlphaQCL,AlphaQCL,AlphaQCL,Alpha,QCL,,,2,transformer_self_attn,Transformer self-attention,1,10.0,Self-attention,1049088,667.9124358892441,0.8212882732873474,81.52731743185629,81.50000140710841,0.010073780165449478,0.9999478279427904,0.003892905075646657,0,0.0,0,0.0,0,0.0,0,0.0,0.04051680420718896,0.0088913100914936
AlphaQCL,AlphaQCL,AlphaQCL,Alpha,QCL,,,2,transformer_self_attn,Transformer self-attention,1,11.0,Self-attention,1049088,658.3006666302681,0.8098278732772005,78.93266472916565,78.892298565266,0.010259730569794873,0.9999458959194417,0.0038214144094680332,0,0.0,0,0.0,0,0.0,0,0.0,0.040213235397795366,0.008644899610504811
AlphaQCL,AlphaQCL,AlphaQCL,Alpha,QCL,,,2,transformer_self_attn,Transformer self-attention,1,12.0,Self-attention,1049088,668.8533953428268,0.8257613756634562,77.3956421424041,77.34979517730196,0.010669352340847383,0.9999416337626484,0.003904343582235237,0,0.0,0,0.0,0,0.0,0,0.0,0.04068891779878829,0.008988425925033499
AlphaQCL,AlphaQCL,AlphaQCL,Alpha,QCL,,,2,transformer_self_attn,Transformer self-attention,1,13.0,Self-attention,1049088,672.1556839942932,0.8283609848934278,75.74498464486366,75.7133405723472,0.010936182623539403,0.9999386559283179,0.003925314177647633,0,0.0,0,0.0,0,0.0,0,0.0,0.041153366954815085,0.009045108584173643
AlphaQCL,AlphaQCL,AlphaQCL,Alpha,QCL,,,2,transformer_self_attn,Transformer self-attention,1,14.0,Self-attention,1049088,669.5015388727188,0.8261558571796803,77.59547381842589,77.56429860736972,0.01064695937179122,0.9999418410387577,0.0037032165080527085,0,0.0,0,0.0,0,0.0,0,0.0,0.04048231381559035,0.008997015851691307
AlphaQCL,AlphaQCL,AlphaQCL,Alpha,QCL,,,2,transformer_self_attn,Transformer self-attention,1,15.0,Self-attention,1049088,718.5917457938194,0.8931225794413681,77.27375583739308,77.25276811201809,0.01155790306505551,0.9999315947268036,0.003914828879941435,0,0.0,0,0.0,0,0.0,0,0.0,0.04461689939069899,0.010514694317609371
AlphaQCL,AlphaQCL,AlphaQCL,Alpha,QCL,,,2,transformer_self_attn,Transformer self-attention,1,16.0,Self-attention,1049088,760.8669962286949,0.9501363606514951,69.91971956990635,69.9334049338431,0.013588961261515457,0.9999061597717829,0.004521069729136164,0,0.0,0,0.0,0,0.0,0,0.0,0.05633105548901721,0.011899984342517224
AlphaQCL,AlphaQCL,AlphaQCL,Alpha,QCL,,,2,transformer_self_attn,Transformer self-attention,1,17.0,Self-attention,1049088,783.6830325126648,0.9784142069918466,87.56039058382642,87.62173945813281,0.011174164487710287,0.999936490811992,0.003969161786237189,0,0.0,0,0.0,0,0.0,0,0.0,0.04855090682736365,0.012618856849076552
AlphaQCL,AlphaQCL,AlphaQCL,Alpha,QCL,,,2,transformer_ffn,Transformer FFN,2,0.0,Feed-forward,3145728,1785.4362182617188,1.3199894526811622,100.05765915835728,99.93290351569959,0.013192287964603032,0.9999109626324197,0.004917144775390625,0,0.0,0,0.0,0,0.0,0,0.0,0.05111575133172648,0.0229675904430981
AlphaQCL,AlphaQCL,AlphaQCL,Alpha,QCL,,,2,transformer_ffn,Transformer FFN,2,1.0,Feed-forward,3145728,1948.4414672851562,1.3980758028749412,118.69927370512846,118.54988895766625,0.011778301241741505,0.9999284101672404,0.004017194112141927,0,0.0,0,0.0,0,0.0,0,0.0,0.04152527922672525,0.025765344385732993
AlphaQCL,AlphaQCL,AlphaQCL,Alpha,QCL,,,2,transformer_ffn,Transformer FFN,2,2.0,Feed-forward,3145728,2028.4521484375,1.4364138521864487,123.8261780209712,123.67672230708979,0.011600243786440426,0.9999301864483733,0.003948529561360677,0,0.0,0,0.0,0,0.0,0,0.0,0.041096230119236424,0.027197794152939294
AlphaQCL,AlphaQCL,AlphaQCL,Alpha,QCL,,,2,transformer_ffn,Transformer FFN,2,3.0,Feed-forward,3145728,2001.2559204101562,1.4175227491043532,123.03037488576246,122.89716984320164,0.011521729901421139,0.9999309618569123,0.0038693745930989585,0,0.0,0,0.0,0,0.0,0,0.0,0.04098479234282991,0.02648711078418295
AlphaQCL,AlphaQCL,AlphaQCL,Alpha,QCL,,,2,transformer_ffn,Transformer FFN,2,4.0,Feed-forward,3145728,2000.7770385742188,1.4165739445168282,122.62340523618951,122.49527653520971,0.011552231336165399,0.9999306726072269,0.0038785934448242188,0,0.0,0,0.0,0,0.0,0,0.0,0.04101206861473559,0.026451664888706008
AlphaQCL,AlphaQCL,AlphaQCL,Alpha,QCL,,,2,transformer_ffn,Transformer FFN,2,5.0,Feed-forward,3145728,1988.048095703125,1.4086147558557596,121.9855888485142,121.86725335957256,0.011547386614700965,0.9999306416710355,0.003949801127115886,0,0.0,0,0.0,0,0.0,0,0.0,0.04105813322582828,0.0261552563072446
AlphaQCL,AlphaQCL,AlphaQCL,Alpha,QCL,,,2,transformer_ffn,Transformer FFN,2,6.0,Feed-forward,3145728,1965.0349731445312,1.3924384776073075,120.82866954002473,120.71006149162753,0.01152407357383049,0.9999307480591904,0.0040264129638671875,0,0.0,0,0.0,0,0.0,0,0.0,0.041105000635996404,0.02555798110444644
AlphaQCL,AlphaQCL,AlphaQCL,Alpha,QCL,,,2,transformer_ffn,Transformer FFN,2,7.0,Feed-forward,3145728,2005.2814331054688,1.4200771829287497,121.86810477289576,121.75934416144413,0.01165257460575995,0.9999294528247564,0.004129091898600261,0,0.0,0,0.0,0,0.0,0,0.0,0.04119846361685728,0.026582658505578872
AlphaQCL,AlphaQCL,AlphaQCL,Alpha,QCL,,,2,transformer_ffn,Transformer FFN,2,8.0,Feed-forward,3145728,2061.732666015625,1.4598713620879766,126.31817852772616,126.20738954507081,0.011557096366518072,0.9999305376793114,0.0043799082438151045,0,0.0,0,0.0,0,0.0,0,0.0,0.04100243334883488,0.028093360465140577
AlphaQCL,AlphaQCL,AlphaQCL,Alpha,QCL,,,2,transformer_ffn,Transformer FFN,2,9.0,Feed-forward,3145728,2112.68603515625,1.4953600725441156,124.29381576216393,124.16627429328385,0.01203084854523634,0.9999248633654505,0.004190762837727864,0,0.0,0,0.0,0,0.0,0,0.0,0.041532822629790835,0.029475832101139528
AlphaQCL,AlphaQCL,AlphaQCL,Alpha,QCL,,,2,transformer_ffn,Transformer FFN,2,10.0,Feed-forward,3145728,2073.19384765625,1.4687202125937635,118.41869697378345,118.31272286032893,0.012402772958386031,0.9999205043074754,0.0043036142985026045,0,0.0,0,0.0,0,0.0,0,0.0,0.04201218373797207,0.028434962288341442
AlphaQCL,AlphaQCL,AlphaQCL,Alpha,QCL,,,2,transformer_ffn,Transformer FFN,2,11.0,Feed-forward,3145728,2052.794921875,1.454992898582878,117.24210602757547,117.13260172436514,0.012410156622746521,0.9999203297032486,0.004255612691243489,0,0.0,0,0.0,0,0.0,0,0.0,0.04200071359901024,0.02790591458090019
AlphaQCL,AlphaQCL,AlphaQCL,Alpha,QCL,,,2,transformer_ffn,Transformer FFN,2,12.0,Feed-forward,3145728,2108.31591796875,1.4935476485263977,118.1794145502401,118.09680343035856,0.012637967908458815,0.9999174509290141,0.004296938578287761,0,0.0,0,0.0,0,0.0,0,0.0,0.0427936969487249,0.029404424107824328
AlphaQCL,AlphaQCL,AlphaQCL,Alpha,QCL,,,2,transformer_ffn,Transformer FFN,2,13.0,Feed-forward,3145728,2111.6450805664062,1.4965049238394792,118.55297594522354,118.47126415163932,0.0126230903265635,0.999917722521287,0.004283905029296875,0,0.0,0,0.0,0,0.0,0,0.0,0.043013398288635395,0.029520982915287642
AlphaQCL,AlphaQCL,AlphaQCL,Alpha,QCL,,,2,transformer_ffn,Transformer FFN,2,14.0,Feed-forward,3145728,2163.2530517578125,1.5324405596097455,119.79008536093983,119.70304239815711,0.012792716150024704,0.9999153212069113,0.004247983296712239,0,0.0,0,0.0,0,0.0,0,0.0,0.044408055499559465,0.03095578269963655
AlphaQCL,AlphaQCL,AlphaQCL,Alpha,QCL,,,2,transformer_ffn,Transformer FFN,2,15.0,Feed-forward,3145728,2247.605712890625,1.595351928761707,120.42536508015037,120.32341265444768,0.013247640376260354,0.9999096104154209,0.004368146260579427,0,0.0,0,0.0,0,0.0,0,0.0,0.049488394089565076,0.03354961313866805
AlphaQCL,AlphaQCL,AlphaQCL,Alpha,QCL,,,2,transformer_ffn,Transformer FFN,2,16.0,Feed-forward,3145728,2329.2119140625,1.6527170431463059,122.27695334899582,122.16422812268942,0.013516177806861141,0.9999059585228934,0.004378000895182292,0,0.0,0,0.0,0,0.0,0,0.0,0.050170807566453215,0.0360057220448146
AlphaQCL,AlphaQCL,AlphaQCL,Alpha,QCL,,,2,transformer_ffn,Transformer FFN,2,17.0,Feed-forward,3145728,2470.4320068359375,1.7547378267865152,124.91481863278872,124.75605297502102,0.014047475279493401,0.9998989625842029,0.004555702209472656,0,0.0,0,0.0,0,0.0,0,0.0,0.05265688033830221,0.04058812504733826
AlphaQCL,AlphaQCL,AlphaQCL,Alpha,QCL,,,2,transformer_norm_deepnorm,Transformer norm/deepnorm,3,0.0,Norm/deepnorm,1025,0.5813134908676147,0.023082582797618472,5.030958463384759,5.038683689280135,0.004588108402327027,0.9999908124988807,0.03219512195121951,0,0.0,0,0.0,0,0.0,0,0.0,0.03856613514795704,7.023333922789823e-06
AlphaQCL,AlphaQCL,AlphaQCL,Alpha,QCL,,,2,transformer_norm_deepnorm,Transformer norm/deepnorm,3,1.0,Norm/deepnorm,1025,0.6887378692626953,0.027514398847867858,6.668480467421702,6.681955195751997,0.004126037255756091,0.9999936047306688,0.006829268292682927,0,0.0,0,0.0,0,0.0,0,0.0,0.042149367893355986,9.979173426779602e-06
AlphaQCL,AlphaQCL,AlphaQCL,Alpha,QCL,,,2,transformer_norm_deepnorm,Transformer norm/deepnorm,3,2.0,Norm/deepnorm,1025,0.6779698729515076,0.026800964054954277,7.704114374533807,7.718159888563445,0.0034787858476689067,0.999995756690463,0.000975609756097561,0,0.0,0,0.0,0,0.0,0,0.0,0.08718207822828865,9.468372726399495e-06
AlphaQCL,AlphaQCL,AlphaQCL,Alpha,QCL,,,2,transformer_norm_deepnorm,Transformer norm/deepnorm,3,3.0,Norm/deepnorm,1025,0.670166015625,0.026737578600838842,8.920147890652558,8.934587124003885,0.002997436693718297,0.9999969523424111,0.0,0,0.0,0,0.0,0,0.0,0,0.0,0.09993747355233318,9.423639454503374e-06
AlphaQCL,AlphaQCL,AlphaQCL,Alpha,QCL,,,2,transformer_norm_deepnorm,Transformer norm/deepnorm,3,4.0,Norm/deepnorm,1025,0.664306640625,0.026161237234378326,9.422039783358974,9.43685890698136,0.0027766001668323484,0.9999975452726897,0.0,0,0.0,0,0.0,0,0.0,0,0.0,0.09901400601756066,9.0217558809684e-06
AlphaQCL,AlphaQCL,AlphaQCL,Alpha,QCL,,,2,transformer_norm_deepnorm,Transformer norm/deepnorm,3,5.0,Norm/deepnorm,1025,0.7335205078125,0.028282666671425028,10.584850252630194,10.602841057701141,0.0026719949736081047,0.9999980599764342,0.0,0,0.0,0,0.0,0,0.0,0,0.0,0.08718207822828865,1.0544238568392439e-05
AlphaQCL,AlphaQCL,AlphaQCL,Alpha,QCL,,,2,transformer_norm_deepnorm,Transformer norm/deepnorm,3,6.0,Norm/deepnorm,1025,0.796142578125,0.030961613361105835,11.533993113026714,11.555178411964231,0.0026843793868867936,0.9999983063451079,0.0,0,0.0,0,0.0,0,0.0,0,0.0,0.09715157293961971,1.2636350954375335e-05
AlphaQCL,AlphaQCL,AlphaQCL,Alpha,QCL,,,2,transformer_norm_deepnorm,Transformer norm/deepnorm,3,7.0,Norm/deepnorm,1025,0.8212890625,0.03149177483241199,11.783549360123246,11.805659821492435,0.002672520296726617,0.9999983294040252,0.0,0,0.0,0,0.0,0,0.0,0,0.0,0.07497325258116438,1.3072805157891812e-05
AlphaQCL,AlphaQCL,AlphaQCL,Alpha,QCL,,,2,transformer_norm_deepnorm,Transformer norm/deepnorm,3,8.0,Norm/deepnorm,1025,1.0438232421875,0.038432767313064366,9.960370311670419,9.988993691288409,0.0038585681164915527,0.999996890050976,0.0,0,0.0,0,0.0,0,0.0,0,0.0,0.16263204342647633,1.9470532368843733e-05
AlphaQCL,AlphaQCL,AlphaQCL,Alpha,QCL,,,2,transformer_norm_deepnorm,Transformer norm/deepnorm,3,9.0,Norm/deepnorm,1025,0.6115951538085938,0.024103933139319654,8.316425285837186,8.325214156411958,0.002898352634799183,0.9999965219773258,0.0,0,0.0,0,0.0,0,0.0,0,0.0,0.0749601157950984,7.658616820145674e-06
AlphaQCL,AlphaQCL,AlphaQCL,Alpha,QCL,,,2,transformer_norm_deepnorm,Transformer norm/deepnorm,3,10.0,Norm/deepnorm,1025,0.7113037109375,0.02774435589071385,9.819863636134434,9.834639047690782,0.0028253300573970624,0.9999972691610424,0.0,0,0.0,0,0.0,0,0.0,0,0.0,0.11625916981796243,1.0146676323605153e-05
AlphaQCL,AlphaQCL,AlphaQCL,Alpha,QCL,,,2,transformer_norm_deepnorm,Transformer norm/deepnorm,3,11.0,Norm/deepnorm,1025,0.67333984375,0.025952504425621702,9.910766727107475,9.92694798337578,0.002618617221070796,0.9999980736838519,0.0,0,0.0,0,0.0,0,0.0,0,0.0,0.12195682761741908,8.878366336158757e-06
AlphaQCL,AlphaQCL,AlphaQCL,Alpha,QCL,,,2,transformer_norm_deepnorm,Transformer norm/deepnorm,3,12.0,Norm/deepnorm,1025,0.7630615234375,0.02910525919329779,9.29505464058627,9.314311216220831,0.0031312628401567837,0.9999974269762839,0.0,0,0.0,0,0.0,0,0.0,0,0.0,0.1772719935315483,1.1166509908059494e-05
AlphaQCL,AlphaQCL,AlphaQCL,Alpha,QCL,,,2,transformer_norm_deepnorm,Transformer norm/deepnorm,3,13.0,Norm/deepnorm,1025,0.8602294921875,0.032543817106367876,10.103855046976017,10.12740269162436,0.003220930719518259,0.9999977325729994,0.0,0,0.0,0,0.0,0,0.0,0,0.0,0.17764262517977764,1.3960838215541673e-05
AlphaQCL,AlphaQCL,AlphaQCL,Alpha,QCL,,,2,transformer_norm_deepnorm,Transformer norm/deepnorm,3,14.0,Norm/deepnorm,1025,1.1058349609375,0.040994729668621215,11.51499608055111,11.548316297797045,0.0035601166845256656,0.9999980786057717,0.0,0,0.0,0,0.0,0,0.0,0,0.0,0.1775499672677203,2.2152898976954e-05
AlphaQCL,AlphaQCL,AlphaQCL,Alpha,QCL,,,2,transformer_norm_deepnorm,Transformer norm/deepnorm,3,15.0,Norm/deepnorm,1025,0.8197021484375,0.03199197175229164,13.669368073731729,13.690488724159838,0.0023404133665672457,0.9999985418978953,0.0,0,0.0,0,0.0,0,0.0,0,0.0,0.11625916981796243,1.349138477431558e-05
AlphaQCL,AlphaQCL,AlphaQCL,Alpha,QCL,,,2,transformer_norm_deepnorm,Transformer norm/deepnorm,3,16.0,Norm/deepnorm,1025,1.0137939453125,0.039234735339115416,10.934962386985386,10.962102282974847,0.0035880082574228484,0.9999967713146434,0.0,0,0.0,0,0.0,0,0.0,0,0.0,0.17671604605920432,2.0291584830904434e-05
AlphaQCL,AlphaQCL,AlphaQCL,Alpha,QCL,,,2,transformer_norm_deepnorm,Transformer norm/deepnorm,3,17.0,Norm/deepnorm,1025,2.5422041416168213,0.0988527527380754,8.623354879302466,8.693324051054384,0.01146337523175899,0.9999676842225859,0.0,0,0.0,0,0.0,0,0.0,0,0.0,0.4902608540374452,0.00012881073203017834
AlphaQCL,AlphaQCL,AlphaQCL,Alpha,QCL,,,2,upsample,Upsample,4,,Upsample,525312,416.23497515916824,0.7238791321589785,46.808640365494604,46.81113597884203,0.015464647691253532,0.9998793572469403,0.005158838937621832,0,0.0,0,0.0,0,0.0,0,0.0,0.0562167454642344,0.006907273097440465
AlphaQCL,AlphaQCL,AlphaQCL,Alpha,QCL,,,2,crf,CRF head,5,,CRF,2097152,1908.2193603515625,1.6369714655640901,48.61623023021093,48.45574757091516,0.033671295734213784,0.9994332364731342,0.011034488677978516,0,0.0,0,0.0,0,0.0,0,0.0,0.12074479835216517,0.035322930888884246
Gamma,Gamma,Gamma,Gamma,base,,,3,conv,Convolution front-end,0,0.0,Conv,384,15.73541259765625,2.3788846054877686,14.461701556876564,16.66682542089512,0.16449548458261748,0.9983476855285295,0.2526041666666667,2,0.005208333333333333,0,0.0,0,0.0,0,0.0,1.2694853171879634,0.08196811978172022
Gamma,Gamma,Gamma,Gamma,base,,,3,conv,Convolution front-end,0,1.0,Conv,20544,107.16842031478882,2.385692419469136,46.497315688230195,46.20852632657135,0.05130817519586344,0.9986949458020626,0.0815809968847352,8,0.0003894080996884735,0,0.0,0,0.0,0,0.0,0.649740969200551,0.08243793843334396
Gamma,Gamma,Gamma,Gamma,base,,,3,conv,Convolution front-end,0,2.0,Conv,73856,225.4948239326477,1.698977687880595,38.04358883556148,38.10498041556646,0.044658712279332075,0.9990059500076612,0.02722866117850953,7,9.47790294627383e-05,0,0.0,0,0.0,0,0.0,0.37594991797959043,0.04180936507839536
Gamma,Gamma,Gamma,Gamma,base,,,3,conv,Convolution front-end,0,3.0,Conv,147584,186.82088971138,1.1492725891322995,19.38435817030847,19.962979003662845,0.05928865836231871,0.9987260291383324,0.005949154379878577,29,0.00019649826539462273,7,4.7430615784908936e-05,0,0.0,0,0.0,0.6007188131276886,0.01913129280745982
Gamma,Gamma,Gamma,Gamma,base,,,3,conv,Convolution front-end,0,4.0,Conv,328192,306.8511235713959,1.0614195819364494,24.802331738681307,24.740355799343813,0.042795153017046145,0.9990852483022743,0.023757434672386897,4,1.218798751950078e-05,0,0.0,0,0.0,0,0.0,0.40995674189875575,0.01631820604806378
Gamma,Gamma,Gamma,Gamma,base,,,3,transformer_self_attn,Transformer self-attention,1,0.0,Self-attention,1049088,571.3239144682884,0.7212830554664713,72.72642185497955,72.69772369551193,0.0099177580454149,0.9999496547993301,0.007680957174231332,0,0.0,0,0.0,0,0.0,0,0.0,0.07839902995368246,0.007535458475568461
Gamma,Gamma,Gamma,Gamma,base,,,3,transformer_self_attn,Transformer self-attention,1,1.0,Self-attention,1049088,610.5365498065948,0.7642268815650203,62.75676637620779,62.71171118730792,0.012177601328017757,0.9999245671254943,0.005536237188872621,0,0.0,0,0.0,0,0.0,0,0.0,0.05397540372862208,0.008459463894497407
Gamma,Gamma,Gamma,Gamma,base,,,3,transformer_self_attn,Transformer self-attention,1,2.0,Self-attention,1049088,656.458790063858,0.8082932157972998,72.67765985494144,72.6356914393253,0.01112161862958404,0.9999367146057481,0.004505818387018057,0,0.0,0,0.0,0,0.0,0,0.0,0.0438186109699153,0.00946315794578688
Gamma,Gamma,Gamma,Gamma,base,,,3,transformer_self_attn,Transformer self-attention,1,3.0,Self-attention,1049088,661.6931874752045,0.8146940467088277,76.67362987359456,76.64577494281461,0.010625479034342517,0.9999420396044981,0.004257984077598829,0,0.0,0,0.0,0,0.0,0,0.0,0.04092096926736738,0.009613627864931508
Gamma,Gamma,Gamma,Gamma,base,,,3,transformer_self_attn,Transformer self-attention,1,4.0,Self-attention,1049088,647.2110364437103,0.7967102659522766,78.77963763724014,78.7540854030108,0.010113149664649528,0.9999473481775368,0.003593597486578819,0,0.0,0,0.0,0,0.0,0,0.0,0.038913565865268555,0.009193884594090434
Gamma,Gamma,Gamma,Gamma,base,,,3,transformer_self_attn,Transformer self-attention,1,5.0,Self-attention,1049088,663.7131050825119,0.8167428805835812,79.58207756336601,79.56100045249637,0.010262899707955625,0.9999457208625602,0.0040549505856515376,0,0.0,0,0.0,0,0.0,0,0.0,0.0407924287660531,0.0096620423431556
Gamma,Gamma,Gamma,Gamma,base,,,3,transformer_self_attn,Transformer self-attention,1,6.0,Self-attention,1049088,634.5251578092575,0.781643983606724,80.26332072343511,80.2417990484112,0.009738495449248109,0.9999509326701211,0.0034658674963396778,0,0.0,0,0.0,0,0.0,0,0.0,0.03722134636370293,0.00884944837976625
Gamma,Gamma,Gamma,Gamma,base,,,3,transformer_self_attn,Transformer self-attention,1,7.0,Self-attention,1049088,648.0375930070877,0.7975393964367405,80.81129729931499,80.79107993137305,0.009869157198191536,0.9999496008786476,0.0037928181429965836,0,0.0,0,0.0,0,0.0,0,0.0,0.038753044427794266,0.009213030566916408
Gamma,Gamma,Gamma,Gamma,base,,,3,transformer_self_attn,Transformer self-attention,1,8.0,Self-attention,1049088,645.1122870445251,0.7939603369439044,82.64227212211796,82.62649046264862,0.009607193952396226,0.9999522377417186,0.0035421242069302097,0,0.0,0,0.0,0,0.0,0,0.0,0.03562230546883098,0.00913052681304462
Gamma,Gamma,Gamma,Gamma,base,,,3,transformer_self_attn,Transformer self-attention,1,9.0,Self-attention,1049088,677.6177859306335,0.832395279364434,81.46292152450843,81.36129517301254,0.010218087735952295,0.9999469466724364,0.0038833729868228404,0,0.0,0,0.0,0,0.0,0,0.0,0.04069879787832612,0.010035925728644956
Gamma,Gamma,Gamma,Gamma,base,,,3,transformer_self_attn,Transformer self-attention,1,10.0,Self-attention,1049088,659.9572950005531,0.8116766334263494,81.52731743185629,81.50457998729058,0.009955885450355587,0.9999488703191345,0.003882419777940459,0,0.0,0,0.0,0,0.0,0,0.0,0.04024721075632981,0.009542547024265836
Gamma,Gamma,Gamma,Gamma,base,,,3,transformer_self_attn,Transformer self-attention,1,11.0,Self-attention,1049088,650.0965139269829,0.7999701264335516,78.93266472916565,78.89810500607027,0.010134842516446202,0.9999470815211225,0.003778520009760859,0,0.0,0,0.0,0,0.0,0,0.0,0.03982627862655749,0.00926927485158203
Gamma,Gamma,Gamma,Gamma,base,,,3,transformer_self_attn,Transformer self-attention,1,12.0,Self-attention,1049088,655.5596157312393,0.8098009314998837,77.3956421424041,77.35638226318025,0.010463133441155256,0.999943887128264,0.003838572169350903,0,0.0,0,0.0,0,0.0,0,0.0,0.04036345948191844,0.009498494277768207
Gamma,Gamma,Gamma,Gamma,base,,,3,transformer_self_attn,Transformer self-attention,1,13.0,Self-attention,1049088,658.3738737106323,0.8120572959922452,75.74498464486366,75.71766127788817,0.01072093815583473,0.999941001476502,0.0038595427647632992,0,0.0,0,0.0,0,0.0,0,0.0,0.040796529839503125,0.009551499708312643
Gamma,Gamma,Gamma,Gamma,base,,,3,transformer_self_attn,Transformer self-attention,1,14.0,Self-attention,1049088,650.7446848154068,0.8039492589131494,77.59547381842589,77.57065721047786,0.010360775176067455,0.999944789605102,0.0035974103221083457,0,0.0,0,0.0,0,0.0,0,0.0,0.039721636060896265,0.00936171681401342
Gamma,Gamma,Gamma,Gamma,base,,,3,transformer_self_attn,Transformer self-attention,1,15.0,Self-attention,1049088,690.3359009027481,0.8597704562507589,77.27375583739308,77.25801849106323,0.011126293098266895,0.9999364820951107,0.003762315458760371,0,0.0,0,0.0,0,0.0,0,0.0,0.042064911909981184,0.01070688792610159
Gamma,Gamma,Gamma,Gamma,base,,,3,transformer_self_attn,Transformer self-attention,1,16.0,Self-attention,1049088,727.3927438855171,0.9093785285548406,69.91971956990635,69.93606918582677,0.01300603798397136,0.9999139253699291,0.004369509516837481,0,0.0,0,0.0,0,0.0,0,0.0,0.05581796050555626,0.01197809113451455
Gamma,Gamma,Gamma,Gamma,base,,,3,transformer_self_attn,Transformer self-attention,1,17.0,Self-attention,1049088,739.0895510315895,0.9245847879173394,87.56039058382642,87.62725113937393,0.01055939542700158,0.9999429064279066,0.003729906356759395,0,0.0,0,0.0,0,0.0,0,0.0,0.044771062123029885,0.012382025924550157
Gamma,Gamma,Gamma,Gamma,base,,,3,transformer_ffn,Transformer FFN,2,0.0,Feed-forward,3145728,1777.5068359375,1.3146207342656246,100.05765915835728,99.94011268278055,0.013138631718187745,0.9999115653225377,0.004894256591796875,0,0.0,0,0.0,0,0.0,0,0.0,0.05088935687442467,0.02503220903931494
Gamma,Gamma,Gamma,Gamma,base,,,3,transformer_ffn,Transformer FFN,2,1.0,Feed-forward,3145728,1939.0321044921875,1.3915608503844608,118.69927370512846,118.55776792744328,0.011723415038253313,0.9999290621307287,0.003996213277180989,0,0.0,0,0.0,0,0.0,0,0.0,0.04147170167470443,0.028048046929230727
Gamma,Gamma,Gamma,Gamma,base,,,3,transformer_ffn,Transformer FFN,2,2.0,Feed-forward,3145728,2018.1834106445312,1.4293310836363875,123.8261780209712,123.68480961260461,0.01154304450383912,0.9999306402761367,0.003925641377766927,0,0.0,0,0.0,0,0.0,0,0.0,0.041029856005536776,0.029591290005900866
Gamma,Gamma,Gamma,Gamma,base,,,3,transformer_ffn,Transformer FFN,2,3.0,Feed-forward,3145728,1989.473876953125,1.409328418477859,123.03037488576246,122.90552694930973,0.011455125775130352,0.9999316540880177,0.0038604736328125,0,0.0,0,0.0,0,0.0,0,0.0,0.04090193897582059,0.028768859164075847
Gamma,Gamma,Gamma,Gamma,base,,,3,transformer_ffn,Transformer FFN,2,4.0,Feed-forward,3145728,1986.0162963867188,1.4063477800071338,122.62340523618951,122.50354347553584,0.011468836453353285,0.9999318117264924,0.0038525263468424478,0,0.0,0,0.0,0,0.0,0,0.0,0.04091028228448816,0.02864729929220472
Gamma,Gamma,Gamma,Gamma,base,,,3,transformer_ffn,Transformer FFN,2,5.0,Feed-forward,3145728,1972.170654296875,1.3973996877409784,121.9855888485142,121.87558693768925,0.011455448966814472,0.9999319289866694,0.003907839457194011,0,0.0,0,0.0,0,0.0,0,0.0,0.04092351134064809,0.028283913812710136
Gamma,Gamma,Gamma,Gamma,base,,,3,transformer_ffn,Transformer FFN,2,6.0,Feed-forward,3145728,1947.6055908203125,1.380217104709992,120.82866954002473,120.71809474323847,0.01142292727350425,0.9999320285790507,0.003994941711425781,0,0.0,0,0.0,0,0.0,0,0.0,0.040972426289716195,0.027592625838699293
Gamma,Gamma,Gamma,Gamma,base,,,3,transformer_ffn,Transformer FFN,2,7.0,Feed-forward,3145728,1982.552001953125,1.4043150411181577,121.86810477289576,121.76744051803216,0.011523236893977487,0.9999308481615308,0.00406646728515625,0,0.0,0,0.0,0,0.0,0,0.0,0.0410263672559899,0.028564545373905147
Gamma,Gamma,Gamma,Gamma,base,,,3,transformer_ffn,Transformer FFN,2,8.0,Feed-forward,3145728,2032.3460083007812,1.439219048151837,126.31817852772616,126.21592400587276,0.011393601973416082,0.9999323535402529,0.004313151041666667,0,0.0,0,0.0,0,0.0,0,0.0,0.04075729650004446,0.03000212512864104
Gamma,Gamma,Gamma,Gamma,base,,,3,transformer_ffn,Transformer FFN,2,9.0,Feed-forward,3145728,2079.8591918945312,1.472187463432025,124.29381576216393,124.1748232080481,0.01184441441760097,0.9999272678999735,0.004137357076009114,0,0.0,0,0.0,0,0.0,0,0.0,0.041323541580730684,0.031392395100072135
Gamma,Gamma,Gamma,Gamma,base,,,3,transformer_ffn,Transformer FFN,2,10.0,Feed-forward,3145728,2043.7966918945312,1.4477714447451582,118.41869697378345,118.32009764960685,0.012225868733090908,0.9999225115196331,0.004247347513834636,0,0.0,0,0.0,0,0.0,0,0.0,0.041849424683765624,0.030359753040573083
Gamma,Gamma,Gamma,Gamma,base,,,3,transformer_ffn,Transformer FFN,2,11.0,Feed-forward,3145728,2022.125244140625,1.4330897679679218,117.24210602757547,117.1404113726877,0.012223336960791588,0.9999225325995725,0.0041961669921875,0,0.0,0,0.0,0,0.0,0,0.0,0.04184890465951847,0.029747125923261276
Gamma,Gamma,Gamma,Gamma,base,,,3,transformer_ffn,Transformer FFN,2,12.0,Feed-forward,3145728,2074.4135131835938,1.4695755484929736,118.1794145502401,118.10500202745966,0.012435122936475704,0.9999198243849936,0.0042285919189453125,0,0.0,0,0.0,0,0.0,0,0.0,0.04203851969239943,0.03128110284718756
Gamma,Gamma,Gamma,Gamma,base,,,3,transformer_ffn,Transformer FFN,2,13.0,Feed-forward,3145728,2075.4442138671875,1.4706901965136638,118.55297594522354,118.48022192873057,0.012405341871748308,0.9999203388233134,0.004202206929524739,0,0.0,0,0.0,0,0.0,0,0.0,0.042037191126201,0.03132857321042438
Gamma,Gamma,Gamma,Gamma,base,,,3,transformer_ffn,Transformer FFN,2,14.0,Feed-forward,3145728,2096.49072265625,1.4849418561643457,119.79008536093983,119.70917925395801,0.012396200000108949,0.9999202439381841,0.004105885823567708,0,0.0,0,0.0,0,0.0,0,0.0,0.04196786363378567,0.03193869148213164
Gamma,Gamma,Gamma,Gamma,base,,,3,transformer_ffn,Transformer FFN,2,15.0,Feed-forward,3145728,2153.9951171875,1.5276772995862518,120.42536508015037,120.33100912820643,0.0126856771293114,0.9999165733731175,0.004198392232259114,0,0.0,0,0.0,0,0.0,0,0.0,0.044758745952036945,0.033803484649340645
Gamma,Gamma,Gamma,Gamma,base,,,3,transformer_ffn,Transformer FFN,2,16.0,Feed-forward,3145728,2207.1143798828125,1.563106914905254,122.27695334899582,122.17279323257695,0.012783332198700698,0.999915414329632,0.004162152608235677,0,0.0,0,0.0,0,0.0,0,0.0,0.043723945247274784,0.035389594797863064
Gamma,Gamma,Gamma,Gamma,base,,,3,transformer_ffn,Transformer FFN,2,17.0,Feed-forward,3145728,2300.2406616210938,1.6304907833378146,124.91481863278872,124.76368873732353,0.013052821123896795,0.9999122396614929,0.004236857096354167,0,0.0,0,0.0,0,0.0,0,0.0,0.04704800073905896,0.03850657732495941
Gamma,Gamma,Gamma,Gamma,base,,,3,transformer_norm_deepnorm,Transformer norm/deepnorm,3,0.0,Norm/deepnorm,1025,0.5802171230316162,0.023097697412832217,5.030958463384759,5.039128739269095,0.004591112723536146,0.9999908964068811,0.03121951219512195,0,0.0,0,0.0,0,0.0,0,0.0,0.03856613514795704,7.72743920092983e-06
Gamma,Gamma,Gamma,Gamma,base,,,3,transformer_norm_deepnorm,Transformer norm/deepnorm,3,1.0,Norm/deepnorm,1025,0.6900325417518616,0.027641593306081482,6.668480467421702,6.682333688660821,0.004145111235028431,0.9999936783490695,0.006829268292682927,0,0.0,0,0.0,0,0.0,0,0.0,0.042150816639749,1.1066858755615572e-05
Gamma,Gamma,Gamma,Gamma,base,,,3,transformer_norm_deepnorm,Transformer norm/deepnorm,3,2.0,Norm/deepnorm,1025,0.6797628402709961,0.026780071406556468,7.704114374533807,7.718565903912275,0.0034760739657598233,0.9999958542002482,0.000975609756097561,0,0.0,0,0.0,0,0.0,0,0.0,0.08718207822828865,1.0387754635561297e-05
Gamma,Gamma,Gamma,Gamma,base,,,3,transformer_norm_deepnorm,Transformer norm/deepnorm,3,3.0,Norm/deepnorm,1025,0.677490234375,0.027069900311391108,8.920147890652558,8.93538069773756,0.0030346918731868427,0.999996968710689,0.0,0,0.0,0,0.0,0,0.0,0,0.0,0.09766946876877976,1.0613815506655608e-05
Gamma,Gamma,Gamma,Gamma,base,,,3,transformer_norm_deepnorm,Transformer norm/deepnorm,3,4.0,Norm/deepnorm,1025,0.6705322265625,0.026364079044924438,9.422039783358974,9.437501818928322,0.002798128606024926,0.9999975905590119,0.0,0,0.0,0,0.0,0,0.0,0,0.0,0.09897456625826309,1.006754157125327e-05
Gamma,Gamma,Gamma,Gamma,base,,,3,transformer_norm_deepnorm,Transformer norm/deepnorm,3,5.0,Norm/deepnorm,1025,0.744140625,0.02883754503951836,10.584850252630194,10.60369712124786,0.0027244169120247963,0.9999980476734973,0.0,0,0.0,0,0.0,0,0.0,0,0.0,0.08718207822828865,1.2045221567338462e-05
Gamma,Gamma,Gamma,Gamma,base,,,3,transformer_norm_deepnorm,Transformer norm/deepnorm,3,6.0,Norm/deepnorm,1025,0.798583984375,0.03100393694827682,11.533993113026714,11.555785833004249,0.0026880488521583814,0.9999983185044528,0.0,0,0.0,0,0.0,0,0.0,0,0.0,0.09786367970471478,1.3922970772395884e-05
Gamma,Gamma,Gamma,Gamma,base,,,3,transformer_norm_deepnorm,Transformer norm/deepnorm,3,7.0,Norm/deepnorm,1025,0.8355712890625,0.031978927304907694,11.783549360123246,11.806408153987189,0.002713862040000018,0.9999983956146493,0.0,0,0.0,0,0.0,0,0.0,0,0.0,0.07444015891540084,1.4812419562515613e-05
Gamma,Gamma,Gamma,Gamma,base,,,3,transformer_norm_deepnorm,Transformer norm/deepnorm,3,8.0,Norm/deepnorm,1025,1.0555419921875,0.038597196664458926,9.960370311670419,9.989528323046256,0.003875076473736251,0.9999970262839121,0.0,0,0.0,0,0.0,0,0.0,0,0.0,0.15503409463776835,2.157792836501331e-05
Gamma,Gamma,Gamma,Gamma,base,,,3,transformer_norm_deepnorm,Transformer norm/deepnorm,3,9.0,Norm/deepnorm,1025,0.6067428588867188,0.0239766623575568,8.316425285837186,8.32552206790944,0.0028830490906214244,0.9999965894231599,0.0,0,0.0,0,0.0,0,0.0,0,0.0,0.07495592934679166,8.326752890896088e-06
Gamma,Gamma,Gamma,Gamma,base,,,3,transformer_norm_deepnorm,Transformer norm/deepnorm,3,10.0,Norm/deepnorm,1025,0.71759033203125,0.027806119401230223,9.819863636134434,9.835394713292384,0.0028316197079263318,0.9999973780565912,0.0,0,0.0,0,0.0,0,0.0,0,0.0,0.09994315777484834,1.1198993383921347e-05
Gamma,Gamma,Gamma,Gamma,base,,,3,transformer_norm_deepnorm,Transformer norm/deepnorm,3,11.0,Norm/deepnorm,1025,0.6851806640625,0.026272355959453222,9.910766727107475,9.927752626692351,0.0026508903582193725,0.999998131918802,0.0,0,0.0,0,0.0,0,0.0,0,0.0,0.12480565651714742,9.99761160085803e-06
Gamma,Gamma,Gamma,Gamma,base,,,3,transformer_norm_deepnorm,Transformer norm/deepnorm,3,12.0,Norm/deepnorm,1025,0.7708740234375,0.02949431961133588,9.29505464058627,9.315328693252326,0.003173119551395386,0.9999975053216144,0.0,0,0.0,0,0.0,0,0.0,0,0.0,0.1772719935315483,1.2600128832419225e-05
Gamma,Gamma,Gamma,Gamma,base,,,3,transformer_norm_deepnorm,Transformer norm/deepnorm,3,13.0,Norm/deepnorm,1025,0.8807373046875,0.03296192297374372,10.103855046976017,10.128700051229831,0.003262311545493285,0.9999978345891384,0.0,0,0.0,0,0.0,0,0.0,0,0.0,0.17766909886893686,1.5737049171074922e-05
Gamma,Gamma,Gamma,Gamma,base,,,3,transformer_norm_deepnorm,Transformer norm/deepnorm,3,14.0,Norm/deepnorm,1025,1.1324462890625,0.04164709187689668,11.51499608055111,11.549617704860104,0.003616769956807473,0.999998210460854,0.0,0,0.0,0,0.0,0,0.0,0,0.0,0.1775499672677203,2.5122773530974586e-05
Gamma,Gamma,Gamma,Gamma,base,,,3,transformer_norm_deepnorm,Transformer norm/deepnorm,3,15.0,Norm/deepnorm,1025,0.8209228515625,0.031660483450966725,13.669368073731729,13.691381313502612,0.002316162918445806,0.9999987569580427,0.0,0,0.0,0,0.0,0,0.0,0,0.0,0.09962846603560258,1.4518886353449165e-05
Gamma,Gamma,Gamma,Gamma,base,,,3,transformer_norm_deepnorm,Transformer norm/deepnorm,3,16.0,Norm/deepnorm,1025,1.00732421875,0.03865641275185051,10.934962386985386,10.963122018981462,0.00353512077900288,0.9999971818230894,0.0,0,0.0,0,0.0,0,0.0,0,0.0,0.17671604605920432,2.164418917029522e-05
Gamma,Gamma,Gamma,Gamma,base,,,3,transformer_norm_deepnorm,Transformer norm/deepnorm,3,17.0,Norm/deepnorm,1025,2.4307711124420166,0.09416957683078714,8.623354879302466,8.691074761059149,0.010920294728539977,0.9999715776161548,0.0,0,0.0,0,0.0,0,0.0,0,0.0,0.4081833214477028,0.00012844566723728442
Gamma,Gamma,Gamma,Gamma,base,,,3,upsample,Upsample,4,,Upsample,525312,384.51320827007294,0.6690727584752018,46.808640365494604,46.80607943947567,0.014293787498438007,0.9998967987328591,0.004757172880116959,0,0.0,0,0.0,0,0.0,0,0.0,0.05523846368800353,0.006484028528929241
Gamma,Gamma,Gamma,Gamma,base,,,3,crf,CRF head,5,,CRF,2097152,1672.9010009765625,1.4335423598056591,48.61623023021093,48.44700763543735,0.029486909063442823,0.9995665803114971,0.009638309478759766,0,0.0,0,0.0,0,0.0,0,0.0,0.09820847975283126,0.029765918091972304
GammaQCH,GammaQCH,GammaQCH,Gamma,QCH,,,4,conv,Convolution front-end,0,0.0,Conv,384,20.85798144340515,3.1558534318764346,14.461701556876564,17.4287540283286,0.21822144645044225,0.9977067313771919,0.23697916666666666,6,0.015625,0,0.0,0,0.0,0,0.0,1.6928858782868046,0.13363188379472582
GammaQCH,GammaQCH,GammaQCH,Gamma,QCH,,,4,conv,Convolution front-end,0,1.0,Conv,20544,103.69293785095215,2.277671855761308,46.497315688230195,46.643857195374615,0.04898501821122983,0.9988089644010457,0.08211643302180685,0,0.0,0,0.0,0,0.0,0,0.0,0.5551028050303355,0.06960793524216412
GammaQCH,GammaQCH,GammaQCH,Gamma,QCH,,,4,conv,Convolution front-end,0,2.0,Conv,73856,252.35824275016785,1.8846465552475566,38.04358883556148,38.80219027442618,0.04953913689356831,0.9989919454187315,0.02724220103986135,4,5.4159445407279026e-05,0,0.0,0,0.0,0,0.0,0.4163258518956853,0.047658050243429846
GammaQCH,GammaQCH,GammaQCH,Gamma,QCH,,,4,conv,Convolution front-end,0,3.0,Conv,147584,189.19731450080872,1.1714703751427409,19.38435817030847,19.95685443960383,0.060433797438650946,0.9986499057708362,0.006064343018213357,30,0.00020327406764960972,7,4.7430615784908936e-05,0,0.0,0,0.0,0.6125186315414576,0.01841361512694585
GammaQCH,GammaQCH,GammaQCH,Gamma,QCH,,,4,conv,Convolution front-end,0,4.0,Conv,328192,311.91128170490265,1.0307377840025322,24.802331738681307,24.74843299606054,0.041558100055365726,0.9991371650201966,0.027703295631825272,1,3.046996879875195e-06,0,0.0,0,0.0,0,0.0,0.36728239949375374,0.014255184200963823
GammaQCH,GammaQCH,GammaQCH,Gamma,QCH,,,4,transformer_self_attn,Transformer self-attention,1,0.0,Self-attention,1049088,574.3571311831474,0.7248131217125473,72.72642185497955,72.69725150874322,0.009966297024179937,0.9999488890577923,0.007712413067349926,0,0.0,0,0.0,0,0.0,0,0.0,0.07874558658666327,0.007049016624205285
GammaQCH,GammaQCH,GammaQCH,Gamma,QCH,,,4,transformer_self_attn,Transformer self-attention,1,1.0,Self-attention,1049088,612.779592692852,0.7670254614159298,62.75676637620779,62.70971860588554,0.012222195401493958,0.9999241149402416,0.005538143606637384,0,0.0,0,0.0,0,0.0,0,0.0,0.05410644294746772,0.0078939796400714
GammaQCH,GammaQCH,GammaQCH,Gamma,QCH,,,4,transformer_self_attn,Transformer self-attention,1,2.0,Self-attention,1049088,659.4266897439957,0.811860620116008,72.67765985494144,72.6334002318088,0.011170703923824778,0.9999360604517084,0.004515350475841874,0,0.0,0,0.0,0,0.0,0,0.0,0.0445449958877714,0.00884380978418863
GammaQCH,GammaQCH,GammaQCH,Gamma,QCH,,,4,transformer_self_attn,Transformer self-attention,1,3.0,Self-attention,1049088,664.292529463768,0.8179387955080426,76.67362987359456,76.64289668466034,0.010667798001170672,0.9999417244492287,0.004284673926305515,0,0.0,0,0.0,0,0.0,0,0.0,0.041027754377863435,0.00897672779292778
GammaQCH,GammaQCH,GammaQCH,Gamma,QCH,,,4,transformer_self_attn,Transformer self-attention,1,4.0,Self-attention,1049088,650.2557043433189,0.8004867731378126,78.77963763724014,78.75175746288777,0.010161087270086681,0.9999466874231868,0.0036078956198145437,0,0.0,0,0.0,0,0.0,0,0.0,0.03909374441997122,0.008597748978570937
GammaQCH,GammaQCH,GammaQCH,Gamma,QCH,,,4,transformer_self_attn,Transformer self-attention,1,5.0,Self-attention,1049088,667.2521845698357,0.8210827186134558,79.58207756336601,79.557911606458,0.0103174325646333,0.9999452621054407,0.004081640434358223,0,0.0,0,0.0,0,0.0,0,0.0,0.04090264815127639,0.009045868371662422
GammaQCH,GammaQCH,GammaQCH,Gamma,QCH,,,4,transformer_self_attn,Transformer self-attention,1,6.0,Self-attention,1049088,638.4595135450363,0.7863456016828423,80.26332072343511,80.23931131601972,0.009797072867099018,0.9999504563696145,0.003479212420693021,0,0.0,0,0.0,0,0.0,0,0.0,0.0374866040268048,0.008296661370792616
GammaQCH,GammaQCH,GammaQCH,Gamma,QCH,,,4,transformer_self_attn,Transformer self-attention,1,7.0,Self-attention,1049088,652.4221156835556,0.8027859599729418,80.81129729931499,80.78813902737791,0.009934080837726346,0.999949019522664,0.00381950799170327,0,0.0,0,0.0,0,0.0,0,0.0,0.03907197714674112,0.008647209434045637
GammaQCH,GammaQCH,GammaQCH,Gamma,QCH,,,4,transformer_self_attn,Transformer self-attention,1,8.0,Self-attention,1049088,649.8589753508568,0.7995924931707022,82.64227212211796,82.62452429116524,0.009675344985543951,0.9999516246525612,0.00361170845534407,0,0.0,0,0.0,0,0.0,0,0.0,0.03598414136535448,0.008578549411293837
GammaQCH,GammaQCH,GammaQCH,Gamma,QCH,,,4,transformer_self_attn,Transformer self-attention,1,9.0,Self-attention,1049088,683.5451729893684,0.8397927742748651,81.46292152450843,81.35897590930537,0.010308895857880569,0.9999461296423094,0.003975834248413861,0,0.0,0,0.0,0,0.0,0,0.0,0.04082249984359872,0.009462822806192072
GammaQCH,GammaQCH,GammaQCH,Gamma,QCH,,,4,transformer_self_attn,Transformer self-attention,1,10.0,Self-attention,1049088,665.0866453051567,0.817978555252563,81.52731743185629,81.50261959154561,0.010033183735454702,0.9999479576749204,0.0038747941068814056,0,0.0,0,0.0,0,0.0,0,0.0,0.04039603753059629,0.008977600525900796
GammaQCH,GammaQCH,GammaQCH,Gamma,QCH,,,4,transformer_self_attn,Transformer self-attention,1,11.0,Self-attention,1049088,655.2250139117241,0.806097995135749,78.93266472916565,78.89534097327662,0.01021247664577939,0.9999463654044761,0.0038071162762323084,0,0.0,0,0.0,0,0.0,0,0.0,0.04011871161322607,0.008718707797342289
GammaQCH,GammaQCH,GammaQCH,Gamma,QCH,,,4,transformer_self_attn,Transformer self-attention,1,12.0,Self-attention,1049088,663.7940196990967,0.8200856733212106,77.3956421424041,77.35464997367035,0.010596018724313748,0.9999425413694409,0.0038890922401171304,0,0.0,0,0.0,0,0.0,0,0.0,0.04057241452266652,0.009023912814021786
GammaQCH,GammaQCH,GammaQCH,Gamma,QCH,,,4,transformer_self_attn,Transformer self-attention,1,13.0,Self-attention,1049088,663.7693426609039,0.8187368343773401,75.74498464486366,75.71507596380478,0.010809122719029406,0.9999400285746431,0.0038871858223523672,0,0.0,0,0.0,0,0.0,0,0.0,0.04096593923851486,0.008994252997701074
GammaQCH,GammaQCH,GammaQCH,Gamma,QCH,,,4,transformer_self_attn,Transformer self-attention,1,14.0,Self-attention,1049088,656.3648360967636,0.8110108569140974,77.59547381842589,77.56948059723992,0.01045178045837905,0.9999440126499004,0.00361742770863836,0,0.0,0,0.0,0,0.0,0,0.0,0.04000931167806795,0.008825306088024882
GammaQCH,GammaQCH,GammaQCH,Gamma,QCH,,,4,transformer_self_attn,Transformer self-attention,1,15.0,Self-attention,1049088,698.9240684509277,0.8701364511559089,77.27375583739308,77.26077520040334,0.011260439482027028,0.9999349134942014,0.003756596205466081,0,0.0,0,0.0,0,0.0,0,0.0,0.042359355694535104,0.010159004791296404
GammaQCH,GammaQCH,GammaQCH,Gamma,QCH,,,4,transformer_self_attn,Transformer self-attention,1,16.0,Self-attention,1049088,743.1715935468674,0.9296310106974291,69.91971956990635,69.93741158180681,0.013295691350248662,0.9999103117333248,0.004480081747193753,0,0.0,0,0.0,0,0.0,0,0.0,0.05607854389106928,0.01159571801899668
GammaQCH,GammaQCH,GammaQCH,Gamma,QCH,,,4,transformer_self_attn,Transformer self-attention,1,17.0,Self-attention,1049088,754.3396847248077,0.9439122667184785,87.56039058382642,87.62571291966816,0.010780128553844312,0.9999406974196092,0.0038528703025866276,0,0.0,0,0.0,0,0.0,0,0.0,0.045634172357201,0.011954728043188338
GammaQCH,GammaQCH,GammaQCH,Gamma,QCH,,,4,transformer_ffn,Transformer FFN,2,0.0,Feed-forward,3145728,1784.9100952148438,1.3199330072308881,100.05765915835728,99.9362369956151,0.013191723835372458,0.9999109367761788,0.004901885986328125,0,0.0,0,0.0,0,0.0,0,0.0,0.0511131642948957,0.023376539374740966
GammaQCH,GammaQCH,GammaQCH,Gamma,QCH,,,4,transformer_ffn,Transformer FFN,2,1.0,Feed-forward,3145728,1947.0068969726562,1.3973122656942685,118.69927370512846,118.55400972829325,0.01177186870717883,0.9999284562600107,0.004016558329264323,0,0.0,0,0.0,0,0.0,0,0.0,0.04152033750305596,0.026197713202111856
GammaQCH,GammaQCH,GammaQCH,Gamma,QCH,,,4,transformer_ffn,Transformer FFN,2,2.0,Feed-forward,3145728,2026.904296875,1.4354384608429749,123.8261780209712,123.68125457956432,0.011592366685175872,0.9999303048607818,0.003947893778483073,0,0.0,0,0.0,0,0.0,0,0.0,0.041087766719876295,0.02764684627021001
GammaQCH,GammaQCH,GammaQCH,Gamma,QCH,,,4,transformer_ffn,Transformer FFN,2,3.0,Feed-forward,3145728,1999.1062622070312,1.4160712500860548,123.03037488576246,122.90188382150617,0.011509932009887069,0.9999311013197961,0.0038715998331705728,0,0.0,0,0.0,0,0.0,0,0.0,0.04096335172682599,0.026905845986403176
GammaQCH,GammaQCH,GammaQCH,Gamma,QCH,,,4,transformer_ffn,Transformer FFN,2,4.0,Feed-forward,3145728,1997.7769165039062,1.4145208638049156,122.62340523618951,122.49964524821083,0.011535488360320305,0.9999310285212305,0.003864924112955729,0,0.0,0,0.0,0,0.0,0,0.0,0.04098808722099112,0.02684696248184496
GammaQCH,GammaQCH,GammaQCH,Gamma,QCH,,,4,transformer_ffn,Transformer FFN,2,5.0,Feed-forward,3145728,1985.9890747070312,1.4071010345657424,121.9855888485142,121.87175276122744,0.011534977597338292,0.9999307733190351,0.003938039143880208,0,0.0,0,0.0,0,0.0,0,0.0,0.04104637177275229,0.02656605120845939
GammaQCH,GammaQCH,GammaQCH,Gamma,QCH,,,4,transformer_ffn,Transformer FFN,2,6.0,Feed-forward,3145728,1961.940185546875,1.3903151391952409,120.82866954002473,120.71456762105186,0.011506500439737812,0.9999309155567366,0.004025777180989583,0,0.0,0,0.0,0,0.0,0,0.0,0.04108906428216079,0.025935996829956835
GammaQCH,GammaQCH,GammaQCH,Gamma,QCH,,,4,transformer_ffn,Transformer FFN,2,7.0,Feed-forward,3145728,1998.616455078125,1.4154460313857988,121.86810477289576,121.7637553189577,0.011614573263640278,0.999929917280419,0.0040938059488932295,0,0.0,0,0.0,0,0.0,0,0.0,0.041152988671542406,0.026882092486072
GammaQCH,GammaQCH,GammaQCH,Gamma,QCH,,,4,transformer_ffn,Transformer FFN,2,8.0,Feed-forward,3145728,2050.1904296875,1.451800203929739,126.31817852772616,126.2127710424692,0.01149320090624221,0.9999310554343263,0.004347483317057292,0,0.0,0,0.0,0,0.0,0,0.0,0.04090093707713827,0.02828069948129642
GammaQCH,GammaQCH,GammaQCH,Gamma,QCH,,,4,transformer_ffn,Transformer FFN,2,9.0,Feed-forward,3145728,2097.7130126953125,1.4847538916232854,124.29381576216393,124.1706058432057,0.011945517019642781,0.9999261437539567,0.004168192545572917,0,0.0,0,0.0,0,0.0,0,0.0,0.04143820935270135,0.029579129261899005
GammaQCH,GammaQCH,GammaQCH,Gamma,QCH,,,4,transformer_ffn,Transformer FFN,2,10.0,Feed-forward,3145728,2061.0205688476562,1.4601007196879607,118.41869697378345,118.31648046988741,0.01232998468148318,0.9999211933424982,0.004289309183756511,0,0.0,0,0.0,0,0.0,0,0.0,0.04194654114788858,0.028605007818365728
GammaQCH,GammaQCH,GammaQCH,Gamma,QCH,,,4,transformer_ffn,Transformer FFN,2,11.0,Feed-forward,3145728,2042.0864868164062,1.4473631873560922,117.24210602757547,117.13648264484576,0.012345080077422512,0.9999211552536115,0.004240353902180989,0,0.0,0,0.0,0,0.0,0,0.0,0.04195645464719015,0.028108099722787508
GammaQCH,GammaQCH,GammaQCH,Gamma,QCH,,,4,transformer_ffn,Transformer FFN,2,12.0,Feed-forward,3145728,2094.2083129882812,1.4836982388936335,118.1794145502401,118.10219273869346,0.01255462505496569,0.9999182809473741,0.0042336781819661455,0,0.0,0,0.0,0,0.0,0,0.0,0.042128621813638724,0.029537082983106665
GammaQCH,GammaQCH,GammaQCH,Gamma,QCH,,,4,transformer_ffn,Transformer FFN,2,13.0,Feed-forward,3145728,2095.8594970703125,1.4853425336032906,118.55297594522354,118.47645920907136,0.012528935033141377,0.9999187571589851,0.004261016845703125,0,0.0,0,0.0,0,0.0,0,0.0,0.042120027694394296,0.02960258765291998
GammaQCH,GammaQCH,GammaQCH,Gamma,QCH,,,4,transformer_ffn,Transformer FFN,2,14.0,Feed-forward,3145728,2122.6420288085938,1.5039339335482174,119.79008536093983,119.70628116352124,0.01255474465200269,0.9999183007084088,0.004183133443196614,0,0.0,0,0.0,0,0.0,0,0.0,0.0421139375254969,0.03034827129748704
GammaQCH,GammaQCH,GammaQCH,Gamma,QCH,,,4,transformer_ffn,Transformer FFN,2,15.0,Feed-forward,3145728,2193.5494995117188,1.5564538132823977,120.42536508015037,120.32827412826754,0.012924634376208622,0.9999137253442112,0.004259427388509114,0,0.0,0,0.0,0,0.0,0,0.0,0.0471776961692461,0.03250490614379048
GammaQCH,GammaQCH,GammaQCH,Gamma,QCH,,,4,transformer_ffn,Transformer FFN,2,16.0,Feed-forward,3145728,2252.0177612304688,1.5960858935341564,122.27695334899582,122.17099672756316,0.013053039430731377,0.9999120754393407,0.004246711730957031,0,0.0,0,0.0,0,0.0,0,0.0,0.04680152405279591,0.03418133016329165
GammaQCH,GammaQCH,GammaQCH,Gamma,QCH,,,4,transformer_ffn,Transformer FFN,2,17.0,Feed-forward,3145728,2318.7303466796875,1.6469901904188646,124.91481863278872,124.760546037825,0.013184906390173754,0.9999105450208761,0.0042692820231119795,0,0.0,0,0.0,0,0.0,0,0.0,0.048934733539929956,0.0363964030510482
GammaQCH,GammaQCH,GammaQCH,Gamma,QCH,,,4,transformer_norm_deepnorm,Transformer norm/deepnorm,3,0.0,Norm/deepnorm,1025,0.5808314681053162,0.023140367402987545,5.030958463384759,5.0388448505563765,0.004599594206829215,0.9999907307474304,0.033170731707317075,0,0.0,0,0.0,0,0.0,0,0.0,0.03676437755050645,7.1848373459921785e-06
GammaQCH,GammaQCH,GammaQCH,Gamma,QCH,,,4,transformer_norm_deepnorm,Transformer norm/deepnorm,3,1.0,Norm/deepnorm,1025,0.6894872784614563,0.0274824007638917,6.668480467421702,6.682065520370949,0.004121238848662829,0.9999936597374471,0.005853658536585366,0,0.0,0,0.0,0,0.0,0,0.0,0.042150816639749,1.0134113818743545e-05
GammaQCH,GammaQCH,GammaQCH,Gamma,QCH,,,4,transformer_norm_deepnorm,Transformer norm/deepnorm,3,2.0,Norm/deepnorm,1025,0.6740394234657288,0.026670167230247826,7.704114374533807,7.7182080777468345,0.0034618083187346544,0.9999957681192542,0.000975609756097561,0,0.0,0,0.0,0,0.0,0,0.0,0.08718207822828865,9.543944792480909e-06
GammaQCH,GammaQCH,GammaQCH,Gamma,QCH,,,4,transformer_norm_deepnorm,Transformer norm/deepnorm,3,3.0,Norm/deepnorm,1025,0.670654296875,0.026858242931996967,8.920147890652558,8.93500489305769,0.0030109638608277747,0.9999970053343316,0.0,0,0.0,0,0.0,0,0.0,0,0.0,0.09766946876877976,9.679025546549492e-06
GammaQCH,GammaQCH,GammaQCH,Gamma,QCH,,,4,transformer_norm_deepnorm,Transformer norm/deepnorm,3,4.0,Norm/deepnorm,1025,0.670654296875,0.026371708235138236,9.422039783358974,9.437139441063596,0.0027989383234947323,0.9999975496409158,0.0,0,0.0,0,0.0,0,0.0,0,0.0,0.09997498942093327,9.331532334405244e-06
GammaQCH,GammaQCH,GammaQCH,Gamma,QCH,,,4,transformer_norm_deepnorm,Transformer norm/deepnorm,3,5.0,Norm/deepnorm,1025,0.7352294921875,0.028423515905792486,10.584850252630194,10.603070595284366,0.0026853016554227527,0.99999802906926,0.0,0,0.0,0,0.0,0,0.0,0,0.0,0.0914547188188591,1.0840068747309931e-05
GammaQCH,GammaQCH,GammaQCH,Gamma,QCH,,,4,transformer_norm_deepnorm,Transformer norm/deepnorm,3,6.0,Norm/deepnorm,1025,0.8038330078125,0.03116620272700798,11.533993113026714,11.555572744095889,0.0027021173345253315,0.9999982408700375,0.0,0,0.0,0,0.0,0,0.0,0,0.0,0.09743641564565773,1.3032994840979727e-05
GammaQCH,GammaQCH,GammaQCH,Gamma,QCH,,,4,transformer_norm_deepnorm,Transformer norm/deepnorm,3,7.0,Norm/deepnorm,1025,0.8287353515625,0.03177933605211136,11.783549360123246,11.805979548800238,0.0026969239132356194,0.9999983120802655,0.0,0,0.0,0,0.0,0,0.0,0,0.0,0.07438866560122791,1.3550835703726333e-05
GammaQCH,GammaQCH,GammaQCH,Gamma,QCH,,,4,transformer_norm_deepnorm,Transformer norm/deepnorm,3,8.0,Norm/deepnorm,1025,1.0538330078125,0.038620353826682906,9.960370311670419,9.989376051379487,0.003877401403583171,0.9999968571283363,0.0,0,0.0,0,0.0,0,0.0,0,0.0,0.13333076363734758,2.001284986742143e-05
GammaQCH,GammaQCH,GammaQCH,Gamma,QCH,,,4,transformer_norm_deepnorm,Transformer norm/deepnorm,3,9.0,Norm/deepnorm,1025,0.6028060913085938,0.023786246177273828,8.316425285837186,8.325274754478006,0.002860152692982017,0.999996571043918,0.0,0,0.0,0,0.0,0,0.0,0,0.0,0.08718207822828865,7.591511590011764e-06
GammaQCH,GammaQCH,GammaQCH,Gamma,QCH,,,4,transformer_norm_deepnorm,Transformer norm/deepnorm,3,10.0,Norm/deepnorm,1025,0.70172119140625,0.02734054819162323,9.819863636134434,9.834686854254192,0.0027842085394154197,0.9999974246242266,0.0,0,0.0,0,0.0,0,0.0,0,0.0,0.09994789462694431,1.0029767760245721e-05
GammaQCH,GammaQCH,GammaQCH,Gamma,QCH,,,4,transformer_norm_deepnorm,Transformer norm/deepnorm,3,11.0,Norm/deepnorm,1025,0.6834716796875,0.02615297688521904,9.910766727107475,9.92767558511021,0.002638844965817223,0.9999981380196665,0.0,0,0.0,0,0.0,0,0.0,0,0.0,0.12195682761741908,9.177379706923532e-06
GammaQCH,GammaQCH,GammaQCH,Gamma,QCH,,,4,transformer_norm_deepnorm,Transformer norm/deepnorm,3,12.0,Norm/deepnorm,1025,0.7779541015625,0.029574540716556796,9.29505464058627,9.315293270783433,0.003181750066042457,0.9999975190535738,0.0,0,0.0,0,0.0,0,0.0,0,0.0,0.1772719935315483,1.1735793482871628e-05
GammaQCH,GammaQCH,GammaQCH,Gamma,QCH,,,4,transformer_norm_deepnorm,Transformer norm/deepnorm,3,13.0,Norm/deepnorm,1025,0.890625,0.03326276023788748,10.103855046976017,10.128913405681043,0.0032920860486650985,0.9999978307409707,0.0,0,0.0,0,0.0,0,0.0,0,0.0,0.17766909886893686,1.4845437860592848e-05
GammaQCH,GammaQCH,GammaQCH,Gamma,QCH,,,4,transformer_norm_deepnorm,Transformer norm/deepnorm,3,14.0,Norm/deepnorm,1025,1.1468505859375,0.04216729846048797,11.51499608055111,11.550033859929908,0.0036619464015020466,0.9999980326857415,0.0,0,0.0,0,0.0,0,0.0,0,0.0,0.1776055620149547,2.385766831939719e-05
GammaQCH,GammaQCH,GammaQCH,Gamma,QCH,,,4,transformer_norm_deepnorm,Transformer norm/deepnorm,3,15.0,Norm/deepnorm,1025,0.83056640625,0.03223211067297732,13.669368073731729,13.691816929468423,0.0023579810346108865,0.9999988393141647,0.0,0,0.0,0,0.0,0,0.0,0,0.0,0.09999080493416665,1.3939716197178901e-05
GammaQCH,GammaQCH,GammaQCH,Gamma,QCH,,,4,transformer_norm_deepnorm,Transformer norm/deepnorm,3,16.0,Norm/deepnorm,1025,1.0225830078125,0.03889333334381928,10.934962386985386,10.963131587800348,0.003556787117082902,0.9999971045221433,0.0,0,0.0,0,0.0,0,0.0,0,0.0,0.17671604605920432,2.029676261842536e-05
GammaQCH,GammaQCH,GammaQCH,Gamma,QCH,,,4,transformer_norm_deepnorm,Transformer norm/deepnorm,3,17.0,Norm/deepnorm,1025,2.3856935501098633,0.09242879698944012,8.623354879302466,8.689700170509033,0.010718426677681374,0.9999725833951365,0.0,0,0.0,0,0.0,0,0.0,0,0.0,0.4036789274540763,0.00011462808623626189
GammaQCH,GammaQCH,GammaQCH,Gamma,QCH,,,4,upsample,Upsample,4,,Upsample,525312,378.9321635365486,0.6609966702341502,46.808640365494604,46.80165957285839,0.01412125336418435,0.9998991388877775,0.004703871223196881,0,0.0,0,0.0,0,0.0,0,0.0,0.05521163737753014,0.005862393744276135
GammaQCH,GammaQCH,GammaQCH,Gamma,QCH,,,4,crf,CRF head,5,,CRF,2097152,1713.5634765625,1.4726374698321754,48.61623023021093,48.43764364898054,0.030291066642946406,0.9995429280009563,0.009849071502685547,0,0.0,0,0.0,0,0.0,0,0.0,0.09950236051330706,0.029098334614510158
GammaQCL,GammaQCL,GammaQCL,Gamma,QCL,,,5,conv,Convolution front-end,0,0.0,Conv,384,18.077592730522156,2.738281898933802,14.461701556876564,17.007445331863,0.18934714481309114,0.9979318118985765,0.2552083333333333,6,0.015625,0,0.0,0,0.0,0,0.0,1.6074923465346864,0.10385566209500918
GammaQCL,GammaQCL,GammaQCL,Gamma,QCL,,,5,conv,Convolution front-end,0,1.0,Conv,20544,114.25046730041504,2.5021965390867873,46.497315688230195,46.289049973626994,0.05381378477553944,0.9985555433738483,0.08182437694704049,0,0.0,0,0.0,0,0.0,0,0.0,0.8096972828342796,0.08671948813026069
GammaQCL,GammaQCL,GammaQCL,Gamma,QCL,,,5,conv,Convolution front-end,0,2.0,Conv,73856,241.39331078529358,1.7967512419831546,38.04358883556148,38.47002413117039,0.047228752517259436,0.9989592702136448,0.02726928076256499,4,5.4159445407279026e-05,0,0.0,0,0.0,0,0.0,0.4038748592142273,0.04471464375810544
GammaQCL,GammaQCL,GammaQCL,Gamma,QCL,,,5,conv,Convolution front-end,0,3.0,Conv,147584,192.78750371932983,1.1900244407187528,19.38435817030847,19.979070966197686,0.061390964315830854,0.9986283667979852,0.006003360797918474,33,0.00022360147441457067,7,4.7430615784908936e-05,0,0.0,0,0.0,0.627625358278809,0.019614878830958766
GammaQCL,GammaQCL,GammaQCL,Gamma,QCL,,,5,conv,Convolution front-end,0,4.0,Conv,328192,319.5001496076584,1.1054798267200467,24.802331738681307,24.727228593818783,0.04457160876515147,0.9990083075911647,0.023751340678627147,4,1.218798751950078e-05,0,0.0,0,0.0,0,0.0,0.4184150327117574,0.01692682527183889
GammaQCL,GammaQCL,GammaQCL,Gamma,QCL,,,5,transformer_self_attn,Transformer self-attention,1,0.0,Self-attention,1049088,571.2675611972809,0.7213115512411378,72.72642185497955,72.69640443853987,0.009918149866900677,0.9999495977110103,0.007659986578818936,0,0.0,0,0.0,0,0.0,0,0.0,0.07827547345651953,0.007206421196064582
GammaQCL,GammaQCL,GammaQCL,Gamma,QCL,,,5,transformer_self_attn,Transformer self-attention,1,1.0,Self-attention,1049088,610.4516310095787,0.7641813988501888,62.75676637620779,62.71023322983927,0.01217687658202688,0.9999247067303151,0.005528611517813567,0,0.0,0,0.0,0,0.0,0,0.0,0.05397140433287408,0.008088477691368393
GammaQCL,GammaQCL,GammaQCL,Gamma,QCL,,,5,transformer_self_attn,Transformer self-attention,1,2.0,Self-attention,1049088,656.4571654200554,0.8083384429905457,72.67765985494144,72.63436354172713,0.011122240928008838,0.9999368340467611,0.004490567044899951,0,0.0,0,0.0,0,0.0,0,0.0,0.04405554895823851,0.009050244966493487
GammaQCL,GammaQCL,GammaQCL,Gamma,QCL,,,5,transformer_self_attn,Transformer self-attention,1,3.0,Self-attention,1049088,661.4824455976486,0.8144759898185503,76.67362987359456,76.64390917166325,0.010622635072335802,0.9999420473842023,0.004237966691068814,0,0.0,0,0.0,0,0.0,0,0.0,0.04093822649206241,0.009188199998992803
GammaQCL,GammaQCL,GammaQCL,Gamma,QCL,,,5,transformer_self_attn,Transformer self-attention,1,4.0,Self-attention,1049088,647.4735466241837,0.7970274803023739,78.77963763724014,78.7526871018409,0.010117176267964944,0.9999472154580531,0.0036021763665202537,0,0.0,0,0.0,0,0.0,0,0.0,0.03894522203140726,0.008798739471892058
GammaQCL,GammaQCL,GammaQCL,Gamma,QCL,,,5,transformer_self_attn,Transformer self-attention,1,5.0,Self-attention,1049088,664.1710057258606,0.8173811295215994,79.58207756336601,79.55932798452781,0.010270919716449497,0.9999457302828371,0.004055903794533919,0,0.0,0,0.0,0,0.0,0,0.0,0.04079849601761936,0.009253863346590573
GammaQCL,GammaQCL,GammaQCL,Gamma,QCL,,,5,transformer_self_attn,Transformer self-attention,1,6.0,Self-attention,1049088,635.2598267793655,0.7825931137561467,80.26332072343511,80.24041143514401,0.009750320653349657,0.9999508796351289,0.0034877913006344558,0,0.0,0,0.0,0,0.0,0,0.0,0.03724732756079851,0.008482930557800073
GammaQCL,GammaQCL,GammaQCL,Gamma,QCL,,,5,transformer_self_attn,Transformer self-attention,1,7.0,Self-attention,1049088,649.0945094823837,0.7988808676904378,80.81129729931499,80.78924193997288,0.009885757244206496,0.999949427946297,0.003824274036115178,0,0.0,0,0.0,0,0.0,0,0.0,0.03885604590793323,0.008839707778913632
GammaQCL,GammaQCL,GammaQCL,Gamma,QCL,,,5,transformer_self_attn,Transformer self-attention,1,8.0,Self-attention,1049088,646.4285015463829,0.7954275177245066,82.64227212211796,82.62485724594089,0.009624947345943225,0.9999522318290966,0.0035707204734016593,0,0.0,0,0.0,0,0.0,0,0.0,0.035687554525621876,0.008763449536704417
GammaQCL,GammaQCL,GammaQCL,Gamma,QCL,,,5,transformer_self_attn,Transformer self-attention,1,9.0,Self-attention,1049088,679.0670111775398,0.8342398427157145,81.46292152450843,81.35936452808023,0.01024073071654716,0.9999466486483091,0.003920548133235725,0,0.0,0,0.0,0,0.0,0,0.0,0.04074480930901839,0.009639526971448606
GammaQCL,GammaQCL,GammaQCL,Gamma,QCL,,,5,transformer_self_attn,Transformer self-attention,1,10.0,Self-attention,1049088,660.7872297167778,0.8128237296803549,81.52731743185629,81.50192355741133,0.009969955534962067,0.9999486075128897,0.0038671684358223524,0,0.0,0,0.0,0,0.0,0,0.0,0.040281018926372675,0.009150959126901503
GammaQCL,GammaQCL,GammaQCL,Gamma,QCL,,,5,transformer_self_attn,Transformer self-attention,1,11.0,Self-attention,1049088,650.6105012893677,0.8006817012752112,78.93266472916565,78.89683710740191,0.010143857476781079,0.9999468430061736,0.003784239263055149,0,0.0,0,0.0,0,0.0,0,0.0,0.039884066440681105,0.008879605554372784
GammaQCL,GammaQCL,GammaQCL,Gamma,QCL,,,5,transformer_self_attn,Transformer self-attention,1,12.0,Self-attention,1049088,656.9370045661926,0.8115321002823767,77.3956421424041,77.35525645813622,0.01048550122226763,0.9999436897171865,0.003888139031234749,0,0.0,0,0.0,0,0.0,0,0.0,0.04036495489543719,0.009121899304199732
GammaQCL,GammaQCL,GammaQCL,Gamma,QCL,,,5,transformer_self_attn,Transformer self-attention,1,13.0,Self-attention,1049088,658.4898936748505,0.8122945150233628,75.74498464486366,75.71666279024532,0.010724069967561008,0.9999409365130543,0.003870981271351879,0,0.0,0,0.0,0,0.0,0,0.0,0.04080136098881832,0.009139046961982056
GammaQCL,GammaQCL,GammaQCL,Gamma,QCL,,,5,transformer_self_attn,Transformer self-attention,1,14.0,Self-attention,1049088,650.9241224527359,0.8043970790122066,77.59547381842589,77.57010455204029,0.01036654639025071,0.9999446293309017,0.003573580100048804,0,0.0,0,0.0,0,0.0,0,0.0,0.03977576166437338,0.008962204251171758
GammaQCL,GammaQCL,GammaQCL,Gamma,QCL,,,5,transformer_self_attn,Transformer self-attention,1,15.0,Self-attention,1049088,690.5409217476845,0.8599921161342923,77.27375583739308,77.25828205081292,0.011129161599753995,0.9999364817426639,0.003753736578818936,0,0.0,0,0.0,0,0.0,0,0.0,0.04209414881506962,0.010243840493463418
GammaQCL,GammaQCL,GammaQCL,Gamma,QCL,,,5,transformer_self_attn,Transformer self-attention,1,16.0,Self-attention,1049088,731.0417067408562,0.9141078492536968,69.91971956990635,69.93552434754015,0.013073677281267565,0.9999130866902844,0.004371415934602245,0,0.0,0,0.0,0,0.0,0,0.0,0.055718268353745715,0.011573607341043608
GammaQCL,GammaQCL,GammaQCL,Gamma,QCL,,,5,transformer_self_attn,Transformer self-attention,1,17.0,Self-attention,1049088,748.6512883901596,0.9364092948591916,87.56039058382642,87.62550752298247,0.010694439444770457,0.9999416494118877,0.0037604090409956077,0,0.0,0,0.0,0,0.0,0,0.0,0.04587181783605113,0.012145217575442221
GammaQCL,GammaQCL,GammaQCL,Gamma,QCL,,,5,transformer_ffn,Transformer FFN,2,0.0,Feed-forward,3145728,1778.6693725585938,1.315454993963899,100.05765915835728,99.93776627935132,0.013146969507671248,0.9999114812355746,0.004892985026041667,0,0.0,0,0.0,0,0.0,0,0.0,0.050926415852457926,0.023967672164958608
GammaQCL,GammaQCL,GammaQCL,Gamma,QCL,,,5,transformer_ffn,Transformer FFN,2,1.0,Feed-forward,3145728,1939.5176391601562,1.3920233050620732,118.69927370512846,118.55534004144963,0.011727311057691151,0.9999289291614043,0.0039895375569661455,0,0.0,0,0.0,0,0.0,0,0.0,0.04147142534613099,0.026839033974338095
GammaQCL,GammaQCL,GammaQCL,Gamma,QCL,,,5,transformer_ffn,Transformer FFN,2,2.0,Feed-forward,3145728,2018.2871704101562,1.4293857527021077,123.8261780209712,123.6823698563431,0.01154348600228956,0.9999307572697361,0.0039196014404296875,0,0.0,0,0.0,0,0.0,0,0.0,0.04102691922196002,0.028299109238033554
GammaQCL,GammaQCL,GammaQCL,Gamma,QCL,,,5,transformer_ffn,Transformer FFN,2,3.0,Feed-forward,3145728,1990.771484375,1.4102105212137108,123.03037488576246,122.90300418419397,0.011462295571505198,0.9999315768492251,0.0038557052612304688,0,0.0,0,0.0,0,0.0,0,0.0,0.04091431721498525,0.027544936063416067
GammaQCL,GammaQCL,GammaQCL,Gamma,QCL,,,5,transformer_ffn,Transformer FFN,2,4.0,Feed-forward,3145728,1988.152099609375,1.4078347495434593,122.62340523618951,122.5009287273468,0.01148096276425993,0.9999316688349471,0.0038623809814453125,0,0.0,0,0.0,0,0.0,0,0.0,0.040917086115945314,0.027452204724060156
GammaQCL,GammaQCL,GammaQCL,Gamma,QCL,,,5,transformer_ffn,Transformer FFN,2,5.0,Feed-forward,3145728,1975.3724365234375,1.3997109438309798,121.9855888485142,121.87316905675958,0.011474395926958031,0.9999315023318232,0.0039068857828776045,0,0.0,0,0.0,0,0.0,0,0.0,0.040955096925879377,0.027136297011283745
GammaQCL,GammaQCL,GammaQCL,Gamma,QCL,,,5,transformer_ffn,Transformer FFN,2,6.0,Feed-forward,3145728,1951.06494140625,1.3826277011299701,120.82866954002473,120.71573659842366,0.011442877807008879,0.9999319114139916,0.004003842671712239,0,0.0,0,0.0,0,0.0,0,0.0,0.040994672359601005,0.026477951064012135
GammaQCL,GammaQCL,GammaQCL,Gamma,QCL,,,5,transformer_ffn,Transformer FFN,2,7.0,Feed-forward,3145728,1987.5691528320312,1.4077575444239676,121.86810477289576,121.76481196796449,0.011551484673100867,0.9999303547095636,0.004075368245442708,0,0.0,0,0.0,0,0.0,0,0.0,0.04107033604619382,0.02744919386979365
GammaQCL,GammaQCL,GammaQCL,Gamma,QCL,,,5,transformer_ffn,Transformer FFN,2,8.0,Feed-forward,3145728,2037.9495849609375,1.4431847658994221,126.31817852772616,126.21355058614942,0.011424996645139554,0.9999321073415588,0.004312197367350261,0,0.0,0,0.0,0,0.0,0,0.0,0.040808145485511746,0.02884813483974383
GammaQCL,GammaQCL,GammaQCL,Gamma,QCL,,,5,transformer_ffn,Transformer FFN,2,9.0,Feed-forward,3145728,2085.1878051757812,1.47592649941562,124.29381576216393,124.17190154303228,0.011874496654280788,0.9999267827966218,0.004150072733561198,0,0.0,0,0.0,0,0.0,0,0.0,0.04135329809023036,0.030171946451093834
GammaQCL,GammaQCL,GammaQCL,Gamma,QCL,,,5,transformer_ffn,Transformer FFN,2,10.0,Feed-forward,3145728,2047.4078979492188,1.4503944748288777,118.41869697378345,118.3175121924318,0.012248019205531086,0.9999223714352289,0.0042514801025390625,0,0.0,0,0.0,0,0.0,0,0.0,0.041877960398226236,0.02913708768775429
GammaQCL,GammaQCL,GammaQCL,Gamma,QCL,,,5,transformer_ffn,Transformer FFN,2,11.0,Feed-forward,3145728,2026.344970703125,1.4362166107519707,117.24210602757547,117.13775402477525,0.012250006925107254,0.9999223552291036,0.004202524820963542,0,0.0,0,0.0,0,0.0,0,0.0,0.04187478015209206,0.028570231422362084
GammaQCL,GammaQCL,GammaQCL,Gamma,QCL,,,5,transformer_ffn,Transformer FFN,2,12.0,Feed-forward,3145728,2076.8134155273438,1.4714275870670406,118.1794145502401,118.1025669009516,0.012450794350834248,0.9999198009430895,0.004213968912760417,0,0.0,0,0.0,0,0.0,0,0.0,0.04204307217622577,0.029988286817547366
GammaQCL,GammaQCL,GammaQCL,Gamma,QCL,,,5,transformer_ffn,Transformer FFN,2,13.0,Feed-forward,3145728,2077.7718505859375,1.4723711623221083,118.55297594522354,118.47763378389716,0.012419520898424291,0.999920107384265,0.0042095184326171875,0,0.0,0,0.0,0,0.0,0,0.0,0.04203011410232277,0.03002676003677624
GammaQCL,GammaQCL,GammaQCL,Gamma,QCL,,,5,transformer_ffn,Transformer FFN,2,14.0,Feed-forward,3145728,2098.8150634765625,1.4867701430866922,119.79008536093983,119.70688281368265,0.012411462422844835,0.9999200171916997,0.004123369852701823,0,0.0,0,0.0,0,0.0,0,0.0,0.04198045548833507,0.030616922146956892
GammaQCL,GammaQCL,GammaQCL,Gamma,QCL,,,5,transformer_ffn,Transformer FFN,2,15.0,Feed-forward,3145728,2161.345947265625,1.5332968130461835,120.42536508015037,120.32874484485201,0.012732340998307699,0.9999162497606897,0.004194577534993489,0,0.0,0,0.0,0,0.0,0,0.0,0.045523043237035106,0.03256314428893127
GammaQCL,GammaQCL,GammaQCL,Gamma,QCL,,,5,transformer_ffn,Transformer FFN,2,16.0,Feed-forward,3145728,2220.316162109375,1.5733265774219476,122.27695334899582,122.17065101222143,0.012866910193055244,0.9999143819925003,0.004195213317871094,0,0.0,0,0.0,0,0.0,0,0.0,0.044925785223907645,0.03428558986800016
GammaQCL,GammaQCL,GammaQCL,Gamma,QCL,,,5,transformer_ffn,Transformer FFN,2,17.0,Feed-forward,3145728,2328.583740234375,1.6537721380422914,124.91481863278872,124.76099611795246,0.013239198968889842,0.9999100395952386,0.004305203755696614,0,0.0,0,0.0,0,0.0,0,0.0,0.049203733918684274,0.037881329200411595
GammaQCL,GammaQCL,GammaQCL,Gamma,QCL,,,5,transformer_norm_deepnorm,Transformer norm/deepnorm,3,0.0,Norm/deepnorm,1025,0.5809558033943176,0.023074291175210697,5.030958463384759,5.038861600434419,0.004586460282496955,0.9999908300441983,0.03121951219512195,0,0.0,0,0.0,0,0.0,0,0.0,0.03856613514795704,7.374466464876442e-06
GammaQCL,GammaQCL,GammaQCL,Gamma,QCL,,,5,transformer_norm_deepnorm,Transformer norm/deepnorm,3,1.0,Norm/deepnorm,1025,0.6863012909889221,0.02743554566035007,6.668480467421702,6.682115329983697,0.004114212494792479,0.9999936964004472,0.006829268292682927,0,0.0,0,0.0,0,0.0,0,0.0,0.042149367893355986,1.0425600330305967e-05
GammaQCL,GammaQCL,GammaQCL,Gamma,QCL,,,5,transformer_norm_deepnorm,Transformer norm/deepnorm,3,2.0,Norm/deepnorm,1025,0.6794880032539368,0.026776728287363518,7.704114374533807,7.718444200396463,0.0034756400263048224,0.9999958086438153,0.000975609756097561,0,0.0,0,0.0,0,0.0,0,0.0,0.08718207822828865,9.930906453459688e-06
GammaQCL,GammaQCL,GammaQCL,Gamma,QCL,,,5,transformer_norm_deepnorm,Transformer norm/deepnorm,3,3.0,Norm/deepnorm,1025,0.6748046875,0.026876545351532048,8.920147890652558,8.9351820707636,0.0030130156675645505,0.9999969907560016,0.0,0,0.0,0,0.0,0,0.0,0,0.0,0.09766946876877976,1.0005084413431714e-05
GammaQCL,GammaQCL,GammaQCL,Gamma,QCL,,,5,transformer_norm_deepnorm,Transformer norm/deepnorm,3,4.0,Norm/deepnorm,1025,0.6685791015625,0.026266683544679568,9.422039783358974,9.437396320506135,0.002787791619291238,0.9999976151503139,0.0,0,0.0,0,0.0,0,0.0,0,0.0,0.09905052431320657,9.556180654886991e-06
GammaQCL,GammaQCL,GammaQCL,Gamma,QCL,,,5,transformer_norm_deepnorm,Transformer norm/deepnorm,3,5.0,Norm/deepnorm,1025,0.7413330078125,0.028637133346468283,10.584850252630194,10.60345662455956,0.002705483087901941,0.9999980584845193,0.0,0,0.0,0,0.0,0,0.0,0,0.0,0.08718207822828865,1.1358813035176468e-05
GammaQCL,GammaQCL,GammaQCL,Gamma,QCL,,,5,transformer_norm_deepnorm,Transformer norm/deepnorm,3,6.0,Norm/deepnorm,1025,0.806640625,0.03120036952460146,11.533993113026714,11.555743578660861,0.0027050796041624523,0.9999983115961607,0.0,0,0.0,0,0.0,0,0.0,0,0.0,0.09743641564565773,1.3483211373889493e-05
GammaQCL,GammaQCL,GammaQCL,Gamma,QCL,,,5,transformer_norm_deepnorm,Transformer norm/deepnorm,3,7.0,Norm/deepnorm,1025,0.8258056640625,0.03173429023885371,11.783549360123246,11.806058227209359,0.002693101142024588,0.9999984207718181,0.0,0,0.0,0,0.0,0,0.0,0,0.0,0.07440687030825874,1.3948626535047355e-05
GammaQCL,GammaQCL,GammaQCL,Gamma,QCL,,,5,transformer_norm_deepnorm,Transformer norm/deepnorm,3,8.0,Norm/deepnorm,1025,1.04931640625,0.03837359442606368,9.960370311670419,9.989344737545224,0.0038526272844592994,0.9999969438437407,0.0,0,0.0,0,0.0,0,0.0,0,0.0,0.15503409463776835,2.039571007788023e-05
GammaQCL,GammaQCL,GammaQCL,Gamma,QCL,,,5,transformer_norm_deepnorm,Transformer norm/deepnorm,3,9.0,Norm/deepnorm,1025,0.6034774780273438,0.02379906560124256,8.316425285837186,8.325196629856935,0.002861694151424572,0.9999966712644602,0.0,0,0.0,0,0.0,0,0.0,0,0.0,0.0749533530709106,7.845013221621835e-06
GammaQCL,GammaQCL,GammaQCL,Gamma,QCL,,,5,transformer_norm_deepnorm,Transformer norm/deepnorm,3,10.0,Norm/deepnorm,1025,0.70416259765625,0.027398803329962345,9.819863636134434,9.835079092028694,0.002790140916940984,0.999997436352426,0.0,0,0.0,0,0.0,0,0.0,0,0.0,0.09994315777484834,1.0397694608692266e-05
GammaQCL,GammaQCL,GammaQCL,Gamma,QCL,,,5,transformer_norm_deepnorm,Transformer norm/deepnorm,3,11.0,Norm/deepnorm,1025,0.680419921875,0.026087656737342473,9.910766727107475,9.927622750761902,0.0026322541389240933,0.9999981483296294,0.0,0,0.0,0,0.0,0,0.0,0,0.0,0.12195682761741908,9.426359751841185e-06
GammaQCL,GammaQCL,GammaQCL,Gamma,QCL,,,5,transformer_norm_deepnorm,Transformer norm/deepnorm,3,12.0,Norm/deepnorm,1025,0.7705078125,0.029383214248470728,9.29505464058627,9.315224063490225,0.0031611663819777467,0.9999975469431724,0.0,0,0.0,0,0.0,0,0.0,0,0.0,0.1772719935315483,1.1958383342566084e-05
GammaQCL,GammaQCL,GammaQCL,Gamma,QCL,,,5,transformer_norm_deepnorm,Transformer norm/deepnorm,3,13.0,Norm/deepnorm,1025,0.8798828125,0.03285664812746235,10.103855046976017,10.128665213580172,0.003251892270296649,0.9999979565934236,0.0,0,0.0,0,0.0,0,0.0,0,0.0,0.17764262517977764,1.4952726206458885e-05
GammaQCL,GammaQCL,GammaQCL,Gamma,QCL,,,5,transformer_norm_deepnorm,Transformer norm/deepnorm,3,14.0,Norm/deepnorm,1025,1.136962890625,0.04173912265270444,11.51499608055111,11.549755764315194,0.003624762211009209,0.9999981891279587,0.0,0,0.0,0,0.0,0,0.0,0,0.0,0.1775499672677203,2.4130176563906997e-05
GammaQCL,GammaQCL,GammaQCL,Gamma,QCL,,,5,transformer_norm_deepnorm,Transformer norm/deepnorm,3,15.0,Norm/deepnorm,1025,0.82177734375,0.031767846055635034,13.669368073731729,13.691442749148925,0.0023240171662858816,0.9999988355394173,0.0,0,0.0,0,0.0,0,0.0,0,0.0,0.099989915089086,1.397814066721834e-05
GammaQCL,GammaQCL,GammaQCL,Gamma,QCL,,,5,transformer_norm_deepnorm,Transformer norm/deepnorm,3,16.0,Norm/deepnorm,1025,1.0025634765625,0.0384347058652995,10.934962386985386,10.962967002951915,0.0035148457310690286,0.9999972568440405,0.0,0,0.0,0,0.0,0,0.0,0,0.0,0.17671604605920432,2.0460723725669465e-05
GammaQCL,GammaQCL,GammaQCL,Gamma,QCL,,,5,transformer_norm_deepnorm,Transformer norm/deepnorm,3,17.0,Norm/deepnorm,1025,2.4051859378814697,0.09327985677046079,8.623354879302466,8.690259975324139,0.01081711909993843,0.9999719502477069,0.0,0,0.0,0,0.0,0,0.0,0,0.0,0.40625286687900575,0.0001205173597504345
GammaQCL,GammaQCL,GammaQCL,Gamma,QCL,,,5,upsample,Upsample,4,,Upsample,525312,382.27213686704636,0.666015271676332,46.808640365494604,46.80380195782181,0.014228468643307929,0.999897629763617,0.004734329312865497,0,0.0,0,0.0,0,0.0,0,0.0,0.05528279154535232,0.006143873184528489
GammaQCL,GammaQCL,GammaQCL,Gamma,QCL,,,5,crf,CRF head,5,,CRF,2097152,1652.752685546875,1.4192885464837415,48.61623023021093,48.44124733488368,0.0291937186359987,0.99957565781448,0.009532451629638672,0,0.0,0,0.0,0,0.0,0,0.0,0.09824549013276238,0.0279007105578019
Beta,Beta,Beta,Beta,base,,,6,conv,Convolution front-end,0,0.0,Conv,384,14.264921694993973,2.1662238406209005,14.461701556876564,16.470619978593643,0.14979038476912196,0.9986213726650289,0.2526041666666667,1,0.0026041666666666665,0,0.0,0,0.0,0,0.0,1.2054492022126027,0.07046305821262323
Beta,Beta,Beta,Beta,base,,,6,conv,Convolution front-end,0,1.0,Conv,20544,98.47662210464478,2.2115286855577247,46.497315688230195,46.22955365195921,0.04756250232564454,0.9988789992403198,0.08162967289719626,4,0.00019470404984423675,0,0.0,0,0.0,0,0.0,0.550912082832433,0.07344123642119833
Beta,Beta,Beta,Beta,base,,,6,conv,Convolution front-end,0,2.0,Conv,73856,216.75995254516602,1.6529948798098597,38.04358883556148,37.84021675128434,0.04345002483742199,0.9990653400470028,0.027201581455805892,8,0.00010831889081455805,0,0.0,0,0.0,0,0.0,0.3564950025900395,0.041029652867180515
Beta,Beta,Beta,Beta,base,,,6,conv,Convolution front-end,0,3.0,Conv,147584,179.51240468025208,1.0880474751401588,19.38435817030847,19.93214349331956,0.05613017803223908,0.9988563624553786,0.005983033391153513,25,0.00016939505637467476,3,2.032740676496097e-05,0,0.0,0,0.0,0.5632381297857817,0.017776674360610943
Beta,Beta,Beta,Beta,base,,,6,conv,Convolution front-end,0,4.0,Conv,328192,296.8078182935715,1.0337889845556347,24.802331738681307,24.70533994411847,0.04168112076911353,0.999135657807797,0.023763528666146647,8,2.437597503900156e-05,0,0.0,0,0.0,0,0.0,0.4046480679634094,0.01604791541040761
Beta,Beta,Beta,Beta,base,,,6,transformer_self_attn,Transformer self-attention,1,0.0,Self-attention,1049088,570.5022495985031,0.7204214265517906,72.72642185497955,72.69781120183505,0.009905910509227862,0.9999496443746226,0.007677144338701806,0,0.0,0,0.0,0,0.0,0,0.0,0.07816866043651031,0.0077934197528777786
Beta,Beta,Beta,Beta,base,,,6,transformer_self_attn,Transformer self-attention,1,1.0,Self-attention,1049088,610.1162629127502,0.7637352932236834,62.75676637620779,62.711373124368535,0.012169768095527892,0.9999246172051807,0.005527658308931186,0,0.0,0,0.0,0,0.0,0,0.0,0.053940932689626346,0.008758718058923391
Beta,Beta,Beta,Beta,base,,,6,transformer_self_attn,Transformer self-attention,1,2.0,Self-attention,1049088,655.4850224852562,0.8072242894102879,72.67765985494144,72.6356809397834,0.011106910858459523,0.9999369577734933,0.004490567044899951,0,0.0,0,0.0,0,0.0,0,0.0,0.043418065891184555,0.009784604337470713
Beta,Beta,Beta,Beta,base,,,6,transformer_self_attn,Transformer self-attention,1,3.0,Self-attention,1049088,661.1253439188004,0.8140589238782724,76.67362987359456,76.6458587422648,0.01061719557584965,0.99994216405455,0.004254171242069302,0,0.0,0,0.0,0,0.0,0,0.0,0.04090894998217713,0.009950995020477683
Beta,Beta,Beta,Beta,base,,,6,transformer_self_attn,Transformer self-attention,1,4.0,Self-attention,1049088,646.7858465313911,0.7962016814395955,78.77963763724014,78.75403794388833,0.010106693878256818,0.9999471712966077,0.003604082784285017,0,0.0,0,0.0,0,0.0,0,0.0,0.038877209388704516,0.009519212170116888
Beta,Beta,Beta,Beta,base,,,6,transformer_self_attn,Transformer self-attention,1,5.0,Self-attention,1049088,663.4749656319618,0.8164365504588257,79.58207756336601,79.56100278540899,0.01025905047287488,0.999945807576235,0.004022541483650562,0,0.0,0,0.0,0,0.0,0,0.0,0.040762909476894045,0.010009207764427687
Beta,Beta,Beta,Beta,base,,,6,transformer_self_attn,Transformer self-attention,1,6.0,Self-attention,1049088,634.0631166696548,0.7810969742392564,80.26332072343511,80.24169266267478,0.00973168026439733,0.999950952026154,0.0034744463762811126,0,0.0,0,0.0,0,0.0,0,0.0,0.037170847420791256,0.009161460994026467
Beta,Beta,Beta,Beta,base,,,6,transformer_self_attn,Transformer self-attention,1,7.0,Self-attention,1049088,647.3395802974701,0.7967107144698419,80.81129729931499,80.79123362637783,0.009858902667023333,0.9999496940770829,0.003781379636408004,0,0.0,0,0.0,0,0.0,0,0.0,0.03872735450016348,0.00953138783487179
Beta,Beta,Beta,Beta,base,,,6,transformer_self_attn,Transformer self-attention,1,8.0,Self-attention,1049088,644.3205993175507,0.7930775310258874,82.64227212211796,82.62671752506559,0.009596511696265702,0.999952416293528,0.003528779282576867,0,0.0,0,0.0,0,0.0,0,0.0,0.03559583232013905,0.00944465542089896
Beta,Beta,Beta,Beta,base,,,6,transformer_self_attn,Transformer self-attention,1,9.0,Self-attention,1049088,676.9016053080559,0.8316354685526688,81.46292152450843,81.36134424934473,0.010208760660547362,0.9999470705224243,0.003860495973645681,0,0.0,0,0.0,0,0.0,0,0.0,0.04067752977116875,0.010385342711950263
Beta,Beta,Beta,Beta,base,,,6,transformer_self_attn,Transformer self-attention,1,10.0,Self-attention,1049088,659.0189878344536,0.8105174034861944,81.52731743185629,81.50457762517786,0.009941666536049668,0.9999489163421015,0.003888139031234749,0,0.0,0,0.0,0,0.0,0,0.0,0.04023990493364876,0.009864600799416324
Beta,Beta,Beta,Beta,base,,,6,transformer_self_attn,Transformer self-attention,1,11.0,Self-attention,1049088,648.8860572576523,0.798497069112271,78.93266472916565,78.89858586170568,0.010116180314601948,0.9999473340676088,0.0037632686676427524,0,0.0,0,0.0,0,0.0,0,0.0,0.03977407452853849,0.009574177586827756
Beta,Beta,Beta,Beta,base,,,6,transformer_self_attn,Transformer self-attention,1,12.0,Self-attention,1049088,653.5557178854942,0.807425084684998,77.3956421424041,77.35644218573206,0.01043243601751331,0.9999443814027893,0.0038271336627623232,0,0.0,0,0.0,0,0.0,0,0.0,0.0402909724883536,0.009789472740712162
Beta,Beta,Beta,Beta,base,,,6,transformer_self_attn,Transformer self-attention,1,13.0,Self-attention,1049088,656.1733331680298,0.8094735318157994,75.74498464486366,75.71748233226792,0.010686826799306506,0.9999414439669685,0.0038433382137628112,0,0.0,0,0.0,0,0.0,0,0.0,0.04072437825272894,0.009839207769645905
Beta,Beta,Beta,Beta,base,,,6,transformer_self_attn,Transformer self-attention,1,14.0,Self-attention,1049088,648.4637137651443,0.8014024260151978,77.59547381842589,77.57100441207525,0.010327953250088742,0.9999452043748253,0.0035707204734016593,0,0.0,0,0.0,0,0.0,0,0.0,0.03965639463692818,0.009643976235944254
Beta,Beta,Beta,Beta,base,,,6,transformer_self_attn,Transformer self-attention,1,15.0,Self-attention,1049088,686.2696655988693,0.8550458170779094,77.27375583739308,77.25857719469582,0.011065151522816731,0.9999371867318145,0.0037442044899951197,0,0.0,0,0.0,0,0.0,0,0.0,0.04201029813252316,0.010978262209096583
Beta,Beta,Beta,Beta,base,,,6,transformer_self_attn,Transformer self-attention,1,16.0,Self-attention,1049088,723.3951696753502,0.9047386293020676,69.91971956990635,69.93673345812181,0.012939677602646691,0.9999148273824735,0.004366649890190337,0,0.0,0,0.0,0,0.0,0,0.0,0.055766730580222745,0.012291392670399763
Beta,Beta,Beta,Beta,base,,,6,transformer_self_attn,Transformer self-attention,1,17.0,Self-attention,1049088,735.06122392416,0.9202072762248166,87.56039058382642,87.62728246254751,0.010509401226846295,0.9999435831065902,0.0036870119570522205,0,0.0,0,0.0,0,0.0,0,0.0,0.04483165341893227,0.012715286552257168
Beta,Beta,Beta,Beta,base,,,6,transformer_ffn,Transformer FFN,2,0.0,Feed-forward,3145728,1775.6625366210938,1.3133796060506235,100.05765915835728,99.94025436909482,0.013126227588154713,0.9999116858563097,0.0048859914143880205,0,0.0,0,0.0,0,0.0,0,0.0,0.0508370674647674,0.025902123076796114
Beta,Beta,Beta,Beta,base,,,6,transformer_ffn,Transformer FFN,2,1.0,Feed-forward,3145728,1936.711669921875,1.3899656082605296,118.69927370512846,118.55797179347009,0.011709975679492838,0.9999291816435548,0.003995259602864583,0,0.0,0,0.0,0,0.0,0,0.0,0.04145678779174786,0.029011015783683595
Beta,Beta,Beta,Beta,base,,,6,transformer_ffn,Transformer FFN,2,2.0,Feed-forward,3145728,2015.7406616210938,1.4276894120052142,123.8261780209712,123.68480961260461,0.011529786631736379,0.9999308953295861,0.003912289937337239,0,0.0,0,0.0,0,0.0,0,0.0,0.04100087908706227,0.0306071085227457
Beta,Beta,Beta,Beta,base,,,6,transformer_ffn,Transformer FFN,2,3.0,Feed-forward,3145728,1987.8272094726562,1.4082097491189232,123.03037488576246,122.90552694930973,0.011446033147720459,0.9999317509620866,0.0038544336954752603,0,0.0,0,0.0,0,0.0,0,0.0,0.04088477968107603,0.029777588168699753
Beta,Beta,Beta,Beta,base,,,6,transformer_ffn,Transformer FFN,2,4.0,Feed-forward,3145728,1984.6882934570312,1.4054204189266657,122.62340523618951,122.50351756748151,0.011461273777380604,0.999931828171242,0.0038569768269856772,0,0.0,0,0.0,0,0.0,0,0.0,0.040904694530876376,0.029659740291061835
Beta,Beta,Beta,Beta,base,,,6,transformer_ffn,Transformer FFN,2,5.0,Feed-forward,3145728,1970.8138427734375,1.3964705459870346,121.9855888485142,121.8757151421326,0.01144783215106833,0.9999316982084336,0.003909111022949219,0,0.0,0,0.0,0,0.0,0,0.0,0.040914021424375904,0.029283190053039237
Beta,Beta,Beta,Beta,base,,,6,transformer_ffn,Transformer FFN,2,6.0,Feed-forward,3145728,1945.016357421875,1.3784544855808267,120.82866954002473,120.71803811594397,0.011408339517668856,0.9999320624521179,0.004002571105957031,0,0.0,0,0.0,0,0.0,0,0.0,0.04094448760926305,0.02853249092776264
Beta,Beta,Beta,Beta,base,,,6,transformer_ffn,Transformer FFN,2,7.0,Feed-forward,3145728,1979.5863037109375,1.4022735960687769,121.86810477289576,121.76742447823433,0.011506485627900237,0.9999309469732759,0.004058837890625,0,0.0,0,0.0,0,0.0,0,0.0,0.04100615642412476,0.029527069017438203
Beta,Beta,Beta,Beta,base,,,6,transformer_ffn,Transformer FFN,2,8.0,Feed-forward,3145728,2028.3944091796875,1.4365204915445022,126.31817852772616,126.21599750960156,0.011372238804323658,0.9999327206199794,0.004305203755696614,0,0.0,0,0.0,0,0.0,0,0.0,0.04071388566534805,0.030986924705216547
Beta,Beta,Beta,Beta,base,,,6,transformer_ffn,Transformer FFN,2,9.0,Feed-forward,3145728,2075.5062255859375,1.4691691916421161,124.29381576216393,124.17485466570919,0.011820131055058749,0.9999273625850608,0.004141489664713542,0,0.0,0,0.0,0,0.0,0,0.0,0.0413004088828298,0.03241144930034085
Beta,Beta,Beta,Beta,base,,,6,transformer_ffn,Transformer FFN,2,10.0,Feed-forward,3145728,2039.2452392578125,1.4446156239355088,118.41869697378345,118.32008733265138,0.012199219049465795,0.9999228426517197,0.0042260487874348955,0,0.0,0,0.0,0,0.0,0,0.0,0.04181786601644033,0.031337146007137724
Beta,Beta,Beta,Beta,base,,,6,transformer_ffn,Transformer FFN,2,11.0,Feed-forward,3145728,2018.055419921875,1.4301722179093648,117.24210602757547,117.14054684371142,0.01219845212924591,0.9999228694424924,0.004179636637369792,0,0.0,0,0.0,0,0.0,0,0.0,0.04182960335139375,0.030713654925856888
Beta,Beta,Beta,Beta,base,,,6,transformer_ffn,Transformer FFN,2,12.0,Feed-forward,3145728,2069.4395141601562,1.4660999049236698,118.1794145502401,118.10494414727629,0.01240571304658472,0.9999202444533822,0.004209200541178386,0,0.0,0,0.0,0,0.0,0,0.0,0.04201385244746965,0.03227616724021255
Beta,Beta,Beta,Beta,base,,,6,transformer_ffn,Transformer FFN,2,13.0,Feed-forward,3145728,2069.8165283203125,1.4667561166030112,118.55297594522354,118.48035586780831,0.012372157720281116,0.999920703226701,0.004198710123697917,0,0.0,0,0.0,0,0.0,0,0.0,0.04200557575079239,0.03230506668671556
Beta,Beta,Beta,Beta,base,,,6,transformer_ffn,Transformer FFN,2,14.0,Feed-forward,3145728,2087.0809936523438,1.4783400276352197,119.79008536093983,119.70888353365844,0.01234108835619256,0.9999208072450111,0.004086494445800781,0,0.0,0,0.0,0,0.0,0,0.0,0.04191814405254202,0.03281734918219654
Beta,Beta,Beta,Beta,base,,,6,transformer_ffn,Transformer FFN,2,15.0,Feed-forward,3145728,2141.5560913085938,1.518979597593789,120.42536508015037,120.33105782200413,0.012613452295393113,0.999917685047633,0.004172325134277344,0,0.0,0,0.0,0,0.0,0,0.0,0.04423653134825686,0.03464644723284814
Beta,Beta,Beta,Beta,base,,,6,transformer_ffn,Transformer FFN,2,16.0,Feed-forward,3145728,2192.490478515625,1.5528699131955788,122.27695334899582,122.17275526444614,0.012699612401720989,0.9999166402629059,0.004130999247233073,0,0.0,0,0.0,0,0.0,0,0.0,0.04297475766428389,0.03620970420759869
Beta,Beta,Beta,Beta,base,,,6,transformer_ffn,Transformer FFN,2,17.0,Feed-forward,3145728,2283.1785888671875,1.619160926976864,124.91481863278872,124.76356545732813,0.012962120464960111,0.9999135723200039,0.004208882649739583,0,0.0,0,0.0,0,0.0,0,0.0,0.046699482592787445,0.039367229861453676
Beta,Beta,Beta,Beta,base,,,6,transformer_norm_deepnorm,Transformer norm/deepnorm,3,0.0,Norm/deepnorm,1025,0.5796759128570557,0.02309904938725653,5.030958463384759,5.039109151461619,0.004591381454521335,0.9999908336393337,0.03219512195121951,0,0.0,0,0.0,0,0.0,0,0.0,0.03856613514795704,8.01203874417541e-06
Beta,Beta,Beta,Beta,base,,,6,transformer_norm_deepnorm,Transformer norm/deepnorm,3,1.0,Norm/deepnorm,1025,0.6890553832054138,0.027589581657165574,6.668480467421702,6.682419317566881,0.0041373116097359825,0.999993705132501,0.006829268292682927,0,0.0,0,0.0,0,0.0,0,0.0,0.04215207221995628,1.1429969105527536e-05
Beta,Beta,Beta,Beta,base,,,6,transformer_norm_deepnorm,Transformer norm/deepnorm,3,2.0,Norm/deepnorm,1025,0.6746229529380798,0.026673329486412305,7.704114374533807,7.718598399044191,0.0034622187820287785,0.9999959423116561,0.000975609756097561,0,0.0,0,0.0,0,0.0,0,0.0,0.08718207822828865,1.0683394983910844e-05
Beta,Beta,Beta,Beta,base,,,6,transformer_norm_deepnorm,Transformer norm/deepnorm,3,3.0,Norm/deepnorm,1025,0.675537109375,0.02702637821462625,8.920147890652558,8.935422642579011,0.0030298127952502023,0.9999969887172132,0.0,0,0.0,0,0.0,0,0.0,0,0.0,0.09786367970471478,1.0968077895601425e-05
Beta,Beta,Beta,Beta,base,,,6,transformer_norm_deepnorm,Transformer norm/deepnorm,3,4.0,Norm/deepnorm,1025,0.67138671875,0.02635475147990637,9.422039783358974,9.437533144861085,0.002797138633021995,0.999997574569683,0.0,0,0.0,0,0.0,0,0.0,0,0.0,0.09901400601756066,1.0429720650980735e-05
Beta,Beta,Beta,Beta,base,,,6,transformer_norm_deepnorm,Transformer norm/deepnorm,3,5.0,Norm/deepnorm,1025,0.746337890625,0.02884891081130758,10.584850252630194,10.603678414146883,0.002725490689311952,0.999997976555412,0.0,0,0.0,0,0.0,0,0.0,0,0.0,0.08718207822828865,1.2497227276207327e-05
Beta,Beta,Beta,Beta,base,,,6,transformer_norm_deepnorm,Transformer norm/deepnorm,3,6.0,Norm/deepnorm,1025,0.8046875,0.031097037750177067,11.533993113026714,11.555923158553224,0.0026961207142609423,0.9999984269095983,0.0,0,0.0,0,0.0,0,0.0,0,0.0,0.09766946876877976,1.4520877700292752e-05
Beta,Beta,Beta,Beta,base,,,6,transformer_norm_deepnorm,Transformer norm/deepnorm,3,7.0,Norm/deepnorm,1025,0.8333740234375,0.031908021539569655,11.783549360123246,11.806438687272227,0.0027078446879127104,0.9999983869290833,0.0,0,0.0,0,0.0,0,0.0,0,0.0,0.07438866560122791,1.5288137464134958e-05
Beta,Beta,Beta,Beta,base,,,6,transformer_norm_deepnorm,Transformer norm/deepnorm,3,8.0,Norm/deepnorm,1025,1.052978515625,0.03847791020700469,9.960370311670419,9.989411661199776,0.003863100367053304,0.9999969537904164,0.0,0,0.0,0,0.0,0,0.0,0,0.0,0.15503409463776835,2.223196139277748e-05
Beta,Beta,Beta,Beta,base,,,6,transformer_norm_deepnorm,Transformer norm/deepnorm,3,9.0,Norm/deepnorm,1025,0.6063766479492188,0.023934052701636722,8.316425285837186,8.325459982504755,0.0028779255363952307,0.9999966088162142,0.0,0,0.0,0,0.0,0,0.0,0,0.0,0.0749533530709106,8.601759819873934e-06
Beta,Beta,Beta,Beta,base,,,6,transformer_norm_deepnorm,Transformer norm/deepnorm,3,10.0,Norm/deepnorm,1025,0.7138671875,0.027713456122492118,9.819863636134434,9.835453666925005,0.0028221833977929486,0.9999974270670324,0.0,0,0.0,0,0.0,0,0.0,0,0.0,0.09994315777484834,1.1532838363358127e-05
Beta,Beta,Beta,Beta,base,,,6,transformer_norm_deepnorm,Transformer norm/deepnorm,3,11.0,Norm/deepnorm,1025,0.6883544921875,0.02643068931996992,9.910766727107475,9.927974334044253,0.0026668662524035845,0.9999981317143517,0.0,0,0.0,0,0.0,0,0.0,0,0.0,0.12765448541687574,1.0489911049485707e-05
Beta,Beta,Beta,Beta,base,,,6,transformer_norm_deepnorm,Transformer norm/deepnorm,3,12.0,Norm/deepnorm,1025,0.77001953125,0.029365459272552914,9.29505464058627,9.315319069820346,0.003159256229041121,0.9999975691510739,0.0,0,0.0,0,0.0,0,0.0,0,0.0,0.1772719935315483,1.2948767143058764e-05
Beta,Beta,Beta,Beta,base,,,6,transformer_norm_deepnorm,Transformer norm/deepnorm,3,13.0,Norm/deepnorm,1025,0.88427734375,0.03306100385486069,10.103855046976017,10.128976676746097,0.0032721177907983,0.9999978835401135,0.0,0,0.0,0,0.0,0,0.0,0,0.0,0.17766909886893686,1.6412959520954663e-05
Beta,Beta,Beta,Beta,base,,,6,transformer_norm_deepnorm,Transformer norm/deepnorm,3,14.0,Norm/deepnorm,1025,1.1341552734375,0.041647807462667816,11.51499608055111,11.549662954193458,0.003616832100621169,0.9999981648887367,0.0,0,0.0,0,0.0,0,0.0,0,0.0,0.1775499672677203,2.6045884599161383e-05
Beta,Beta,Beta,Beta,base,,,6,transformer_norm_deepnorm,Transformer norm/deepnorm,3,15.0,Norm/deepnorm,1025,0.828125,0.03185029437469551,13.669368073731729,13.691744072374718,0.0023300487778875117,0.9999987184806608,0.0,0,0.0,0,0.0,0,0.0,0,0.0,0.0996337736636654,1.5232869700451952e-05
Beta,Beta,Beta,Beta,base,,,6,transformer_norm_deepnorm,Transformer norm/deepnorm,3,16.0,Norm/deepnorm,1025,1.009033203125,0.0386201609077045,10.934962386985386,10.963166035479185,0.0035318055555148553,0.9999972717329503,0.0,0,0.0,0,0.0,0,0.0,0,0.0,0.17671604605920432,2.2396645903185138e-05
Beta,Beta,Beta,Beta,base,,,6,transformer_norm_deepnorm,Transformer norm/deepnorm,3,17.0,Norm/deepnorm,1025,2.4132883548736572,0.09352014596825567,8.623354879302466,8.690743917881335,0.010844984031993075,0.9999721309027104,0.000975609756097561,0,0.0,0,0.0,0,0.0,0,0.0,0.40625286687900575,0.0001313303730706917
Beta,Beta,Beta,Beta,base,,,6,upsample,Upsample,4,,Upsample,525312,378.64800065755844,0.6595131666331556,46.808640365494604,46.804684039965665,0.014089560420543797,0.9998995277452613,0.004721003898635477,0,0.0,0,0.0,0,0.0,0,0.0,0.05501207004389793,0.006531332093354655
Beta,Beta,Beta,Beta,base,,,6,crf,CRF head,5,,CRF,2097152,1645.651611328125,1.4118616248211144,48.61623023021093,48.44364124374968,0.029040952334961817,0.9995797523033498,0.00948953628540039,0,0.0,0,0.0,0,0.0,0,0.0,0.09784763375469335,0.02993223139909511
BetaQCH,BetaQCH,BetaQCH,Beta,QCH,,,7,conv,Convolution front-end,0,0.0,Conv,384,16.874801814556122,2.6009910646111507,14.461701556876564,16.884284397060778,0.17985373673917335,0.9981646832738951,0.234375,3,0.0078125,0,0.0,0,0.0,0,0.0,1.290830688846417,0.08907212131981272
BetaQCH,BetaQCH,BetaQCH,Beta,QCH,,,7,conv,Convolution front-end,0,1.0,Conv,20544,113.3574743270874,2.419744083255818,46.497315688230195,46.527082534580735,0.05204051131640428,0.9986470055245953,0.08260319314641744,0,0.0,0,0.0,0,0.0,0,0.0,0.7021807556066721,0.07709087023808077
BetaQCH,BetaQCH,BetaQCH,Beta,QCH,,,7,conv,Convolution front-end,0,2.0,Conv,73856,273.58218145370483,2.056611672222087,38.04358883556148,38.90702045704254,0.054059349687314524,0.9988230994586609,0.02745883882149047,4,5.4159445407279026e-05,0,0.0,0,0.0,0,0.0,0.46141721774195266,0.055688903601429106
BetaQCH,BetaQCH,BetaQCH,Beta,QCH,,,7,conv,Convolution front-end,0,3.0,Conv,147584,207.53962111473083,1.2827895207734028,19.38435817030847,20.041803159929678,0.06617652797698606,0.9984384655701285,0.006254065481352992,46,0.00031168690372940157,4,2.710320901994796e-05,0,0.0,0,0.0,0.7163847606990624,0.021665807592173188
BetaQCH,BetaQCH,BetaQCH,Beta,QCH,,,7,conv,Convolution front-end,0,4.0,Conv,328192,344.1843376159668,1.2001732249202384,24.802331738681307,24.693199967631138,0.04838953198293126,0.9988339836017844,0.025951272425897037,26,7.922191887675507e-05,0,0.0,0,0.0,0,0.0,0.47576605031946684,0.01896496049795406
BetaQCH,BetaQCH,BetaQCH,Beta,QCH,,,7,transformer_self_attn,Transformer self-attention,1,0.0,Self-attention,1049088,585.5875860452652,0.7382768435695982,72.72642185497955,72.69853211477762,0.01015142536562231,0.9999473083132482,0.007855394399707174,0,0.0,0,0.0,0,0.0,0,0.0,0.0814698378848298,0.007176332763613887
BetaQCH,BetaQCH,BetaQCH,Beta,QCH,,,7,transformer_self_attn,Transformer self-attention,1,1.0,Self-attention,1049088,625.4316980242729,0.78192842106342,62.75676637620779,62.70979034464782,0.012459667159649107,0.999920957313559,0.00566301397022938,0,0.0,0,0.0,0,0.0,0,0.0,0.054472846665940405,0.008050040638737354
BetaQCH,BetaQCH,BetaQCH,Beta,QCH,,,7,transformer_self_attn,Transformer self-attention,1,2.0,Self-attention,1049088,672.1358740925789,0.8270321113793397,72.67765985494144,72.63539335760255,0.011379454333422618,0.999933796249637,0.0046621446437286485,0,0.0,0,0.0,0,0.0,0,0.0,0.04611183824350195,0.0090055205107926
BetaQCH,BetaQCH,BetaQCH,Beta,QCH,,,7,transformer_self_attn,Transformer self-attention,1,3.0,Self-attention,1049088,678.3653224110603,0.834816822355194,76.67362987359456,76.64334473212313,0.010887926184419288,0.9999390468075903,0.004419076378721328,0,0.0,0,0.0,0,0.0,0,0.0,0.0413505231323868,0.00917585324227482
BetaQCH,BetaQCH,BetaQCH,Beta,QCH,,,7,transformer_self_attn,Transformer self-attention,1,4.0,Self-attention,1049088,664.6303007602692,0.8177154246215441,78.77963763724014,78.75250387374075,0.010379781491086591,0.9999447552985745,0.0037041697169350905,0,0.0,0,0.0,0,0.0,0,0.0,0.039725376617853386,0.008803765275225351
BetaQCH,BetaQCH,BetaQCH,Beta,QCH,,,7,transformer_self_attn,Transformer self-attention,1,5.0,Self-attention,1049088,682.664499938488,0.8394302804189187,79.58207756336601,79.55944913661924,0.010547981481766729,0.9999427544749184,0.004157897144948755,0,0.0,0,0.0,0,0.0,0,0.0,0.04128834302078816,0.009277550726214895
BetaQCH,BetaQCH,BetaQCH,Beta,QCH,,,7,transformer_self_attn,Transformer self-attention,1,6.0,Self-attention,1049088,654.3135975003242,0.8050323886457167,80.26332072343511,80.24070148876639,0.010029891379894715,0.9999480245805775,0.0036002699487554905,0,0.0,0,0.0,0,0.0,0,0.0,0.03837856909223699,0.008532784592929426
BetaQCH,BetaQCH,BetaQCH,Beta,QCH,,,7,transformer_self_attn,Transformer self-attention,1,7.0,Self-attention,1049088,667.3455600738525,0.8206957139637381,80.81129729931499,80.78869476692091,0.010155705221807951,0.9999467451002934,0.003909109626647145,0,0.0,0,0.0,0,0.0,0,0.0,0.03957944982830086,0.008868055566969771
BetaQCH,BetaQCH,BetaQCH,Beta,QCH,,,7,transformer_self_attn,Transformer self-attention,1,8.0,Self-attention,1049088,665.4329469203949,0.8181045962952662,82.64227212211796,82.6264965972173,0.00989934781907216,0.9999494215151215,0.003681292703757931,0,0.0,0,0.0,0,0.0,0,0.0,0.03720567578005558,0.008812147143211244
BetaQCH,BetaQCH,BetaQCH,Beta,QCH,,,7,transformer_self_attn,Transformer self-attention,1,9.0,Self-attention,1049088,699.6071340441704,0.8588843776252895,81.46292152450843,81.36168235582467,0.01054325528169132,0.9999435286581853,0.004066389092240117,0,0.0,0,0.0,0,0.0,0,0.0,0.04118036482594362,0.009712554790469835
BetaQCH,BetaQCH,BetaQCH,Beta,QCH,,,7,transformer_self_attn,Transformer self-attention,1,10.0,Self-attention,1049088,684.2476525306702,0.8407584198758691,81.52731743185629,81.50498953857411,0.010312597622000718,0.9999450794133673,0.003990132381649585,0,0.0,0,0.0,0,0.0,0,0.0,0.040951559292033875,0.009306931674838871
BetaQCH,BetaQCH,BetaQCH,Beta,QCH,,,7,transformer_self_attn,Transformer self-attention,1,11.0,Self-attention,1049088,674.8572840690613,0.8293160024075665,78.93266472916565,78.89395369097194,0.010506626188956262,0.9999433190122746,0.003931986639824305,0,0.0,0,0.0,0,0.0,0,0.0,0.04063909360635687,0.009055327589593572
BetaQCH,BetaQCH,BetaQCH,Beta,QCH,,,7,transformer_self_attn,Transformer self-attention,1,12.0,Self-attention,1049088,682.7017827033997,0.8421665400018703,77.3956421424041,77.35789573933245,0.010881317302753497,0.9999394485367229,0.004028260736944851,0,0.0,0,0.0,0,0.0,0,0.0,0.04099483695536192,0.009338132676201248
BetaQCH,BetaQCH,BetaQCH,Beta,QCH,,,7,transformer_self_attn,Transformer self-attention,1,13.0,Self-attention,1049088,684.8161954879761,0.8430560558512904,75.74498464486366,75.7149512077592,0.011130189804698149,0.9999365051644736,0.0040806872254758415,0,0.0,0,0.0,0,0.0,0,0.0,0.04141888711501239,0.00935786939890384
BetaQCH,BetaQCH,BetaQCH,Beta,QCH,,,7,transformer_self_attn,Transformer self-attention,1,14.0,Self-attention,1049088,678.8996756672859,0.8368763417337821,77.59547381842589,77.56855364374996,0.010785118004331923,0.9999403941853316,0.0037966309785261105,0,0.0,0,0.0,0,0.0,0,0.0,0.04063247341603585,0.009221183326320243
BetaQCH,BetaQCH,BetaQCH,Beta,QCH,,,7,transformer_self_attn,Transformer self-attention,1,15.0,Self-attention,1049088,725.660351395607,0.9004666342149914,77.27375583739308,77.2628927767968,0.011652942508836103,0.9999304714454785,0.003890045448999512,0,0.0,0,0.0,0,0.0,0,0.0,0.04439216252523658,0.010675772866540725
BetaQCH,BetaQCH,BetaQCH,Beta,QCH,,,7,transformer_self_attn,Transformer self-attention,1,16.0,Self-attention,1049088,765.9533251523972,0.9549585901863311,69.91971956990635,69.94149124408789,0.01365792935184103,0.9999054235126629,0.004619250244021474,0,0.0,0,0.0,0,0.0,0,0.0,0.05663851483508792,0.01200696250507964
BetaQCH,BetaQCH,BetaQCH,Beta,QCH,,,7,transformer_self_attn,Transformer self-attention,1,17.0,Self-attention,1049088,771.0591475367546,0.9614515121460678,87.56039058382642,87.62771496532461,0.010980438823255431,0.9999384872830696,0.003891951866764275,0,0.0,0,0.0,0,0.0,0,0.0,0.046229990879167446,0.01217079223284469
BetaQCH,BetaQCH,BetaQCH,Beta,QCH,,,7,transformer_ffn,Transformer FFN,2,0.0,Feed-forward,3145728,1819.1790771484375,1.3443031281537368,100.05765915835728,99.93762336804456,0.013435284609508486,0.9999078327476518,0.005007108052571614,0,0.0,0,0.0,0,0.0,0,0.0,0.05194253064279049,0.023793508900305297
BetaQCH,BetaQCH,BetaQCH,Beta,QCH,,,7,transformer_ffn,Transformer FFN,2,1.0,Feed-forward,3145728,1986.4008178710938,1.4249250375539095,118.69927370512846,118.55625642495633,0.012004496683725985,0.9999256761566313,0.004083951314290364,0,0.0,0,0.0,0,0.0,0,0.0,0.04172465665755018,0.02673302534875073
BetaQCH,BetaQCH,BetaQCH,Beta,QCH,,,7,transformer_ffn,Transformer FFN,2,2.0,Feed-forward,3145728,2067.063232421875,1.463414647121255,123.8261780209712,123.68292058222914,0.011818297798656108,0.9999276120231322,0.0040442148844401045,0,0.0,0,0.0,0,0.0,0,0.0,0.0413366491496957,0.02819673807240984
BetaQCH,BetaQCH,BetaQCH,Beta,QCH,,,7,transformer_ffn,Transformer FFN,2,3.0,Feed-forward,3145728,2041.5323486328125,1.445757823075289,123.03037488576246,122.90352860577275,0.01175122667404459,0.9999282143771447,0.003986358642578125,0,0.0,0,0.0,0,0.0,0,0.0,0.04126904058587618,0.02752042756728722
BetaQCH,BetaQCH,BetaQCH,Beta,QCH,,,7,transformer_ffn,Transformer FFN,2,4.0,Feed-forward,3145728,2041.0200805664062,1.4447478763771324,122.62340523618951,122.50159836329688,0.01178199115898256,0.9999281206798486,0.003979047139485677,0,0.0,0,0.0,0,0.0,0,0.0,0.04129159992725759,0.027481991728888596
BetaQCH,BetaQCH,BetaQCH,Beta,QCH,,,7,transformer_ffn,Transformer FFN,2,5.0,Feed-forward,3145728,2030.1167602539062,1.4379504161570817,121.9855888485142,121.87372795810526,0.01178787125373281,0.9999278035194566,0.004002571105957031,0,0.0,0,0.0,0,0.0,0,0.0,0.04137177597900139,0.027223997530110632
BetaQCH,BetaQCH,BetaQCH,Beta,QCH,,,7,transformer_ffn,Transformer FFN,2,6.0,Feed-forward,3145728,2008.4253540039062,1.4227320634646032,120.82866954002473,120.71669320989227,0.011774788788792455,0.9999280046318247,0.0041001637776692705,0,0.0,0,0.0,0,0.0,0,0.0,0.041396753988815684,0.02665080387285669
BetaQCH,BetaQCH,BetaQCH,Beta,QCH,,,7,transformer_ffn,Transformer FFN,2,7.0,Feed-forward,3145728,2042.97900390625,1.446423139931978,121.86810477289576,121.76557788238534,0.011868758791542805,0.9999267632442471,0.004206657409667969,0,0.0,0,0.0,0,0.0,0,0.0,0.0414394563053705,0.02754576240141391
BetaQCH,BetaQCH,BetaQCH,Beta,QCH,,,7,transformer_ffn,Transformer FFN,2,8.0,Feed-forward,3145728,2098.0921020507812,1.485362597743668,126.31817852772616,126.21559710719194,0.011758898165378685,0.9999281137553264,0.004467010498046875,0,0.0,0,0.0,0,0.0,0,0.0,0.04126051190301183,0.029048856615211654
BetaQCH,BetaQCH,BetaQCH,Beta,QCH,,,7,transformer_ffn,Transformer FFN,2,9.0,Feed-forward,3145728,2145.8627319335938,1.518546994303262,124.29381576216393,124.17456761425626,0.01221739782459481,0.9999226507998938,0.004284222920735677,0,0.0,0,0.0,0,0.0,0,0.0,0.041714407547865914,0.030361312931636495
BetaQCH,BetaQCH,BetaQCH,Beta,QCH,,,7,transformer_ffn,Transformer FFN,2,10.0,Feed-forward,3145728,2117.7867431640625,1.4996364073367583,118.41869697378345,118.31982734507666,0.012663848240694187,0.9999172684496753,0.004390398661295573,0,0.0,0,0.0,0,0.0,0,0.0,0.04271529475635229,0.029609837631488004
BetaQCH,BetaQCH,BetaQCH,Beta,QCH,,,7,transformer_ffn,Transformer FFN,2,11.0,Feed-forward,3145728,2102.894775390625,1.4894454087468445,117.24210602757547,117.1390983377241,0.012704014446793652,0.9999166040521711,0.00434112548828125,0,0.0,0,0.0,0,0.0,0,0.0,0.042981239571653236,0.02920876907115321
BetaQCH,BetaQCH,BetaQCH,Beta,QCH,,,7,transformer_ffn,Transformer FFN,2,12.0,Feed-forward,3145728,2158.3638916015625,1.5280520462688982,118.1794145502401,118.10559116342672,0.012929934135181252,0.9999134022655646,0.0043799082438151045,0,0.0,0,0.0,0,0.0,0,0.0,0.04501284401678097,0.030742584017742932
BetaQCH,BetaQCH,BetaQCH,Beta,QCH,,,7,transformer_ffn,Transformer FFN,2,13.0,Feed-forward,3145728,2163.7948608398438,1.5318220588068012,118.55297594522354,118.47890725713059,0.012920992042532569,0.9999138789029203,0.004405975341796875,0,0.0,0,0.0,0,0.0,0,0.0,0.045302044752180456,0.030894467458786552
BetaQCH,BetaQCH,BetaQCH,Beta,QCH,,,7,transformer_ffn,Transformer FFN,2,14.0,Feed-forward,3145728,2195.0419921875,1.5530793580500395,119.79008536093983,119.70683998444909,0.012965007524374317,0.9999130880277894,0.004323641459147136,0,0.0,0,0.0,0,0.0,0,0.0,0.04464110686325135,0.03175787025583697
BetaQCH,BetaQCH,BetaQCH,Beta,QCH,,,7,transformer_ffn,Transformer FFN,2,15.0,Feed-forward,3145728,2272.6683349609375,1.6087276304834235,120.42536508015037,120.3304024829916,0.013358710844785104,0.9999080687075275,0.0044078826904296875,0,0.0,0,0.0,0,0.0,0,0.0,0.048835917371454526,0.034074470600061545
BetaQCH,BetaQCH,BetaQCH,Beta,QCH,,,7,transformer_ffn,Transformer FFN,2,16.0,Feed-forward,3145728,2326.393310546875,1.6443136438212584,122.27695334899582,122.17455174360167,0.013447453496229498,0.9999066438864909,0.004408836364746094,0,0.0,0,0.0,0,0.0,0,0.0,0.04818658195616972,0.035598639114129964
BetaQCH,BetaQCH,BetaQCH,Beta,QCH,,,7,transformer_ffn,Transformer FFN,2,17.0,Feed-forward,3145728,2353.6436767578125,1.6644926276417553,124.91481863278872,124.76076912122156,0.013325021369440884,0.9999087570915276,0.004356066385904948,0,0.0,0,0.0,0,0.0,0,0.0,0.047612622103820904,0.03647773188233222
BetaQCH,BetaQCH,BetaQCH,Beta,QCH,,,7,transformer_norm_deepnorm,Transformer norm/deepnorm,3,0.0,Norm/deepnorm,1025,0.5874988436698914,0.023434411530851552,5.030958463384759,5.0386194315265405,0.004658041146911109,0.9999904354747303,0.033170731707317075,0,0.0,0,0.0,0,0.0,0,0.0,0.03856613514795704,7.230564083970619e-06
BetaQCH,BetaQCH,BetaQCH,Beta,QCH,,,7,transformer_norm_deepnorm,Transformer norm/deepnorm,3,1.0,Norm/deepnorm,1025,0.7040287256240845,0.028043647254300152,6.668480467421702,6.682160572204152,0.0042054029236946585,0.9999933892783216,0.005853658536585366,0,0.0,0,0.0,0,0.0,0,0.0,0.042150816639749,1.0354593795881158e-05
BetaQCH,BetaQCH,BetaQCH,Beta,QCH,,,7,transformer_norm_deepnorm,Transformer norm/deepnorm,3,2.0,Norm/deepnorm,1025,0.6854353547096252,0.027093754062774655,7.704114374533807,7.717847887211294,0.0035167902169690518,0.9999956034404903,0.000975609756097561,0,0.0,0,0.0,0,0.0,0,0.0,0.0914547188188591,9.665013023776459e-06
BetaQCH,BetaQCH,BetaQCH,Beta,QCH,,,7,transformer_norm_deepnorm,Transformer norm/deepnorm,3,3.0,Norm/deepnorm,1025,0.6807861328125,0.027060265376135314,8.920147890652558,8.934693649496415,0.0030336117414027173,0.999996899953539,0.0,0,0.0,0,0.0,0,0.0,0,0.0,0.11625916981796243,9.641135302013669e-06
BetaQCH,BetaQCH,BetaQCH,Beta,QCH,,,7,transformer_norm_deepnorm,Transformer norm/deepnorm,3,4.0,Norm/deepnorm,1025,0.687255859375,0.026949630731943893,9.422039783358974,9.4374409856909,0.0028602756251930664,0.9999973440342141,0.0,0,0.0,0,0.0,0,0.0,0,0.0,0.09997766912583328,9.56246178588442e-06
BetaQCH,BetaQCH,BetaQCH,Beta,QCH,,,7,transformer_norm_deepnorm,Transformer norm/deepnorm,3,5.0,Norm/deepnorm,1025,0.7679443359375,0.029483202645626934,10.584850252630194,10.603320814371338,0.0027854151869836767,0.9999978151010627,0.0,0,0.0,0,0.0,0,0.0,0,0.0,0.0914547188188591,1.1444936567081814e-05
BetaQCH,BetaQCH,BetaQCH,Beta,QCH,,,7,transformer_norm_deepnorm,Transformer norm/deepnorm,3,6.0,Norm/deepnorm,1025,0.82373046875,0.031886298477223934,11.533993113026714,11.555723936940822,0.0027645498106989653,0.9999980937326962,0.0,0,0.0,0,0.0,0,0.0,0,0.0,0.09865074507666197,1.3386661727009964e-05
BetaQCH,BetaQCH,BetaQCH,Beta,QCH,,,7,transformer_norm_deepnorm,Transformer norm/deepnorm,3,7.0,Norm/deepnorm,1025,0.843505859375,0.03245004556120744,11.783549360123246,11.806231253242048,0.0027538430543702737,0.9999982158245807,0.0,0,0.0,0,0.0,0,0.0,0,0.0,0.0914547188188591,1.3864196236383019e-05
BetaQCH,BetaQCH,BetaQCH,Beta,QCH,,,7,transformer_norm_deepnorm,Transformer norm/deepnorm,3,8.0,Norm/deepnorm,1025,1.0753173828125,0.039424931489719234,9.960370311670419,9.989836868924568,0.003958179290133587,0.9999966763861302,0.0,0,0.0,0,0.0,0,0.0,0,0.0,0.16263204342647633,2.0464727665650757e-05
BetaQCH,BetaQCH,BetaQCH,Beta,QCH,,,7,transformer_norm_deepnorm,Transformer norm/deepnorm,3,9.0,Norm/deepnorm,1025,0.6210403442382812,0.02455669817526744,8.316425285837186,8.325154245224956,0.002952794900602832,0.9999963628551459,0.0,0,0.0,0,0.0,0,0.0,0,0.0,0.08718207822828865,7.939698661281831e-06
BetaQCH,BetaQCH,BetaQCH,Beta,QCH,,,7,transformer_norm_deepnorm,Transformer norm/deepnorm,3,10.0,Norm/deepnorm,1025,0.72186279296875,0.028090564521726993,9.819863636134434,9.834768793969433,0.002860586008379839,0.9999972298853281,0.0,0,0.0,0,0.0,0,0.0,0,0.0,0.11625916981796243,1.0389269430143003e-05
BetaQCH,BetaQCH,BetaQCH,Beta,QCH,,,7,transformer_norm_deepnorm,Transformer norm/deepnorm,3,11.0,Norm/deepnorm,1025,0.7091064453125,0.02706742308417829,9.910766727107475,9.928283063850833,0.002731112922892432,0.9999980117891983,0.0,0,0.0,0,0.0,0,0.0,0,0.0,0.12195682761741908,9.646236327997111e-06
BetaQCH,BetaQCH,BetaQCH,Beta,QCH,,,7,transformer_norm_deepnorm,Transformer norm/deepnorm,3,12.0,Norm/deepnorm,1025,0.788818359375,0.0303216365927105,9.29505464058627,9.315162841225318,0.0032621256964224525,0.9999972463150313,0.0,0,0.0,0,0.0,0,0.0,0,0.0,0.1772719935315483,1.2105127045323526e-05
BetaQCH,BetaQCH,BetaQCH,Beta,QCH,,,7,transformer_norm_deepnorm,Transformer norm/deepnorm,3,13.0,Norm/deepnorm,1025,0.875244140625,0.03304161733372691,10.103855046976017,10.128277283547378,0.0032701990656143335,0.9999977140933188,0.0,0,0.0,0,0.0,0,0.0,0,0.0,0.17766909886893686,1.4374298834727285e-05
BetaQCH,BetaQCH,BetaQCH,Beta,QCH,,,7,transformer_norm_deepnorm,Transformer norm/deepnorm,3,14.0,Norm/deepnorm,1025,1.1551513671875,0.04268570354697355,11.51499608055111,11.550085713122165,0.0037069663982835584,0.9999979603187449,0.0,0,0.0,0,0.0,0,0.0,0,0.0,0.20674128791550117,2.398992900682374e-05
BetaQCH,BetaQCH,BetaQCH,Beta,QCH,,,7,transformer_norm_deepnorm,Transformer norm/deepnorm,3,15.0,Norm/deepnorm,1025,0.8331298828125,0.03267359624239162,13.669368073731729,13.691899955435273,0.0023902784727245522,0.999998604713532,0.0,0,0.0,0,0.0,0,0.0,0,0.0,0.12480565651714742,1.405587709737623e-05
BetaQCH,BetaQCH,BetaQCH,Beta,QCH,,,7,transformer_norm_deepnorm,Transformer norm/deepnorm,3,16.0,Norm/deepnorm,1025,1.0047607421875,0.03861572350519318,10.934962386985386,10.962631910306891,0.003531399755992709,0.9999971471244162,0.0,0,0.0,0,0.0,0,0.0,0,0.0,0.17671604605920432,1.9633260430349605e-05
BetaQCH,BetaQCH,BetaQCH,Beta,QCH,,,7,transformer_norm_deepnorm,Transformer norm/deepnorm,3,17.0,Norm/deepnorm,1025,2.284194231033325,0.0882456021790176,8.623354879302466,8.686452459395936,0.010233326056290687,0.9999747195948477,0.000975609756097561,0,0.0,0,0.0,0,0.0,0,0.0,0.4036789274540763,0.0001025298252318874
BetaQCH,BetaQCH,BetaQCH,Beta,QCH,,,7,upsample,Upsample,4,,Upsample,525312,388.52345883846283,0.6752928904407839,46.808640365494604,46.79311116451097,0.014426671767603134,0.9998947477751357,0.004859968932748538,0,0.0,0,0.0,0,0.0,0,0.0,0.05515786603478258,0.006004107091945775
BetaQCH,BetaQCH,BetaQCH,Beta,QCH,,,7,crf,CRF head,5,,CRF,2097152,1759.7799072265625,1.5025392338712855,48.61623023021093,48.418494255165555,0.03090612387583996,0.9995253496938812,0.010089397430419922,0,0.0,0,0.0,0,0.0,0,0.0,0.0990921445317391,0.029724579325186337
BetaQCL,BetaQCL,BetaQCL,Beta,QCL,,,8,conv,Convolution front-end,0,0.0,Conv,384,16.060551524162292,2.4650715590044894,14.461701556876564,16.74763511930068,0.17045515351768362,0.9982430838190217,0.2682291666666667,2,0.005208333333333333,0,0.0,0,0.0,0,0.0,1.2694853171879634,0.08723402914778601
BetaQCL,BetaQCL,BetaQCL,Beta,QCL,,,8,conv,Convolution front-end,0,1.0,Conv,20544,111.51471042633057,2.426291886547368,46.497315688230195,46.174179035152456,0.052181332419614916,0.9986533558838964,0.08177570093457943,0,0.0,0,0.0,0,0.0,0,0.0,0.7021807556066721,0.08451094576310701
BetaQCL,BetaQCL,BetaQCL,Beta,QCL,,,8,conv,Convolution front-end,0,2.0,Conv,73856,243.7476522922516,1.8250110057603468,38.04358883556148,38.27734295272476,0.047971578434639124,0.9988751649538814,0.02732344020797227,6,8.123916811091855e-05,0,0.0,0,0.0,0,0.0,0.412769421160744,0.04781430479685716
BetaQCL,BetaQCL,BetaQCL,Beta,QCL,,,8,conv,Convolution front-end,0,3.0,Conv,147584,189.330486536026,1.1604471965702514,19.38435817030847,19.974991612438593,0.05986513385558873,0.9987114854588902,0.006030464006938421,32,0.0002168256721595837,6,4.065481352992194e-05,0,0.0,0,0.0,0.6056834432411633,0.01933203787838166
BetaQCL,BetaQCL,BetaQCL,Beta,QCL,,,8,conv,Convolution front-end,0,4.0,Conv,328192,317.6121652126312,1.135272298684386,24.802331738681307,24.720292382038917,0.04577280517999799,0.9989544878293457,0.023751340678627147,24,7.312792511700468e-05,0,0.0,0,0.0,0,0.0,0.4653547790441532,0.018502352550823296
BetaQCL,BetaQCL,BetaQCL,Beta,QCL,,,8,transformer_self_attn,Transformer self-attention,1,0.0,Self-attention,1049088,570.3435006737709,0.7205088815106923,72.72642185497955,72.69765237222789,0.009907113028981632,0.9999497116922115,0.007612326134699854,0,0.0,0,0.0,0,0.0,0,0.0,0.07803319728985693,0.007452561133518391
BetaQCL,BetaQCL,BetaQCL,Beta,QCL,,,8,transformer_self_attn,Transformer self-attention,1,1.0,Self-attention,1049088,609.9125303030014,0.7635832345190504,62.75676637620779,62.710246750613116,0.012167345110511082,0.9999245828979252,0.0055209858467545146,0,0.0,0,0.0,0,0.0,0,0.0,0.05387715341613101,0.008370273303302976
BetaQCL,BetaQCL,BetaQCL,Beta,QCL,,,8,transformer_self_attn,Transformer self-attention,1,2.0,Self-attention,1049088,655.5684972405434,0.8074080174577399,72.67765985494144,72.63478218609153,0.011109438843645325,0.9999368890919479,0.004485801000488043,0,0.0,0,0.0,0,0.0,0,0.0,0.04364897933053394,0.009358645250640866
BetaQCL,BetaQCL,BetaQCL,Beta,QCL,,,8,transformer_self_attn,Transformer self-attention,1,3.0,Self-attention,1049088,660.840338408947,0.8137746979399705,76.67362987359456,76.64433710011365,0.010613488617684628,0.9999421028400711,0.004249405197657393,0,0.0,0,0.0,0,0.0,0,0.0,0.04090994155057903,0.00950681921133276
BetaQCL,BetaQCL,BetaQCL,Beta,QCL,,,8,transformer_self_attn,Transformer self-attention,1,4.0,Self-attention,1049088,646.9425956606865,0.7964199756201439,78.77963763724014,78.75307633014847,0.010109464825002646,0.9999473124905339,0.003577392935578331,0,0.0,0,0.0,0,0.0,0,0.0,0.038894817541159435,0.009105654313533598
BetaQCL,BetaQCL,BetaQCL,Beta,QCL,,,8,transformer_self_attn,Transformer self-attention,1,5.0,Self-attention,1049088,663.4610164165497,0.8165161277701446,79.58207756336601,79.55998290725839,0.010260050412983952,0.9999458199135042,0.0040320735724743775,0,0.0,0,0.0,0,0.0,0,0.0,0.04075997664913496,0.009570979910633553
BetaQCL,BetaQCL,BetaQCL,Beta,QCL,,,8,transformer_self_attn,Transformer self-attention,1,6.0,Self-attention,1049088,634.6125239133835,0.7818070003839366,80.26332072343511,80.24073698530209,0.009740526473827497,0.9999508976755175,0.0035059022693997074,0,0.0,0,0.0,0,0.0,0,0.0,0.03714242143771497,0.008774572762816011
BetaQCL,BetaQCL,BetaQCL,Beta,QCL,,,8,transformer_self_attn,Transformer self-attention,1,7.0,Self-attention,1049088,647.9508850574493,0.7975117097916282,80.81129729931499,80.78987163525477,0.00986881458959549,0.9999495758592621,0.0037994906051732552,0,0.0,0,0.0,0,0.0,0,0.0,0.03875940247433239,0.009130635523981835
BetaQCL,BetaQCL,BetaQCL,Beta,QCL,,,8,transformer_self_attn,Transformer self-attention,1,8.0,Self-attention,1049088,644.7111459970474,0.7934742804678909,82.64227212211796,82.62516284008976,0.009601312501372042,0.9999523476434464,0.003561188384577843,0,0.0,0,0.0,0,0.0,0,0.0,0.03563761558252805,0.009038421248501053
BetaQCL,BetaQCL,BetaQCL,Beta,QCL,,,8,transformer_self_attn,Transformer self-attention,1,9.0,Self-attention,1049088,676.9365711808205,0.8317600639619297,81.46292152450843,81.36021910673315,0.010210290134410185,0.9999469676477808,0.0038814665690580772,0,0.0,0,0.0,0,0.0,0,0.0,0.04067193914857799,0.009931686418418862
BetaQCL,BetaQCL,BetaQCL,Beta,QCL,,,8,transformer_self_attn,Transformer self-attention,1,10.0,Self-attention,1049088,659.3287542462349,0.811010750507999,81.52731743185629,81.50179966083418,0.009947717845443198,0.9999488928707647,0.003854776720351391,0,0.0,0,0.0,0,0.0,0,0.0,0.040259098344865414,0.009442349953633576
BetaQCL,BetaQCL,BetaQCL,Beta,QCL,,,8,transformer_self_attn,Transformer self-attention,1,11.0,Self-attention,1049088,649.2313194274902,0.7989927793057694,78.93266472916565,78.89690738625488,0.01012246048004675,0.9999472595490193,0.0037794732186432404,0,0.0,0,0.0,0,0.0,0,0.0,0.039800463192801554,0.009164580261650993
BetaQCL,BetaQCL,BetaQCL,Beta,QCL,,,8,transformer_self_attn,Transformer self-attention,1,12.0,Self-attention,1049088,653.8358172774315,0.8078303149754541,77.3956421424041,77.35589905235666,0.01043767184577494,0.9999441194737937,0.0038671684358223524,0,0.0,0,0.0,0,0.0,0,0.0,0.040271146211293185,0.00936843748978718
BetaQCL,BetaQCL,BetaQCL,Beta,QCL,,,8,transformer_self_attn,Transformer self-attention,1,13.0,Self-attention,1049088,655.7587339878082,0.8089785769303866,75.74498464486366,75.7165761329361,0.010680292308769166,0.9999413095829484,0.0038538235114690092,0,0.0,0,0.0,0,0.0,0,0.0,0.040728358181290544,0.00939508928912003
BetaQCL,BetaQCL,BetaQCL,Beta,QCL,,,8,transformer_self_attn,Transformer self-attention,1,14.0,Self-attention,1049088,646.8246195316315,0.7998205732354804,77.59547381842589,77.5713235476284,0.010307567360269719,0.9999453456689317,0.0035535627135187898,0,0.0,0,0.0,0,0.0,0,0.0,0.03962606358212471,0.00918357996735549
BetaQCL,BetaQCL,BetaQCL,Beta,QCL,,,8,transformer_self_attn,Transformer self-attention,1,15.0,Self-attention,1049088,684.0170670747757,0.8522906414832893,77.27375583739308,77.26024140366422,0.01102949678383371,0.9999375216948762,0.0037108421791117617,0,0.0,0,0.0,0,0.0,0,0.0,0.041992167329891174,0.010428030902420069
BetaQCL,BetaQCL,BetaQCL,Beta,QCL,,,8,transformer_self_attn,Transformer self-attention,1,16.0,Self-attention,1049088,721.174890756607,0.9022907879287674,69.91971956990635,69.93783454371832,0.012904668289274763,0.9999153696040409,0.004323755490483162,0,0.0,0,0.0,0,0.0,0,0.0,0.05574583599664424,0.01168745406061978
BetaQCL,BetaQCL,BetaQCL,Beta,QCL,,,8,transformer_self_attn,Transformer self-attention,1,17.0,Self-attention,1049088,733.3979768753052,0.9184853172704491,87.56039058382642,87.62716817214071,0.010489735268952709,0.9999436542606079,0.003688918374816984,0,0.0,0,0.0,0,0.0,0,0.0,0.044971948351218365,0.01211075745019218
BetaQCL,BetaQCL,BetaQCL,Beta,QCL,,,8,transformer_ffn,Transformer FFN,2,0.0,Feed-forward,3145728,1776.6131591796875,1.314060509642773,100.05765915835728,99.9384918259101,0.013133032700305818,0.9999117417705319,0.004888852437337239,0,0.0,0,0.0,0,0.0,0,0.0,0.05087207776347079,0.02478891955114592
BetaQCL,BetaQCL,BetaQCL,Beta,QCL,,,8,transformer_ffn,Transformer FFN,2,1.0,Feed-forward,3145728,1937.5526733398438,1.39068134065145,118.69927370512846,118.55609991951069,0.011716005475367565,0.9999291127016218,0.004008928934733073,0,0.0,0,0.0,0,0.0,0,0.0,0.04145990058365066,0.02776400571931651
BetaQCL,BetaQCL,BetaQCL,Beta,QCL,,,8,transformer_ffn,Transformer FFN,2,2.0,Feed-forward,3145728,2016.4642944335938,1.4281456768450582,123.8261780209712,123.68303506973986,0.011533471352101136,0.9999307354692398,0.003917694091796875,0,0.0,0,0.0,0,0.0,0,0.0,0.041009387266159644,0.02928005506548318
BetaQCL,BetaQCL,BetaQCL,Beta,QCL,,,8,transformer_ffn,Transformer FFN,2,3.0,Feed-forward,3145728,1989.0562744140625,1.4090159447297772,123.03037488576246,122.9036597108178,0.01145258596536084,0.9999317008739422,0.00385284423828125,0,0.0,0,0.0,0,0.0,0,0.0,0.04089149832149937,0.02850090729027492
BetaQCL,BetaQCL,BetaQCL,Beta,QCL,,,8,transformer_ffn,Transformer FFN,2,4.0,Feed-forward,3145728,1985.7373046875,1.4061473597050036,122.62340523618951,122.50145287722611,0.011467202015769822,0.9999316486101668,0.0038547515869140625,0,0.0,0,0.0,0,0.0,0,0.0,0.04089929091772479,0.02838497666192705
BetaQCL,BetaQCL,BetaQCL,Beta,QCL,,,8,transformer_ffn,Transformer FFN,2,5.0,Feed-forward,3145728,1973.0831298828125,1.3980682567529246,121.9855888485142,121.87386417739962,0.011460929688088659,0.9999315139042196,0.003903071085611979,0,0.0,0,0.0,0,0.0,0,0.0,0.04094101483022361,0.02805973856144995
BetaQCL,BetaQCL,BetaQCL,Beta,QCL,,,8,transformer_ffn,Transformer FFN,2,6.0,Feed-forward,3145728,1947.2364501953125,1.3800183099416583,120.82866954002473,120.71624018553283,0.011421282011919474,0.9999321923541913,0.0039946238199869795,0,0.0,0,0.0,0,0.0,0,0.0,0.04097950927718884,0.02733987768476432
BetaQCL,BetaQCL,BetaQCL,Beta,QCL,,,8,transformer_ffn,Transformer FFN,2,7.0,Feed-forward,3145728,1982.4202270507812,1.404169196212407,121.86810477289576,121.76534329654312,0.01152204015012049,0.9999307955362983,0.004062652587890625,0,0.0,0,0.0,0,0.0,0,0.0,0.04102697002493437,0.028305169053886473
BetaQCL,BetaQCL,BetaQCL,Beta,QCL,,,8,transformer_ffn,Transformer FFN,2,8.0,Feed-forward,3145728,2030.7055053710938,1.4382275937591364,126.31817852772616,126.21393358599518,0.011385753107922166,0.9999324725563107,0.0043125152587890625,0,0.0,0,0.0,0,0.0,0,0.0,0.04075022937382119,0.029694916179675127
BetaQCL,BetaQCL,BetaQCL,Beta,QCL,,,8,transformer_ffn,Transformer FFN,2,9.0,Feed-forward,3145728,2078.8280029296875,1.4715043477970537,124.29381576216393,124.1727666461632,0.01183891844315701,0.9999272826881052,0.004140535990397136,0,0.0,0,0.0,0,0.0,0,0.0,0.04132465085087948,0.031084935408942502
BetaQCL,BetaQCL,BetaQCL,Beta,QCL,,,8,transformer_ffn,Transformer FFN,2,10.0,Feed-forward,3145728,2042.755126953125,1.4471639579451199,118.41869697378345,118.31800535263008,0.012220738742510343,0.9999225598792777,0.004227002461751302,0,0.0,0,0.0,0,0.0,0,0.0,0.04185512208242068,0.03006507873562346
BetaQCL,BetaQCL,BetaQCL,Beta,QCL,,,8,transformer_ffn,Transformer FFN,2,11.0,Feed-forward,3145728,2021.578369140625,1.432778565848393,117.24210602757547,117.138272993928,0.012220682606225016,0.9999228671715984,0.004186312357584636,0,0.0,0,0.0,0,0.0,0,0.0,0.041845549960814986,0.029470331551856906
BetaQCL,BetaQCL,BetaQCL,Beta,QCL,,,8,transformer_ffn,Transformer FFN,2,12.0,Feed-forward,3145728,2070.6226806640625,1.4670494055226373,118.1794145502401,118.10313124288874,0.01241374744582913,0.9999201655602646,0.004199028015136719,0,0.0,0,0.0,0,0.0,0,0.0,0.042005416779861984,0.030897002606305315
BetaQCL,BetaQCL,BetaQCL,Beta,QCL,,,8,transformer_ffn,Transformer FFN,2,13.0,Feed-forward,3145728,2068.952880859375,1.466080268310825,118.55297594522354,118.4781736722792,0.012366456907738894,0.9999206958364544,0.004193623860677083,0,0.0,0,0.0,0,0.0,0,0.0,0.04199017096049441,0.030856194785538898
BetaQCL,BetaQCL,BetaQCL,Beta,QCL,,,8,transformer_ffn,Transformer FFN,2,14.0,Feed-forward,3145728,2084.3355712890625,1.4765241708776127,119.79008536093983,119.7067278125743,0.012325929699679914,0.9999210054690189,0.004093488057454427,0,0.0,0,0.0,0,0.0,0,0.0,0.04190407992223385,0.0312973806277902
BetaQCL,BetaQCL,BetaQCL,Beta,QCL,,,8,transformer_ffn,Transformer FFN,2,15.0,Feed-forward,3145728,2138.54150390625,1.5170619287982854,120.42536508015037,120.32905324437445,0.01259752816849321,0.9999177305573046,0.0041535695393880205,0,0.0,0,0.0,0,0.0,0,0.0,0.044075003493537206,0.03303950175852358
BetaQCL,BetaQCL,BetaQCL,Beta,QCL,,,8,transformer_ffn,Transformer FFN,2,16.0,Feed-forward,3145728,2181.5609741210938,1.5451522250320269,122.27695334899582,122.17126050970928,0.01263649594394072,0.9999174341980067,0.0041281382242838545,0,0.0,0,0.0,0,0.0,0,0.0,0.04216597392808639,0.03427436467494131
BetaQCL,BetaQCL,BetaQCL,Beta,QCL,,,8,transformer_ffn,Transformer FFN,2,17.0,Feed-forward,3145728,2247.93359375,1.5949984877528374,124.91481863278872,124.7606399677248,0.012768689137208222,0.9999159644745456,0.004146893819173177,0,0.0,0,0.0,0,0.0,0,0.0,0.04529486878743756,0.036521400336253805
BetaQCL,BetaQCL,BetaQCL,Beta,QCL,,,8,transformer_norm_deepnorm,Transformer norm/deepnorm,3,0.0,Norm/deepnorm,1025,0.5790547132492065,0.023028997229648004,5.030958463384759,5.039011968314949,0.004577457237472367,0.9999908964499975,0.03121951219512195,0,0.0,0,0.0,0,0.0,0,0.0,0.03856613514795704,7.613369800928833e-06
BetaQCL,BetaQCL,BetaQCL,Beta,QCL,,,8,transformer_norm_deepnorm,Transformer norm/deepnorm,3,1.0,Norm/deepnorm,1025,0.6879081130027771,0.02752916290440731,6.668480467421702,6.682307000760814,0.004128251261872113,0.9999937770431223,0.005853658536585366,0,0.0,0,0.0,0,0.0,0,0.0,0.042150816639749,1.0879598826509057e-05
BetaQCL,BetaQCL,BetaQCL,Beta,QCL,,,8,transformer_norm_deepnorm,Transformer norm/deepnorm,3,2.0,Norm/deepnorm,1025,0.6791412830352783,0.026735823338412682,7.704114374533807,7.718471877303664,0.0034703305323172924,0.9999958794863408,0.000975609756097561,0,0.0,0,0.0,0,0.0,0,0.0,0.08718207822828865,1.0261574341283168e-05
BetaQCL,BetaQCL,BetaQCL,Beta,QCL,,,8,transformer_norm_deepnorm,Transformer norm/deepnorm,3,3.0,Norm/deepnorm,1025,0.6727294921875,0.026856855876818415,8.920147890652558,8.935220067452653,0.003010808363946383,0.9999970458061438,0.0,0,0.0,0,0.0,0,0.0,0,0.0,0.09786367970471478,1.0354692521641921e-05
BetaQCL,BetaQCL,BetaQCL,Beta,QCL,,,8,transformer_norm_deepnorm,Transformer norm/deepnorm,3,4.0,Norm/deepnorm,1025,0.6693115234375,0.026281996254866335,9.422039783358974,9.437483023318753,0.002789416820472601,0.999997608737982,0.0,0,0.0,0,0.0,0,0.0,0,0.0,0.09901400601756066,9.916160971815128e-06
BetaQCL,BetaQCL,BetaQCL,Beta,QCL,,,8,transformer_norm_deepnorm,Transformer norm/deepnorm,3,5.0,Norm/deepnorm,1025,0.741455078125,0.028681588255665927,10.584850252630194,10.603514365847687,0.0027096829497929107,0.9999980850761823,0.0,0,0.0,0,0.0,0,0.0,0,0.0,0.08718207822828865,1.1809547677920957e-05
BetaQCL,BetaQCL,BetaQCL,Beta,QCL,,,8,transformer_norm_deepnorm,Transformer norm/deepnorm,3,6.0,Norm/deepnorm,1025,0.8050537109375,0.03103300093122127,11.533993113026714,11.55574853034972,0.0026905687065279507,0.9999983696467084,0.0,0,0.0,0,0.0,0,0.0,0,0.0,0.09743641564565773,1.3825295382319921e-05
BetaQCL,BetaQCL,BetaQCL,Beta,QCL,,,8,transformer_norm_deepnorm,Transformer norm/deepnorm,3,7.0,Norm/deepnorm,1025,0.82958984375,0.03174344534309983,11.783549360123246,11.806218328882794,0.002693878081465017,0.9999984056585649,0.0,0,0.0,0,0.0,0,0.0,0,0.0,0.074974768364172,1.446555144506704e-05
BetaQCL,BetaQCL,BetaQCL,Beta,QCL,,,8,transformer_norm_deepnorm,Transformer norm/deepnorm,3,8.0,Norm/deepnorm,1025,1.044677734375,0.03819884168955847,9.960370311670419,9.989211557184065,0.0038350824813006817,0.9999969530336503,0.0,0,0.0,0,0.0,0,0.0,0,0.0,0.15503409463776835,2.094726166933623e-05
BetaQCL,BetaQCL,BetaQCL,Beta,QCL,,,8,transformer_norm_deepnorm,Transformer norm/deepnorm,3,9.0,Norm/deepnorm,1025,0.5998153686523438,0.023705589582553737,8.316425285837186,8.325071079076723,0.0028504542237542062,0.9999966554220989,0.0,0,0.0,0,0.0,0,0.0,0,0.0,0.0749533530709106,8.067303434456861e-06
BetaQCL,BetaQCL,BetaQCL,Beta,QCL,,,8,transformer_norm_deepnorm,Transformer norm/deepnorm,3,10.0,Norm/deepnorm,1025,0.7021484375,0.02724602812072069,9.819863636134434,9.835003845648506,0.0027745831439511975,0.9999974837551039,0.0,0,0.0,0,0.0,0,0.0,0,0.0,0.09992184194041646,1.0656958414278634e-05
BetaQCL,BetaQCL,BetaQCL,Beta,QCL,,,8,transformer_norm_deepnorm,Transformer norm/deepnorm,3,11.0,Norm/deepnorm,1025,0.6846923828125,0.02622523774729294,9.910766727107475,9.927882500923772,0.002646136113320095,0.9999981544495761,0.0,0,0.0,0,0.0,0,0.0,0,0.0,0.12480565651714742,9.873377405978368e-06
BetaQCL,BetaQCL,BetaQCL,Beta,QCL,,,8,transformer_norm_deepnorm,Transformer norm/deepnorm,3,12.0,Norm/deepnorm,1025,0.7724609375,0.02939234120267577,9.29505464058627,9.315357153982342,0.00316214829704527,0.9999975780824575,0.0,0,0.0,0,0.0,0,0.0,0,0.0,0.1772719935315483,1.2402100064760088e-05
BetaQCL,BetaQCL,BetaQCL,Beta,QCL,,,8,transformer_norm_deepnorm,Transformer norm/deepnorm,3,13.0,Norm/deepnorm,1025,0.8865966796875,0.033064834728626855,10.103855046976017,10.129074595472408,0.003272496940513765,0.9999979449168717,0.0,0,0.0,0,0.0,0,0.0,0,0.0,0.17766909886893686,1.5694937209386347e-05
BetaQCL,BetaQCL,BetaQCL,Beta,QCL,,,8,transformer_norm_deepnorm,Transformer norm/deepnorm,3,14.0,Norm/deepnorm,1025,1.1348876953125,0.04161881639756284,11.51499608055111,11.549801343390168,0.0036143144215093244,0.9999982584210475,0.0,0,0.0,0,0.0,0,0.0,0,0.0,0.1775499672677203,2.4866022382154295e-05
BetaQCL,BetaQCL,BetaQCL,Beta,QCL,,,8,transformer_norm_deepnorm,Transformer norm/deepnorm,3,15.0,Norm/deepnorm,1025,0.8255615234375,0.031739454981301596,13.669368073731729,13.691892711579017,0.0023219401811479952,0.9999988484256193,0.0,0,0.0,0,0.0,0,0.0,0,0.0,0.09960560240702426,1.4461914841970915e-05
BetaQCL,BetaQCL,BetaQCL,Beta,QCL,,,8,transformer_norm_deepnorm,Transformer norm/deepnorm,3,16.0,Norm/deepnorm,1025,1.0018310546875,0.03821775659375826,10.934962386985386,10.96326659424571,0.003495005766022654,0.9999974545585665,0.0,0,0.0,0,0.0,0,0.0,0,0.0,0.17671604605920432,2.096801169876706e-05
BetaQCL,BetaQCL,BetaQCL,Beta,QCL,,,8,transformer_norm_deepnorm,Transformer norm/deepnorm,3,17.0,Norm/deepnorm,1025,2.365082025527954,0.091828330717559,8.623354879302466,8.689273351351753,0.010648794118163005,0.9999728544473161,0.0,0,0.0,0,0.0,0,0.0,0,0.0,0.4036789274540763,0.00012105430797329397
BetaQCL,BetaQCL,BetaQCL,Beta,QCL,,,8,upsample,Upsample,4,,Upsample,525312,367.6130709052086,0.6414655306881997,46.808640365494604,46.801101413475756,0.013703998357556393,0.9999049888651349,0.004610593323586745,0,0.0,0,0.0,0,0.0,0,0.0,0.05468947958258695,0.005907089062433953
BetaQCL,BetaQCL,BetaQCL,Beta,QCL,,,8,crf,CRF head,5,,CRF,2097152,1555.0997314453125,1.3381427610840886,48.61623023021093,48.433477655568986,0.027524609677624014,0.9996236155340307,0.008899211883544922,0,0.0,0,0.0,0,0.0,0,0.0,0.09633435914611813,0.025705838109390398
