name,display_name,base_model,family,variant,seed_index,seed_label,sort_order,tensor,tensor_stem,component,component_label,component_order,layer,submodule,submodule_group,shape,numel,baseline_mean,baseline_std,tuned_mean,tuned_std,delta_mean,delta_std,delta_l1_sum,delta_l2_norm,delta_linf_norm,baseline_l2_norm,tuned_l2_norm,relative_l2,cosine_similarity,sign_flip_fraction,abs_delta_q500,abs_delta_q950,abs_delta_q990,abs_delta_q999,abs_delta_z_q500,abs_delta_z_q950,abs_delta_z_q990,abs_delta_z_q999,tail_abs_delta_z_gt_1p0_fraction,tail_abs_delta_z_gt_2p0_fraction,tail_abs_delta_z_gt_3p0_fraction,tail_abs_delta_z_gt_5p0_fraction
Alpha,Alpha,Alpha,Alpha,base,,,0,conv.0.conv.bias.tensor,conv.0.conv.bias,conv,Convolution front-end,0,0.0,conv_bias,Conv,64,64,-0.34886807203292847,0.4828624725341797,-0.34971413016319275,0.48164477944374084,-0.0008460301323793828,0.024626757949590683,0.7649704217910767,0.19713027956646834,0.14187553524971008,4.765644611255755,4.761725158937443,0.041364872047075035,0.9991441085387511,0.046875,0.0029296875,0.04762447252869606,0.09061256051063538,0.136749267578125,0.006067333277314901,0.09862947463989258,0.18765708804130554,0.28320541977882385,0.0,0.0,0.0,0.0
Alpha,Alpha,Alpha,Alpha,base,,,0,conv.0.conv.weight.tensor,conv.0.conv.weight,conv,Convolution front-end,0,0.0,conv_weight,Conv,64x1x5,320,-0.001664625247940421,0.7632753252983093,-0.0018994687125086784,0.9064821004867554,-0.00023483470431528986,0.1483554244041443,16.850605010986328,2.6538657763934763,1.0401477813720703,13.653916777224586,16.215680781967073,0.1943666289822465,0.9989151342029676,0.29374998807907104,0.0028274543583393097,0.25797784328460693,0.7439681887626648,1.0137583017349243,0.0037043702322989702,0.3379879295825958,0.974704921245575,1.3281686305999756,0.0062500000931322575,0.0,0.0,0.0
Alpha,Alpha,Alpha,Alpha,base,,,0,conv.1.conv.bias.tensor,conv.1.conv.bias,conv,Convolution front-end,0,1.0,conv_bias,Conv,64,64,-0.35623908042907715,3.126411199569702,-0.39006975293159485,3.078227996826172,-0.03383062034845352,0.19429577887058258,7.02051305770874,1.5777524753938592,0.9891786575317383,25.173133406626448,24.822753017802285,0.06267604631922688,0.9981063046528305,0.0,0.05382281541824341,0.44886526465415955,0.6975294351577759,0.9600139260292053,0.017215527594089508,0.14357206225395203,0.2231086641550064,0.30706578493118286,0.0,0.0,0.0,0.0
Alpha,Alpha,Alpha,Alpha,base,,,0,conv.1.conv.weight.tensor,conv.1.conv.weight,conv,Convolution front-end,0,1.0,conv_weight,Conv,64x64x5,20480,-0.005043329205363989,0.2731286585330963,-0.005427834112197161,0.27002623677253723,-0.00038450522697530687,0.01639982871711254,121.60038757324219,2.3475975498978996,0.30745840072631836,39.093653202318215,38.65081497260925,0.060050605599545996,0.9982411914970889,0.08198241889476776,0.0015584919601678848,0.024442942813038826,0.06569366157054901,0.19734643399715424,0.00570607278496027,0.08949241042137146,0.24052277207374573,0.7225401997566223,0.0004394531133584678,0.0,0.0,0.0
Alpha,Alpha,Alpha,Alpha,base,,,0,conv.2.conv.bias.tensor,conv.2.conv.bias,conv,Convolution front-end,0,2.0,conv_bias,Conv,128,128,-0.23985695838928223,0.8994260430335999,-0.24644052982330322,0.8947169184684753,-0.006583569571375847,0.05640542134642601,4.410436153411865,0.642486658514415,0.252943754196167,10.53146805806331,10.499531690054049,0.061006372043491186,0.9981380661889826,0.0078125,0.01949542760848999,0.1299043893814087,0.21184508502483368,0.24843432009220123,0.021675409749150276,0.14443032443523407,0.23553363978862762,0.2762143015861511,0.0,0.0,0.0,0.0
Alpha,Alpha,Alpha,Alpha,base,,,0,conv.2.conv.weight.tensor,conv.2.conv.weight,conv,Convolution front-end,0,2.0,conv_weight,Conv,128x64x9,73728,0.0019348718924447894,0.13461939990520477,0.0018932305974885821,0.1341702789068222,-4.164149140706286e-05,0.007498245220631361,277.6558837890625,2.036022507129067,0.26652073860168457,36.55684384668964,36.434747765375874,0.05569470153571206,0.9984496328979171,0.0195041224360466,0.0016543231904506683,0.014495146460831165,0.029050925746560097,0.06285334378480911,0.012288889847695827,0.10767500847578049,0.21580040454864502,0.46689656376838684,0.0001220703125,0.0,0.0,0.0
Alpha,Alpha,Alpha,Alpha,base,,,0,conv.3.conv.bias.tensor,conv.3.conv.bias,conv,Convolution front-end,0,3.0,conv_bias,Conv,128,128,-0.27887842059135437,0.6861683130264282,-0.2885533273220062,0.7113722562789917,-0.009674900211393833,0.03879958391189575,2.8433711528778076,0.4524084871709388,0.2289581298828125,8.379785792997541,8.68516717779514,0.053988073006464445,0.9992346208324258,0.0078125,0.009770885109901428,0.09505434334278107,0.13628995418548584,0.21749094128608704,0.014239778742194176,0.1385291963815689,0.19862467050552368,0.31696441769599915,0.0,0.0,0.0,0.0
Alpha,Alpha,Alpha,Alpha,base,,,0,conv.3.conv.weight.tensor,conv.3.conv.weight,conv,Convolution front-end,0,3.0,conv_weight,Conv,128x128x9,147456,2.159507403121097e-06,0.045519500970840454,-3.9218197343871e-05,0.04674958437681198,-4.13776833738666e-05,0.0031326294410973787,211.23785400390625,1.2030346328684223,0.15108752250671387,17.479488886643146,17.951846669023357,0.06882550403333851,0.9980493191627303,0.0059678819961845875,0.0006109876558184624,0.005397769622504711,0.012536754831671715,0.029242131859064102,0.013422544114291668,0.11858144402503967,0.27541497349739075,0.6424087285995483,0.00027126737404614687,4.747178900288418e-05,1.3563368156610522e-05,0.0
Alpha,Alpha,Alpha,Alpha,base,,,0,conv.4.conv.bias.tensor,conv.4.conv.bias,conv,Convolution front-end,0,4.0,conv_bias,Conv,512,512,0.018486348912119865,0.1553741842508316,0.017723457887768745,0.15701429545879364,-0.0007628884632140398,0.008562113158404827,2.123718738555908,0.1945060196566484,0.11117982864379883,3.5405137074041804,3.575390299585845,0.05493723107181545,0.998553653310532,0.03515625,0.002102409489452839,0.015119777992367744,0.03486073017120361,0.08015506714582443,0.013531265780329704,0.09731202572584152,0.22436627745628357,0.5158840417861938,0.0,0.0,0.0,0.0
Alpha,Alpha,Alpha,Alpha,base,,,0,conv.4.conv.weight.tensor,conv.4.conv.weight,conv,Convolution front-end,0,4.0,conv_weight,Conv,512x128x5,327680,0.0007904483936727047,0.04287688806653023,0.000781928189098835,0.042456287890672684,-8.52016637509223e-06,0.00243637477979064,373.7752990722656,1.3946707092136001,0.09861293435096741,24.54832830078825,24.307513748003416,0.056813266146874875,0.9984188136760255,0.02569580078125,0.0005167089402675629,0.004180232062935829,0.009057324379682541,0.02413894608616829,0.012050986289978027,0.09749380499124527,0.21124018728733063,0.5629825592041016,0.000274658203125,3.051757857974735e-06,0.0,0.0
Alpha,Alpha,Alpha,Alpha,base,,,0,transformer_encoder.0.self_attn.Wqkv.weight.tensor,transformer_encoder.0.self_attn.Wqkv.weight,transformer_self_attn,Transformer self-attention,1,0.0,self_attn_Wqkv_weight,Self-attention,1536x512,786432,-5.857439828105271e-05,0.08021117746829987,-6.031895100022666e-05,0.08017324656248093,-1.7445221374146058e-06,0.0006968607776798308,423.2623596191406,0.6179842815545221,0.003662109375,71.13212906385026,71.09850258839845,0.008687836139415888,0.9999608649833497,0.005886077880859375,0.00042724609375,0.00140380859375,0.001922607421875,0.00250244140625,0.0053265150636434555,0.017501406371593475,0.023969318717718124,0.031198160722851753,0.0,0.0,0.0,0.0
Alpha,Alpha,Alpha,Alpha,base,,,0,transformer_encoder.0.self_attn.out_proj.bias.tensor,transformer_encoder.0.self_attn.out_proj.bias,transformer_self_attn,Transformer self-attention,1,0.0,self_attn_out_proj_bias,Self-attention,512,512,-0.0022732503712177277,0.02975558303296566,-0.002241841284558177,0.029729604721069336,3.140897024422884e-05,0.00036125988117419183,0.1455671191215515,0.008205215189226412,0.0013117790222167969,0.6752539766188196,0.6746140471596497,0.012151302285252737,0.9999266201127658,0.046875,0.00021791458129882812,0.000732421875,0.0010229140752926469,0.0012886315817013383,0.007323483005166054,0.024614594876766205,0.03437720239162445,0.04330720752477646,0.0,0.0,0.0,0.0
Alpha,Alpha,Alpha,Alpha,base,,,0,transformer_encoder.0.self_attn.out_proj.weight.tensor,transformer_encoder.0.self_attn.out_proj.weight,transformer_self_attn,Transformer self-attention,1,0.0,self_attn_out_proj_weight,Self-attention,512x512,262144,-1.71788597072009e-05,0.029549462720751762,-1.9595096091507003e-05,0.029539339244365692,-2.4162422960216645e-06,0.0007388588855974376,150.70681762695312,0.3782976119084803,0.00384521484375,15.129331866915267,15.12414951928341,0.025004251029466427,0.9996867383458216,0.013004302978515625,0.00046539306640625,0.001483917236328125,0.0019989013671875,0.00262451171875,0.015749623998999596,0.050218064337968826,0.06764592230319977,0.0888175517320633,0.0,0.0,0.0,0.0
Alpha,Alpha,Alpha,Alpha,base,,,0,transformer_encoder.1.self_attn.Wqkv.weight.tensor,transformer_encoder.1.self_attn.Wqkv.weight,transformer_self_attn,Transformer self-attention,1,1.0,self_attn_Wqkv_weight,Self-attention,1536x512,786432,0.00025529079721309245,0.06557293981313705,0.0002568284689914435,0.06551618129014969,1.5376150486190454e-06,0.0007336628041230142,447.77178955078125,0.650620222376451,0.0038604736328125,58.15122896111053,58.100895959770924,0.011188417407507438,0.9999360273314802,0.0045420327223837376,0.000457763671875,0.00146484375,0.001983642578125,0.002593994140625,0.006980983540415764,0.022339148446917534,0.030250929296016693,0.039558906108140945,0.0,0.0,0.0,0.0
Alpha,Alpha,Alpha,Alpha,base,,,0,transformer_encoder.1.self_attn.out_proj.bias.tensor,transformer_encoder.1.self_attn.out_proj.bias,transformer_self_attn,Transformer self-attention,1,1.0,self_attn_out_proj_bias,Self-attention,512,512,-0.00044205912854522467,0.029170624911785126,-0.00047680758871138096,0.0292343832552433,-3.474846016615629e-05,0.00037013032124377787,0.14657920598983765,0.008411919973940144,0.0015869140625,0.6601316910187729,0.6615865663197266,0.012742790701269609,0.9999213894328772,0.0078125,0.00023698806762695312,0.0007392880506813526,0.00103759765625,0.0015084564220160246,0.008124200627207756,0.025343570858240128,0.0355699397623539,0.051711469888687134,0.0,0.0,0.0,0.0
Alpha,Alpha,Alpha,Alpha,base,,,0,transformer_encoder.1.self_attn.out_proj.weight.tensor,transformer_encoder.1.self_attn.out_proj.weight,transformer_self_attn,Transformer self-attention,1,1.0,self_attn_out_proj_weight,Self-attention,512x512,262144,-6.949186354177073e-05,0.046070944517850876,-6.789299368392676e-05,0.046049565076828,1.5988580344128422e-06,0.0007954832981340587,165.44866943359375,0.4072881418776453,0.0043487548828125,23.588355654028483,23.577410525954182,0.017266491477886052,0.9998504149879498,0.0086517333984375,0.00052642822265625,0.0015716552734375,0.0020771026611328125,0.002685546875,0.011426466517150402,0.034113798290491104,0.04508486017584801,0.058291539549827576,0.0,0.0,0.0,0.0
Alpha,Alpha,Alpha,Alpha,base,,,0,transformer_encoder.2.self_attn.Wqkv.weight.tensor,transformer_encoder.2.self_attn.Wqkv.weight,transformer_self_attn,Transformer self-attention,1,2.0,self_attn_Wqkv_weight,Self-attention,1536x512,786432,-0.00013327761553227901,0.07562576979398727,-0.0001316878042416647,0.07557523995637894,1.5898086758170393e-06,0.0007939723436720669,495.077880859375,0.7041033825473832,0.004150390625,67.06584189017163,67.0210292324357,0.010498688493323124,0.9999434088778685,0.00411224365234375,0.000518798828125,0.00157928466796875,0.0020751953125,0.002685546875,0.0068600792437791824,0.02088288776576519,0.02744031697511673,0.03551099821925163,0.0,0.0,0.0,0.0
Alpha,Alpha,Alpha,Alpha,base,,,0,transformer_encoder.2.self_attn.out_proj.bias.tensor,transformer_encoder.2.self_attn.out_proj.bias,transformer_self_attn,Transformer self-attention,1,2.0,self_attn_out_proj_bias,Self-attention,512,512,-0.0003780202241614461,0.041862670332193375,-0.0004010389093309641,0.04188760370016098,-2.3018685169517994e-05,0.00037075651925988495,0.14692634344100952,0.00840541556980983,0.002197265625,0.9472827083974211,0.9478517272559195,0.008873185898242498,0.9999607485082975,0.001953125,0.000244140625,0.000732421875,0.00091552734375,0.0018230080604553223,0.00583193963393569,0.017495818436145782,0.021869773045182228,0.04354733228683472,0.0,0.0,0.0,0.0
Alpha,Alpha,Alpha,Alpha,base,,,0,transformer_encoder.2.self_attn.out_proj.weight.tensor,transformer_encoder.2.self_attn.out_proj.weight,transformer_self_attn,Transformer self-attention,1,2.0,self_attn_out_proj_weight,Self-attention,512x512,262144,-8.489452739013359e-05,0.05466361343860626,-8.631483069621027e-05,0.054628778249025345,-1.4203010323399212e-06,0.0007939978968352079,165.1934051513672,0.4065274794828375,0.005126953125,27.987814295214935,27.96997749575929,0.014525159956929072,0.9998940491496886,0.00568389892578125,0.00052642822265625,0.001556396484375,0.0020751953125,0.00274658203125,0.009630320593714714,0.028472252190113068,0.03796300292015076,0.05024515092372894,0.0,0.0,0.0,0.0
Alpha,Alpha,Alpha,Alpha,base,,,0,transformer_encoder.3.self_attn.Wqkv.weight.tensor,transformer_encoder.3.self_attn.Wqkv.weight,transformer_self_attn,Transformer self-attention,1,3.0,self_attn_Wqkv_weight,Self-attention,1536x512,786432,-0.00014777800242882222,0.079198457300663,-0.00014864215336274356,0.07915747910737991,-8.641522981633898e-07,0.0008054538047872484,502.196533203125,0.7142842922877735,0.00396728515625,70.23416122047554,70.19781967211482,0.010170040901400076,0.9999469510022196,0.003986358642578125,0.00054168701171875,0.0015869140625,0.002105712890625,0.002716064453125,0.006839614827185869,0.020037181675434113,0.026587799191474915,0.034294407814741135,0.0,0.0,0.0,0.0
Alpha,Alpha,Alpha,Alpha,base,,,0,transformer_encoder.3.self_attn.out_proj.bias.tensor,transformer_encoder.3.self_attn.out_proj.bias,transformer_self_attn,Transformer self-attention,1,3.0,self_attn_out_proj_bias,Self-attention,512,512,0.0031509939581155777,0.04125424474477768,0.0031194970943033695,0.04122910276055336,-3.149709664285183e-05,0.00037098643952049315,0.15045702457427979,0.008424664557949654,0.001129150390625,0.9361959288482714,0.9355746207373653,0.008998826312249467,0.9999597640040643,0.005859375,0.000244140625,0.000732421875,0.0009630592539906502,0.0010823681950569153,0.005917950067669153,0.017753850668668747,0.023344481363892555,0.0262365210801363,0.0,0.0,0.0,0.0
Alpha,Alpha,Alpha,Alpha,base,,,0,transformer_encoder.3.self_attn.out_proj.weight.tensor,transformer_encoder.3.self_attn.out_proj.weight,transformer_self_attn,Transformer self-attention,1,3.0,self_attn_out_proj_weight,Self-attention,512x512,262144,-5.6098444474628195e-05,0.06004486232995987,-5.5256288760574535e-05,0.060039978474378586,8.42148210722371e-07,0.0007860009209252894,163.72366333007812,0.40243264484750013,0.003753662109375,30.742993556776984,30.740493917772266,0.013090223113902804,0.9999135902866069,0.005298614501953125,0.000518798828125,0.0015411376953125,0.002044677734375,0.00262451171875,0.008640184998512268,0.025666432455182076,0.034052494913339615,0.043709173798561096,0.0,0.0,0.0,0.0
Alpha,Alpha,Alpha,Alpha,base,,,0,transformer_encoder.4.self_attn.Wqkv.weight.tensor,transformer_encoder.4.self_attn.Wqkv.weight,transformer_self_attn,Transformer self-attention,1,4.0,self_attn_Wqkv_weight,Self-attention,1536x512,786432,8.962970605352893e-05,0.08053357899188995,9.201886859955266e-05,0.08049704879522324,2.3891727778391214e-06,0.0007940348004922271,495.246826171875,0.7041606904703589,0.00445556640625,71.41809256282683,71.38569178895376,0.009859696124632503,0.9999497254860508,0.00347900390625,0.000518798828125,0.00157928466796875,0.0020751953125,0.002685546875,0.006442018318921328,0.019610261544585228,0.02576807327568531,0.03334691748023033,0.0,0.0,0.0,0.0
Alpha,Alpha,Alpha,Alpha,base,,,0,transformer_encoder.4.self_attn.out_proj.bias.tensor,transformer_encoder.4.self_attn.out_proj.bias,transformer_self_attn,Transformer self-attention,1,4.0,self_attn_out_proj_bias,Self-attention,512,512,0.005694971419870853,0.0415608175098896,0.005700789857655764,0.04155188053846359,5.818204954266548e-06,0.0003439726715441793,0.14066946506500244,0.007784326284517358,0.0010528564453125,0.9492017642412698,0.949019297300086,0.008200918474621085,0.999966372165977,0.001953125,0.000244140625,0.0006866455078125,0.0009121708571910858,0.0010080235078930855,0.005874296184629202,0.016521459445357323,0.02194785140454769,0.024254173040390015,0.0,0.0,0.0,0.0
Alpha,Alpha,Alpha,Alpha,base,,,0,transformer_encoder.4.self_attn.out_proj.weight.tensor,transformer_encoder.4.self_attn.out_proj.weight,transformer_self_attn,Transformer self-attention,1,4.0,self_attn_out_proj_weight,Self-attention,512x512,262144,0.0001113375328714028,0.06491848826408386,0.00011276295117568225,0.06490563601255417,1.4253689641918754e-06,0.000758728536311537,158.14157104492188,0.3884696626122371,0.003509521484375,33.23832692770689,33.231745018176895,0.011687401217791254,0.9999310588017706,0.004138946533203125,0.00049591064453125,0.00148773193359375,0.00197601318359375,0.0025634765625,0.00763897318392992,0.022916918620467186,0.030438369140028954,0.03948761522769928,0.0,0.0,0.0,0.0
Alpha,Alpha,Alpha,Alpha,base,,,0,transformer_encoder.5.self_attn.Wqkv.weight.tensor,transformer_encoder.5.self_attn.Wqkv.weight,transformer_self_attn,Transformer self-attention,1,5.0,self_attn_Wqkv_weight,Self-attention,1536x512,786432,-0.00015342856931965798,0.08280777931213379,-0.0001533290633233264,0.08277542144060135,9.950584711759802e-08,0.0008107922622002661,505.9461669921875,0.7190180983381173,0.0045166015625,73.43495008870946,73.40625,0.009791224716154002,0.9999503930551955,0.003662109375,0.00054931640625,0.0015869140625,0.00213623046875,0.00274658203125,0.006633632350713015,0.01916382648050785,0.025797458365559578,0.033168163150548935,0.0,0.0,0.0,0.0
Alpha,Alpha,Alpha,Alpha,base,,,0,transformer_encoder.5.self_attn.out_proj.bias.tensor,transformer_encoder.5.self_attn.out_proj.bias,transformer_self_attn,Transformer self-attention,1,5.0,self_attn_out_proj_bias,Self-attention,512,512,0.0076002441346645355,0.05128750950098038,0.007618542294949293,0.05122123286128044,1.8297811038792133e-05,0.0003436003753449768,0.14016956090927124,0.007785805529786595,0.00115966796875,1.1731769704307082,1.1717542967622931,0.006636514120219694,0.9999787531217166,0.00390625,0.000244140625,0.00067138671875,0.0008833315223455429,0.0010661035776138306,0.0047602346166968346,0.013090644963085651,0.01722312718629837,0.02078680321574211,0.0,0.0,0.0,0.0
Alpha,Alpha,Alpha,Alpha,base,,,0,transformer_encoder.5.self_attn.out_proj.weight.tensor,transformer_encoder.5.self_attn.out_proj.weight,transformer_self_attn,Transformer self-attention,1,5.0,self_attn_out_proj_weight,Self-attention,512x512,262144,-3.0022030841792002e-05,0.05985739827156067,-3.2529296731809154e-05,0.05984620377421379,-2.50724951911252e-06,0.0007837557350285351,163.33383178710938,0.4012849449675024,0.0040302276611328125,30.647003614813737,30.641272382885596,0.013093774191142183,0.9999135405868984,0.005313873291015625,0.000518798828125,0.00153350830078125,0.0020427703857421875,0.0026397705078125,0.00866724457591772,0.025619355961680412,0.03412727639079094,0.04410098120570183,0.0,0.0,0.0,0.0
Alpha,Alpha,Alpha,Alpha,base,,,0,transformer_encoder.6.self_attn.Wqkv.weight.tensor,transformer_encoder.6.self_attn.Wqkv.weight,transformer_self_attn,Transformer self-attention,1,6.0,self_attn_Wqkv_weight,Self-attention,1536x512,786432,-5.458114901557565e-05,0.08206424862146378,-5.344499368220568e-05,0.08203095942735672,1.1361414635757683e-06,0.0007821009494364262,487.5179443359375,0.693575135093153,0.0041217803955078125,72.77547341824717,72.74594262203735,0.009530341782967251,0.9999529985106637,0.003314971923828125,0.000518798828125,0.0015411376953125,0.002058684825897217,0.002685546875,0.006321860942989588,0.01877964660525322,0.025086253881454468,0.032724928110837936,0.0,0.0,0.0,0.0
Alpha,Alpha,Alpha,Alpha,base,,,0,transformer_encoder.6.self_attn.out_proj.bias.tensor,transformer_encoder.6.self_attn.out_proj.bias,transformer_self_attn,Transformer self-attention,1,6.0,self_attn_out_proj_bias,Self-attention,512,512,0.013186391443014145,0.06983010470867157,0.01318302657455206,0.0697426125407219,-3.36463563144207e-06,0.0003514875133987516,0.14297473430633545,0.007953618641911887,0.001861572265625,1.607999788132459,1.6060405371978637,0.004946280901656289,0.9999884645917705,0.0,0.000244140625,0.0006546014919877052,0.0008544921875,0.0014093443751335144,0.0034962084610015154,0.009374200366437435,0.012236729264259338,0.020182473585009575,0.0,0.0,0.0,0.0
Alpha,Alpha,Alpha,Alpha,base,,,0,transformer_encoder.6.self_attn.out_proj.weight.tensor,transformer_encoder.6.self_attn.out_proj.weight,transformer_self_attn,Transformer self-attention,1,6.0,self_attn_out_proj_weight,Self-attention,512x512,262144,6.82807803968899e-05,0.0660417228937149,6.748436135239899e-05,0.06603720784187317,-7.963863026816398e-07,0.000737610796932131,153.6680450439453,0.37765686281317856,0.003662109375,33.81339171074642,33.81108115669144,0.011168854814796415,0.9999368993730665,0.00408172607421875,0.00048828125,0.00146484375,0.001922607421875,0.0024973489344120026,0.007393525913357735,0.022180577740073204,0.029112009331583977,0.03781471028923988,0.0,0.0,0.0,0.0
Alpha,Alpha,Alpha,Alpha,base,,,0,transformer_encoder.7.self_attn.Wqkv.weight.tensor,transformer_encoder.7.self_attn.Wqkv.weight,transformer_self_attn,Transformer self-attention,1,7.0,self_attn_Wqkv_weight,Self-attention,1536x512,786432,5.859726297785528e-05,0.08321157097816467,5.8977791923098266e-05,0.08317911624908447,3.805176618243422e-07,0.0007937470218166709,495.1580505371094,0.7039023235181896,0.004119873046875,73.79294300608969,73.76414390326272,0.00953888400222893,0.9999525781244013,0.0035451252479106188,0.000518798828125,0.00157928466796875,0.0020751953125,0.002685546875,0.006234695203602314,0.0189791452139616,0.024938780814409256,0.03227371722459793,0.0,0.0,0.0,0.0
Alpha,Alpha,Alpha,Alpha,base,,,0,transformer_encoder.7.self_attn.out_proj.bias.tensor,transformer_encoder.7.self_attn.out_proj.bias,transformer_self_attn,Transformer self-attention,1,7.0,self_attn_out_proj_bias,Self-attention,512,512,0.02039126306772232,0.06323306262493134,0.020375778898596764,0.06313861906528473,-1.5483354218304157e-05,0.0003719936648849398,0.14919692277908325,0.008424543646147312,0.002197265625,1.503357150417094,1.5012157599541014,0.00560382051850047,0.9999852753197044,0.00390625,0.000244140625,0.0006977079901844263,0.0009529124945402145,0.0016358792781829834,0.0038609642069786787,0.011033909395337105,0.015069843269884586,0.02587062679231167,0.0,0.0,0.0,0.0
Alpha,Alpha,Alpha,Alpha,base,,,0,transformer_encoder.7.self_attn.out_proj.weight.tensor,transformer_encoder.7.self_attn.out_proj.weight,transformer_self_attn,Transformer self-attention,1,7.0,self_attn_out_proj_weight,Self-attention,512x512,262144,6.614855374209583e-05,0.0642695426940918,7.006647501839325e-05,0.06426295638084412,3.9179285522550344e-06,0.0007695826352573931,160.28273010253906,0.3940313590418159,0.00360107421875,32.906036695058894,32.90266443843777,0.011974439908801624,0.9999275091952508,0.004825592041015625,0.00051116943359375,0.00152587890625,0.00201416015625,0.002593994140625,0.007953524589538574,0.023741863667964935,0.031339261680841446,0.04036116972565651,0.0,0.0,0.0,0.0
Alpha,Alpha,Alpha,Alpha,base,,,0,transformer_encoder.8.self_attn.Wqkv.weight.tensor,transformer_encoder.8.self_attn.Wqkv.weight,transformer_self_attn,Transformer self-attention,1,8.0,self_attn_Wqkv_weight,Self-attention,1536x512,786432,-4.0591752622276545e-05,0.08352092653512955,-3.968271630583331e-05,0.08349128067493439,9.090129537980829e-07,0.0007906563114374876,493.37860107421875,0.7011618865850406,0.0045166015625,74.06725986814283,74.04097129081642,0.009466556314264421,0.9999534074985966,0.0033353168983012438,0.000518798828125,0.001556396484375,0.0020751953125,0.002685546875,0.006211602129042149,0.01863480731844902,0.024846408516168594,0.03215417638421059,0.0,0.0,0.0,0.0
Alpha,Alpha,Alpha,Alpha,base,,,0,transformer_encoder.8.self_attn.out_proj.bias.tensor,transformer_encoder.8.self_attn.out_proj.bias,transformer_self_attn,Transformer self-attention,1,8.0,self_attn_out_proj_bias,Self-attention,512,512,0.024965673685073853,0.06420286744832993,0.024992303922772408,0.06414827704429626,2.663105260580778e-05,0.0004138538788538426,0.16837364435195923,0.00938381217701507,0.001953125,1.558714132989936,1.5577817249988775,0.00602022653057553,0.9999820138827592,0.0,0.00029754638671875,0.00079345703125,0.00103759765625,0.0016412436962127686,0.004634471610188484,0.01235859002918005,0.016161233186721802,0.025563398376107216,0.0,0.0,0.0,0.0
Alpha,Alpha,Alpha,Alpha,base,,,0,transformer_encoder.8.self_attn.out_proj.weight.tensor,transformer_encoder.8.self_attn.out_proj.weight,transformer_self_attn,Transformer self-attention,1,8.0,self_attn_out_proj_weight,Self-attention,512x512,262144,1.4349880075315014e-06,0.07153227180242538,4.16108377976343e-06,0.07153382897377014,2.726123966567684e-06,0.0007762206951156259,161.7869110107422,0.3974273817439381,0.004150390625,36.62453504664342,36.62533329626503,0.010851397327987398,0.9999404386860529,0.004528045654296875,0.000518798828125,0.00152587890625,0.00201416015625,0.002593994140625,0.00725265359506011,0.021331332623958588,0.02815736085176468,0.03626326844096184,0.0,0.0,0.0,0.0
Alpha,Alpha,Alpha,Alpha,base,,,0,transformer_encoder.9.self_attn.Wqkv.weight.tensor,transformer_encoder.9.self_attn.Wqkv.weight,transformer_self_attn,Transformer self-attention,1,9.0,self_attn_Wqkv_weight,Self-attention,1536x512,786432,0.000242539681494236,0.08460711687803268,0.0002436149661662057,0.08448200672864914,1.0753144579211948e-06,0.0008331570425070822,520.991943359375,0.7388520229395805,0.00409698486328125,75.03080096700288,74.91985626842359,0.009847316214370468,0.9999509315968481,0.003643035888671875,0.00054931640625,0.00164794921875,0.00218963623046875,0.0028076171875,0.006492555141448975,0.019477665424346924,0.02588004618883133,0.033184170722961426,0.0,0.0,0.0,0.0
Alpha,Alpha,Alpha,Alpha,base,,,0,transformer_encoder.9.self_attn.out_proj.bias.tensor,transformer_encoder.9.self_attn.out_proj.bias,transformer_self_attn,Transformer self-attention,1,9.0,self_attn_out_proj_bias,Self-attention,512,512,0.003501572646200657,0.055311933159828186,0.0035976427607238293,0.05528143793344498,9.606988169252872e-05,0.00046671213931404054,0.19519531726837158,0.01078190221813462,0.001373291015625,1.2540716139469108,1.253522249645917,0.008597517157885735,0.9999630897025988,0.0078125,0.00030517578125,0.0009376523084938526,0.001142730936408043,0.0013654939830303192,0.005517357494682074,0.01695207692682743,0.02065975032746792,0.02468714490532875,0.0,0.0,0.0,0.0
Alpha,Alpha,Alpha,Alpha,base,,,0,transformer_encoder.9.self_attn.out_proj.weight.tensor,transformer_encoder.9.self_attn.out_proj.weight,transformer_self_attn,Transformer self-attention,1,9.0,self_attn_out_proj_weight,Self-attention,512x512,262144,2.3092787159839645e-05,0.06191784515976906,2.068565481749829e-05,0.06187984719872475,-2.4071428015304264e-06,0.0008185518672689795,170.5562286376953,0.4191002903681746,0.0078125,31.701952525756397,31.682493517837457,0.013220015077231013,0.9999120141801014,0.00502777099609375,0.00054931640625,0.0016021728515625,0.00213623046875,0.002777099609375,0.008871695958077908,0.02587578073143959,0.03450104221701622,0.04485135152935982,0.0,0.0,0.0,0.0
Alpha,Alpha,Alpha,Alpha,base,,,0,transformer_encoder.10.self_attn.Wqkv.weight.tensor,transformer_encoder.10.self_attn.Wqkv.weight,transformer_self_attn,Transformer self-attention,1,10.0,self_attn_Wqkv_weight,Self-attention,1536x512,786432,0.0001790486858226359,0.0850459486246109,0.00017905754793900996,0.08501512557268143,8.86120687937364e-09,0.0008191152010113001,511.9364929199219,0.7263989828545847,0.004062652587890625,75.41982433249066,75.39248216624453,0.009631406454252962,0.999951933938573,0.0036112468224018812,0.00054931640625,0.001598358154296875,0.00213623046875,0.00274658203125,0.006459053605794907,0.018794052302837372,0.025118542835116386,0.03229526802897453,0.0,0.0,0.0,0.0
Alpha,Alpha,Alpha,Alpha,base,,,0,transformer_encoder.10.self_attn.out_proj.bias.tensor,transformer_encoder.10.self_attn.out_proj.bias,transformer_self_attn,Transformer self-attention,1,10.0,self_attn_out_proj_bias,Self-attention,512,512,0.0012445800239220262,0.05663425475358963,0.0012254856992512941,0.05693154036998749,-1.909432467073202e-05,0.0005691797123290598,0.2310277819633484,0.012886312175986183,0.001953125,1.2817963156504482,1.2885121413322405,0.010053322839703251,0.9999634905966122,0.0,0.0003662109375,0.0010986328125,0.0014514178037643433,0.0019219368696212769,0.006466243416070938,0.019398730248212814,0.02562790922820568,0.03393593803048134,0.0,0.0,0.0,0.0
Alpha,Alpha,Alpha,Alpha,base,,,0,transformer_encoder.10.self_attn.out_proj.weight.tensor,transformer_encoder.10.self_attn.out_proj.weight,transformer_self_attn,Transformer self-attention,1,10.0,self_attn_out_proj_weight,Self-attention,512x512,262144,-7.101225492078811e-05,0.06041784957051277,-7.101614028215408e-05,0.06039593368768692,-3.9246970118256286e-09,0.0007826684741303325,162.9805145263672,0.40072615915942705,0.00390625,30.93397135021777,30.92275039027445,0.012954242267266892,0.9999153943261276,0.004955291748046875,0.000518798828125,0.0015386790037155151,0.002044677734375,0.00262451171875,0.008586845360696316,0.025467287749052048,0.03384227305650711,0.043439336121082306,0.0,0.0,0.0,0.0
Alpha,Alpha,Alpha,Alpha,base,,,0,transformer_encoder.11.self_attn.Wqkv.weight.tensor,transformer_encoder.11.self_attn.Wqkv.weight,transformer_self_attn,Transformer self-attention,1,11.0,self_attn_Wqkv_weight,Self-attention,1536x512,786432,-0.00019976306066382676,0.08163049817085266,-0.00019824602350126952,0.08158601820468903,1.5170770666372846e-06,0.0008087364840321243,505.12664794921875,0.7171962779054367,0.00726318359375,72.3910179004015,72.35156882693526,0.009907255053274354,0.9999490606726154,0.003635406494140625,0.00054931640625,0.0015869140625,0.002105712890625,0.002720355987548828,0.006729302927851677,0.01944020949304104,0.02579566091299057,0.03332524001598358,0.0,0.0,0.0,0.0
Alpha,Alpha,Alpha,Alpha,base,,,0,transformer_encoder.11.self_attn.out_proj.bias.tensor,transformer_encoder.11.self_attn.out_proj.bias,transformer_self_attn,Transformer self-attention,1,11.0,self_attn_out_proj_bias,Self-attention,512,512,-0.012231702916324139,0.06654907763004303,-0.012328581884503365,0.06685593724250793,-9.687978308647871e-05,0.0005923443823121488,0.24083656072616577,0.01358130590755504,0.00244140625,1.5310577739028002,1.5382834074626186,0.008870537832760048,0.9999719582752737,0.005859375,0.0003662109375,0.001220703125,0.0015802010893821716,0.002191901206970215,0.005502869375050068,0.018342899158596992,0.023744896054267883,0.03293661028146744,0.0,0.0,0.0,0.0
Alpha,Alpha,Alpha,Alpha,base,,,0,transformer_encoder.11.self_attn.out_proj.weight.tensor,transformer_encoder.11.self_attn.out_proj.weight,transformer_self_attn,Transformer self-attention,1,11.0,self_attn_out_proj_weight,Self-attention,512x512,262144,0.00012059643631801009,0.061377786099910736,0.0001227337052114308,0.06134149804711342,2.1373059553297935e-06,0.0007662137504667044,159.49273681640625,0.3923028958530493,0.003814697265625,31.425498415834134,31.406922411956014,0.012483585484052977,0.9999214210219926,0.004581451416015625,0.0005035400390625,0.0015106201171875,0.0020084381103515625,0.0025634765625,0.008203944191336632,0.024611832574009895,0.03272255137562752,0.04176553711295128,0.0,0.0,0.0,0.0
Alpha,Alpha,Alpha,Alpha,base,,,0,transformer_encoder.12.self_attn.Wqkv.weight.tensor,transformer_encoder.12.self_attn.Wqkv.weight,transformer_self_attn,Transformer self-attention,1,12.0,self_attn_Wqkv_weight,Self-attention,1536x512,786432,-7.939530769363046e-05,0.0797630101442337,-8.2800914242398e-05,0.07970987260341644,-3.4056211006827652e-06,0.0008330618147738278,518.5675048828125,0.7387731618848742,0.00439453125,70.73472187622038,70.68760361398242,0.010444278881560498,0.9999439239473679,0.0037740070838481188,0.00054931640625,0.00164794921875,0.002197265625,0.002844095230102539,0.006886855699121952,0.02066056802868843,0.027547422796487808,0.03565681353211403,0.0,0.0,0.0,0.0
Alpha,Alpha,Alpha,Alpha,base,,,0,transformer_encoder.12.self_attn.out_proj.bias.tensor,transformer_encoder.12.self_attn.out_proj.bias,transformer_self_attn,Transformer self-attention,1,12.0,self_attn_out_proj_bias,Self-attention,512,512,7.303804159164429e-05,0.06083318218588829,-5.5863289162516594e-05,0.061210643500089645,-0.00012890133075416088,0.0006088042282499373,0.2480992078781128,0.014081056280186946,0.0020751953125,1.3764987493468457,1.3850393092089097,0.010229617925085827,0.9999671690641888,0.00390625,0.000396728515625,0.0012649530544877052,0.0015869140625,0.0020128190517425537,0.006521579809486866,0.020793797448277473,0.026086319237947464,0.03308751434087753,0.0,0.0,0.0,0.0
Alpha,Alpha,Alpha,Alpha,base,,,0,transformer_encoder.12.self_attn.out_proj.weight.tensor,transformer_encoder.12.self_attn.out_proj.weight,transformer_self_attn,Transformer self-attention,1,12.0,self_attn_out_proj_weight,Self-attention,512x512,262144,0.00010403731721453369,0.06129160895943642,0.00010514249879634008,0.06126781180500984,1.1051722594856983e-06,0.0007657610694877803,159.20310974121094,0.3920700049220968,0.00360107421875,31.381360628912745,31.369177046181616,0.012493722294528446,0.9999213949540435,0.004550933837890625,0.0005035400390625,0.00151824951171875,0.00201416015625,0.002593994140625,0.008215479552745819,0.024770915508270264,0.032861918210983276,0.04232216626405716,0.0,0.0,0.0,0.0
Alpha,Alpha,Alpha,Alpha,base,,,0,transformer_encoder.13.self_attn.Wqkv.weight.tensor,transformer_encoder.13.self_attn.Wqkv.weight,transformer_self_attn,Transformer self-attention,1,13.0,self_attn_Wqkv_weight,Self-attention,1536x512,786432,-0.00021033840312156826,0.07851918786764145,-0.00020998292893636972,0.07848557829856873,3.554607701516943e-07,0.0008448323351331055,527.2684326171875,0.749205247679793,0.00732421875,69.63190747827105,69.60210224352961,0.010759510615353676,0.9999403980507999,0.0038477580528706312,0.00054931640625,0.0016632080078125,0.002197265625,0.00286865234375,0.006995950359851122,0.021182183176279068,0.027983801439404488,0.03653440997004509,0.0,0.0,0.0,0.0
Alpha,Alpha,Alpha,Alpha,base,,,0,transformer_encoder.13.self_attn.out_proj.bias.tensor,transformer_encoder.13.self_attn.out_proj.bias,transformer_self_attn,Transformer self-attention,1,13.0,self_attn_out_proj_bias,Self-attention,512,512,-0.01542249321937561,0.0852852538228035,-0.015543324872851372,0.08553285151720047,-0.00012083165347576141,0.0005396498600021005,0.2307586669921875,0.012513232770604276,0.001708984375,1.9610840640065546,1.9670844526017695,0.006380773267328979,0.9999843947835874,0.0,0.0003814697265625,0.0010139462538063526,0.0014276131987571716,0.001708984375,0.004472868051379919,0.011888880282640457,0.016739271581172943,0.02003844827413559,0.0,0.0,0.0,0.0
Alpha,Alpha,Alpha,Alpha,base,,,0,transformer_encoder.13.self_attn.out_proj.weight.tensor,transformer_encoder.13.self_attn.out_proj.weight,transformer_self_attn,Transformer self-attention,1,13.0,self_attn_out_proj_weight,Self-attention,512x512,262144,-8.232514664996415e-05,0.058098554611206055,-8.04809169494547e-05,0.058066725730895996,1.8442437976773363e-06,0.0007588419830426574,157.9239959716797,0.38852817428452696,0.00384521484375,29.74650078718556,29.730203661691,0.013061306842917378,0.9999140533939889,0.00453948974609375,0.0005006790161132812,0.001495361328125,0.0019989013671875,0.0025634765625,0.00861775130033493,0.025738351047039032,0.03440534695982933,0.04412288963794708,0.0,0.0,0.0,0.0
Alpha,Alpha,Alpha,Alpha,base,,,0,transformer_encoder.14.self_attn.Wqkv.weight.tensor,transformer_encoder.14.self_attn.Wqkv.weight,transformer_self_attn,Transformer self-attention,1,14.0,self_attn_Wqkv_weight,Self-attention,1536x512,786432,-3.622034682848607e-06,0.0795673355460167,1.19302910661645e-06,0.07953156530857086,4.815056854567956e-06,0.0008385878172703087,522.6626586914062,0.7436797950371782,0.00439453125,70.56116445813164,70.52944309825507,0.010539505700454243,0.9999429002565313,0.0037180583458393812,0.00054931640625,0.00164794921875,0.002197265625,0.002839207649230957,0.006903792265802622,0.020711377263069153,0.027615169063210487,0.035683076828718185,0.0,0.0,0.0,0.0
Alpha,Alpha,Alpha,Alpha,base,,,0,transformer_encoder.14.self_attn.out_proj.bias.tensor,transformer_encoder.14.self_attn.out_proj.bias,transformer_self_attn,Transformer self-attention,1,14.0,self_attn_out_proj_bias,Self-attention,512,512,0.0021043310407549143,0.0782407820224762,0.002055560704320669,0.07834884524345398,-4.8770569264888763e-05,0.0005183349130675197,0.20595240592956543,0.011780383040519052,0.0020751953125,1.7710269896886288,1.7734420709088947,0.006651724174222526,0.9999788387648271,0.0,0.00030517578125,0.0010528564453125,0.0014564525336027145,0.001856878399848938,0.003900469047948718,0.013456618413329124,0.018615001812577248,0.0237328689545393,0.0,0.0,0.0,0.0
Alpha,Alpha,Alpha,Alpha,base,,,0,transformer_encoder.14.self_attn.out_proj.weight.tensor,transformer_encoder.14.self_attn.out_proj.weight,transformer_self_attn,Transformer self-attention,1,14.0,self_attn_out_proj_weight,Self-attention,512x512,262144,0.00011341196659486741,0.0629572793841362,0.00011041823017876595,0.06293655931949615,-2.9937209546915255e-06,0.0007811971008777618,162.25453186035156,0.39997578040947596,0.004180908203125,32.23419133188101,32.22358035444502,0.012408432285188746,0.9999221958182697,0.004161834716796875,0.000518798828125,0.0015411376953125,0.0020599365234375,0.002655029296875,0.008240489289164543,0.024479100480675697,0.03271958976984024,0.042171914130449295,0.0,0.0,0.0,0.0
Alpha,Alpha,Alpha,Alpha,base,,,0,transformer_encoder.15.self_attn.Wqkv.weight.tensor,transformer_encoder.15.self_attn.Wqkv.weight,transformer_self_attn,Transformer self-attention,1,15.0,self_attn_Wqkv_weight,Self-attention,1536x512,786432,-5.524737935047597e-05,0.07840512692928314,-5.4185118642635643e-05,0.0783872902393341,1.062257183548354e-06,0.0009183441288769245,567.1453247070312,0.8143967350528039,0.0164794921875,69.53053019290338,69.51471011142173,0.011712793398717869,0.9999295627485398,0.003917694091796875,0.0006103515625,0.001800537109375,0.00244140625,0.00347900390625,0.007784586865454912,0.02296452969312668,0.03113834746181965,0.04437214508652687,0.0,0.0,0.0,0.0
Alpha,Alpha,Alpha,Alpha,base,,,0,transformer_encoder.15.self_attn.out_proj.bias.tensor,transformer_encoder.15.self_attn.out_proj.bias,transformer_self_attn,Transformer self-attention,1,15.0,self_attn_out_proj_bias,Self-attention,512,512,-0.010012953542172909,0.09045206010341644,-0.010000450536608696,0.0905124843120575,1.2503005564212799e-05,0.0005359525675885379,0.21536493301391602,0.01213052197631124,0.002197265625,2.0591986851330097,2.060526510562876,0.005890894387163909,0.9999827886815744,0.001953125,0.0003662109375,0.0010513300076127052,0.001566775143146515,0.0019321665167808533,0.004048673901706934,0.011623062193393707,0.01732160709798336,0.021361220628023148,0.0,0.0,0.0,0.0
Alpha,Alpha,Alpha,Alpha,base,,,0,transformer_encoder.15.self_attn.out_proj.weight.tensor,transformer_encoder.15.self_attn.out_proj.weight,transformer_self_attn,Transformer self-attention,1,15.0,self_attn_out_proj_weight,Self-attention,512x512,262144,2.0031939129694365e-05,0.06572773307561874,2.0341127310530283e-05,0.06568216532468796,3.091861344728386e-07,0.0008514869841746986,176.87515258789062,0.43596129950636914,0.004177093505859375,33.6526137630636,33.62928353291964,0.012954753011929734,0.9999156217292902,0.004482269287109375,0.00055694580078125,0.001678466796875,0.0022430419921875,0.0029296875,0.008473527617752552,0.025536658242344856,0.03412625938653946,0.04457307606935501,0.0,0.0,0.0,0.0
Alpha,Alpha,Alpha,Alpha,base,,,0,transformer_encoder.16.self_attn.Wqkv.weight.tensor,transformer_encoder.16.self_attn.Wqkv.weight,transformer_self_attn,Transformer self-attention,1,16.0,self_attn_Wqkv_weight,Self-attention,1536x512,786432,-6.306452269200236e-05,0.06916620582342148,-6.234422471607104e-05,0.06918665021657944,7.202986580523429e-07,0.0009745558490976691,597.894287109375,0.8642454329643928,0.011474609375,61.33735798332856,61.35549747424839,0.01409003356811162,0.9998990370312544,0.0046374001540243626,0.0006103515625,0.00189208984375,0.00262451171875,0.004150390625,0.008824417367577553,0.027355695143342018,0.03794499486684799,0.0600060410797596,0.0,0.0,0.0,0.0
Alpha,Alpha,Alpha,Alpha,base,,,0,transformer_encoder.16.self_attn.out_proj.bias.tensor,transformer_encoder.16.self_attn.out_proj.bias,transformer_self_attn,Transformer self-attention,1,16.0,self_attn_out_proj_bias,Self-attention,512,512,0.002451110165566206,0.06382599472999573,0.0024205397348850965,0.06372375041246414,-3.05703142657876e-05,0.0006118626333773136,0.24668699502944946,0.013862139578921358,0.0029296875,1.445281982099681,1.4429437144637178,0.00959130450015926,0.9999552382131931,0.001953125,0.00042724609375,0.0012039178982377052,0.0015104103367775679,0.002305924892425537,0.006693919189274311,0.018862498924136162,0.023664498701691628,0.03612830117344856,0.0,0.0,0.0,0.0
Alpha,Alpha,Alpha,Alpha,base,,,0,transformer_encoder.16.self_attn.out_proj.weight.tensor,transformer_encoder.16.self_attn.out_proj.weight,transformer_self_attn,Transformer self-attention,1,16.0,self_attn_out_proj_weight,Self-attention,512x512,262144,1.39124977067695e-05,0.06549250334501266,1.8310194718651474e-05,0.06547781080007553,4.397707016323693e-06,0.0009137070155702531,190.23544311523438,0.46782336834633337,0.0048675537109375,33.532176492908455,33.524652775979646,0.013951476381059157,0.9999019154244788,0.0048065185546875,0.0006103515625,0.001800537109375,0.00238037109375,0.00312042236328125,0.009319409728050232,0.027492258697748184,0.036345697939395905,0.047645483165979385,0.0,0.0,0.0,0.0
Alpha,Alpha,Alpha,Alpha,base,,,0,transformer_encoder.17.self_attn.Wqkv.weight.tensor,transformer_encoder.17.self_attn.Wqkv.weight,transformer_self_attn,Transformer self-attention,1,17.0,self_attn_Wqkv_weight,Self-attention,1536x512,786432,-7.111241575330496e-05,0.09043940156698227,-7.029967673588544e-05,0.09052295982837677,8.127562978188507e-07,0.0010193457128480077,626.8948974609375,0.9039657678684502,0.01171875,80.20265774021301,80.27674909531713,0.011271020105050674,0.9999352428536703,0.0040690102614462376,0.00067138671875,0.001983642578125,0.00274658203125,0.004150390625,0.007423608098179102,0.021933387964963913,0.030369305983185768,0.04589139297604561,0.0,0.0,0.0,0.0
Alpha,Alpha,Alpha,Alpha,base,,,0,transformer_encoder.17.self_attn.out_proj.bias.tensor,transformer_encoder.17.self_attn.out_proj.bias,transformer_self_attn,Transformer self-attention,1,17.0,self_attn_out_proj_bias,Self-attention,512,512,-0.0052572558633983135,0.03579435124993324,-0.005288525018841028,0.035829171538352966,-3.126950468868017e-05,0.0005461995606310666,0.21506661176681519,0.012379321536412163,0.0020751953125,0.8186230655728276,0.8195055671209539,0.015122126479217478,0.9998864116725023,0.0078125,0.000335693359375,0.0011402128729969263,0.0014852145686745644,0.001966036856174469,0.009378386661410332,0.0318545363843441,0.041492972522974014,0.05492587760090828,0.0,0.0,0.0,0.0
Alpha,Alpha,Alpha,Alpha,base,,,0,transformer_encoder.17.self_attn.out_proj.weight.tensor,transformer_encoder.17.self_attn.out_proj.weight,transformer_self_attn,Transformer self-attention,1,17.0,self_attn_out_proj_weight,Self-attention,512x512,262144,-0.00015262558008544147,0.068601094186306,-0.000153098109876737,0.06856036186218262,-4.725109192804666e-07,0.0009593978757038713,198.77041625976562,0.4912117110562917,0.004852294921875,35.1238600793677,35.103004818186506,0.013985128910840383,0.9999015659498959,0.004413604736328125,0.00061798095703125,0.00189208984375,0.0025634765625,0.003387451171875,0.009008323773741722,0.027581041678786278,0.03736786171793938,0.04937896132469177,0.0,0.0,0.0,0.0
Alpha,Alpha,Alpha,Alpha,base,,,0,transformer_encoder.0.ff.fc1.weight.tensor,transformer_encoder.0.ff.fc1.weight,transformer_ffn,Transformer FFN,2,0.0,ff_fc1_weight,Feed-forward,4096x512,2097152,0.00048342556692659855,0.05654734745621681,0.00048323231749236584,0.056482307612895966,-1.9323078959132545e-07,0.0007187945884652436,1124.951904296875,1.0409222358768608,0.004058837890625,81.89238842071954,81.79820766583917,0.012710854524466221,0.9999167263847801,0.004782676696777344,0.00042724609375,0.00146484375,0.001983642578125,0.002593994140625,0.007555544842034578,0.02590472437441349,0.035079315304756165,0.045872949063777924,0.0,0.0,0.0,0.0
Alpha,Alpha,Alpha,Alpha,base,,,0,transformer_encoder.0.ff.fc2.weight.tensor,transformer_encoder.0.ff.fc2.weight,transformer_ffn,Transformer FFN,2,0.0,ff_fc2_weight,Feed-forward,512x2048,1048576,-7.165218994487077e-05,0.056143082678318024,-7.077948248479515e-05,0.05606004595756531,8.727220119908452e-07,0.0007939462084323168,661.99365234375,0.8130002682463706,0.0040416717529296875,57.49062423560906,57.405592929690876,0.014141440957650847,0.9998988980416768,0.0052356719970703125,0.0005340576171875,0.001556396484375,0.0020751953125,0.002655029296875,0.00951243657618761,0.027721958234906197,0.036962609738111496,0.04729039967060089,0.0,0.0,0.0,0.0
Alpha,Alpha,Alpha,Alpha,base,,,0,transformer_encoder.1.ff.fc1.weight.tensor,transformer_encoder.1.ff.fc1.weight,transformer_ffn,Transformer FFN,2,1.0,ff_fc1_weight,Feed-forward,4096x512,2097152,-0.00020184538152534515,0.06706023961305618,-0.00019929770496673882,0.06697920709848404,2.5476738301222213e-06,0.0007799618761055171,1276.862060546875,1.1295068852357035,0.0042724609375,97.11417551489329,96.99681856896132,0.011630710751001251,0.9999297678200866,0.003886699676513672,0.00048828125,0.001556396484375,0.0020751953125,0.002685546875,0.007281232625246048,0.02320892922580242,0.03094523772597313,0.040046777576208115,0.0,0.0,0.0,0.0
Alpha,Alpha,Alpha,Alpha,base,,,0,transformer_encoder.1.ff.fc2.weight.tensor,transformer_encoder.1.ff.fc2.weight,transformer_ffn,Transformer FFN,2,1.0,ff_fc2_weight,Feed-forward,512x2048,1048576,8.975168748293072e-05,0.06665235012769699,9.029318607645109e-05,0.06655866652727127,5.41492511274555e-07,0.0008124501327984035,678.703369140625,0.8319481821636059,0.0043792724609375,68.25213910338269,68.15620343304232,0.012189334914520811,0.9999245215701021,0.004292488098144531,0.00054931640625,0.0015869140625,0.002105712890625,0.002685546875,0.008241514675319195,0.02380882203578949,0.0315924733877182,0.04029184952378273,0.0,0.0,0.0,0.0
Alpha,Alpha,Alpha,Alpha,base,,,0,transformer_encoder.2.ff.fc1.weight.tensor,transformer_encoder.2.ff.fc1.weight,transformer_ffn,Transformer FFN,2,2.0,ff_fc1_weight,Feed-forward,4096x512,2097152,-0.0003498551668599248,0.07062771916389465,-0.0003487348440103233,0.07054346799850464,1.1203259191461257e-06,0.0008132469956763089,1357.905029296875,1.1777038064155825,0.0042724609375,102.28127386953587,102.15926597719856,0.011514363889501245,0.9999308041745057,0.003860950469970703,0.00054931640625,0.0015869140625,0.002105712890625,0.002685546875,0.0077776312828063965,0.02246871218085289,0.029814252629876137,0.03802397474646568,0.0,0.0,0.0,0.0
Alpha,Alpha,Alpha,Alpha,base,,,0,transformer_encoder.2.ff.fc2.weight.tensor,transformer_encoder.2.ff.fc2.weight,transformer_ffn,Transformer FFN,2,2.0,ff_fc2_weight,Feed-forward,512x2048,1048576,8.055991202127188e-06,0.06815996021032333,8.121267455862835e-06,0.06807224452495575,6.526192919409368e-08,0.0008117767283692956,677.6864013671875,0.8312584596934826,0.0037841796875,69.7958693541835,69.70605484483575,0.011909851791876074,0.9999276650308747,0.0041942596435546875,0.00054931640625,0.0015869140625,0.0021010637283325195,0.002685546875,0.008059223182499409,0.02328220009803772,0.030825480818748474,0.039400648325681686,0.0,0.0,0.0,0.0
Alpha,Alpha,Alpha,Alpha,base,,,0,transformer_encoder.3.ff.fc1.weight.tensor,transformer_encoder.3.ff.fc1.weight,transformer_ffn,Transformer FFN,2,3.0,ff_fc1_weight,Feed-forward,4096x512,2097152,-0.0007111746817827225,0.07065483182668686,-0.0007086506229825318,0.07057774811983109,2.524069941500784e-06,0.000803979579359293,1342.2489013671875,1.1642878781464885,0.00408172607421875,102.32447814733774,102.21280745490019,0.011378390578938608,0.9999321080313855,0.0037813186645507812,0.00054931640625,0.0015869140625,0.0020751953125,0.002685546875,0.007774646393954754,0.0224600899964571,0.029370887205004692,0.03800938278436661,0.0,0.0,0.0,0.0
Alpha,Alpha,Alpha,Alpha,base,,,0,transformer_encoder.3.ff.fc2.weight.tensor,transformer_encoder.3.ff.fc2.weight,transformer_ffn,Transformer FFN,2,3.0,ff_fc2_weight,Feed-forward,512x2048,1048576,-2.885437606892083e-05,0.06670832633972168,-2.8884242055937648e-05,0.06663388013839722,-2.9856721539545106e-08,0.0007994196494109929,667.364501953125,0.8186048626568659,0.0039215087890625,68.30940137643024,68.23317458012085,0.011983780360565549,0.9999265582530884,0.004088401794433594,0.00054931640625,0.0015869140625,0.0020751953125,0.002655029296875,0.008234599605202675,0.02378884330391884,0.031108487397432327,0.03980056568980217,0.0,0.0,0.0,0.0
Alpha,Alpha,Alpha,Alpha,base,,,0,transformer_encoder.4.ff.fc1.weight.tensor,transformer_encoder.4.ff.fc1.weight,transformer_ffn,Transformer FFN,2,4.0,ff_fc1_weight,Feed-forward,4096x512,2097152,-0.001038560178130865,0.07028269022703171,-0.001036301488056779,0.07020861655473709,2.258813083244604e-06,0.000804763927590102,1344.3162841796875,1.1654226562124232,0.004638671875,101.79146786291815,101.68416750839336,0.011449119269818156,0.9999314458414562,0.0038347244262695312,0.00054931640625,0.0015869140625,0.0020751953125,0.002685546875,0.007815812714397907,0.02257901430130005,0.029526403173804283,0.03821064159274101,0.0,0.0,0.0,0.0
Alpha,Alpha,Alpha,Alpha,base,,,0,transformer_encoder.4.ff.fc2.weight.tensor,transformer_encoder.4.ff.fc2.weight,transformer_ffn,Transformer FFN,2,4.0,ff_fc2_weight,Feed-forward,512x2048,1048576,1.6859914467204362e-05,0.06677135825157166,1.6016150766517967e-05,0.06669952720403671,-8.437611427325464e-07,0.0007983331452123821,666.4666137695312,0.8174926975635703,0.004302978515625,68.37394666121921,68.30038704937,0.01195620170375845,0.9999267615696833,0.0040531158447265625,0.00054931640625,0.00157928466796875,0.0020751953125,0.002655029296875,0.00822682585567236,0.023652125149965286,0.031079120934009552,0.03976299241185188,0.0,0.0,0.0,0.0
Alpha,Alpha,Alpha,Alpha,base,,,0,transformer_encoder.5.ff.fc1.weight.tensor,transformer_encoder.5.ff.fc1.weight,transformer_ffn,Transformer FFN,2,5.0,ff_fc1_weight,Feed-forward,4096x512,2097152,-0.0008525169687345624,0.06985998153686523,-0.0008496654918417335,0.06978777050971985,2.8514134555734927e-06,0.0008009133744053543,1336.4923095703125,1.1598492354219994,0.00443267822265625,101.17574437581371,101.07112865143537,0.01146370844689582,0.9999312032252481,0.0039310455322265625,0.00054931640625,0.0015869140625,0.0020751953125,0.002685546875,0.007863104343414307,0.02271563559770584,0.02970506250858307,0.038441844284534454,0.0,0.0,0.0,0.0
Alpha,Alpha,Alpha,Alpha,base,,,0,transformer_encoder.5.ff.fc2.weight.tensor,transformer_encoder.5.ff.fc2.weight,transformer_ffn,Transformer FFN,2,5.0,ff_fc2_weight,Feed-forward,512x2048,1048576,3.536560325301252e-05,0.06654928624629974,3.5480908991303295e-05,0.06648991256952286,1.1530335086717969e-07,0.0007898502517491579,659.3134765625,0.8088057604026169,0.0040283203125,68.14655264001804,68.08575059139578,0.0118686232695452,0.9999277846125866,0.003994941711425781,0.0005340576171875,0.001556396484375,0.00205230712890625,0.00262451171875,0.008024993352591991,0.0233871228992939,0.030838901177048683,0.03943710774183273,0.0,0.0,0.0,0.0
Alpha,Alpha,Alpha,Alpha,base,,,0,transformer_encoder.6.ff.fc1.weight.tensor,transformer_encoder.6.ff.fc1.weight,transformer_ffn,Transformer FFN,2,6.0,ff_fc1_weight,Feed-forward,4096x512,2097152,-0.0011859332444146276,0.06967145204544067,-0.0011809647548943758,0.06960002332925797,4.968475877831224e-06,0.0007899738848209381,1318.2596435546875,1.14402254536561,0.00439453125,100.90981625008045,100.80625174375348,0.011337078867832015,0.999932653955619,0.0039033889770507812,0.000530242919921875,0.001556396484375,0.0020599365234375,0.00263214111328125,0.007610618602484465,0.02233908325433731,0.029566433280706406,0.03777933120727539,0.0,0.0,0.0,0.0
Alpha,Alpha,Alpha,Alpha,base,,,0,transformer_encoder.6.ff.fc2.weight.tensor,transformer_encoder.6.ff.fc2.weight,transformer_ffn,Transformer FFN,2,6.0,ff_fc2_weight,Feed-forward,512x2048,1048576,-8.750530105317011e-05,0.06490107625722885,-8.661065658088773e-05,0.06483951210975647,8.946411753640859e-07,0.0007865217630751431,656.5367431640625,0.805397868251987,0.003936767578125,66.45883212325883,66.39578961731121,0.012118748442016438,0.9999247059912326,0.004322052001953125,0.00052642822265625,0.0015411376953125,0.002044677734375,0.00262451171875,0.008111239410936832,0.02374594658613205,0.03150452300906181,0.04043864086270332,0.0,0.0,0.0,0.0
Alpha,Alpha,Alpha,Alpha,base,,,0,transformer_encoder.7.ff.fc1.weight.tensor,transformer_encoder.7.ff.fc1.weight,transformer_ffn,Transformer FFN,2,7.0,ff_fc1_weight,Feed-forward,4096x512,2097152,-0.0017821099609136581,0.06979400664567947,-0.0017777509056031704,0.06972543150186539,4.359170816314872e-06,0.0008068443858064711,1347.2696533203125,1.168447594100393,0.0041656494140625,101.10562140498173,101.00617826091134,0.011556702563748933,0.9999301511139668,0.0039825439453125,0.00054931640625,0.0015869140625,0.0020751953125,0.002685546875,0.007870537228882313,0.022737108170986176,0.029733141884207726,0.03847818449139595,0.0,0.0,0.0,0.0
Alpha,Alpha,Alpha,Alpha,base,,,0,transformer_encoder.7.ff.fc2.weight.tensor,transformer_encoder.7.ff.fc2.weight,transformer_ffn,Transformer FFN,2,7.0,ff_fc2_weight,Feed-forward,512x2048,1048576,-0.00010145736450795084,0.0664454996585846,-0.000101318015367724,0.06639591604471207,1.3934385378888692e-07,0.0008020020904950798,669.6085205078125,0.8212491818428319,0.0040283203125,68.04034304183071,67.9895693689021,0.012070032941161421,0.9999251792886428,0.00445556640625,0.00054931640625,0.0015869140625,0.0020751953125,0.002685546875,0.008267171680927277,0.023882940411567688,0.031231537461280823,0.04041728377342224,0.0,0.0,0.0,0.0
Alpha,Alpha,Alpha,Alpha,base,,,0,transformer_encoder.8.ff.fc1.weight.tensor,transformer_encoder.8.ff.fc1.weight,transformer_ffn,Transformer FFN,2,8.0,ff_fc1_weight,Feed-forward,4096x512,2097152,-0.001965048024430871,0.07154137641191483,-0.0019629027228802443,0.07147271186113358,2.1449891391966958e-06,0.0008347558323293924,1394.55712890625,1.2088543601681698,0.00433349609375,103.64221622666605,103.54273347874297,0.011663725498925916,0.9999286617291238,0.004158496856689453,0.00054931640625,0.00164794921875,0.002166748046875,0.002777099609375,0.007678302936255932,0.02303490787744522,0.0302866380661726,0.03881808742880821,0.0,0.0,0.0,0.0
Alpha,Alpha,Alpha,Alpha,base,,,0,transformer_encoder.8.ff.fc2.weight.tensor,transformer_encoder.8.ff.fc2.weight,transformer_ffn,Transformer FFN,2,8.0,ff_fc2_weight,Feed-forward,512x2048,1048576,3.0415469154831953e-05,0.07051945477724075,2.901814877986908e-05,0.07046560198068619,-1.3973099157738034e-06,0.0008202879107557237,684.70947265625,0.8399750362955625,0.0078125,72.2120020646672,72.15685226037095,0.011632069632182992,0.9999306657853919,0.004992485046386719,0.00054931640625,0.0016021728515625,0.00213623046875,0.00274658203125,0.0077895717695355415,0.02271958440542221,0.030292779207229614,0.03894785791635513,0.0,0.0,0.0,0.0
Alpha,Alpha,Alpha,Alpha,base,,,0,transformer_encoder.9.ff.fc1.weight.tensor,transformer_encoder.9.ff.fc1.weight,transformer_ffn,Transformer FFN,2,9.0,ff_fc1_weight,Feed-forward,4096x512,2097152,-0.0007123917457647622,0.07014453411102295,-0.0007088304846547544,0.0700710117816925,3.5612383726402186e-06,0.0008561511058360338,1430.514892578125,1.2398446018766518,0.00469970703125,101.58553104250379,101.47900895166694,0.012204933017064051,0.9999223973051083,0.004175662994384766,0.000579833984375,0.001678466796875,0.002197265625,0.002838134765625,0.008266273885965347,0.0239286869764328,0.031324826180934906,0.040461234748363495,0.0,0.0,0.0,0.0
Alpha,Alpha,Alpha,Alpha,base,,,0,transformer_encoder.9.ff.fc2.weight.tensor,transformer_encoder.9.ff.fc2.weight,transformer_ffn,Transformer FFN,2,9.0,ff_fc2_weight,Feed-forward,512x2048,1048576,-1.7453397958888672e-05,0.0699407085776329,-1.8153321434510872e-05,0.0698687732219696,-6.99926545166818e-07,0.0008415589109063148,702.737548828125,0.8617557493482297,0.00439453125,71.61935855291675,71.54569944710164,0.012032441601826132,0.9999259635014468,0.004363059997558594,0.00055694580078125,0.00164794921875,0.00218963623046875,0.0028076171875,0.00796311255544424,0.02356208674609661,0.03130703046917915,0.04014281556010246,0.0,0.0,0.0,0.0
Alpha,Alpha,Alpha,Alpha,base,,,0,transformer_encoder.10.ff.fc1.weight.tensor,transformer_encoder.10.ff.fc1.weight,transformer_ffn,Transformer FFN,2,10.0,ff_fc1_weight,Feed-forward,4096x512,2097152,-0.0010418423917144537,0.0677933469414711,-0.0010357946157455444,0.06773337721824646,6.047675924492069e-06,0.0008373598102480173,1397.7227783203125,1.2126527021543205,0.00445556640625,98.18698281213248,98.1000217013865,0.012350442669926576,0.9999206526399484,0.004284381866455078,0.00054931640625,0.00164794921875,0.0021820068359375,0.0028024911880493164,0.00810280628502369,0.024308418855071068,0.03218614682555199,0.0413387306034565,0.0,0.0,0.0,0.0
Alpha,Alpha,Alpha,Alpha,base,,,0,transformer_encoder.10.ff.fc2.weight.tensor,transformer_encoder.10.ff.fc2.weight,transformer_ffn,Transformer FFN,2,10.0,ff_fc2_weight,Feed-forward,512x2048,1048576,-3.444885805947706e-05,0.06464735418558121,-3.5458830097923055e-05,0.06458458304405212,-1.0099863629875472e-06,0.000834349193610251,696.3516845703125,0.8543733176247609,0.009765625,66.19897430639503,66.13469476426499,0.012906141319809133,0.9999148730557703,0.004487037658691406,0.00054931640625,0.00164794921875,0.002166748046875,0.0027886629104614258,0.008497119881212711,0.02549136057496071,0.03351641818881035,0.04313652962446213,0.0,0.0,0.0,0.0
Alpha,Alpha,Alpha,Alpha,base,,,0,transformer_encoder.11.ff.fc1.weight.tensor,transformer_encoder.11.ff.fc1.weight,transformer_ffn,Transformer FFN,2,11.0,ff_fc1_weight,Feed-forward,4096x512,2097152,-0.0010969180148094893,0.0668487623333931,-0.001091887359507382,0.06678609549999237,5.030687589169247e-06,0.0008316191961057484,1386.855712890625,1.2043299400400742,0.004974365234375,96.82051391137365,96.72966416610522,0.01243878896514086,0.9999196288647652,0.004277706146240234,0.00054931640625,0.00164794921875,0.002166748046875,0.0028076171875,0.008217300288379192,0.024651899933815002,0.032412685453891754,0.04199953377246857,0.0,0.0,0.0,0.0
Alpha,Alpha,Alpha,Alpha,base,,,0,transformer_encoder.11.ff.fc2.weight.tensor,transformer_encoder.11.ff.fc2.weight,transformer_ffn,Transformer FFN,2,11.0,ff_fc2_weight,Feed-forward,512x2048,1048576,-9.978565503843129e-05,0.06456754356622696,-9.976873843697831e-05,0.06450380384922028,1.691768147793482e-08,0.0008220519521273673,686.4268798828125,0.84178027072471,0.0042724609375,66.11731627734711,66.05204431805082,0.012731615832584921,0.9999170798377062,0.004345893859863281,0.00054931640625,0.001617431640625,0.00213623046875,0.00274658203125,0.008507623337209225,0.025050224736332893,0.03308520093560219,0.0425381176173687,0.0,0.0,0.0,0.0
Alpha,Alpha,Alpha,Alpha,base,,,0,transformer_encoder.12.ff.fc1.weight.tensor,transformer_encoder.12.ff.fc1.weight,transformer_ffn,Transformer FFN,2,12.0,ff_fc1_weight,Feed-forward,4096x512,2097152,-0.001224516425281763,0.06746090948581696,-0.0012170327827334404,0.06741300225257874,7.483572517230641e-06,0.0008595529361627996,1434.50244140625,1.2448072339391985,0.005069732666015625,97.71007016935357,97.64051373213375,0.012739804932916887,0.9999158064819099,0.004313945770263672,0.000579833984375,0.0016937255859375,0.002227783203125,0.00286865234375,0.008595109917223454,0.02510676719248295,0.03302331641316414,0.04252317547798157,0.0,0.0,0.0,0.0
Alpha,Alpha,Alpha,Alpha,base,,,0,transformer_encoder.12.ff.fc2.weight.tensor,transformer_encoder.12.ff.fc2.weight,transformer_ffn,Transformer FFN,2,12.0,ff_fc2_weight,Feed-forward,512x2048,1048576,-3.34338765242137e-05,0.06491831690073013,-3.387591277714819e-05,0.06487137079238892,-4.4202408844284946e-07,0.0008402364328503609,701.7322387695312,0.8604013036752611,0.00830078125,66.47643350043307,66.42836028972302,0.012942952236895245,0.9999142912203254,0.004422187805175781,0.00055694580078125,0.00164794921875,0.0021820068359375,0.0028076171875,0.008579176850616932,0.025384962558746338,0.03361156955361366,0.043248455971479416,0.0,0.0,0.0,0.0
Alpha,Alpha,Alpha,Alpha,base,,,0,transformer_encoder.13.ff.fc1.weight.tensor,transformer_encoder.13.ff.fc1.weight,transformer_ffn,Transformer FFN,2,13.0,ff_fc1_weight,Feed-forward,4096x512,2097152,-0.0013571280287578702,0.06774163991212845,-0.001354911015368998,0.06769178807735443,2.2168965188029688e-06,0.0008659219020046294,1445.2569580078125,1.2539874374393132,0.005401611328125,98.12019793186059,98.04795940635378,0.012780115245080631,0.9999152577156044,0.004309177398681641,0.000579833984375,0.001708984375,0.00225830078125,0.002899169921875,0.00855949055403471,0.025227971374988556,0.03333696350455284,0.042797453701496124,0.0,0.0,0.0,0.0
Alpha,Alpha,Alpha,Alpha,base,,,0,transformer_encoder.13.ff.fc2.weight.tensor,transformer_encoder.13.ff.fc2.weight,transformer_ffn,Transformer FFN,2,13.0,ff_fc2_weight,Feed-forward,512x2048,1048576,4.59549373772461e-05,0.06497791409492493,4.566926509141922e-05,0.06493599712848663,-2.8567126264533726e-07,0.0008430564193986356,703.2023315429688,0.8632889484045,0.0074462890625,66.537469618864,66.49455158601342,0.012974478190251717,0.9999138502642725,0.004420280456542969,0.00055694580078125,0.00164794921875,0.002197265625,0.0028297007083892822,0.008571308106184006,0.02536167949438095,0.033815573900938034,0.04354865103960037,0.0,0.0,0.0,0.0
Alpha,Alpha,Alpha,Alpha,base,,,0,transformer_encoder.14.ff.fc1.weight.tensor,transformer_encoder.14.ff.fc1.weight,transformer_ffn,Transformer FFN,2,14.0,ff_fc1_weight,Feed-forward,4096x512,2097152,-0.0012365194270387292,0.06819237023591995,-0.0012309913290664554,0.06814127415418625,5.528237124963198e-06,0.0008960214909166098,1495.8170166015625,1.2975965124409112,0.00494384765625,98.76948482609646,98.69535176966289,0.013137625600918926,0.999910420524158,0.004385471343994141,0.0006103515625,0.00177001953125,0.0023193359375,0.00299072265625,0.008950436487793922,0.02595626562833786,0.034011658281087875,0.043857138603925705,0.0,0.0,0.0,0.0
Alpha,Alpha,Alpha,Alpha,base,,,0,transformer_encoder.14.ff.fc2.weight.tensor,transformer_encoder.14.ff.fc2.weight,transformer_ffn,Transformer FFN,2,14.0,ff_fc2_weight,Feed-forward,512x2048,1048576,5.758010229328647e-05,0.06619220972061157,5.559545024880208e-05,0.06614457070827484,-1.984647042263532e-06,0.0008720140322111547,727.3739624023438,0.8929437935880317,0.0068359375,67.78092222719273,67.73213123446287,0.013173969374376295,0.9999112912770485,0.0043811798095703125,0.000583648681640625,0.001708984375,0.00225830078125,0.0029296875,0.008817481808364391,0.025818509981036186,0.03411731496453285,0.04426030069589615,0.0,0.0,0.0,0.0
Alpha,Alpha,Alpha,Alpha,base,,,0,transformer_encoder.15.ff.fc1.weight.tensor,transformer_encoder.15.ff.fc1.weight,transformer_ffn,Transformer FFN,2,15.0,ff_fc1_weight,Feed-forward,4096x512,2097152,-0.0012952552642673254,0.06821955740451813,-0.0012896554544568062,0.06815823912620544,5.599837095360272e-06,0.0009411763167008758,1568.8538818359375,1.3629868416294477,0.00730133056640625,98.81042455125876,98.7214852026903,0.013793957953519093,0.9999018953702206,0.004582881927490234,0.00061798095703125,0.0018310546875,0.00244140625,0.0032196044921875,0.009058705531060696,0.026840608566999435,0.03578747808933258,0.04719473794102669,0.0,0.0,0.0,0.0
Alpha,Alpha,Alpha,Alpha,base,,,0,transformer_encoder.15.ff.fc2.weight.tensor,transformer_encoder.15.ff.fc2.weight,transformer_ffn,Transformer FFN,2,15.0,ff_fc2_weight,Feed-forward,512x2048,1048576,-6.418526027118787e-05,0.06722520291805267,-6.272938480833545e-05,0.0671701654791832,1.4558655720975366e-06,0.0009095341665670276,756.6127319335938,0.9313633664144016,0.0076904296875,68.83871406910141,68.78234679384494,0.013529645040717504,0.9999065441181266,0.004483222961425781,0.0006103515625,0.00177764892578125,0.00238037109375,0.003173828125,0.009079206734895706,0.02644318901002407,0.035408906638622284,0.04721187427639961,0.0,0.0,0.0,0.0
Alpha,Alpha,Alpha,Alpha,base,,,0,transformer_encoder.16.ff.fc1.weight.tensor,transformer_encoder.16.ff.fc1.weight,transformer_ffn,Transformer FFN,2,16.0,ff_fc1_weight,Feed-forward,4096x512,2097152,-0.0005580946453846991,0.0698450431227684,-0.0005505625158548355,0.06978419423103333,7.532190920755966e-06,0.000985994003713131,1642.93212890625,1.4279073670419027,0.0059814453125,101.14981057662689,101.06161100412956,0.014116757697338103,0.9998974447952023,0.004626274108886719,0.00067138671875,0.001953125,0.0025634765625,0.00335693359375,0.00961251650005579,0.027963684871792793,0.03670233488082886,0.048062585294246674,0.0,0.0,0.0,0.0
Alpha,Alpha,Alpha,Alpha,base,,,0,transformer_encoder.16.ff.fc2.weight.tensor,transformer_encoder.16.ff.fc2.weight,transformer_ffn,Transformer FFN,2,16.0,ff_fc2_weight,Feed-forward,512x2048,1048576,-1.4280323739512824e-05,0.0670946016907692,-1.430276006431086e-05,0.06702060252428055,-2.243086782982573e-08,0.0009527293732389808,792.7468872070312,0.9755940938156139,0.005565643310546875,68.70494262151014,68.62917294348118,0.014199765789632736,0.999897622809387,0.004494667053222656,0.000629425048828125,0.0018768310546875,0.00250244140625,0.003289937973022461,0.009381156414747238,0.027972903102636337,0.03729720413684845,0.04903431236743927,0.0,0.0,0.0,0.0
Alpha,Alpha,Alpha,Alpha,base,,,0,transformer_encoder.17.ff.fc1.weight.tensor,transformer_encoder.17.ff.fc1.weight,transformer_ffn,Transformer FFN,2,17.0,ff_fc1_weight,Feed-forward,4096x512,2097152,-2.1685345927835442e-06,0.07129102200269699,3.1033787308842875e-06,0.0712050274014473,5.271915142657235e-06,0.0010994595941156149,1831.6654052734375,1.5921995812014818,0.0060577392578125,103.24059335933468,103.1160507480528,0.015422224237512142,0.999878219731422,0.005074977874755859,0.000732421875,0.002166748046875,0.00286865234375,0.003753662109375,0.010273689404129982,0.030392996966838837,0.04023861512541771,0.05265265703201294,0.0,0.0,0.0,0.0
Alpha,Alpha,Alpha,Alpha,base,,,0,transformer_encoder.17.ff.fc2.weight.tensor,transformer_encoder.17.ff.fc2.weight,transformer_ffn,Transformer FFN,2,17.0,ff_fc2_weight,Feed-forward,512x2048,1048576,-1.5033847375889309e-05,0.06867311894893646,-1.4242881661630236e-05,0.0685715526342392,7.909591772659041e-07,0.001046407618559897,865.6930541992188,1.0715201032232822,0.00732421875,70.32134666568182,70.21734533530515,0.01523747985540484,0.9998826288330717,0.004970550537109375,0.00067901611328125,0.0020751953125,0.0028076171875,0.0037841796875,0.009887654334306717,0.030218448489904404,0.040883783251047134,0.05510422959923744,0.0,0.0,0.0,0.0
Alpha,Alpha,Alpha,Alpha,base,,,0,transformer_encoder.0.deepnorm_alpha.tensor,transformer_encoder.0.deepnorm_alpha,transformer_norm_deepnorm,Transformer norm/deepnorm,3,0.0,deepnorm_alpha,Norm/deepnorm,scalar,1,2.44921875,0.0,2.44921875,0.0,0.0,0.0,0.0,0.0,0.0,2.44921875,2.44921875,0.0,0.9999999999998332,0.0,0.0,0.0,0.0,0.0,0.0,0.0,0.0,0.0,0.0,0.0,0.0,0.0
Alpha,Alpha,Alpha,Alpha,base,,,0,transformer_encoder.0.norm1.weight.tensor,transformer_encoder.0.norm1.weight,transformer_norm_deepnorm,Transformer norm/deepnorm,3,0.0,norm1_weight,Norm/deepnorm,512,512,0.1100592315196991,0.06435622274875641,0.11042141169309616,0.06451375782489777,0.0003621818032115698,0.000638582103420049,0.29681384563446045,0.016611710595297695,0.002377033233642578,2.8848631473656288,2.8937371074479943,0.005758231758917665,0.9999882660395576,0.037109375,0.00048828125,0.00146484375,0.0018853768706321716,0.0023475508205592632,0.007587163709104061,0.02276149019598961,0.029295949265360832,0.03647744283080101,0.0,0.0,0.0,0.0
Alpha,Alpha,Alpha,Alpha,base,,,0,transformer_encoder.0.norm2.weight.tensor,transformer_encoder.0.norm2.weight,transformer_norm_deepnorm,Transformer norm/deepnorm,3,0.0,norm2_weight,Norm/deepnorm,512,512,0.1267099678516388,0.07354135066270828,0.12689164280891418,0.07361848652362823,0.00018169113900512457,0.0006992586422711611,0.2889801859855652,0.01634780935844723,0.002197265625,3.315031703607501,3.3194636437904075,0.00493141870729387,0.9999889326970366,0.025390625,0.00048828125,0.00146484375,0.0019472511485219002,0.0021348893642425537,0.006639546249061823,0.019918639212846756,0.02647831290960312,0.029029779136180878,0.0,0.0,0.0,0.0
Alpha,Alpha,Alpha,Alpha,base,,,0,transformer_encoder.1.deepnorm_alpha.tensor,transformer_encoder.1.deepnorm_alpha,transformer_norm_deepnorm,Transformer norm/deepnorm,3,1.0,deepnorm_alpha,Norm/deepnorm,scalar,1,2.44921875,0.0,2.44921875,0.0,0.0,0.0,0.0,0.0,0.0,2.44921875,2.44921875,0.0,0.9999999999998332,0.0,0.0,0.0,0.0,0.0,0.0,0.0,0.0,0.0,0.0,0.0,0.0,0.0
Alpha,Alpha,Alpha,Alpha,base,,,0,transformer_encoder.1.norm1.weight.tensor,transformer_encoder.1.norm1.weight,transformer_norm_deepnorm,Transformer norm/deepnorm,3,1.0,norm1_weight,Norm/deepnorm,512,512,0.18544712662696838,0.0805526152253151,0.18608015775680542,0.08077836781740189,0.0006330186733976007,0.0007605532882735133,0.4042167067527771,0.022390328473954713,0.003662109375,4.5749571584561295,4.590130060883904,0.0048941066983686655,0.9999936738541134,0.01171875,0.000732421875,0.001953125,0.0026721209287643433,0.0032878518104553223,0.009092465043067932,0.024246571585536003,0.0331723652780056,0.04081619903445244,0.0,0.0,0.0,0.0
Alpha,Alpha,Alpha,Alpha,base,,,0,transformer_encoder.1.norm2.weight.tensor,transformer_encoder.1.norm2.weight,transformer_norm_deepnorm,Transformer norm/deepnorm,3,1.0,norm2_weight,Norm/deepnorm,512,512,0.1759711056947708,0.05737118050456047,0.1761578917503357,0.057507846504449844,0.00018679990898817778,0.0006770584732294083,0.28365951776504517,0.015892477482447393,0.002197265625,4.188045636967703,4.193023000088655,0.00379472404554558,0.9999935910819607,0.001953125,0.00048828125,0.0013427734375,0.0018310546875,0.0021348893642425537,0.008510913699865341,0.023405011743307114,0.031915925443172455,0.03721187263727188,0.0,0.0,0.0,0.0
Alpha,Alpha,Alpha,Alpha,base,,,0,transformer_encoder.2.deepnorm_alpha.tensor,transformer_encoder.2.deepnorm_alpha,transformer_norm_deepnorm,Transformer norm/deepnorm,3,2.0,deepnorm_alpha,Norm/deepnorm,scalar,1,2.44921875,0.0,2.44921875,0.0,0.0,0.0,0.0,0.0,0.0,2.44921875,2.44921875,0.0,0.9999999999998332,0.0,0.0,0.0,0.0,0.0,0.0,0.0,0.0,0.0,0.0,0.0,0.0,0.0
Alpha,Alpha,Alpha,Alpha,base,,,0,transformer_encoder.2.norm1.weight.tensor,transformer_encoder.2.norm1.weight,transformer_norm_deepnorm,Transformer norm/deepnorm,3,2.0,norm1_weight,Norm/deepnorm,512,512,0.23824788630008698,0.0376431904733181,0.23887738585472107,0.03777257353067398,0.0006295023486018181,0.0006858424167148769,0.39009714126586914,0.021064813566152658,0.0030517578125,5.457808704740754,5.472335250556422,0.0038595734489285985,0.9999962843955998,0.0,0.000732421875,0.001708984375,0.002439728006720543,0.002864629030227661,0.019456949084997177,0.04539955034852028,0.06481191515922546,0.07609950751066208,0.0,0.0,0.0,0.0
Alpha,Alpha,Alpha,Alpha,base,,,0,transformer_encoder.2.norm2.weight.tensor,transformer_encoder.2.norm2.weight,transformer_norm_deepnorm,Transformer norm/deepnorm,3,2.0,norm2_weight,Norm/deepnorm,512,512,0.21235376596450806,0.03058166429400444,0.2126079648733139,0.03064046986401081,0.0002541887806728482,0.0006819816189818084,0.28646987676620483,0.0164685142120641,0.002685546875,4.85458854621099,4.860471154125687,0.0033923604555352884,0.99999511526498,0.001953125,0.00048828125,0.00146484375,0.001953125,0.002436041831970215,0.015966465696692467,0.04789939895272255,0.06386586278676987,0.07965691387653351,0.0,0.0,0.0,0.0
Alpha,Alpha,Alpha,Alpha,base,,,0,transformer_encoder.3.deepnorm_alpha.tensor,transformer_encoder.3.deepnorm_alpha,transformer_norm_deepnorm,Transformer norm/deepnorm,3,3.0,deepnorm_alpha,Norm/deepnorm,scalar,1,2.44921875,0.0,2.44921875,0.0,0.0,0.0,0.0,0.0,0.0,2.44921875,2.44921875,0.0,0.9999999999998332,0.0,0.0,0.0,0.0,0.0,0.0,0.0,0.0,0.0,0.0,0.0,0.0,0.0
Alpha,Alpha,Alpha,Alpha,base,,,0,transformer_encoder.3.norm1.weight.tensor,transformer_encoder.3.norm1.weight,transformer_norm_deepnorm,Transformer norm/deepnorm,3,3.0,norm1_weight,Norm/deepnorm,512,512,0.29953742027282715,0.029441900551319122,0.3001716136932373,0.02939138561487198,0.0006341934204101562,0.0007055121241137385,0.384765625,0.021465640135718226,0.002685546875,6.81041944738475,6.824589352951999,0.003151882244779803,0.9999973175872455,0.0,0.000732421875,0.001763913780450821,0.002197265625,0.0025607943534851074,0.024876846000552177,0.059911664575338364,0.07463053613901138,0.08697786182165146,0.0,0.0,0.0,0.0
Alpha,Alpha,Alpha,Alpha,base,,,0,transformer_encoder.3.norm2.weight.tensor,transformer_encoder.3.norm2.weight,transformer_norm_deepnorm,Transformer norm/deepnorm,3,3.0,norm2_weight,Norm/deepnorm,512,512,0.22906064987182617,0.025176841765642166,0.22934746742248535,0.025102274492383003,0.0002868175506591797,0.0006579090841114521,0.2891845703125,0.016239940023593365,0.0025634765625,5.214264363881574,5.2205319588827175,0.0031145217983349436,0.9999960619965832,0.0,0.00048828125,0.00146484375,0.0018176287412643433,0.0025011003017425537,0.019394055008888245,0.058182165026664734,0.07219444215297699,0.0993412658572197,0.0,0.0,0.0,0.0
Alpha,Alpha,Alpha,Alpha,base,,,0,transformer_encoder.4.deepnorm_alpha.tensor,transformer_encoder.4.deepnorm_alpha,transformer_norm_deepnorm,Transformer norm/deepnorm,3,4.0,deepnorm_alpha,Norm/deepnorm,scalar,1,2.44921875,0.0,2.44921875,0.0,0.0,0.0,0.0,0.0,0.0,2.44921875,2.44921875,0.0,0.9999999999998332,0.0,0.0,0.0,0.0,0.0,0.0,0.0,0.0,0.0,0.0,0.0,0.0,0.0
Alpha,Alpha,Alpha,Alpha,base,,,0,transformer_encoder.4.norm1.weight.tensor,transformer_encoder.4.norm1.weight,transformer_norm_deepnorm,Transformer norm/deepnorm,3,4.0,norm1_weight,Norm/deepnorm,512,512,0.2992434501647949,0.024999048560857773,0.2999427318572998,0.024941235780715942,0.0006992816925048828,0.0006241493974812329,0.3927001953125,0.021208992266458095,0.002685546875,6.794692537538951,6.810352231857957,0.003121405736798343,0.9999979508099406,0.0,0.000732421875,0.001708984375,0.002197265625,0.0025607943534851074,0.029297979548573494,0.06836195290088654,0.08789394050836563,0.1024356335401535,0.0,0.0,0.0,0.0
Alpha,Alpha,Alpha,Alpha,base,,,0,transformer_encoder.4.norm2.weight.tensor,transformer_encoder.4.norm2.weight,transformer_norm_deepnorm,Transformer norm/deepnorm,3,4.0,norm2_weight,Norm/deepnorm,512,512,0.26636767387390137,0.023428261280059814,0.2666032314300537,0.023338420316576958,0.00023555755615234375,0.0006375332595780492,0.268310546875,0.015378921628929319,0.002197265625,6.0504805192778,6.055612328561673,0.0025417686380324787,0.9999972359458934,0.0,0.00048828125,0.0013427734375,0.0019396990537643433,0.0020725131034851074,0.02084154076874256,0.05731423571705818,0.08279309421777725,0.08846206218004227,0.0,0.0,0.0,0.0
Alpha,Alpha,Alpha,Alpha,base,,,0,transformer_encoder.5.deepnorm_alpha.tensor,transformer_encoder.5.deepnorm_alpha,transformer_norm_deepnorm,Transformer norm/deepnorm,3,5.0,deepnorm_alpha,Norm/deepnorm,scalar,1,2.44921875,0.0,2.44921875,0.0,0.0,0.0,0.0,0.0,0.0,2.44921875,2.44921875,0.0,0.9999999999998332,0.0,0.0,0.0,0.0,0.0,0.0,0.0,0.0,0.0,0.0,0.0,0.0,0.0
Alpha,Alpha,Alpha,Alpha,base,,,0,transformer_encoder.5.norm1.weight.tensor,transformer_encoder.5.norm1.weight,transformer_norm_deepnorm,Transformer norm/deepnorm,3,5.0,norm1_weight,Norm/deepnorm,512,512,0.3453552722930908,0.03312533721327782,0.34619140625,0.03312607854604721,0.0008361339569091797,0.000620083010289818,0.4476318359375,0.02355450985969629,0.002685546875,7.850361624971315,7.869196130590419,0.0030004362836953207,0.9999985795113017,0.0,0.000732421875,0.001953125,0.00244140625,0.0025607943534851074,0.02211061678826809,0.058961644768714905,0.07370205223560333,0.07730618864297867,0.0,0.0,0.0,0.0
Alpha,Alpha,Alpha,Alpha,base,,,0,transformer_encoder.5.norm2.weight.tensor,transformer_encoder.5.norm2.weight,transformer_norm_deepnorm,Transformer norm/deepnorm,3,5.0,norm2_weight,Norm/deepnorm,512,512,0.2933690547943115,0.026023084297776222,0.2936239242553711,0.026010364294052124,0.0002548694610595703,0.0006329419557005167,0.2760009765625,0.015439361243846228,0.002197265625,6.664248250360399,6.669967342908715,0.0023167446145195684,0.9999977504265014,0.0,0.00048828125,0.001220703125,0.001708984375,0.0019477605819702148,0.018763381987810135,0.046908456832170486,0.06567183881998062,0.07484738528728485,0.0,0.0,0.0,0.0
Alpha,Alpha,Alpha,Alpha,base,,,0,transformer_encoder.6.deepnorm_alpha.tensor,transformer_encoder.6.deepnorm_alpha,transformer_norm_deepnorm,Transformer norm/deepnorm,3,6.0,deepnorm_alpha,Norm/deepnorm,scalar,1,2.44921875,0.0,2.44921875,0.0,0.0,0.0,0.0,0.0,0.0,2.44921875,2.44921875,0.0,0.9999999999998332,0.0,0.0,0.0,0.0,0.0,0.0,0.0,0.0,0.0,0.0,0.0,0.0,0.0
Alpha,Alpha,Alpha,Alpha,base,,,0,transformer_encoder.6.norm1.weight.tensor,transformer_encoder.6.norm1.weight,transformer_norm_deepnorm,Transformer norm/deepnorm,3,6.0,norm1_weight,Norm/deepnorm,512,512,0.37731361389160156,0.03207424655556679,0.3782811164855957,0.03201593831181526,0.0009675025939941406,0.0006357895326800644,0.513916015625,0.026195959140658934,0.0029296875,8.56842326202818,8.590125300922384,0.0030572671703492844,0.9999987422567488,0.0,0.0009765625,0.001953125,0.00244140625,0.0028049349784851074,0.03044692426919937,0.06089384853839874,0.07611731439828873,0.08745128661394119,0.0,0.0,0.0,0.0
Alpha,Alpha,Alpha,Alpha,base,,,0,transformer_encoder.6.norm2.weight.tensor,transformer_encoder.6.norm2.weight,transformer_norm_deepnorm,Transformer norm/deepnorm,3,6.0,norm2_weight,Norm/deepnorm,512,512,0.3220500946044922,0.03167623281478882,0.32238245010375977,0.03163459151983261,0.0003323554992675781,0.0006243673851713538,0.27685546875,0.016004716833553825,0.00244140625,7.322325276080711,7.329717727367857,0.0021857424015063963,0.9999983057486493,0.0,0.00048828125,0.00146484375,0.001953125,0.0023166537284851074,0.015414745546877384,0.04624423757195473,0.06165898218750954,0.0731353685259819,0.0,0.0,0.0,0.0
Alpha,Alpha,Alpha,Alpha,base,,,0,transformer_encoder.7.deepnorm_alpha.tensor,transformer_encoder.7.deepnorm_alpha,transformer_norm_deepnorm,Transformer norm/deepnorm,3,7.0,deepnorm_alpha,Norm/deepnorm,scalar,1,2.44921875,0.0,2.44921875,0.0,0.0,0.0,0.0,0.0,0.0,2.44921875,2.44921875,0.0,0.9999999999998332,0.0,0.0,0.0,0.0,0.0,0.0,0.0,0.0,0.0,0.0,0.0,0.0,0.0
Alpha,Alpha,Alpha,Alpha,base,,,0,transformer_encoder.7.norm1.weight.tensor,transformer_encoder.7.norm1.weight,transformer_norm_deepnorm,Transformer norm/deepnorm,3,7.0,norm1_weight,Norm/deepnorm,512,512,0.3905153274536133,0.037597835063934326,0.3915238380432129,0.0375211276113987,0.0010085105895996094,0.0006472166278399527,0.529052734375,0.027115001259532395,0.0029296875,8.87721160411634,8.899761205319992,0.0030544502563120365,0.9999987759026069,0.0,0.0009765625,0.002197265625,0.002685546875,0.0028049349784851074,0.02597389556467533,0.05844126269221306,0.07142820954322815,0.0746036022901535,0.0,0.0,0.0,0.0
Alpha,Alpha,Alpha,Alpha,base,,,0,transformer_encoder.7.norm2.weight.tensor,transformer_encoder.7.norm2.weight,transformer_norm_deepnorm,Transformer norm/deepnorm,3,7.0,norm2_weight,Norm/deepnorm,512,512,0.32169532775878906,0.04555841535329819,0.32204627990722656,0.045543864369392395,0.0003509521484375,0.0006278393557295203,0.294921875,0.016275227844237263,0.00244140625,7.351766942229029,7.359583371851056,0.0022137845190316192,0.9999983084662324,0.0,0.00048828125,0.00146484375,0.0019262731075286865,0.0023166537284851074,0.010717693716287613,0.03215308114886284,0.0422813817858696,0.050850171595811844,0.0,0.0,0.0,0.0
Alpha,Alpha,Alpha,Alpha,base,,,0,transformer_encoder.8.deepnorm_alpha.tensor,transformer_encoder.8.deepnorm_alpha,transformer_norm_deepnorm,Transformer norm/deepnorm,3,8.0,deepnorm_alpha,Norm/deepnorm,scalar,1,2.44921875,0.0,2.44921875,0.0,0.0,0.0,0.0,0.0,0.0,2.44921875,2.44921875,0.0,0.9999999999998332,0.0,0.0,0.0,0.0,0.0,0.0,0.0,0.0,0.0,0.0,0.0,0.0,0.0
Alpha,Alpha,Alpha,Alpha,base,,,0,transformer_encoder.8.norm1.weight.tensor,transformer_encoder.8.norm1.weight,transformer_norm_deepnorm,Transformer norm/deepnorm,3,8.0,norm1_weight,Norm/deepnorm,512,512,0.3574991226196289,0.035378359258174896,0.3583335876464844,0.03532394394278526,0.0008344650268554688,0.0006506540230475366,0.45361328125,0.023943213515518483,0.002685546875,8.12879456164262,8.147464156421664,0.0029454814405688746,0.9999984267327194,0.0,0.000732421875,0.001953125,0.002197265625,0.002685546875,0.020702533423900604,0.05520675331354141,0.06210760027170181,0.07590928673744202,0.0,0.0,0.0,0.0
Alpha,Alpha,Alpha,Alpha,base,,,0,transformer_encoder.8.norm2.weight.tensor,transformer_encoder.8.norm2.weight,transformer_norm_deepnorm,Transformer norm/deepnorm,3,8.0,norm2_weight,Norm/deepnorm,512,512,0.2291562557220459,0.021944638341665268,0.23026704788208008,0.02178463526070118,0.0011107921600341797,0.0007197135710157454,0.5804443359375,0.029949049997308293,0.00341796875,5.208934942467921,5.233613007153144,0.005749553474575188,0.999994937872308,0.0,0.0010986328125,0.0023193359375,0.002685546875,0.0032932162284851074,0.05006381496787071,0.10569027811288834,0.12237821519374847,0.1500692218542099,0.0,0.0,0.0,0.0
Alpha,Alpha,Alpha,Alpha,base,,,0,transformer_encoder.9.deepnorm_alpha.tensor,transformer_encoder.9.deepnorm_alpha,transformer_norm_deepnorm,Transformer norm/deepnorm,3,9.0,deepnorm_alpha,Norm/deepnorm,scalar,1,2.44921875,0.0,2.44921875,0.0,0.0,0.0,0.0,0.0,0.0,2.44921875,2.44921875,0.0,0.9999999999998332,0.0,0.0,0.0,0.0,0.0,0.0,0.0,0.0,0.0,0.0,0.0,0.0,0.0
Alpha,Alpha,Alpha,Alpha,base,,,0,transformer_encoder.9.norm1.weight.tensor,transformer_encoder.9.norm1.weight,transformer_norm_deepnorm,Transformer norm/deepnorm,3,9.0,norm1_weight,Norm/deepnorm,512,512,0.21958576142787933,0.03401067852973938,0.22014769911766052,0.03395896404981613,0.000561937689781189,0.0006664586835540831,0.36388397216796875,0.019725360987207934,0.00244140625,5.027902946998241,5.040290245296984,0.003923178548818339,0.9999955010701995,0.0,0.0006103515625,0.0015869140625,0.002197265625,0.00244140625,0.017945874482393265,0.04665927216410637,0.06460514664649963,0.07178349792957306,0.0,0.0,0.0,0.0
Alpha,Alpha,Alpha,Alpha,base,,,0,transformer_encoder.9.norm2.weight.tensor,transformer_encoder.9.norm2.weight,transformer_norm_deepnorm,Transformer norm/deepnorm,3,9.0,norm2_weight,Norm/deepnorm,512,512,0.27030277252197266,0.03048752062022686,0.27036750316619873,0.030441371724009514,6.473064422607422e-05,0.000630621041636914,0.25762939453125,0.01434430057740519,0.0020751953125,6.155034443861948,6.156372998553162,0.0023304988311978634,0.9999975068654757,0.0,0.00048828125,0.001220703125,0.0016955584287643433,0.0020128190517425537,0.01601576991379261,0.04003942385315895,0.05561481788754463,0.06602106243371964,0.0,0.0,0.0,0.0
Alpha,Alpha,Alpha,Alpha,base,,,0,transformer_encoder.10.deepnorm_alpha.tensor,transformer_encoder.10.deepnorm_alpha,transformer_norm_deepnorm,Transformer norm/deepnorm,3,10.0,deepnorm_alpha,Norm/deepnorm,scalar,1,2.44921875,0.0,2.44921875,0.0,0.0,0.0,0.0,0.0,0.0,2.44921875,2.44921875,0.0,0.9999999999998332,0.0,0.0,0.0,0.0,0.0,0.0,0.0,0.0,0.0,0.0,0.0,0.0,0.0
Alpha,Alpha,Alpha,Alpha,base,,,0,transformer_encoder.10.norm1.weight.tensor,transformer_encoder.10.norm1.weight,transformer_norm_deepnorm,Transformer norm/deepnorm,3,10.0,norm1_weight,Norm/deepnorm,512,512,0.2463228702545166,0.026740267872810364,0.24710774421691895,0.026650594547390938,0.0007848739624023438,0.0006424898747354746,0.427490234375,0.022951166597855427,0.0029296875,5.60639589730117,5.623834277265771,0.004093747037896425,0.9999965649711314,0.0,0.000732421875,0.001953125,0.0023193359375,0.0028673112392425537,0.027390211820602417,0.07304056733846664,0.08673567324876785,0.10722818225622177,0.0,0.0,0.0,0.0
Alpha,Alpha,Alpha,Alpha,base,,,0,transformer_encoder.10.norm2.weight.tensor,transformer_encoder.10.norm2.weight,transformer_norm_deepnorm,Transformer norm/deepnorm,3,10.0,norm2_weight,Norm/deepnorm,512,512,0.33830833435058594,0.027939941734075546,0.33855152130126953,0.027980271726846695,0.00024318695068359375,0.0006550617981702089,0.28271484375,0.01581081529169158,0.00244140625,7.681105023995469,7.686664070642876,0.0020584037377821495,0.9999982911039377,0.0,0.00048828125,0.00146484375,0.001708984375,0.002191901206970215,0.017476094886660576,0.05242828652262688,0.06116633489727974,0.07845042645931244,0.0,0.0,0.0,0.0
Alpha,Alpha,Alpha,Alpha,base,,,0,transformer_encoder.11.deepnorm_alpha.tensor,transformer_encoder.11.deepnorm_alpha,transformer_norm_deepnorm,Transformer norm/deepnorm,3,11.0,deepnorm_alpha,Norm/deepnorm,scalar,1,2.44921875,0.0,2.44921875,0.0,0.0,0.0,0.0,0.0,0.0,2.44921875,2.44921875,0.0,0.9999999999998332,0.0,0.0,0.0,0.0,0.0,0.0,0.0,0.0,0.0,0.0,0.0,0.0,0.0
Alpha,Alpha,Alpha,Alpha,base,,,0,transformer_encoder.11.norm1.weight.tensor,transformer_encoder.11.norm1.weight,transformer_norm_deepnorm,Transformer norm/deepnorm,3,11.0,norm1_weight,Norm/deepnorm,512,512,0.25324106216430664,0.026536356657743454,0.2539370059967041,0.02648250199854374,0.0006959438323974609,0.0005949773476459086,0.3966064453125,0.020717817167568153,0.002197265625,5.761564484163635,5.777100099451457,0.0035958665783417006,0.9999972076010095,0.0,0.000732421875,0.001708984375,0.001953125,0.002197265625,0.027600685134530067,0.06440159678459167,0.07360182702541351,0.08280205726623535,0.0,0.0,0.0,0.0
Alpha,Alpha,Alpha,Alpha,base,,,0,transformer_encoder.11.norm2.weight.tensor,transformer_encoder.11.norm2.weight,transformer_norm_deepnorm,Transformer norm/deepnorm,3,11.0,norm2_weight,Norm/deepnorm,512,512,0.3390350341796875,0.018608592450618744,0.3394148349761963,0.018590206280350685,0.00037980079650878906,0.000577637751121074,0.2794189453125,0.01564263302529892,0.002197265625,7.683033211474052,7.6915912441249255,0.0020359970593301284,0.9999987476677868,0.0,0.00048828125,0.00146484375,0.001708984375,0.0020725131034851074,0.02623954601585865,0.0787186324596405,0.09183841198682785,0.11137393116950989,0.0,0.0,0.0,0.0
Alpha,Alpha,Alpha,Alpha,base,,,0,transformer_encoder.12.deepnorm_alpha.tensor,transformer_encoder.12.deepnorm_alpha,transformer_norm_deepnorm,Transformer norm/deepnorm,3,12.0,deepnorm_alpha,Norm/deepnorm,scalar,1,2.44921875,0.0,2.44921875,0.0,0.0,0.0,0.0,0.0,0.0,2.44921875,2.44921875,0.0,0.9999999999998332,0.0,0.0,0.0,0.0,0.0,0.0,0.0,0.0,0.0,0.0,0.0,0.0,0.0
Alpha,Alpha,Alpha,Alpha,base,,,0,transformer_encoder.12.norm1.weight.tensor,transformer_encoder.12.norm1.weight,transformer_norm_deepnorm,Transformer norm/deepnorm,3,12.0,norm1_weight,Norm/deepnorm,512,512,0.2584099769592285,0.020306674763560295,0.2592592239379883,0.020267285406589508,0.0008492469787597656,0.0005937966634519398,0.4541015625,0.023447670319419862,0.002685546875,5.86517583949312,5.884264195675762,0.00399777789465938,0.9999973757665799,0.0,0.0008544921875,0.001708984375,0.002197265625,0.0025607943534851074,0.04207935556769371,0.08415871113538742,0.10820405930280685,0.12610597908496857,0.0,0.0,0.0,0.0
Alpha,Alpha,Alpha,Alpha,base,,,0,transformer_encoder.12.norm2.weight.tensor,transformer_encoder.12.norm2.weight,transformer_norm_deepnorm,Transformer norm/deepnorm,3,12.0,norm2_weight,Norm/deepnorm,512,512,0.2992253303527832,0.017497792840003967,0.2996244430541992,0.017596999183297157,0.0003991127014160156,0.0006774886278435588,0.314697265625,0.017792140635744188,0.003173828125,6.782262207992182,6.791408822561488,0.002623334234228721,0.9999975954205269,0.0,0.00048828125,0.00146484375,0.0021704137325286865,0.003173828125,0.027905290946364403,0.08371587097644806,0.12403922528028488,0.1813843846321106,0.0,0.0,0.0,0.0
Alpha,Alpha,Alpha,Alpha,base,,,0,transformer_encoder.13.deepnorm_alpha.tensor,transformer_encoder.13.deepnorm_alpha,transformer_norm_deepnorm,Transformer norm/deepnorm,3,13.0,deepnorm_alpha,Norm/deepnorm,scalar,1,2.44921875,0.0,2.44921875,0.0,0.0,0.0,0.0,0.0,0.0,2.44921875,2.44921875,0.0,0.9999999999998332,0.0,0.0,0.0,0.0,0.0,0.0,0.0,0.0,0.0,0.0,0.0,0.0,0.0
Alpha,Alpha,Alpha,Alpha,base,,,0,transformer_encoder.13.norm1.weight.tensor,transformer_encoder.13.norm1.weight,transformer_norm_deepnorm,Transformer norm/deepnorm,3,13.0,norm1_weight,Norm/deepnorm,512,512,0.29320549964904785,0.021444566547870636,0.2939746379852295,0.021472852677106857,0.0007691383361816406,0.0006340591353364289,0.427001953125,0.022554947199183575,0.00244140625,6.65220354327806,6.669607308651037,0.003390597875191534,0.9999979107472121,0.0,0.000732421875,0.001708984375,0.002197265625,0.00244140625,0.03415418043732643,0.07969308644533157,0.102462537586689,0.1138472631573677,0.0,0.0,0.0,0.0
Alpha,Alpha,Alpha,Alpha,base,,,0,transformer_encoder.13.norm2.weight.tensor,transformer_encoder.13.norm2.weight,transformer_norm_deepnorm,Transformer norm/deepnorm,3,13.0,norm2_weight,Norm/deepnorm,512,512,0.3176431655883789,0.018648406490683556,0.3183460235595703,0.018770402297377586,0.0007028579711914062,0.0007525300025008619,0.421875,0.023299766192265918,0.003662109375,7.199819604944974,7.215858309655167,0.0032361597193712958,0.9999974093044929,0.0,0.000732421875,0.001953125,0.002685546875,0.003412604331970215,0.039275284856557846,0.10473410040140152,0.14400938153266907,0.18299700319766998,0.0,0.0,0.0,0.0
Alpha,Alpha,Alpha,Alpha,base,,,0,transformer_encoder.14.deepnorm_alpha.tensor,transformer_encoder.14.deepnorm_alpha,transformer_norm_deepnorm,Transformer norm/deepnorm,3,14.0,deepnorm_alpha,Norm/deepnorm,scalar,1,2.44921875,0.0,2.44921875,0.0,0.0,0.0,0.0,0.0,0.0,2.44921875,2.44921875,0.0,0.9999999999998332,0.0,0.0,0.0,0.0,0.0,0.0,0.0,0.0,0.0,0.0,0.0,0.0,0.0
Alpha,Alpha,Alpha,Alpha,base,,,0,transformer_encoder.14.norm1.weight.tensor,transformer_encoder.14.norm1.weight,transformer_norm_deepnorm,Transformer norm/deepnorm,3,14.0,norm1_weight,Norm/deepnorm,512,512,0.2626149654388428,0.021146051585674286,0.26336193084716797,0.021176336333155632,0.0007469654083251953,0.0006578938919119537,0.4278564453125,0.02252288237597834,0.0032958984375,5.961530383461906,5.978432994671542,0.0037780370017833163,0.9999971044591563,0.0,0.000732421875,0.001708984375,0.002197265625,0.0029840171337127686,0.034636326134204865,0.08081809431314468,0.1039089784026146,0.14111456274986267,0.0,0.0,0.0,0.0
Alpha,Alpha,Alpha,Alpha,base,,,0,transformer_encoder.14.norm2.weight.tensor,transformer_encoder.14.norm2.weight,transformer_norm_deepnorm,Transformer norm/deepnorm,3,14.0,norm2_weight,Norm/deepnorm,512,512,0.4210224151611328,0.024189021438360214,0.42229461669921875,0.024296332150697708,0.0012722015380859375,0.0008366784313693643,0.6708984375,0.03445411594202759,0.004638671875,9.542359128476376,9.57123759878331,0.003610649680874592,0.9999982169378832,0.0,0.001220703125,0.002685546875,0.003173828125,0.004513919353485107,0.05046515166759491,0.11102333664894104,0.13120940327644348,0.1866101771593094,0.0,0.0,0.0,0.0
Alpha,Alpha,Alpha,Alpha,base,,,0,transformer_encoder.15.deepnorm_alpha.tensor,transformer_encoder.15.deepnorm_alpha,transformer_norm_deepnorm,Transformer norm/deepnorm,3,15.0,deepnorm_alpha,Norm/deepnorm,scalar,1,2.44921875,0.0,2.44921875,0.0,0.0,0.0,0.0,0.0,0.0,2.44921875,2.44921875,0.0,0.9999999999998332,0.0,0.0,0.0,0.0,0.0,0.0,0.0,0.0,0.0,0.0,0.0,0.0,0.0
Alpha,Alpha,Alpha,Alpha,base,,,0,transformer_encoder.15.norm1.weight.tensor,transformer_encoder.15.norm1.weight,transformer_norm_deepnorm,Transformer norm/deepnorm,3,15.0,norm1_weight,Norm/deepnorm,512,512,0.25661516189575195,0.0307583287358284,0.25717902183532715,0.03084215149283409,0.0005638599395751953,0.0006974270800128579,0.3719482421875,0.02029343223593209,0.002685546875,5.848099828700371,5.860993591544607,0.0034700899147336287,0.9999965822104107,0.0,0.0006103515625,0.001708984375,0.0023059099912643433,0.0026231706142425537,0.01984344981610775,0.05556166172027588,0.0749686136841774,0.08528323471546173,0.0,0.0,0.0,0.0
Alpha,Alpha,Alpha,Alpha,base,,,0,transformer_encoder.15.norm2.weight.tensor,transformer_encoder.15.norm2.weight,transformer_norm_deepnorm,Transformer norm/deepnorm,3,15.0,norm2_weight,Norm/deepnorm,512,512,0.5345916748046875,0.02535323053598404,0.5353355407714844,0.025418628007173538,0.000743865966796875,0.000830930017400533,0.4599609375,0.025235213983247167,0.0029296875,12.110023924144798,12.126906412224816,0.0020838285821162964,0.999998892348067,0.0,0.0009765625,0.001953125,0.00244140625,0.0029296875,0.03851825371384621,0.07703650742769241,0.09629563242197037,0.11555475741624832,0.0,0.0,0.0,0.0
Alpha,Alpha,Alpha,Alpha,base,,,0,transformer_encoder.16.deepnorm_alpha.tensor,transformer_encoder.16.deepnorm_alpha,transformer_norm_deepnorm,Transformer norm/deepnorm,3,16.0,deepnorm_alpha,Norm/deepnorm,scalar,1,2.44921875,0.0,2.44921875,0.0,0.0,0.0,0.0,0.0,0.0,2.44921875,2.44921875,0.0,0.9999999999998332,0.0,0.0,0.0,0.0,0.0,0.0,0.0,0.0,0.0,0.0,0.0,0.0,0.0
Alpha,Alpha,Alpha,Alpha,base,,,0,transformer_encoder.16.norm1.weight.tensor,transformer_encoder.16.norm1.weight,transformer_norm_deepnorm,Transformer norm/deepnorm,3,16.0,norm1_weight,Norm/deepnorm,512,512,0.255903959274292,0.03497700020670891,0.25681304931640625,0.03503887727856636,0.0009090900421142578,0.0008425659616477787,0.5206298828125,0.028046700309698178,0.00341796875,5.8442819934567645,5.864852257678324,0.004798998463984858,0.9999948205154728,0.0,0.0009765625,0.00244140625,0.0029296875,0.00341796875,0.027920125052332878,0.06980030983686447,0.08376037329435349,0.0977204367518425,0.0,0.0,0.0,0.0
Alpha,Alpha,Alpha,Alpha,base,,,0,transformer_encoder.16.norm2.weight.tensor,transformer_encoder.16.norm2.weight,transformer_norm_deepnorm,Transformer norm/deepnorm,3,16.0,norm2_weight,Norm/deepnorm,512,512,0.39286327362060547,0.027819156646728516,0.3936901092529297,0.027986928820610046,0.0008268356323242188,0.0009582367492839694,0.5068359375,0.028638434176982773,0.00537109375,8.911739330814756,8.930670416294213,0.0032135628202178677,0.9999972187923745,0.0,0.000732421875,0.00244140625,0.003173828125,0.004996836185455322,0.026327960193157196,0.08775986731052399,0.11408782750368118,0.1796184778213501,0.0,0.0,0.0,0.0
Alpha,Alpha,Alpha,Alpha,base,,,0,transformer_encoder.17.deepnorm_alpha.tensor,transformer_encoder.17.deepnorm_alpha,transformer_norm_deepnorm,Transformer norm/deepnorm,3,17.0,deepnorm_alpha,Norm/deepnorm,scalar,1,2.44921875,0.0,2.44921875,0.0,0.0,0.0,0.0,0.0,0.0,2.44921875,2.44921875,0.0,0.9999999999998332,0.0,0.0,0.0,0.0,0.0,0.0,0.0,0.0,0.0,0.0,0.0,0.0,0.0
Alpha,Alpha,Alpha,Alpha,base,,,0,transformer_encoder.17.norm1.weight.tensor,transformer_encoder.17.norm1.weight,transformer_norm_deepnorm,Transformer norm/deepnorm,3,17.0,norm1_weight,Norm/deepnorm,512,512,0.27333498001098633,0.019559422507882118,0.2739064693450928,0.01964433863759041,0.0005714893341064453,0.0009181795758195221,0.4388427734375,0.024471672750744758,0.00341796875,6.2006788066770735,6.2137145545699015,0.003946611897456935,0.9999946311181714,0.0,0.000732421875,0.002197265625,0.002685546875,0.00341796875,0.03744596987962723,0.11233790963888168,0.13730189204216003,0.17474785447120667,0.0,0.0,0.0,0.0
Alpha,Alpha,Alpha,Alpha,base,,,0,transformer_encoder.17.norm2.weight.tensor,transformer_encoder.17.norm2.weight,transformer_norm_deepnorm,Transformer norm/deepnorm,3,17.0,norm2_weight,Norm/deepnorm,512,512,0.24103976786136627,0.018107499927282333,0.24550029635429382,0.018530551344156265,0.004460518714040518,0.000974282156676054,2.283785581588745,0.10330959275275019,0.010498046875,5.469475223955573,5.570839106638315,0.018888392125856798,0.9999934856491894,0.0,0.00439453125,0.006103515625,0.006591796875,0.009125769138336182,0.24269109964370728,0.3370709717273712,0.3640366494655609,0.5039770603179932,0.0,0.0,0.0,0.0
Alpha,Alpha,Alpha,Alpha,base,,,0,upsample.linear.bias.tensor,upsample.linear.bias,upsample,Upsample,4,,linear_bias,Upsample,1024,1024,0.0006987148080952466,0.0231142770498991,0.0006936087156645954,0.0232225451618433,-5.106092430651188e-06,0.0006750526954419911,0.5455070734024048,0.02160230289771774,0.002197265625,0.73999470476885,0.7434528205899661,0.02919251010645596,0.9995869249872686,0.0107421875,0.0004398822784423828,0.0013272284995764494,0.0017347384709864855,0.0021930523216724396,0.019030753523111343,0.0574202686548233,0.075050488114357,0.094878651201725,0.0,0.0,0.0,0.0
Alpha,Alpha,Alpha,Alpha,base,,,0,upsample.linear.weight.tensor,upsample.linear.weight,upsample,Upsample,4,,linear_weight,Upsample,1024x512,524288,2.0732361008413136e-05,0.06463779509067535,1.8521583115216345e-05,0.06465469300746918,-2.210784259659704e-06,0.0011017457582056522,460.9690856933594,0.7977503288600701,0.0068359375,46.802790736270474,46.81502673838417,0.017044930789604076,0.999853621586468,0.005771636962890625,0.000732421875,0.00213623046875,0.0028228759765625,0.0037841796875,0.011331168934702873,0.033049244433641434,0.043672215193510056,0.058544375002384186,0.0,0.0,0.0,0.0
Alpha,Alpha,Alpha,Alpha,base,,,0,crf.linear.weight.tensor,crf.linear.weight,crf,CRF head,5,,linear_weight,CRF,4096x512,2097152,-0.00031572766602039337,0.03356962278485298,-0.00032342440681532025,0.033468056470155716,-7.696703505644109e-06,0.0012591147096827626,2135.654541015625,1.8234170136203904,0.0067138671875,48.61623023021093,48.46926126019846,0.0375063431489028,0.9992960096380006,0.01239776611328125,0.000885009765625,0.00241851806640625,0.003143310546875,0.0040435791015625,0.026363402605056763,0.07204481214284897,0.09363552927970886,0.12045347690582275,0.0,0.0,0.0,0.0
AlphaQCH,AlphaQCH,AlphaQCH,Alpha,QCH,,,1,conv.0.conv.bias.tensor,conv.0.conv.bias,conv,Convolution front-end,0,0.0,conv_bias,Conv,64,64,-0.34886807203292847,0.4828624725341797,-0.3483845591545105,0.48185664415359497,0.00048352713929489255,0.02446787618100643,0.8024343252182007,0.19578123113962434,0.13938817381858826,4.765644611255755,4.756856888137758,0.04108179419782512,0.9991562500431598,0.03125,0.0039045214653015137,0.04596823453903198,0.08920665830373764,0.13437005877494812,0.008086198009550571,0.09519943594932556,0.18474546074867249,0.27827808260917664,0.0,0.0,0.0,0.0
AlphaQCH,AlphaQCH,AlphaQCH,Alpha,QCH,,,1,conv.0.conv.weight.tensor,conv.0.conv.weight,conv,Convolution front-end,0,0.0,conv_weight,Conv,64x1x5,320,-0.001664625247940421,0.7632753252983093,-0.0009539734455756843,0.9275653958320618,0.0007106534903869033,0.16750681400299072,19.186019897460938,2.9964798301808515,1.0738325119018555,13.653916777224586,16.592803755683047,0.21945935946957798,0.9992455407665181,0.25,0.0025574725586920977,0.3048555850982666,0.8684595823287964,1.062187671661377,0.0033506553154438734,0.39940446615219116,1.1378064155578613,1.391618013381958,0.01875000074505806,0.0,0.0,0.0
AlphaQCH,AlphaQCH,AlphaQCH,Alpha,QCH,,,1,conv.1.conv.bias.tensor,conv.1.conv.bias,conv,Convolution front-end,0,1.0,conv_bias,Conv,64,64,-0.35623908042907715,3.126411199569702,-0.38817596435546875,3.0987725257873535,-0.03193691000342369,0.16154560446739197,5.896216869354248,1.3173779713037668,0.8121519088745117,25.173133406626448,24.983926717757583,0.052332697325511913,0.9986486950308687,0.015625,0.03899317979812622,0.34403902292251587,0.6065061092376709,0.7915874719619751,0.012472185306251049,0.11004279553890228,0.19399432837963104,0.2531936466693878,0.0,0.0,0.0,0.0
AlphaQCH,AlphaQCH,AlphaQCH,Alpha,QCH,,,1,conv.1.conv.weight.tensor,conv.1.conv.weight,conv,Convolution front-end,0,1.0,conv_weight,Conv,64x64x5,20480,-0.005043329205363989,0.2731286585330963,-0.005399509333074093,0.27148574590682983,-0.00035618047695606947,0.013412607833743095,96.94534301757812,1.9201328476007338,0.2529582977294922,39.093653202318215,38.859560338319575,0.04911622962590824,0.9988044540441181,0.08330078423023224,0.001423526555299759,0.018309559673070908,0.05248040705919266,0.19999444484710693,0.005211926996707916,0.06703639030456543,0.19214536249637604,0.7322352528572083,0.0,0.0,0.0,0.0
AlphaQCH,AlphaQCH,AlphaQCH,Alpha,QCH,,,1,conv.2.conv.bias.tensor,conv.2.conv.bias,conv,Convolution front-end,0,2.0,conv_bias,Conv,128,128,-0.23985695838928223,0.8994260430335999,-0.24586249887943268,0.9113568067550659,-0.006005553528666496,0.05230807512998581,4.357396125793457,0.5956859898838733,0.20865154266357422,10.53146805806331,10.679443892384375,0.05656248365371396,0.9985197790833292,0.0078125,0.01946467161178589,0.11207235604524612,0.19326387345790863,0.20697519183158875,0.021641213446855545,0.12460430711507797,0.21487466990947723,0.23011919856071472,0.0,0.0,0.0,0.0
AlphaQCH,AlphaQCH,AlphaQCH,Alpha,QCH,,,1,conv.2.conv.weight.tensor,conv.2.conv.weight,conv,Convolution front-end,0,2.0,conv_weight,Conv,128x64x9,73728,0.0019348718924447894,0.13461939990520477,0.0019267778843641281,0.1371057629585266,-8.094169970718212e-06,0.007110314443707466,278.19439697265625,1.9306578879674912,0.16851860284805298,36.55684384668964,37.23186691615799,0.05281248830079916,0.9987980559511501,0.02006022073328495,0.0018372666090726852,0.013876865617930889,0.027164451777935028,0.05927231162786484,0.013647858053445816,0.10308219492435455,0.20178702473640442,0.44029539823532104,0.00010850694525288418,0.0,0.0,0.0
AlphaQCH,AlphaQCH,AlphaQCH,Alpha,QCH,,,1,conv.3.conv.bias.tensor,conv.3.conv.bias,conv,Convolution front-end,0,3.0,conv_bias,Conv,128,128,-0.27887842059135437,0.6861683130264282,-0.28558048605918884,0.7057634592056274,-0.006702061276882887,0.03372252732515335,2.5983550548553467,0.3889886724752194,0.17827963829040527,8.379785792997541,8.613725009827158,0.046419882570295085,0.9993308929922755,0.015625,0.00932338461279869,0.07254518568515778,0.13153357803821564,0.17289520800113678,0.013587606139481068,0.10572505742311478,0.19169287383556366,0.2519720196723938,0.0,0.0,0.0,0.0
AlphaQCH,AlphaQCH,AlphaQCH,Alpha,QCH,,,1,conv.3.conv.weight.tensor,conv.3.conv.weight,conv,Convolution front-end,0,3.0,conv_weight,Conv,128x128x9,147456,2.159507403121097e-06,0.045519500970840454,-2.6276202333974652e-05,0.046486031264066696,-2.8435677450033836e-05,0.002846656832844019,195.57003784179688,1.0931707210586752,0.1382230520248413,17.479488886643146,17.85063848128277,0.06254019943878067,0.9983058383119148,0.0067545571364462376,0.0005827572895213962,0.004959425888955593,0.011146617121994495,0.026264680549502373,0.012802362442016602,0.10895165055990219,0.24487559497356415,0.5769982933998108,0.00018310546875,5.425347262644209e-05,1.3563368156610522e-05,0.0
AlphaQCH,AlphaQCH,AlphaQCH,Alpha,QCH,,,1,conv.4.conv.bias.tensor,conv.4.conv.bias,conv,Convolution front-end,0,4.0,conv_bias,Conv,512,512,0.018486348912119865,0.1553741842508316,0.017933981493115425,0.1568865180015564,-0.0005523653235286474,0.007372357416898012,1.9925537109375,0.16728497097096423,0.07177245616912842,3.5405137074041804,3.5730552238682933,0.047248785005712154,0.9989358199490272,0.03125,0.0020886827260255814,0.01380911748856306,0.030619103461503983,0.060549695044755936,0.01344291865825653,0.08887652307748795,0.19706682860851288,0.38970234990119934,0.0,0.0,0.0,0.0
AlphaQCH,AlphaQCH,AlphaQCH,Alpha,QCH,,,1,conv.4.conv.weight.tensor,conv.4.conv.weight,conv,Convolution front-end,0,4.0,conv_weight,Conv,512x128x5,327680,0.0007904483936727047,0.04287688806653023,0.0007806044304743409,0.042699262499809265,-9.843946827459149e-06,0.002098207361996174,351.40850830078125,1.201097092200153,0.07000339031219482,24.54832830078825,24.446564615184176,0.048927856817098894,0.9988067348233998,0.02417907677590847,0.0005082385614514351,0.003980562556535006,0.008571954444050789,0.018998829647898674,0.011853436008095741,0.09283699840307236,0.19992010295391083,0.44310176372528076,1.831054760259576e-05,0.0,0.0,0.0
AlphaQCH,AlphaQCH,AlphaQCH,Alpha,QCH,,,1,transformer_encoder.0.self_attn.Wqkv.weight.tensor,transformer_encoder.0.self_attn.Wqkv.weight,transformer_self_attn,Transformer self-attention,1,0.0,self_attn_Wqkv_weight,Self-attention,1536x512,786432,-5.857439828105271e-05,0.08021117746829987,-6.004505485179834e-05,0.08016803860664368,-1.4706174624734558e-06,0.0007495258469134569,456.2325439453125,0.6646873675706281,0.0040283203125,71.13212906385026,71.09388049438573,0.009344404227996272,0.9999551985765589,0.0063756308518350124,0.0004730224609375,0.00151824951171875,0.0020599365234375,0.002685546875,0.005897213239222765,0.018928151577711105,0.02568141184747219,0.03348095342516899,0.0,0.0,0.0,0.0
AlphaQCH,AlphaQCH,AlphaQCH,Alpha,QCH,,,1,transformer_encoder.0.self_attn.out_proj.bias.tensor,transformer_encoder.0.self_attn.out_proj.bias,transformer_self_attn,Transformer self-attention,1,0.0,self_attn_out_proj_bias,Self-attention,512,512,-0.0022732503712177277,0.02975558303296566,-0.0022508841939270496,0.02971842885017395,2.2366060875356197e-05,0.00042272493010386825,0.16781622171401978,0.009578552153725255,0.00150299072265625,0.6752539766188196,0.6743773281633495,0.014185110322005784,0.9999000577018559,0.052734375,0.000274658203125,0.00084686279296875,0.001170886098407209,0.001414299476891756,0.009230473078787327,0.028460625559091568,0.03935011476278305,0.04753054305911064,0.0,0.0,0.0,0.0
AlphaQCH,AlphaQCH,AlphaQCH,Alpha,QCH,,,1,transformer_encoder.0.self_attn.out_proj.weight.tensor,transformer_encoder.0.self_attn.out_proj.weight,transformer_self_attn,Transformer self-attention,1,0.0,self_attn_out_proj_weight,Self-attention,512x512,262144,-1.71788597072009e-05,0.029549462720751762,-1.9298488041386008e-05,0.029535416513681412,-2.1196303805481875e-06,0.0007912514847703278,161.87197875976562,0.40512203467818964,0.003951072692871094,15.129331866915267,15.122141670450382,0.026777258787222542,0.9996407321565166,0.013996124267578125,0.0004978179931640625,0.0015869140625,0.00212860107421875,0.002812866121530533,0.01684693433344364,0.053703635931015015,0.07203516364097595,0.09519175440073013,0.0,0.0,0.0,0.0
AlphaQCH,AlphaQCH,AlphaQCH,Alpha,QCH,,,1,transformer_encoder.1.self_attn.Wqkv.weight.tensor,transformer_encoder.1.self_attn.Wqkv.weight,transformer_self_attn,Transformer self-attention,1,1.0,self_attn_Wqkv_weight,Self-attention,1536x512,786432,0.00025529079721309245,0.06557293981313705,0.0002564420865382999,0.06551370024681091,1.1512389619383612e-06,0.0007810790557414293,476.85882568359375,0.692668688985328,0.00445556640625,58.15122896111053,58.09868986192266,0.011911505592573944,0.9999278927920576,0.0047747292555868626,0.00048828125,0.0015869140625,0.0021209716796875,0.0027618408203125,0.007446382660418749,0.024200743064284325,0.03234522417187691,0.04211860150098801,0.0,0.0,0.0,0.0
AlphaQCH,AlphaQCH,AlphaQCH,Alpha,QCH,,,1,transformer_encoder.1.self_attn.out_proj.bias.tensor,transformer_encoder.1.self_attn.out_proj.bias,transformer_self_attn,Transformer self-attention,1,1.0,self_attn_out_proj_bias,Self-attention,512,512,-0.00044205912854522467,0.029170624911785126,-0.0004827117081731558,0.029237139970064163,-4.065257962793112e-05,0.00043869492947123945,0.17246407270431519,0.009969062302379539,0.0018472671508789062,0.6601316910187729,0.6616510926374767,0.015101626596625456,0.9998888993744417,0.0078125,0.000263214111328125,0.0008787153055891395,0.0012478642165660858,0.001800972269847989,0.009023256599903107,0.030123284086585045,0.042778097093105316,0.061739224940538406,0.0,0.0,0.0,0.0
AlphaQCH,AlphaQCH,AlphaQCH,Alpha,QCH,,,1,transformer_encoder.1.self_attn.out_proj.weight.tensor,transformer_encoder.1.self_attn.out_proj.weight,transformer_self_attn,Transformer self-attention,1,1.0,self_attn_out_proj_weight,Self-attention,512x512,262144,-6.949186354177073e-05,0.046070944517850876,-6.826244498370215e-05,0.046045441180467606,1.2294058251427487e-06,0.0008467155275866389,176.17933654785156,0.43351870394266606,0.004364013671875,23.588355654028483,23.575298041262915,0.018378504644456225,0.9998306912338792,0.009059906005859375,0.0005626678466796875,0.001667022705078125,0.0022125244140625,0.00286865234375,0.012213070876896381,0.036183811724185944,0.04802427813410759,0.06226596236228943,0.0,0.0,0.0,0.0
AlphaQCH,AlphaQCH,AlphaQCH,Alpha,QCH,,,1,transformer_encoder.2.self_attn.Wqkv.weight.tensor,transformer_encoder.2.self_attn.Wqkv.weight,transformer_self_attn,Transformer self-attention,1,2.0,self_attn_Wqkv_weight,Self-attention,1536x512,786432,-0.00013327761553227901,0.07562576979398727,-0.0001313831890001893,0.07557106018066406,1.8943919712910429e-06,0.000848044001031667,528.83984375,0.7520551339848146,0.003997802734375,67.06584189017163,67.01733174266377,0.011213683639674338,0.9999356765289834,0.0044301352463662624,0.00054931640625,0.001678466796875,0.0022125244140625,0.00286865234375,0.007263613399118185,0.022194374352693558,0.029256220906972885,0.037932202219963074,0.0,0.0,0.0,0.0
AlphaQCH,AlphaQCH,AlphaQCH,Alpha,QCH,,,1,transformer_encoder.2.self_attn.out_proj.bias.tensor,transformer_encoder.2.self_attn.out_proj.bias,transformer_self_attn,Transformer self-attention,1,2.0,self_attn_out_proj_bias,Self-attention,512,512,-0.0003780202241614461,0.041862670332193375,-0.0004020265769213438,0.041894495487213135,-2.400635275989771e-05,0.0004501338698901236,0.17748647928237915,0.010199841383166456,0.002197265625,0.9472827083974211,0.9480078237669454,0.010767473419219712,0.9999424490594812,0.001953125,0.00028896331787109375,0.0009307861328125,0.0012564100325107574,0.0017840228974819183,0.006902647204697132,0.022234268486499786,0.030012650415301323,0.042616069316864014,0.0,0.0,0.0,0.0
AlphaQCH,AlphaQCH,AlphaQCH,Alpha,QCH,,,1,transformer_encoder.2.self_attn.out_proj.weight.tensor,transformer_encoder.2.self_attn.out_proj.weight,transformer_self_attn,Transformer self-attention,1,2.0,self_attn_out_proj_weight,Self-attention,512x512,262144,-8.489452739013359e-05,0.05466361343860626,-8.666727808304131e-05,0.054626334458589554,-1.7727709291648353e-06,0.0008500901749357581,176.7682342529297,0.43524707003970675,0.005126953125,27.987814295214935,27.968728177365787,0.015551306202360548,0.999878440506768,0.00615692138671875,0.0005645751953125,0.001674652099609375,0.002227783203125,0.0029296204447746277,0.010328169912099838,0.030635584145784378,0.040754400193691254,0.053593602031469345,0.0,0.0,0.0,0.0
AlphaQCH,AlphaQCH,AlphaQCH,Alpha,QCH,,,1,transformer_encoder.3.self_attn.Wqkv.weight.tensor,transformer_encoder.3.self_attn.Wqkv.weight,transformer_self_attn,Transformer self-attention,1,3.0,self_attn_Wqkv_weight,Self-attention,1536x512,786432,-0.00014777800242882222,0.079198457300663,-0.00015027036715764552,0.07915318012237549,-2.492362000339199e-06,0.0008630453376099467,537.9281616210938,0.7653598326208626,0.00457763671875,70.23416122047554,70.19401475219415,0.010897258817091483,0.9999390542433918,0.0042254128493368626,0.000576019287109375,0.001708984375,0.00225830078125,0.0029296875,0.007273111958056688,0.021578503772616386,0.028514452278614044,0.03699171915650368,0.0,0.0,0.0,0.0
AlphaQCH,AlphaQCH,AlphaQCH,Alpha,QCH,,,1,transformer_encoder.3.self_attn.out_proj.bias.tensor,transformer_encoder.3.self_attn.out_proj.bias,transformer_self_attn,Transformer self-attention,1,3.0,self_attn_out_proj_bias,Self-attention,512,512,0.0031509939581155777,0.04125424474477768,0.003119071014225483,0.041244279593229294,-3.1923060305416584e-05,0.00043398942216299474,0.1723443865776062,0.009846590840603646,0.0015869140625,0.9361959288482714,0.9359163259617069,0.010517660392634498,0.999944739294608,0.005859375,0.000270843505859375,0.0008544921875,0.001129150390625,0.001368597149848938,0.00656522624194622,0.020712824538350105,0.027370518073439598,0.03317468985915184,0.0,0.0,0.0,0.0
AlphaQCH,AlphaQCH,AlphaQCH,Alpha,QCH,,,1,transformer_encoder.3.self_attn.out_proj.weight.tensor,transformer_encoder.3.self_attn.out_proj.weight,transformer_self_attn,Transformer self-attention,1,3.0,self_attn_out_proj_weight,Self-attention,512x512,262144,-5.6098444474628195e-05,0.06004486232995987,-5.54443831788376e-05,0.06003541499376297,6.540396952914307e-07,0.000843157758936286,175.72567749023438,0.4316968406560314,0.00384521484375,30.742993556776984,30.7381568990527,0.014042121170104926,0.9999006104735572,0.0055389404296875,0.000560760498046875,0.00164794921875,0.002197265625,0.002838134765625,0.009339023381471634,0.027445293962955475,0.0365937240421772,0.047266896814107895,0.0,0.0,0.0,0.0
AlphaQCH,AlphaQCH,AlphaQCH,Alpha,QCH,,,1,transformer_encoder.4.self_attn.Wqkv.weight.tensor,transformer_encoder.4.self_attn.Wqkv.weight,transformer_self_attn,Transformer self-attention,1,4.0,self_attn_Wqkv_weight,Self-attention,1536x512,786432,8.962970605352893e-05,0.08053357899188995,9.312783367931843e-05,0.08049342036247253,3.498131491141976e-06,0.000851901073474437,531.3538818359375,0.7554802153071383,0.004425048828125,71.41809256282683,71.3824768960317,0.010578274890813253,0.9999422739079287,0.0037256877403706312,0.0005614757537841797,0.001678466796875,0.002227783203125,0.00286865234375,0.006971945054829121,0.020841823890805244,0.02766278386116028,0.03562057018280029,0.0,0.0,0.0,0.0
AlphaQCH,AlphaQCH,AlphaQCH,Alpha,QCH,,,1,transformer_encoder.4.self_attn.out_proj.bias.tensor,transformer_encoder.4.self_attn.out_proj.bias,transformer_self_attn,Transformer self-attention,1,4.0,self_attn_out_proj_bias,Self-attention,512,512,0.005694971419870853,0.0415608175098896,0.005697333719581366,0.0415450781583786,2.362532541155815e-06,0.0004096586490049958,0.16887080669403076,0.009269671184925917,0.00125885009765625,0.9492017642412698,0.9488561746244717,0.009765754272829153,0.9999524504039659,0.005859375,0.0002803802490234375,0.0008037562947720289,0.0010350802913308144,0.0012237634509801865,0.006746262311935425,0.019339274615049362,0.024905188009142876,0.029445117339491844,0.0,0.0,0.0,0.0
AlphaQCH,AlphaQCH,AlphaQCH,Alpha,QCH,,,1,transformer_encoder.4.self_attn.out_proj.weight.tensor,transformer_encoder.4.self_attn.out_proj.weight,transformer_self_attn,Transformer self-attention,1,4.0,self_attn_out_proj_weight,Self-attention,512x512,262144,0.0001113375328714028,0.06491848826408386,0.00011246115900576115,0.06490340828895569,1.123580204875907e-06,0.0008182458695955575,170.47898864746094,0.41894220026456364,0.0037841796875,33.23832692770689,33.23060627432751,0.01260419037263058,0.9999199015038839,0.004497528076171875,0.00054931640625,0.0016021728515625,0.00213623046875,0.002777099609375,0.008461631834506989,0.02467975951731205,0.03290634602308273,0.04277824983000755,0.0,0.0,0.0,0.0
AlphaQCH,AlphaQCH,AlphaQCH,Alpha,QCH,,,1,transformer_encoder.5.self_attn.Wqkv.weight.tensor,transformer_encoder.5.self_attn.Wqkv.weight,transformer_self_attn,Transformer self-attention,1,5.0,self_attn_Wqkv_weight,Self-attention,1536x512,786432,-0.00015342856931965798,0.08280777931213379,-0.00015418762632180005,0.08277285099029541,-7.590870154672302e-07,0.0008737673633731902,545.0980224609375,0.7748653448703002,0.004730224609375,73.43495008870946,73.40397506053402,0.01055172426663669,0.9999426139549338,0.0040079751051962376,0.000579833984375,0.001708984375,0.002288818359375,0.002960205078125,0.0070021674036979675,0.020637966692447662,0.02764013409614563,0.03574790805578232,0.0,0.0,0.0,0.0
AlphaQCH,AlphaQCH,AlphaQCH,Alpha,QCH,,,1,transformer_encoder.5.self_attn.out_proj.bias.tensor,transformer_encoder.5.self_attn.out_proj.bias,transformer_self_attn,Transformer self-attention,1,5.0,self_attn_out_proj_bias,Self-attention,512,512,0.0076002441346645355,0.05128750950098038,0.007610657252371311,0.05122304707765579,1.0412884876132011e-05,0.0003966038057114929,0.1640632152557373,0.008977212266400655,0.001129150390625,1.1731769704307082,1.1717686922809634,0.007652052923522016,0.9999714976833806,0.001953125,0.000274658203125,0.0007829426904208958,0.0009765625,0.0010667741298675537,0.005355263594537973,0.015265753492712975,0.019040938466787338,0.020799877122044563,0.0,0.0,0.0,0.0
AlphaQCH,AlphaQCH,AlphaQCH,Alpha,QCH,,,1,transformer_encoder.5.self_attn.out_proj.weight.tensor,transformer_encoder.5.self_attn.out_proj.weight,transformer_self_attn,Transformer self-attention,1,5.0,self_attn_out_proj_weight,Self-attention,512x512,262144,-3.0022030841792002e-05,0.05985739827156067,-3.192921576555818e-05,0.059845637530088425,-1.9071799215453211e-06,0.0008431965252384543,175.84449768066406,0.43171767155626134,0.0042476654052734375,30.647003614813737,30.640981560266024,0.014086782413781208,0.9999000223330465,0.005527496337890625,0.0005629062652587891,0.00164794921875,0.002197265625,0.00286865234375,0.009404120035469532,0.027531249448657036,0.03670833259820938,0.04792476445436478,0.0,0.0,0.0,0.0
AlphaQCH,AlphaQCH,AlphaQCH,Alpha,QCH,,,1,transformer_encoder.6.self_attn.Wqkv.weight.tensor,transformer_encoder.6.self_attn.Wqkv.weight,transformer_self_attn,Transformer self-attention,1,6.0,self_attn_Wqkv_weight,Self-attention,1536x512,786432,-5.458114901557565e-05,0.08206424862146378,-5.2310817409306765e-05,0.08202757686376572,2.270287723149522e-06,0.0008411380695179105,524.3718872070312,0.7459317975251779,0.00415802001953125,72.77547341824717,72.74294894416744,0.010249769084128533,0.9999458198196209,0.00360107421875,0.00054931640625,0.00164794921875,0.002197265625,0.00286865234375,0.0066937352530658245,0.020081205293536186,0.026774941012263298,0.03495617210865021,0.0,0.0,0.0,0.0
AlphaQCH,AlphaQCH,AlphaQCH,Alpha,QCH,,,1,transformer_encoder.6.self_attn.out_proj.bias.tensor,transformer_encoder.6.self_attn.out_proj.bias,transformer_self_attn,Transformer self-attention,1,6.0,self_attn_out_proj_bias,Self-attention,512,512,0.013186391443014145,0.06983010470867157,0.013185564428567886,0.06974554061889648,-8.272472769021988e-07,0.00040272498154081404,0.16455280780792236,0.009112645089317493,0.00152587890625,1.607999788132459,1.6061162455045046,0.005667068588295841,0.9999847161696679,0.001953125,0.0003032684326171875,0.000732421875,0.0010173041373491287,0.0014946907758712769,0.004342946223914623,0.01048862561583519,0.014568272978067398,0.021404674276709557,0.0,0.0,0.0,0.0
AlphaQCH,AlphaQCH,AlphaQCH,Alpha,QCH,,,1,transformer_encoder.6.self_attn.out_proj.weight.tensor,transformer_encoder.6.self_attn.out_proj.weight,transformer_self_attn,Transformer self-attention,1,6.0,self_attn_out_proj_weight,Self-attention,512x512,262144,6.82807803968899e-05,0.0660417228937149,6.82264071656391e-05,0.06603365391492844,-5.437118488771375e-08,0.0007992378668859601,166.3829803466797,0.40920976696663763,0.00372314453125,33.81339171074642,33.80926148423498,0.01210200297169752,0.9999261164291537,0.004383087158203125,0.0005340576171875,0.0015869140625,0.0020751953125,0.002685546875,0.008086669258773327,0.02402895875275135,0.031422484666109085,0.040664393454790115,0.0,0.0,0.0,0.0
AlphaQCH,AlphaQCH,AlphaQCH,Alpha,QCH,,,1,transformer_encoder.7.self_attn.Wqkv.weight.tensor,transformer_encoder.7.self_attn.Wqkv.weight,transformer_self_attn,Transformer self-attention,1,7.0,self_attn_Wqkv_weight,Self-attention,1536x512,786432,5.859726297785528e-05,0.08321157097816467,5.942694770055823e-05,0.08317453414201736,8.296990472445032e-07,0.0008562251459807158,534.2234497070312,0.7593088223227527,0.00433349609375,73.79294300608969,73.76009266216556,0.010289721366175642,0.9999452423629733,0.0037905375938862562,0.0005685687065124512,0.001708984375,0.002227783203125,0.0029296875,0.006832807324826717,0.02053781971335411,0.02677251398563385,0.03520768880844116,0.0,0.0,0.0,0.0
AlphaQCH,AlphaQCH,AlphaQCH,Alpha,QCH,,,1,transformer_encoder.7.self_attn.out_proj.bias.tensor,transformer_encoder.7.self_attn.out_proj.bias,transformer_self_attn,Transformer self-attention,1,7.0,self_attn_out_proj_bias,Self-attention,512,512,0.02039126306772232,0.06323306262493134,0.020365621894598007,0.06312478333711624,-2.5639659725129604e-05,0.0004143059195484966,0.17196446657180786,0.009392607379395,0.001708984375,1.503357150417094,1.5008472592930764,0.006247755150386488,0.999981847498248,0.005859375,0.00030517578125,0.00079345703125,0.0010961154475808144,0.001490667462348938,0.004826205316931009,0.012548133730888367,0.017334528267383575,0.02357417531311512,0.0,0.0,0.0,0.0
AlphaQCH,AlphaQCH,AlphaQCH,Alpha,QCH,,,1,transformer_encoder.7.self_attn.out_proj.weight.tensor,transformer_encoder.7.self_attn.out_proj.weight,transformer_self_attn,Transformer self-attention,1,7.0,self_attn_out_proj_weight,Self-attention,512x512,262144,6.614855374209583e-05,0.0642695426940918,7.030670531094074e-05,0.06426011770963669,4.158128376730019e-06,0.0008300620247609913,172.90269470214844,0.4249970274709083,0.004322052001953125,32.906036695058894,32.90121192439194,0.012915472969575582,0.9999157289549719,0.0052032470703125,0.00054931640625,0.00164794921875,0.002166748046875,0.0028076171875,0.008547071367502213,0.02564121223986149,0.0337134450674057,0.043685030192136765,0.0,0.0,0.0,0.0
AlphaQCH,AlphaQCH,AlphaQCH,Alpha,QCH,,,1,transformer_encoder.8.self_attn.Wqkv.weight.tensor,transformer_encoder.8.self_attn.Wqkv.weight,transformer_self_attn,Transformer self-attention,1,8.0,self_attn_Wqkv_weight,Self-attention,1536x512,786432,-4.0591752622276545e-05,0.08352092653512955,-3.861940422211774e-05,0.08348903805017471,1.972330210264772e-06,0.0008529080078005791,532.2275390625,0.756368854735411,0.0047607421875,74.06725986814283,74.0389796513465,0.010211918951530213,0.9999461149048345,0.0036379497032612562,0.0005645751953125,0.0016937255859375,0.002227783203125,0.0028907060623168945,0.00675968499854207,0.0202790554612875,0.026673350483179092,0.0346105583012104,0.0,0.0,0.0,0.0
AlphaQCH,AlphaQCH,AlphaQCH,Alpha,QCH,,,1,transformer_encoder.8.self_attn.out_proj.bias.tensor,transformer_encoder.8.self_attn.out_proj.bias,transformer_self_attn,Transformer self-attention,1,8.0,self_attn_out_proj_bias,Self-attention,512,512,0.024965673685073853,0.06420286744832993,0.02498280443251133,0.06413383036851883,1.7131678760051727e-05,0.000425647507654503,0.17482614517211914,0.009639101418651047,0.001708984375,1.558714132989936,1.5573990528586341,0.006184008481500756,0.9999813026812863,0.001953125,0.00030517578125,0.0008342738728970289,0.0010944372043013573,0.0015218555927276611,0.0047533041797578335,0.01299433782696724,0.017046544700860977,0.02370385453104973,0.0,0.0,0.0,0.0
AlphaQCH,AlphaQCH,AlphaQCH,Alpha,QCH,,,1,transformer_encoder.8.self_attn.out_proj.weight.tensor,transformer_encoder.8.self_attn.out_proj.weight,transformer_self_attn,Transformer self-attention,1,8.0,self_attn_out_proj_weight,Self-attention,512x512,262144,1.4349880075315014e-06,0.07153227180242538,4.709076165454462e-06,0.07153206318616867,3.2741127142799087e-06,0.0008330599521286786,173.77406311035156,0.426529934796336,0.004058837890625,36.62453504664342,36.6244317228737,0.011646016372716112,0.9999313819515337,0.004917144775390625,0.00054931640625,0.00164794921875,0.002166748046875,0.002787470817565918,0.0076792798936367035,0.02303783968091011,0.030290493741631508,0.03896801546216011,0.0,0.0,0.0,0.0
AlphaQCH,AlphaQCH,AlphaQCH,Alpha,QCH,,,1,transformer_encoder.9.self_attn.Wqkv.weight.tensor,transformer_encoder.9.self_attn.Wqkv.weight,transformer_self_attn,Transformer self-attention,1,9.0,self_attn_Wqkv_weight,Self-attention,1536x512,786432,0.000242539681494236,0.08460711687803268,0.00024428669712506235,0.08448152989149094,1.7470460988988634e-06,0.0008971485658548772,560.387451171875,0.795601181968302,0.0048828125,75.03080096700288,74.91944241358514,0.010603661052721291,0.9999431652508557,0.00396728515625,0.0006103515625,0.00177001953125,0.0023196637630462646,0.0030517578125,0.007213950157165527,0.02092045545578003,0.027416884899139404,0.03606975078582764,0.0,0.0,0.0,0.0
AlphaQCH,AlphaQCH,AlphaQCH,Alpha,QCH,,,1,transformer_encoder.9.self_attn.out_proj.bias.tensor,transformer_encoder.9.self_attn.out_proj.bias,transformer_self_attn,Transformer self-attention,1,9.0,self_attn_out_proj_bias,Self-attention,512,512,0.003501572646200657,0.055311933159828186,0.0036062984727323055,0.05527826398611069,0.00010472582653164864,0.00047291244845837355,0.20020318031311035,0.010960027884480516,0.0014190673828125,1.2540716139469108,1.2534632390417473,0.008739555032250136,0.9999620100719117,0.005859375,0.000335693359375,0.00093841552734375,0.0010966398986056447,0.0013430463150143623,0.006069093476980925,0.016965875402092934,0.019826456904411316,0.024281306192278862,0.0,0.0,0.0,0.0
AlphaQCH,AlphaQCH,AlphaQCH,Alpha,QCH,,,1,transformer_encoder.9.self_attn.out_proj.weight.tensor,transformer_encoder.9.self_attn.out_proj.weight,transformer_self_attn,Transformer self-attention,1,9.0,self_attn_out_proj_weight,Self-attention,512x512,262144,2.3092787159839645e-05,0.06191784515976906,2.06471340788994e-05,0.06187908351421356,-2.4456644496240187e-06,0.0008704765932634473,181.41563415527344,0.44568571546489116,0.0078125,31.701952525756397,31.682104369891334,0.014058620367397804,0.9999004746589287,0.005420684814453125,0.000579833984375,0.001708984375,0.00225830078125,0.0029296875,0.009364567697048187,0.027600832283496857,0.03647252917289734,0.04731571301817894,0.0,0.0,0.0,0.0
AlphaQCH,AlphaQCH,AlphaQCH,Alpha,QCH,,,1,transformer_encoder.10.self_attn.Wqkv.weight.tensor,transformer_encoder.10.self_attn.Wqkv.weight,transformer_self_attn,Transformer self-attention,1,10.0,self_attn_Wqkv_weight,Self-attention,1536x512,786432,0.0001790486858226359,0.0850459486246109,0.0001785599597496912,0.08501569926738739,-4.887511408924183e-07,0.0008688093512319028,542.300537109375,0.7704683977883253,0.00439453125,75.41982433249066,75.39299057169539,0.010215727822325348,0.9999461354542625,0.0038159687537699938,0.000579833984375,0.001708984375,0.00225830078125,0.0029296875,0.006817890331149101,0.02009483426809311,0.026553887873888016,0.0344482883810997,0.0,0.0,0.0,0.0
AlphaQCH,AlphaQCH,AlphaQCH,Alpha,QCH,,,1,transformer_encoder.10.self_attn.out_proj.bias.tensor,transformer_encoder.10.self_attn.out_proj.bias,transformer_self_attn,Transformer self-attention,1,10.0,self_attn_out_proj_bias,Self-attention,512,512,0.0012445800239220262,0.05663425475358963,0.0012403996661305428,0.05692774057388306,-4.180357791483402e-06,0.00056349893566221,0.22927695512771606,0.012750876544774277,0.0020751953125,1.2817963156504482,1.2884334069519388,0.00994766203419292,0.9999641084371695,0.00390625,0.0003814697265625,0.001129150390625,0.001386871561408043,0.0019504427909851074,0.006735669914633036,0.019937582314014435,0.024488205090165138,0.034439269453287125,0.0,0.0,0.0,0.0
AlphaQCH,AlphaQCH,AlphaQCH,Alpha,QCH,,,1,transformer_encoder.10.self_attn.out_proj.weight.tensor,transformer_encoder.10.self_attn.out_proj.weight,transformer_self_attn,Transformer self-attention,1,10.0,self_attn_out_proj_weight,Self-attention,512x512,262144,-7.101225492078811e-05,0.06041784957051277,-7.049886335153133e-05,0.06039434298872948,5.133990725880722e-07,0.00083436060231179,173.6658477783203,0.42719264104801086,0.00396728515625,30.93397135021777,30.921936189302773,0.013809822095312365,0.999903948392366,0.005290985107421875,0.00054931640625,0.00164794921875,0.0021820068359375,0.0028076171875,0.009091953746974468,0.02727586217224598,0.036115262657403946,0.04646998643875122,0.0,0.0,0.0,0.0
AlphaQCH,AlphaQCH,AlphaQCH,Alpha,QCH,,,1,transformer_encoder.11.self_attn.Wqkv.weight.tensor,transformer_encoder.11.self_attn.Wqkv.weight,transformer_self_attn,Transformer self-attention,1,11.0,self_attn_Wqkv_weight,Self-attention,1536x512,786432,-0.00019976306066382676,0.08163049817085266,-0.00019910365517716855,0.08158383518457413,6.594115689040336e-07,0.0008617889252491295,538.2996215820312,0.7642426760057104,0.00738525390625,72.3910179004015,72.34962854085707,0.010557147808823135,0.9999427813513422,0.003810882568359375,0.000579833984375,0.001708984375,0.00225830078125,0.0029296875,0.00710315303876996,0.020935609936714172,0.02766491286456585,0.03588961437344551,0.0,0.0,0.0,0.0
AlphaQCH,AlphaQCH,AlphaQCH,Alpha,QCH,,,1,transformer_encoder.11.self_attn.out_proj.bias.tensor,transformer_encoder.11.self_attn.out_proj.bias,transformer_self_attn,Transformer self-attention,1,11.0,self_attn_out_proj_bias,Self-attention,512,512,-0.012231702916324139,0.06654907763004303,-0.012324056588113308,0.06682669371366501,-9.235343895852566e-05,0.0005918836686760187,0.24331557750701904,0.013554850811448586,0.002197265625,1.5310577739028002,1.537614014902857,0.008853258866180621,0.9999701892297369,0.005859375,0.000408172607421875,0.0012123105116188526,0.0015064245089888573,0.0021348893642425537,0.006133406888693571,0.01821678690612316,0.02263629250228405,0.032079920172691345,0.0,0.0,0.0,0.0
AlphaQCH,AlphaQCH,AlphaQCH,Alpha,QCH,,,1,transformer_encoder.11.self_attn.out_proj.weight.tensor,transformer_encoder.11.self_attn.out_proj.weight,transformer_self_attn,Transformer self-attention,1,11.0,self_attn_out_proj_weight,Self-attention,512x512,262144,0.00012059643631801009,0.061377786099910736,0.00012230676657054573,0.061338525265455246,1.7103427580877906e-06,0.0008149378118105233,169.69131469726562,0.4172490063878886,0.00379180908203125,31.425498415834134,31.405398775777787,0.013277402982338671,0.9999113665845005,0.00495147705078125,0.00054931640625,0.0015869140625,0.00213623046875,0.00274658203125,0.008949757553637028,0.02585485577583313,0.03480461239814758,0.044748786836862564,0.0,0.0,0.0,0.0
AlphaQCH,AlphaQCH,AlphaQCH,Alpha,QCH,,,1,transformer_encoder.12.self_attn.Wqkv.weight.tensor,transformer_encoder.12.self_attn.Wqkv.weight,transformer_self_attn,Transformer self-attention,1,12.0,self_attn_Wqkv_weight,Self-attention,1536x512,786432,-7.939530769363046e-05,0.0797630101442337,-8.270281250588596e-05,0.07970914989709854,-3.3075093597290106e-06,0.0008873924380168319,551.89453125,0.7869533639780797,0.0050048828125,70.73472187622038,70.68696465867133,0.011125418226075288,0.9999367518009099,0.0040346779860556126,0.0005909204483032227,0.001758575439453125,0.0023345947265625,0.0030517578125,0.007408451288938522,0.022047504782676697,0.029269138351082802,0.038260310888290405,0.0,0.0,0.0,0.0
AlphaQCH,AlphaQCH,AlphaQCH,Alpha,QCH,,,1,transformer_encoder.12.self_attn.out_proj.bias.tensor,transformer_encoder.12.self_attn.out_proj.bias,transformer_self_attn,Transformer self-attention,1,12.0,self_attn_out_proj_bias,Self-attention,512,512,7.303804159164429e-05,0.06083318218588829,-4.927697591483593e-05,0.06117028370499611,-0.00012231501750648022,0.000603408960159868,0.24806392192840576,0.0139312744140625,0.00189208984375,1.3764987493468457,1.384125942447975,0.010120804265650677,0.9999643669832071,0.001953125,0.000396728515625,0.001220703125,0.0015869140625,0.0018609017133712769,0.006521579809486866,0.02006639912724495,0.026086319237947464,0.0305902361869812,0.0,0.0,0.0,0.0
AlphaQCH,AlphaQCH,AlphaQCH,Alpha,QCH,,,1,transformer_encoder.12.self_attn.out_proj.weight.tensor,transformer_encoder.12.self_attn.out_proj.weight,transformer_self_attn,Transformer self-attention,1,12.0,self_attn_out_proj_weight,Self-attention,512x512,262144,0.00010403731721453369,0.06129160895943642,0.0001050818755174987,0.0612669512629509,1.0445908174006036e-06,0.0008088853792287409,168.1263885498047,0.4141496350715666,0.00433349609375,31.381360628912745,31.36873731382987,0.013197312888019995,0.9999121609766495,0.00498199462890625,0.00054931640625,0.0015869140625,0.00213623046875,0.002776026725769043,0.008962340652942657,0.02589120715856552,0.03485354781150818,0.04529210925102234,0.0,0.0,0.0,0.0
AlphaQCH,AlphaQCH,AlphaQCH,Alpha,QCH,,,1,transformer_encoder.13.self_attn.Wqkv.weight.tensor,transformer_encoder.13.self_attn.Wqkv.weight,transformer_self_attn,Transformer self-attention,1,13.0,self_attn_Wqkv_weight,Self-attention,1536x512,786432,-0.00021033840312156826,0.07851918786764145,-0.00021214161824900657,0.07848306745290756,-1.8032138768830919e-06,0.0008887408184818923,554.2699584960938,0.7881453065124167,0.007568359375,69.63190747827105,69.5998783505133,0.011318737846702674,0.9999344659710665,0.0040562949143350124,0.0006103515625,0.00174713134765625,0.0023193359375,0.0030517578125,0.007773278281092644,0.022251009941101074,0.029538458213210106,0.03886639326810837,0.0,0.0,0.0,0.0
AlphaQCH,AlphaQCH,AlphaQCH,Alpha,QCH,,,1,transformer_encoder.13.self_attn.out_proj.bias.tensor,transformer_encoder.13.self_attn.out_proj.bias,transformer_self_attn,Transformer self-attention,1,13.0,self_attn_out_proj_bias,Self-attention,512,512,-0.01542249321937561,0.0852852538228035,-0.015520303510129452,0.08550199866294861,-9.78102907538414e-05,0.0005448368610814214,0.2266068458557129,0.012525334682240034,0.001708984375,1.9610840640065546,1.9663045318084131,0.006386944298881306,0.9999832229310875,0.0,0.0003814697265625,0.00103759765625,0.00146484375,0.0016933903098106384,0.004472868051379919,0.012166201137006283,0.017175814136862755,0.019855601713061333,0.0,0.0,0.0,0.0
AlphaQCH,AlphaQCH,AlphaQCH,Alpha,QCH,,,1,transformer_encoder.13.self_attn.out_proj.weight.tensor,transformer_encoder.13.self_attn.out_proj.weight,transformer_self_attn,Transformer self-attention,1,13.0,self_attn_out_proj_weight,Self-attention,512x512,262144,-8.232514664996415e-05,0.058098554611206055,-8.038077066885307e-05,0.05806487053632736,1.944405539688887e-06,0.0008073943899944425,167.8813018798828,0.413387089609333,0.004150390625,29.74650078718556,29.729253122319395,0.013896998929951498,0.9999027497790706,0.0047607421875,0.00054931640625,0.0015869140625,0.00213623046875,0.002777099609375,0.009454905055463314,0.027314169332385063,0.0367690734565258,0.04779979586601257,0.0,0.0,0.0,0.0
AlphaQCH,AlphaQCH,AlphaQCH,Alpha,QCH,,,1,transformer_encoder.14.self_attn.Wqkv.weight.tensor,transformer_encoder.14.self_attn.Wqkv.weight,transformer_self_attn,Transformer self-attention,1,14.0,self_attn_Wqkv_weight,Self-attention,1536x512,786432,-3.622034682848607e-06,0.0795673355460167,2.040406570813502e-06,0.07952508330345154,5.662435341946548e-06,0.0008850680314935744,550.7196655273438,0.7849026170693522,0.0048828125,70.56116445813164,70.52370016637137,0.011123719727373164,0.9999366066191658,0.0038770039100199938,0.00058746337890625,0.001739501953125,0.0023193359375,0.0030517578125,0.007383222226053476,0.021862009540200233,0.029149344190955162,0.03835440054535866,0.0,0.0,0.0,0.0
AlphaQCH,AlphaQCH,AlphaQCH,Alpha,QCH,,,1,transformer_encoder.14.self_attn.out_proj.bias.tensor,transformer_encoder.14.self_attn.out_proj.bias,transformer_self_attn,Transformer self-attention,1,14.0,self_attn_out_proj_bias,Self-attention,512,512,0.0021043310407549143,0.0782407820224762,0.0020653922110795975,0.07830266654491425,-3.8939062505960464e-05,0.0005312616704031825,0.2166283130645752,0.012053325456378298,0.0018310546875,1.7710269896886288,1.7724032305946944,0.006805839508121011,0.9999771356344236,0.0,0.0003662109375,0.0010544771794229746,0.0014322283677756786,0.0017686784267425537,0.004680562764406204,0.013477333821356297,0.01830539107322693,0.02260557934641838,0.0,0.0,0.0,0.0
AlphaQCH,AlphaQCH,AlphaQCH,Alpha,QCH,,,1,transformer_encoder.14.self_attn.out_proj.weight.tensor,transformer_encoder.14.self_attn.out_proj.weight,transformer_self_attn,Transformer self-attention,1,14.0,self_attn_out_proj_weight,Self-attention,512x512,262144,0.00011341196659486741,0.0629572793841362,0.0001099546643672511,0.06293296813964844,-3.457289949437836e-06,0.0008330262498930097,172.64678955078125,0.4265130604748856,0.00537109375,32.23419133188101,32.22174111661158,0.013231697239850794,0.9999116929687606,0.00437164306640625,0.00054931640625,0.00164794921875,0.0022019073367118835,0.002953141927719116,0.008725224062800407,0.026175670325756073,0.03497462347149849,0.04690707102417946,0.0,0.0,0.0,0.0
AlphaQCH,AlphaQCH,AlphaQCH,Alpha,QCH,,,1,transformer_encoder.15.self_attn.Wqkv.weight.tensor,transformer_encoder.15.self_attn.Wqkv.weight,transformer_self_attn,Transformer self-attention,1,15.0,self_attn_Wqkv_weight,Self-attention,1536x512,786432,-5.524737935047597e-05,0.07840512692928314,-5.4703214118489996e-05,0.07838623225688934,5.441573307507497e-07,0.0009908850770443678,611.31201171875,0.8787264152498311,0.0167236328125,69.53053019290338,69.51376886991527,0.012637993882858462,0.9999184523499919,0.004241943359375,0.000640869140625,0.001953125,0.0026702880859375,0.003753662109375,0.008173815906047821,0.02491067722439766,0.03405756503343582,0.04787520691752434,0.0,0.0,0.0,0.0
AlphaQCH,AlphaQCH,AlphaQCH,Alpha,QCH,,,1,transformer_encoder.15.self_attn.out_proj.bias.tensor,transformer_encoder.15.self_attn.out_proj.bias,transformer_self_attn,Transformer self-attention,1,15.0,self_attn_out_proj_bias,Self-attention,512,512,-0.010012953542172909,0.09045206010341644,-0.009998742491006851,0.09047906845808029,1.4211516827344894e-05,0.0005661113536916673,0.23424220085144043,0.012813672595948167,0.00244140625,2.0591986851330097,2.0597706855988114,0.006222649950417131,0.9999806457003465,0.001953125,0.000396728515625,0.001047896919772029,0.0014241794124245644,0.0020983368158340454,0.004386063665151596,0.011585107073187828,0.015745127573609352,0.023198328912258148,0.0,0.0,0.0,0.0
AlphaQCH,AlphaQCH,AlphaQCH,Alpha,QCH,,,1,transformer_encoder.15.self_attn.out_proj.weight.tensor,transformer_encoder.15.self_attn.out_proj.weight,transformer_self_attn,Transformer self-attention,1,15.0,self_attn_out_proj_weight,Self-attention,512x512,262144,2.0031939129694365e-05,0.06572773307561874,2.2437441657530144e-05,0.06567975133657455,2.4055091216723667e-06,0.0009059521253220737,187.5841522216797,0.46384910146690583,0.0050048828125,33.6526137630636,33.628049350579346,0.01378344947387127,0.9999044265557878,0.004703521728515625,0.0006103515625,0.00177001953125,0.002429962158203125,0.003294825553894043,0.009286057204008102,0.026929566636681557,0.0369701161980629,0.05012838542461395,0.0,0.0,0.0,0.0
AlphaQCH,AlphaQCH,AlphaQCH,Alpha,QCH,,,1,transformer_encoder.16.self_attn.Wqkv.weight.tensor,transformer_encoder.16.self_attn.Wqkv.weight,transformer_self_attn,Transformer self-attention,1,16.0,self_attn_Wqkv_weight,Self-attention,1536x512,786432,-6.306452269200236e-05,0.06916620582342148,-6.221784133231267e-05,0.06918641924858093,8.466833492093429e-07,0.0010578199289739132,647.57666015625,0.9380848331988966,0.011962890625,61.33735798332856,61.35528857031702,0.015293857838706583,0.9998814227073656,0.0050824484787881374,0.00067138671875,0.0020751953125,0.0029296875,0.00439453125,0.009706859476864338,0.0300030205398798,0.04235720634460449,0.06353580951690674,0.0,0.0,0.0,0.0
AlphaQCH,AlphaQCH,AlphaQCH,Alpha,QCH,,,1,transformer_encoder.16.self_attn.out_proj.bias.tensor,transformer_encoder.16.self_attn.out_proj.bias,transformer_self_attn,Transformer self-attention,1,16.0,self_attn_out_proj_bias,Self-attention,512,512,0.002451110165566206,0.06382599472999573,0.002406852785497904,0.06371302902698517,-4.4257380068302155e-05,0.0006550466641783714,0.2694758176803589,0.014855805516156008,0.00341796875,1.445281982099681,1.4426895672877915,0.010278828422508574,0.9999487845074009,0.005859375,0.000469207763671875,0.001200484810397029,0.0016378217842429876,0.002575889229774475,0.007351357489824295,0.01880871132016182,0.02566072903573513,0.04035799205303192,0.0,0.0,0.0,0.0
AlphaQCH,AlphaQCH,AlphaQCH,Alpha,QCH,,,1,transformer_encoder.16.self_attn.out_proj.weight.tensor,transformer_encoder.16.self_attn.out_proj.weight,transformer_self_attn,Transformer self-attention,1,16.0,self_attn_out_proj_weight,Self-attention,512x512,262144,1.39124977067695e-05,0.06549250334501266,1.8070979422191158e-05,0.06547535955905914,4.158493538852781e-06,0.0009450498037040234,196.704345703125,0.48387010470756864,0.0052490234375,33.532176492908455,33.523398355546945,0.014430023795499387,0.999895133811831,0.004955291748046875,0.00061798095703125,0.00185394287109375,0.002471923828125,0.0032958984375,0.00943590234965086,0.028307707980275154,0.03774360939860344,0.05032481253147125,0.0,0.0,0.0,0.0
AlphaQCH,AlphaQCH,AlphaQCH,Alpha,QCH,,,1,transformer_encoder.17.self_attn.Wqkv.weight.tensor,transformer_encoder.17.self_attn.Wqkv.weight,transformer_self_attn,Transformer self-attention,1,17.0,self_attn_Wqkv_weight,Self-attention,1536x512,786432,-7.111241575330496e-05,0.09043940156698227,-7.162565452745184e-05,0.09051993489265442,-5.132289970788406e-07,0.0011128979967907071,681.0552368164062,0.9869285040394624,0.01220703125,80.20265774021301,80.27406667940774,0.012305433907642336,0.999923227446653,0.004375457763671875,0.000732421875,0.002197265625,0.0030517578125,0.004608154296875,0.008098481222987175,0.024295443668961525,0.03374367207288742,0.05095294490456581,0.0,0.0,0.0,0.0
AlphaQCH,AlphaQCH,AlphaQCH,Alpha,QCH,,,1,transformer_encoder.17.self_attn.out_proj.bias.tensor,transformer_encoder.17.self_attn.out_proj.bias,transformer_self_attn,Transformer self-attention,1,17.0,self_attn_out_proj_bias,Self-attention,512,512,-0.0052572558633983135,0.03579435124993324,-0.005306554958224297,0.035832978785037994,-4.929874558001757e-05,0.0005103761795908213,0.20793431997299194,0.011602244798588813,0.0018310546875,0.8186230655728276,0.8196504373493748,0.014172877953855386,0.999900495654786,0.005859375,0.000335693359375,0.0010292050428688526,0.0013967809500172734,0.0017102006822824478,0.009378386661410332,0.02875327132642269,0.03902237117290497,0.04777849093079567,0.0,0.0,0.0,0.0
AlphaQCH,AlphaQCH,AlphaQCH,Alpha,QCH,,,1,transformer_encoder.17.self_attn.out_proj.weight.tensor,transformer_encoder.17.self_attn.out_proj.weight,transformer_self_attn,Transformer self-attention,1,17.0,self_attn_out_proj_weight,Self-attention,512x512,262144,-0.00015262558008544147,0.068601094186306,-0.0001544763654237613,0.06855561584234238,-1.8507635104469955e-06,0.0009456530679017305,195.81626892089844,0.4841752409490381,0.0057373046875,35.1238600793677,35.10057396922093,0.013784795858284274,0.9999044740359273,0.0044708251953125,0.0006103515625,0.001861572265625,0.0025177001953125,0.00341796875,0.008897109888494015,0.02713618613779545,0.03670058026909828,0.0498238168656826,0.0,0.0,0.0,0.0
AlphaQCH,AlphaQCH,AlphaQCH,Alpha,QCH,,,1,transformer_encoder.0.ff.fc1.weight.tensor,transformer_encoder.0.ff.fc1.weight,transformer_ffn,Transformer FFN,2,0.0,ff_fc1_weight,Feed-forward,4096x512,2097152,0.00048342556692659855,0.05654734745621681,0.0004835550207644701,0.05647869408130646,1.2942305716023839e-07,0.0007681899005547166,1204.431640625,1.1124528446276185,0.00482177734375,81.89238842071954,81.79298134238047,0.013584325308872588,0.9999053152887437,0.005171298980712891,0.000446319580078125,0.0015869140625,0.00213623046875,0.002777099609375,0.007892846129834652,0.028063451871275902,0.037777721881866455,0.04911104217171669,0.0,0.0,0.0,0.0
AlphaQCH,AlphaQCH,AlphaQCH,Alpha,QCH,,,1,transformer_encoder.0.ff.fc2.weight.tensor,transformer_encoder.0.ff.fc2.weight,transformer_ffn,Transformer FFN,2,0.0,ff_fc2_weight,Feed-forward,512x2048,1048576,-7.165218994487077e-05,0.056143082678318024,-7.035948510747403e-05,0.056057773530483246,1.2927021089126356e-06,0.0008444666163995862,704.1287841796875,0.8647337212046315,0.0039997100830078125,57.49062423560906,57.40326441610268,0.015041299911108112,0.9998858235468313,0.0055141448974609375,0.000560760498046875,0.00164794921875,0.002197265625,0.0028228759765625,0.009988058358430862,0.029352661222219467,0.03913688287138939,0.050280023366212845,0.0,0.0,0.0,0.0
AlphaQCH,AlphaQCH,AlphaQCH,Alpha,QCH,,,1,transformer_encoder.1.ff.fc1.weight.tensor,transformer_encoder.1.ff.fc1.weight,transformer_ffn,Transformer FFN,2,1.0,ff_fc1_weight,Feed-forward,4096x512,2097152,-0.00020184538152534515,0.06706023961305618,-0.00019958027405664325,0.06697583943605423,2.2650995106232585e-06,0.0008332402794621885,1363.7713623046875,1.2066597968813957,0.004547119140625,97.11417551489329,96.9919405076396,0.01242516646497536,0.9999203398965765,0.004185676574707031,0.000537872314453125,0.0016632080078125,0.002197265625,0.00286865234375,0.008020732551813126,0.024801697582006454,0.03276554495096207,0.04277724027633667,0.0,0.0,0.0,0.0
AlphaQCH,AlphaQCH,AlphaQCH,Alpha,QCH,,,1,transformer_encoder.1.ff.fc2.weight.tensor,transformer_encoder.1.ff.fc2.weight,transformer_ffn,Transformer FFN,2,1.0,ff_fc2_weight,Feed-forward,512x2048,1048576,8.975168748293072e-05,0.06665235012769699,9.007897460833192e-05,0.06655588746070862,3.2727234611229505e-07,0.0008660173043608665,723.037109375,0.8868008546166094,0.004302978515625,68.25213910338269,68.15336278845675,0.012993011886020802,0.999914343271966,0.00457000732421875,0.000579833984375,0.001708984375,0.00225830078125,0.002872467041015625,0.008699377067387104,0.025640269741415977,0.0338817834854126,0.043096255511045456,0.0,0.0,0.0,0.0
AlphaQCH,AlphaQCH,AlphaQCH,Alpha,QCH,,,1,transformer_encoder.2.ff.fc1.weight.tensor,transformer_encoder.2.ff.fc1.weight,transformer_ffn,Transformer FFN,2,2.0,ff_fc1_weight,Feed-forward,4096x512,2097152,-0.0003498551668599248,0.07062771916389465,-0.00034899968886747956,0.07054004818201065,8.554819714845507e-07,0.0008687752415426075,1449.77587890625,1.2581160279819634,0.004669189453125,102.28127386953587,102.15429506388853,0.012300551023511224,0.999921793966763,0.004145622253417969,0.000579833984375,0.001708984375,0.00225830078125,0.00292205810546875,0.008209722116589546,0.02419707551598549,0.031974706798791885,0.04137267544865608,0.0,0.0,0.0,0.0
AlphaQCH,AlphaQCH,AlphaQCH,Alpha,QCH,,,1,transformer_encoder.2.ff.fc2.weight.tensor,transformer_encoder.2.ff.fc2.weight,transformer_ffn,Transformer FFN,2,2.0,ff_fc2_weight,Feed-forward,512x2048,1048576,8.055991202127188e-06,0.06815996021032333,7.847396773286164e-06,0.0680689811706543,-2.0860039740000502e-07,0.0008676594588905573,724.2593994140625,0.8884824110682661,0.00457763671875,69.7958693541835,69.70270994328341,0.012729727694336666,0.9999175372175282,0.004530906677246094,0.000579833984375,0.001708984375,0.00225830078125,0.0029296875,0.00850695837289095,0.025073138996958733,0.033132363110780716,0.04298252612352371,0.0,0.0,0.0,0.0
AlphaQCH,AlphaQCH,AlphaQCH,Alpha,QCH,,,1,transformer_encoder.3.ff.fc1.weight.tensor,transformer_encoder.3.ff.fc1.weight,transformer_ffn,Transformer FFN,2,3.0,ff_fc1_weight,Feed-forward,4096x512,2097152,-0.0007111746817827225,0.07065483182668686,-0.0007086124387569726,0.07057470828294754,2.5621593522373587e-06,0.000863193825352937,1440.3458251953125,1.2500382417551152,0.00440216064453125,102.32447814733774,102.20839809245129,0.012216414531380889,0.9999227688543371,0.004046916961669922,0.000579833984375,0.001708984375,0.0022430419921875,0.002899169921875,0.008206571452319622,0.024187790229916573,0.03174647316336632,0.041032858192920685,0.0,0.0,0.0,0.0
AlphaQCH,AlphaQCH,AlphaQCH,Alpha,QCH,,,1,transformer_encoder.3.ff.fc2.weight.tensor,transformer_encoder.3.ff.fc2.weight,transformer_ffn,Transformer FFN,2,3.0,ff_fc2_weight,Feed-forward,512x2048,1048576,-2.885437606892083e-05,0.06670832633972168,-2.8976670364500023e-05,0.06663136184215546,-1.2229281765030464e-07,0.0008559312555007637,714.3016357421875,0.8764726983783665,0.0043792724609375,68.30940137643024,68.23059476876924,0.012830923426607212,0.9999159648774546,0.0043792724609375,0.000579833984375,0.001678466796875,0.00222015380859375,0.00286865234375,0.008692077361047268,0.025161275640130043,0.03328150510787964,0.0430029071867466,0.0,0.0,0.0,0.0
AlphaQCH,AlphaQCH,AlphaQCH,Alpha,QCH,,,1,transformer_encoder.4.ff.fc1.weight.tensor,transformer_encoder.4.ff.fc1.weight,transformer_ffn,Transformer FFN,2,4.0,ff_fc1_weight,Feed-forward,4096x512,2097152,-0.001038560178130865,0.07028269022703171,-0.0010361128952354193,0.07020504772663116,2.4473324629070703e-06,0.0008669548551551998,1446.8616943359375,1.2554842327803526,0.0048828125,101.79146786291815,101.67898608334713,0.01233388474632365,0.9999213543732167,0.004148960113525391,0.000579833984375,0.001708984375,0.00225830078125,0.0029144287109375,0.008250024169683456,0.024315861985087395,0.03213167563080788,0.041467227041721344,0.0,0.0,0.0,0.0
AlphaQCH,AlphaQCH,AlphaQCH,Alpha,QCH,,,1,transformer_encoder.4.ff.fc2.weight.tensor,transformer_encoder.4.ff.fc2.weight,transformer_ffn,Transformer FFN,2,4.0,ff_fc2_weight,Feed-forward,512x2048,1048576,1.6859914467204362e-05,0.06677135825157166,1.555322523927316e-05,0.06669580936431885,-1.3066842257103417e-06,0.0008572168881073594,715.2091674804688,0.8777902256878407,0.00457763671875,68.37394666121921,68.29658366158405,0.012838080417342633,0.9999158397776237,0.004416465759277344,0.000579833984375,0.001678466796875,0.002227783203125,0.00286865234375,0.008683871477842331,0.02513752318918705,0.033364348113536835,0.04296231269836426,0.0,0.0,0.0,0.0
AlphaQCH,AlphaQCH,AlphaQCH,Alpha,QCH,,,1,transformer_encoder.5.ff.fc1.weight.tensor,transformer_encoder.5.ff.fc1.weight,transformer_ffn,Transformer FFN,2,5.0,ff_fc1_weight,Feed-forward,4096x512,2097152,-0.0008525169687345624,0.06985998153686523,-0.0008501425036229193,0.06978460401296616,2.3744182726659346e-06,0.0008658994338475168,1444.1793212890625,1.2539554954674577,0.00469970703125,101.17574437581371,101.0665390349348,0.01239383513512559,0.9999203607642739,0.0042514801025390625,0.000579833984375,0.001708984375,0.00225830078125,0.00292205810546875,0.00829994399100542,0.024462992325425148,0.032326098531484604,0.04182734712958336,0.0,0.0,0.0,0.0
AlphaQCH,AlphaQCH,AlphaQCH,Alpha,QCH,,,1,transformer_encoder.5.ff.fc2.weight.tensor,transformer_encoder.5.ff.fc2.weight,transformer_ffn,Transformer FFN,2,5.0,ff_fc2_weight,Feed-forward,512x2048,1048576,3.536560325301252e-05,0.06654928624629974,3.5413966543274e-05,0.06648627668619156,4.8372726269008126e-08,0.0008479736861772835,707.486572265625,0.8683241191370257,0.0042266845703125,68.14655264001804,68.08202486247747,0.012742010938160101,0.9999170435635664,0.004258155822753906,0.0005645751953125,0.0016632080078125,0.002197265625,0.002838134765625,0.008483564481139183,0.024992121383547783,0.0330171138048172,0.0426471047103405,0.0,0.0,0.0,0.0
AlphaQCH,AlphaQCH,AlphaQCH,Alpha,QCH,,,1,transformer_encoder.6.ff.fc1.weight.tensor,transformer_encoder.6.ff.fc1.weight,transformer_ffn,Transformer FFN,2,6.0,ff_fc1_weight,Feed-forward,4096x512,2097152,-0.0011859332444146276,0.06967145204544067,-0.0011816719779744744,0.0695970430970192,4.261156846041558e-06,0.0008559151901863515,1427.28564453125,1.23950745914026,0.00506591796875,100.90981625008045,100.80196492535501,0.012283318959460096,0.999921510961011,0.004222869873046875,0.000579833984375,0.001678466796875,0.002227783203125,0.00286865234375,0.008322402834892273,0.024091167375445366,0.03197554871439934,0.04117399454116821,0.0,0.0,0.0,0.0
AlphaQCH,AlphaQCH,AlphaQCH,Alpha,QCH,,,1,transformer_encoder.6.ff.fc2.weight.tensor,transformer_encoder.6.ff.fc2.weight,transformer_ffn,Transformer FFN,2,6.0,ff_fc2_weight,Feed-forward,512x2048,1048576,-8.750530105317011e-05,0.06490107625722885,-8.642162720207125e-05,0.06483694911003113,1.0836832871063962e-06,0.0008434111368842423,703.5013427734375,0.8636528009579831,0.004852294921875,66.45883212325883,66.39317150623435,0.012995305113941577,0.999913785782935,0.004645347595214844,0.00055694580078125,0.00164794921875,0.002197265625,0.0028228759765625,0.008581455796957016,0.025391705334186554,0.033855605870485306,0.0434950515627861,0.0,0.0,0.0,0.0
AlphaQCH,AlphaQCH,AlphaQCH,Alpha,QCH,,,1,transformer_encoder.7.ff.fc1.weight.tensor,transformer_encoder.7.ff.fc1.weight,transformer_ffn,Transformer FFN,2,7.0,ff_fc1_weight,Feed-forward,4096x512,2097152,-0.0017821099609136581,0.06979400664567947,-0.0017788871191442013,0.06972207129001617,3.2227485462499317e-06,0.0008747454849071801,1459.5023193359375,1.2667696921378433,0.0050048828125,101.10562140498173,101.00136331072467,0.01252917171700815,0.9999185288575587,0.004315853118896484,0.0005950927734375,0.001708984375,0.00226593017578125,0.0029296875,0.008526415564119816,0.02448611706495285,0.032465968281030655,0.041976198554039,0.0,0.0,0.0,0.0
AlphaQCH,AlphaQCH,AlphaQCH,Alpha,QCH,,,1,transformer_encoder.7.ff.fc2.weight.tensor,transformer_encoder.7.ff.fc2.weight,transformer_ffn,Transformer FFN,2,7.0,ff_fc2_weight,Feed-forward,512x2048,1048576,-0.00010145736450795084,0.0664454996585846,-0.00010186659346800297,0.06639298051595688,-4.0920281207945663e-07,0.0008610455552116036,718.3863525390625,0.8817098702756433,0.004241943359375,68.04034304183071,67.98656734858548,0.012958633523254895,0.9999139154821451,0.004836082458496094,0.000579833984375,0.001705169677734375,0.0022430419921875,0.002899169921875,0.008726458996534348,0.025662679225206375,0.033757615834474564,0.04363229498267174,0.0,0.0,0.0,0.0
AlphaQCH,AlphaQCH,AlphaQCH,Alpha,QCH,,,1,transformer_encoder.8.ff.fc1.weight.tensor,transformer_encoder.8.ff.fc1.weight,transformer_ffn,Transformer FFN,2,8.0,ff_fc1_weight,Feed-forward,4096x512,2097152,-0.001965048024430871,0.07154137641191483,-0.0019626242574304342,0.07146997004747391,2.423653768346412e-06,0.000903137493878603,1507.723876953125,1.3078817223900496,0.004650115966796875,103.64221622666605,103.53875802839485,0.012619198720429648,0.9999172755813756,0.00446319580078125,0.0006103515625,0.00177001953125,0.0023345947265625,0.003021240234375,0.008531447499990463,0.024741197004914284,0.03263278678059578,0.04223066568374634,0.0,0.0,0.0,0.0
AlphaQCH,AlphaQCH,AlphaQCH,Alpha,QCH,,,1,transformer_encoder.8.ff.fc2.weight.tensor,transformer_encoder.8.ff.fc2.weight,transformer_ffn,Transformer FFN,2,8.0,ff_fc2_weight,Feed-forward,512x2048,1048576,3.0415469154831953e-05,0.07051945477724075,2.9007886041654274e-05,0.07046248763799667,-1.4075785657041706e-06,0.0008750286651775241,729.6295776367188,0.8960296541420028,0.0078125,72.2120020646672,72.15366496019104,0.012408320341812142,0.9999212323680862,0.005330085754394531,0.000591278076171875,0.001708984375,0.0022735595703125,0.002960205078125,0.008384608663618565,0.024234222248196602,0.03224017098546028,0.041977137327194214,0.0,0.0,0.0,0.0
AlphaQCH,AlphaQCH,AlphaQCH,Alpha,QCH,,,1,transformer_encoder.9.ff.fc1.weight.tensor,transformer_encoder.9.ff.fc1.weight,transformer_ffn,Transformer FFN,2,9.0,ff_fc1_weight,Feed-forward,4096x512,2097152,-0.0007123917457647622,0.07014453411102295,-0.0007087916019372642,0.07006827741861343,3.6000849377160193e-06,0.0009180890629068017,1532.988037109375,1.329539230453636,0.0059814453125,101.58553104250379,101.47505370009665,0.013087879905823777,0.9999112572210219,0.004446983337402344,0.0006103515625,0.001800537109375,0.00238037109375,0.0030517578125,0.008701341226696968,0.025668954476714134,0.03393523022532463,0.04350670427083969,0.0,0.0,0.0,0.0
AlphaQCH,AlphaQCH,AlphaQCH,Alpha,QCH,,,1,transformer_encoder.9.ff.fc2.weight.tensor,transformer_encoder.9.ff.fc2.weight,transformer_ffn,Transformer FFN,2,9.0,ff_fc2_weight,Feed-forward,512x2048,1048576,-1.7453397958888672e-05,0.0699407085776329,-1.743842767609749e-05,0.06986568868160248,1.4962324712541886e-08,0.00089480314636603,746.5128784179688,0.9162775572084433,0.00543212890625,71.61935855291675,71.54253951976754,0.012793713539495453,0.999916477019096,0.004620552062988281,0.0006103515625,0.00177001953125,0.0023193359375,0.00299072265625,0.008726698346436024,0.0253074262291193,0.033161453902721405,0.04276082292199135,0.0,0.0,0.0,0.0
AlphaQCH,AlphaQCH,AlphaQCH,Alpha,QCH,,,1,transformer_encoder.10.ff.fc1.weight.tensor,transformer_encoder.10.ff.fc1.weight,transformer_ffn,Transformer FFN,2,10.0,ff_fc1_weight,Feed-forward,4096x512,2097152,-0.0010418423917144537,0.0677933469414711,-0.0010354543337598443,0.06773130595684052,6.388077963492833e-06,0.0008961835992522538,1494.671630859375,1.2978393462261308,0.0050201416015625,98.18698281213248,98.09702527185776,0.013218038777190636,0.9999097277374145,0.004596233367919922,0.0006103515625,0.00177001953125,0.0023193359375,0.00301361083984375,0.009003117680549622,0.026109041646122932,0.03421184793114662,0.04445289447903633,0.0,0.0,0.0,0.0
AlphaQCH,AlphaQCH,AlphaQCH,Alpha,QCH,,,1,transformer_encoder.10.ff.fc2.weight.tensor,transformer_encoder.10.ff.fc2.weight,transformer_ffn,Transformer FFN,2,10.0,ff_fc2_weight,Feed-forward,512x2048,1048576,-3.444885805947706e-05,0.06464735418558121,-3.6062450817553326e-05,0.06458251923322678,-1.6136013982759323e-06,0.0008868444128893316,739.548828125,0.9081292563310447,0.009765625,66.19897430639503,66.13257946282036,0.01371817714467674,0.9999040274362787,0.004784584045410156,0.0006103515625,0.001739501953125,0.0023193359375,0.00298309326171875,0.009441244415938854,0.026907548308372498,0.03587672859430313,0.04614408314228058,0.0,0.0,0.0,0.0
AlphaQCH,AlphaQCH,AlphaQCH,Alpha,QCH,,,1,transformer_encoder.11.ff.fc1.weight.tensor,transformer_encoder.11.ff.fc1.weight,transformer_ffn,Transformer FFN,2,11.0,ff_fc1_weight,Feed-forward,4096x512,2097152,-0.0010969180148094893,0.0668487623333931,-0.0010925864335149527,0.06678354740142822,4.3315853872627486e-06,0.0008879091474227607,1480.27685546875,1.285839142867632,0.00518798828125,96.82051391137365,96.72599932444483,0.013280647777232767,0.999908817258394,0.004586219787597656,0.0006103515625,0.001739501953125,0.0023193359375,0.00299072265625,0.009130333550274372,0.026021450757980347,0.03469526767730713,0.044738635420799255,0.0,0.0,0.0,0.0
AlphaQCH,AlphaQCH,AlphaQCH,Alpha,QCH,,,1,transformer_encoder.11.ff.fc2.weight.tensor,transformer_encoder.11.ff.fc2.weight,transformer_ffn,Transformer FFN,2,11.0,ff_fc2_weight,Feed-forward,512x2048,1048576,-9.978565503843129e-05,0.06456754356622696,-9.900946315610781e-05,0.06450195610523224,7.761940992168093e-07,0.0008737894822843373,728.951171875,0.8947598361007334,0.004985809326171875,66.11731627734711,66.05015184383568,0.01353291220029872,0.9999065960088884,0.0045986175537109375,0.0005868077278137207,0.001708984375,0.00225830078125,0.0029296875,0.009088275954127312,0.02646816149353981,0.03497578576207161,0.04537399113178253,0.0,0.0,0.0,0.0
AlphaQCH,AlphaQCH,AlphaQCH,Alpha,QCH,,,1,transformer_encoder.12.ff.fc1.weight.tensor,transformer_encoder.12.ff.fc1.weight,transformer_ffn,Transformer FFN,2,12.0,ff_fc1_weight,Feed-forward,4096x512,2097152,-0.001224516425281763,0.06746090948581696,-0.0012173907598480582,0.0674106627702713,7.125690444809152e-06,0.0009113912819884717,1520.1640625,1.3198698757797238,0.00560760498046875,97.71007016935357,97.63712812789251,0.01350802300614541,0.9999056436652217,0.004509449005126953,0.0006103515625,0.0017852783203125,0.00238037109375,0.0030670166015625,0.009047484025359154,0.026463890448212624,0.035285186022520065,0.04546360671520233,0.0,0.0,0.0,0.0
AlphaQCH,AlphaQCH,AlphaQCH,Alpha,QCH,,,1,transformer_encoder.12.ff.fc2.weight.tensor,transformer_encoder.12.ff.fc2.weight,transformer_ffn,Transformer FFN,2,12.0,ff_fc2_weight,Feed-forward,512x2048,1048576,-3.34338765242137e-05,0.06491831690073013,-3.4063174098264426e-05,0.06486887484788895,-6.293019509939768e-07,0.0008889570599421859,742.0698852539062,0.9102913424714122,0.0081787109375,66.47643350043307,66.42580594401923,0.013693444346190266,0.9999044198143394,0.004656791687011719,0.0006103515625,0.001739501953125,0.0023193359375,0.00299072265625,0.009401838295161724,0.026795238256454468,0.03572698310017586,0.046069007366895676,0.0,0.0,0.0,0.0
AlphaQCH,AlphaQCH,AlphaQCH,Alpha,QCH,,,1,transformer_encoder.13.ff.fc1.weight.tensor,transformer_encoder.13.ff.fc1.weight,transformer_ffn,Transformer FFN,2,13.0,ff_fc1_weight,Feed-forward,4096x512,2097152,-0.0013571280287578702,0.06774163991212845,-0.0013558408245444298,0.06768854707479477,1.2871603303210577e-06,0.0009191437857225537,1532.6492919921875,1.3310575981975925,0.00567626953125,98.12019793186059,98.04329799251961,0.01356558207436485,0.9999048339308907,0.004570484161376953,0.0006103515625,0.0018157958984375,0.00238037109375,0.00311279296875,0.00900998990982771,0.026804720982909203,0.03513896092772484,0.04595094919204712,0.0,0.0,0.0,0.0
AlphaQCH,AlphaQCH,AlphaQCH,Alpha,QCH,,,1,transformer_encoder.13.ff.fc2.weight.tensor,transformer_encoder.13.ff.fc2.weight,transformer_ffn,Transformer FFN,2,13.0,ff_fc2_weight,Feed-forward,512x2048,1048576,4.59549373772461e-05,0.06497791409492493,4.5820681407349184e-05,0.06493297219276428,-1.3427433032120462e-07,0.0008968696929514408,746.1422729492188,0.9183937549848928,0.00849151611328125,66.537469618864,66.49145269318456,0.013802655259443559,0.9999027303624114,0.0047359466552734375,0.0006103515625,0.00177001953125,0.0023193359375,0.00311279296875,0.009393214248120785,0.027240322902798653,0.03569421544671059,0.047905392944812775,0.0,0.0,0.0,0.0
AlphaQCH,AlphaQCH,AlphaQCH,Alpha,QCH,,,1,transformer_encoder.14.ff.fc1.weight.tensor,transformer_encoder.14.ff.fc1.weight,transformer_ffn,Transformer FFN,2,14.0,ff_fc1_weight,Feed-forward,4096x512,2097152,-0.0012365194270387292,0.06819237023591995,-0.0012314894702285528,0.06813816726207733,5.030187821830623e-06,0.000960069359280169,1598.3739013671875,1.3903416977241094,0.007965087890625,98.76948482609646,98.69087430900083,0.014076632070847302,0.999897678024888,0.004641532897949219,0.000640869140625,0.00189208984375,0.00250244140625,0.0032958984375,0.009397958405315876,0.027746353298425674,0.036696791648864746,0.04833235964179039,0.0,0.0,0.0,0.0
AlphaQCH,AlphaQCH,AlphaQCH,Alpha,QCH,,,1,transformer_encoder.14.ff.fc2.weight.tensor,transformer_encoder.14.ff.fc2.weight,transformer_ffn,Transformer FFN,2,14.0,ff_fc2_weight,Feed-forward,512x2048,1048576,5.758010229328647e-05,0.06619220972061157,5.635232082568109e-05,0.06614106148481369,-1.2277748737687944e-06,0.0009302340913563967,773.635009765625,0.9525597256235298,0.008058547973632812,67.78092222719273,67.72854105499025,0.014053507894605815,0.9998994134722593,0.0046558380126953125,0.0006103515625,0.0018310546875,0.00244140625,0.0032585859298706055,0.009220896288752556,0.027662688866257668,0.03688358515501022,0.04922914132475853,0.0,0.0,0.0,0.0
AlphaQCH,AlphaQCH,AlphaQCH,Alpha,QCH,,,1,transformer_encoder.15.ff.fc1.weight.tensor,transformer_encoder.15.ff.fc1.weight,transformer_ffn,Transformer FFN,2,15.0,ff_fc1_weight,Feed-forward,4096x512,2097152,-0.0012952552642673254,0.06821955740451813,-0.001289514359086752,0.06815572828054428,5.741082532040309e-06,0.001003339421004057,1669.318603515625,1.4530080932843354,0.00777435302734375,98.81042455125876,98.71785473636469,0.014705008098923411,0.9998887102866374,0.0048351287841796875,0.00067138671875,0.001953125,0.00262451171875,0.003509521484375,0.009841556660830975,0.028629982843995094,0.038471538573503494,0.05144450068473816,0.0,0.0,0.0,0.0
AlphaQCH,AlphaQCH,AlphaQCH,Alpha,QCH,,,1,transformer_encoder.15.ff.fc2.weight.tensor,transformer_encoder.15.ff.fc2.weight,transformer_ffn,Transformer FFN,2,15.0,ff_fc2_weight,Feed-forward,512x2048,1048576,-6.418526027118787e-05,0.06722520291805267,-6.29006972303614e-05,0.06716829538345337,1.2845628134527942e-06,0.0009689631406217813,802.9190063476562,0.9922182573972825,0.01080322265625,68.83871406910141,68.78044070400756,0.014413666362234243,0.9998940346745249,0.0047206878662109375,0.000640869140625,0.00189208984375,0.0025634765625,0.0035400390625,0.009533166885375977,0.02814554050564766,0.038132667541503906,0.05265939608216286,0.0,0.0,0.0,0.0
AlphaQCH,AlphaQCH,AlphaQCH,Alpha,QCH,,,1,transformer_encoder.16.ff.fc1.weight.tensor,transformer_encoder.16.ff.fc1.weight,transformer_ffn,Transformer FFN,2,16.0,ff_fc1_weight,Feed-forward,4096x512,2097152,-0.0005580946453846991,0.0698450431227684,-0.0005510439514182508,0.06978227198123932,7.050718522805255e-06,0.0010560082737356424,1755.304931640625,1.529291106660178,0.00775146484375,101.14981057662689,101.05883284162994,0.015119070396099612,0.9998827062285898,0.004961967468261719,0.000701904296875,0.0020751953125,0.0027923583984375,0.00372314453125,0.010049449279904366,0.029711415991187096,0.03997933119535446,0.05330577492713928,0.0,0.0,0.0,0.0
AlphaQCH,AlphaQCH,AlphaQCH,Alpha,QCH,,,1,transformer_encoder.16.ff.fc2.weight.tensor,transformer_encoder.16.ff.fc2.weight,transformer_ffn,Transformer FFN,2,16.0,ff_fc2_weight,Feed-forward,512x2048,1048576,-1.4280323739512824e-05,0.0670946016907692,-1.3561452760768589e-05,0.0670192688703537,7.188771178334719e-07,0.0010132808238267899,841.949462890625,1.0375985179224363,0.0084228515625,68.70494262151014,68.62781045019213,0.015102239785548848,0.9998841286034126,0.004752159118652344,0.00067138671875,0.001983642578125,0.002685546875,0.003590516746044159,0.01000656746327877,0.029564857482910156,0.04002626985311508,0.053514234721660614,0.0,0.0,0.0,0.0
AlphaQCH,AlphaQCH,AlphaQCH,Alpha,QCH,,,1,transformer_encoder.17.ff.fc1.weight.tensor,transformer_encoder.17.ff.fc1.weight,transformer_ffn,Transformer FFN,2,17.0,ff_fc1_weight,Feed-forward,4096x512,2097152,-2.1685345927835442e-06,0.07129102200269699,3.0171449907356873e-06,0.07120344042778015,5.185670488572214e-06,0.0011018404038622975,1835.873779296875,1.5956465712275967,0.0089111328125,103.24059335933468,103.11375885702644,0.01545561217062986,0.9998777854115622,0.0050182342529296875,0.000732421875,0.002166748046875,0.00286865234375,0.0037841796875,0.010273689404129982,0.030392996966838837,0.04023861512541771,0.0530807264149189,0.0,0.0,0.0,0.0
AlphaQCH,AlphaQCH,AlphaQCH,Alpha,QCH,,,1,transformer_encoder.17.ff.fc2.weight.tensor,transformer_encoder.17.ff.fc2.weight,transformer_ffn,Transformer FFN,2,17.0,ff_fc2_weight,Feed-forward,512x2048,1048576,-1.5033847375889309e-05,0.06867311894893646,-1.4872299288981594e-05,0.06856818497180939,1.6154746163010714e-07,0.001033621490933001,858.3580932617188,1.0584269599851532,0.00732421875,70.32134666568182,70.2138926613263,0.015051289688990999,0.9998855154070516,0.004900932312011719,0.00067138671875,0.0020294189453125,0.00273895263671875,0.003662109375,0.009776556864380836,0.02955186553299427,0.03988390788435936,0.053326673805713654,0.0,0.0,0.0,0.0
AlphaQCH,AlphaQCH,AlphaQCH,Alpha,QCH,,,1,transformer_encoder.0.deepnorm_alpha.tensor,transformer_encoder.0.deepnorm_alpha,transformer_norm_deepnorm,Transformer norm/deepnorm,3,0.0,deepnorm_alpha,Norm/deepnorm,scalar,1,2.44921875,0.0,2.44921875,0.0,0.0,0.0,0.0,0.0,0.0,2.44921875,2.44921875,0.0,0.9999999999998332,0.0,0.0,0.0,0.0,0.0,0.0,0.0,0.0,0.0,0.0,0.0,0.0,0.0
AlphaQCH,AlphaQCH,AlphaQCH,Alpha,QCH,,,1,transformer_encoder.0.norm1.weight.tensor,transformer_encoder.0.norm1.weight,transformer_norm_deepnorm,Transformer norm/deepnorm,3,0.0,norm1_weight,Norm/deepnorm,512,512,0.1100592315196991,0.06435622274875641,0.11038808524608612,0.06449565291404724,0.00032884650863707066,0.0006939238519407809,0.3082237243652344,0.01737559220825777,0.002685546875,2.8848631473656288,2.892879122695982,0.006023021308348238,0.9999857945293692,0.037109375,0.00048828125,0.0015295265475288033,0.001954792533069849,0.0026231706142425537,0.007587163709104061,0.023766566067934036,0.030374566093087196,0.04076016694307327,0.0,0.0,0.0,0.0
AlphaQCH,AlphaQCH,AlphaQCH,Alpha,QCH,,,1,transformer_encoder.0.norm2.weight.tensor,transformer_encoder.0.norm2.weight,transformer_norm_deepnorm,Transformer norm/deepnorm,3,0.0,norm2_weight,Norm/deepnorm,512,512,0.1267099678516388,0.07354135066270828,0.12687546014785767,0.07360940426588058,0.00016549613792449236,0.0007303160964511335,0.3030242323875427,0.016944152699402526,0.00244140625,3.315031703607501,3.3190435879549876,0.005111309397420954,0.9999878166774397,0.021484375,0.00048828125,0.001495361328125,0.0018310546875,0.0023166537284851074,0.006639546249061823,0.020333610475063324,0.02489829808473587,0.031501371413469315,0.0,0.0,0.0,0.0
AlphaQCH,AlphaQCH,AlphaQCH,Alpha,QCH,,,1,transformer_encoder.1.deepnorm_alpha.tensor,transformer_encoder.1.deepnorm_alpha,transformer_norm_deepnorm,Transformer norm/deepnorm,3,1.0,deepnorm_alpha,Norm/deepnorm,scalar,1,2.44921875,0.0,2.44921875,0.0,0.0,0.0,0.0,0.0,0.0,2.44921875,2.44921875,0.0,0.9999999999998332,0.0,0.0,0.0,0.0,0.0,0.0,0.0,0.0,0.0,0.0,0.0,0.0,0.0
AlphaQCH,AlphaQCH,AlphaQCH,Alpha,QCH,,,1,transformer_encoder.1.norm1.weight.tensor,transformer_encoder.1.norm1.weight,transformer_norm_deepnorm,Transformer norm/deepnorm,3,1.0,norm1_weight,Norm/deepnorm,512,512,0.18544712662696838,0.0805526152253151,0.18605642020702362,0.08077654242515564,0.0006092862458899617,0.0008032751502469182,0.41289669275283813,0.0228131131255536,0.003662109375,4.5749571584561295,4.589621005233405,0.004986519509452008,0.9999928572851658,0.013671875,0.000732421875,0.001953125,0.0026721209287643433,0.003412604331970215,0.009092465043067932,0.024246571585536003,0.0331723652780056,0.04236490651965141,0.0,0.0,0.0,0.0
AlphaQCH,AlphaQCH,AlphaQCH,Alpha,QCH,,,1,transformer_encoder.1.norm2.weight.tensor,transformer_encoder.1.norm2.weight,transformer_norm_deepnorm,Transformer norm/deepnorm,3,1.0,norm2_weight,Norm/deepnorm,512,512,0.1759711056947708,0.05737118050456047,0.1761235147714615,0.057496994733810425,0.00015241559594869614,0.0007196356309577823,0.29730427265167236,0.016644707532104515,0.002197265625,4.188045636967703,4.192207309649082,0.0039743376684290175,0.9999926170832807,0.001953125,0.00048828125,0.00146484375,0.0019396990537643433,0.0021348893642425537,0.008510913699865341,0.025532741099596024,0.033809635788202286,0.03721187263727188,0.0,0.0,0.0,0.0
AlphaQCH,AlphaQCH,AlphaQCH,Alpha,QCH,,,1,transformer_encoder.2.deepnorm_alpha.tensor,transformer_encoder.2.deepnorm_alpha,transformer_norm_deepnorm,Transformer norm/deepnorm,3,2.0,deepnorm_alpha,Norm/deepnorm,scalar,1,2.44921875,0.0,2.44921875,0.0,0.0,0.0,0.0,0.0,0.0,2.44921875,2.44921875,0.0,0.9999999999998332,0.0,0.0,0.0,0.0,0.0,0.0,0.0,0.0,0.0,0.0,0.0,0.0,0.0
AlphaQCH,AlphaQCH,AlphaQCH,Alpha,QCH,,,1,transformer_encoder.2.norm1.weight.tensor,transformer_encoder.2.norm1.weight,transformer_norm_deepnorm,Transformer norm/deepnorm,3,2.0,norm1_weight,Norm/deepnorm,512,512,0.23824788630008698,0.0376431904733181,0.23884302377700806,0.037764228880405426,0.0005951395723968744,0.0007216883241198957,0.38884246349334717,0.021166313824898697,0.003173828125,5.457808704740754,5.471537724181263,0.003878170703657929,0.9999957788084615,0.001953125,0.000732421875,0.001708984375,0.0025228895246982574,0.002924323081970215,0.019456949084997177,0.04539955034852028,0.06702111661434174,0.07768528908491135,0.0,0.0,0.0,0.0
AlphaQCH,AlphaQCH,AlphaQCH,Alpha,QCH,,,1,transformer_encoder.2.norm2.weight.tensor,transformer_encoder.2.norm2.weight,transformer_norm_deepnorm,Transformer norm/deepnorm,3,2.0,norm2_weight,Norm/deepnorm,512,512,0.21235376596450806,0.03058166429400444,0.21258357167243958,0.030647551640868187,0.0002297972096130252,0.000747340964153409,0.3078809380531311,0.017691764796955802,0.0028076171875,4.85458854621099,4.8599478331854735,0.003644338676397322,0.9999940603576424,0.001953125,0.00048828125,0.0015869140625,0.001953125,0.002558112144470215,0.015966465696692467,0.051891013979911804,0.06386586278676987,0.08364853262901306,0.0,0.0,0.0,0.0
AlphaQCH,AlphaQCH,AlphaQCH,Alpha,QCH,,,1,transformer_encoder.3.deepnorm_alpha.tensor,transformer_encoder.3.deepnorm_alpha,transformer_norm_deepnorm,Transformer norm/deepnorm,3,3.0,deepnorm_alpha,Norm/deepnorm,scalar,1,2.44921875,0.0,2.44921875,0.0,0.0,0.0,0.0,0.0,0.0,2.44921875,2.44921875,0.0,0.9999999999998332,0.0,0.0,0.0,0.0,0.0,0.0,0.0,0.0,0.0,0.0,0.0,0.0,0.0
AlphaQCH,AlphaQCH,AlphaQCH,Alpha,QCH,,,1,transformer_encoder.3.norm1.weight.tensor,transformer_encoder.3.norm1.weight,transformer_norm_deepnorm,Transformer norm/deepnorm,3,3.0,norm1_weight,Norm/deepnorm,512,512,0.29953742027282715,0.029441900551319122,0.30014729499816895,0.029405036941170692,0.0006098747253417969,0.0007436603773385286,0.391357421875,0.02176209330608768,0.0029296875,6.81041944738475,6.824071732997085,0.0031954116004472063,0.9999970803658659,0.0,0.000732421875,0.001953125,0.00244140625,0.0029296875,0.024876846000552177,0.06633825600147247,0.08292282372713089,0.09950738400220871,0.0,0.0,0.0,0.0
AlphaQCH,AlphaQCH,AlphaQCH,Alpha,QCH,,,1,transformer_encoder.3.norm2.weight.tensor,transformer_encoder.3.norm2.weight,transformer_norm_deepnorm,Transformer norm/deepnorm,3,3.0,norm2_weight,Norm/deepnorm,512,512,0.22906064987182617,0.025176841765642166,0.2293550968170166,0.025119872763752937,0.0002944469451904297,0.0007178535452112556,0.3060302734375,0.017556495074323313,0.0025634765625,5.214264363881574,5.220746783335503,0.003367012841913262,0.9999952716804676,0.0,0.00048828125,0.0015869140625,0.002197265625,0.0025011003017425537,0.019394055008888245,0.0630306825041771,0.0872732475399971,0.0993412658572197,0.0,0.0,0.0,0.0
AlphaQCH,AlphaQCH,AlphaQCH,Alpha,QCH,,,1,transformer_encoder.4.deepnorm_alpha.tensor,transformer_encoder.4.deepnorm_alpha,transformer_norm_deepnorm,Transformer norm/deepnorm,3,4.0,deepnorm_alpha,Norm/deepnorm,scalar,1,2.44921875,0.0,2.44921875,0.0,0.0,0.0,0.0,0.0,0.0,2.44921875,2.44921875,0.0,0.9999999999998332,0.0,0.0,0.0,0.0,0.0,0.0,0.0,0.0,0.0,0.0,0.0,0.0,0.0
AlphaQCH,AlphaQCH,AlphaQCH,Alpha,QCH,,,1,transformer_encoder.4.norm1.weight.tensor,transformer_encoder.4.norm1.weight,transformer_norm_deepnorm,Transformer norm/deepnorm,3,4.0,norm1_weight,Norm/deepnorm,512,512,0.2992434501647949,0.024999048560857773,0.29993438720703125,0.02492920123040676,0.0006909370422363281,0.0007126619457267225,0.4111328125,0.022460274064590544,0.002685546875,6.794692537538951,6.81014161891138,0.003305561501201111,0.9999973853144201,0.0,0.000732421875,0.001953125,0.00244140625,0.002685546875,0.029297979548573494,0.07812794297933578,0.09765993058681488,0.10742592066526413,0.0,0.0,0.0,0.0
AlphaQCH,AlphaQCH,AlphaQCH,Alpha,QCH,,,1,transformer_encoder.4.norm2.weight.tensor,transformer_encoder.4.norm2.weight,transformer_norm_deepnorm,Transformer norm/deepnorm,3,4.0,norm2_weight,Norm/deepnorm,512,512,0.26636767387390137,0.023428261280059814,0.2666037082672119,0.023349514231085777,0.00023603439331054688,0.0007031831773929298,0.3017578125,0.01678366918193087,0.002197265625,6.0504805192778,6.055645085566339,0.0027739398760896162,0.9999966158785418,0.0,0.00048828125,0.00146484375,0.001953125,0.002197265625,0.02084154076874256,0.06252462416887283,0.08336616307497025,0.09378693252801895,0.0,0.0,0.0,0.0
AlphaQCH,AlphaQCH,AlphaQCH,Alpha,QCH,,,1,transformer_encoder.5.deepnorm_alpha.tensor,transformer_encoder.5.deepnorm_alpha,transformer_norm_deepnorm,Transformer norm/deepnorm,3,5.0,deepnorm_alpha,Norm/deepnorm,scalar,1,2.44921875,0.0,2.44921875,0.0,0.0,0.0,0.0,0.0,0.0,2.44921875,2.44921875,0.0,0.9999999999998332,0.0,0.0,0.0,0.0,0.0,0.0,0.0,0.0,0.0,0.0,0.0,0.0,0.0
AlphaQCH,AlphaQCH,AlphaQCH,Alpha,QCH,,,1,transformer_encoder.5.norm1.weight.tensor,transformer_encoder.5.norm1.weight,transformer_norm_deepnorm,Transformer norm/deepnorm,3,5.0,norm1_weight,Norm/deepnorm,512,512,0.3453552722930908,0.03312533721327782,0.3461911678314209,0.03313668444752693,0.0008358955383300781,0.0007016579038463533,0.461669921875,0.024694435014736043,0.0029296875,7.850361624971315,7.869214066811048,0.0031456429900225302,0.9999980909832105,0.0,0.000732421875,0.001953125,0.00244140625,0.0029296875,0.02211061678826809,0.058961644768714905,0.07370205223560333,0.08844246715307236,0.0,0.0,0.0,0.0
AlphaQCH,AlphaQCH,AlphaQCH,Alpha,QCH,,,1,transformer_encoder.5.norm2.weight.tensor,transformer_encoder.5.norm2.weight,transformer_norm_deepnorm,Transformer norm/deepnorm,3,5.0,norm2_weight,Norm/deepnorm,512,512,0.2933690547943115,0.026023084297776222,0.29363298416137695,0.025993971154093742,0.0002639293670654297,0.0006909035728313029,0.3070068359375,0.016735212118116898,0.002197265625,6.664248250360399,6.670138917131196,0.0025111927841537647,0.9999974296215461,0.0,0.00048828125,0.00146484375,0.001708984375,0.0020725131034851074,0.018763381987810135,0.056290145963430405,0.06567183881998062,0.07964130491018295,0.0,0.0,0.0,0.0
AlphaQCH,AlphaQCH,AlphaQCH,Alpha,QCH,,,1,transformer_encoder.6.deepnorm_alpha.tensor,transformer_encoder.6.deepnorm_alpha,transformer_norm_deepnorm,Transformer norm/deepnorm,3,6.0,deepnorm_alpha,Norm/deepnorm,scalar,1,2.44921875,0.0,2.44921875,0.0,0.0,0.0,0.0,0.0,0.0,2.44921875,2.44921875,0.0,0.9999999999998332,0.0,0.0,0.0,0.0,0.0,0.0,0.0,0.0,0.0,0.0,0.0,0.0,0.0
AlphaQCH,AlphaQCH,AlphaQCH,Alpha,QCH,,,1,transformer_encoder.6.norm1.weight.tensor,transformer_encoder.6.norm1.weight,transformer_norm_deepnorm,Transformer norm/deepnorm,3,6.0,norm1_weight,Norm/deepnorm,512,512,0.37731361389160156,0.03207424655556679,0.3782782554626465,0.032014064490795135,0.0009646415710449219,0.0007101306109689176,0.520263671875,0.027104007948211082,0.0029296875,8.56842326202818,8.59005780059588,0.0031632433552065556,0.9999984114082165,0.0,0.0009765625,0.002197265625,0.00244140625,0.0028049349784851074,0.03044692426919937,0.06850557774305344,0.07611731439828873,0.08745128661394119,0.0,0.0,0.0,0.0
AlphaQCH,AlphaQCH,AlphaQCH,Alpha,QCH,,,1,transformer_encoder.6.norm2.weight.tensor,transformer_encoder.6.norm2.weight,transformer_norm_deepnorm,Transformer norm/deepnorm,3,6.0,norm2_weight,Norm/deepnorm,512,512,0.3220500946044922,0.03167623281478882,0.32238316535949707,0.03162366524338722,0.0003330707550048828,0.0006719340453855693,0.2987060546875,0.01696952975397686,0.002685546875,7.322325276080711,7.329709660503299,0.0023175055892979282,0.9999979847933151,0.0,0.00048828125,0.00146484375,0.001953125,0.0025607943534851074,0.015414745546877384,0.04624423757195473,0.06165898218750954,0.08084274083375931,0.0,0.0,0.0,0.0
AlphaQCH,AlphaQCH,AlphaQCH,Alpha,QCH,,,1,transformer_encoder.7.deepnorm_alpha.tensor,transformer_encoder.7.deepnorm_alpha,transformer_norm_deepnorm,Transformer norm/deepnorm,3,7.0,deepnorm_alpha,Norm/deepnorm,scalar,1,2.44921875,0.0,2.44921875,0.0,0.0,0.0,0.0,0.0,0.0,2.44921875,2.44921875,0.0,0.9999999999998332,0.0,0.0,0.0,0.0,0.0,0.0,0.0,0.0,0.0,0.0,0.0,0.0,0.0
AlphaQCH,AlphaQCH,AlphaQCH,Alpha,QCH,,,1,transformer_encoder.7.norm1.weight.tensor,transformer_encoder.7.norm1.weight,transformer_norm_deepnorm,Transformer norm/deepnorm,3,7.0,norm1_weight,Norm/deepnorm,512,512,0.3905153274536133,0.037597835063934326,0.39150333404541016,0.037505947053432465,0.000988006591796875,0.000687228050082922,0.52490234375,0.02723235190532412,0.003173828125,8.87721160411634,8.899266553510445,0.003067669570103914,0.9999985396181553,0.0,0.0009765625,0.002197265625,0.0026586949825286865,0.002924323081970215,0.02597389556467533,0.05844126269221306,0.07071401923894882,0.07777900248765945,0.0,0.0,0.0,0.0
AlphaQCH,AlphaQCH,AlphaQCH,Alpha,QCH,,,1,transformer_encoder.7.norm2.weight.tensor,transformer_encoder.7.norm2.weight,transformer_norm_deepnorm,Transformer norm/deepnorm,3,7.0,norm2_weight,Norm/deepnorm,512,512,0.32169532775878906,0.04555841535329819,0.3220856189727783,0.045553624629974365,0.0003902912139892578,0.0007187253213487566,0.3314208984375,0.018506036521043632,0.00244140625,7.351766942229029,7.360496095440585,0.0025172229569385878,0.9999977432592188,0.0,0.00048828125,0.001708984375,0.002197265625,0.00244140625,0.010717693716287613,0.037511926144361496,0.04822961986064911,0.053588468581438065,0.0,0.0,0.0,0.0
AlphaQCH,AlphaQCH,AlphaQCH,Alpha,QCH,,,1,transformer_encoder.8.deepnorm_alpha.tensor,transformer_encoder.8.deepnorm_alpha,transformer_norm_deepnorm,Transformer norm/deepnorm,3,8.0,deepnorm_alpha,Norm/deepnorm,scalar,1,2.44921875,0.0,2.44921875,0.0,0.0,0.0,0.0,0.0,0.0,2.44921875,2.44921875,0.0,0.9999999999998332,0.0,0.0,0.0,0.0,0.0,0.0,0.0,0.0,0.0,0.0,0.0,0.0,0.0
AlphaQCH,AlphaQCH,AlphaQCH,Alpha,QCH,,,1,transformer_encoder.8.norm1.weight.tensor,transformer_encoder.8.norm1.weight,transformer_norm_deepnorm,Transformer norm/deepnorm,3,8.0,norm1_weight,Norm/deepnorm,512,512,0.3574991226196289,0.035378359258174896,0.3583507537841797,0.03531527891755104,0.0008516311645507812,0.0007371692918241024,0.474609375,0.02548669101241287,0.003173828125,8.12879456164262,8.147830754016296,0.0031353592244382582,0.9999981279835581,0.0,0.000732421875,0.002197265625,0.00244140625,0.002924323081970215,0.020702533423900604,0.06210760027170181,0.06900843977928162,0.08265849947929382,0.0,0.0,0.0,0.0
AlphaQCH,AlphaQCH,AlphaQCH,Alpha,QCH,,,1,transformer_encoder.8.norm2.weight.tensor,transformer_encoder.8.norm2.weight,transformer_norm_deepnorm,Transformer norm/deepnorm,3,8.0,norm2_weight,Norm/deepnorm,512,512,0.2291562557220459,0.021944638341665268,0.2302994728088379,0.02177138440310955,0.0011432170867919922,0.0007749132928438485,0.6104736328125,0.03125071524755204,0.00341796875,5.208934942467921,5.234315604257227,0.005999444337989732,0.9999940445145822,0.0,0.0010986328125,0.00244140625,0.0028076171875,0.0032932162284851074,0.05006381496787071,0.11125292629003525,0.12794086337089539,0.1500692218542099,0.0,0.0,0.0,0.0
AlphaQCH,AlphaQCH,AlphaQCH,Alpha,QCH,,,1,transformer_encoder.9.deepnorm_alpha.tensor,transformer_encoder.9.deepnorm_alpha,transformer_norm_deepnorm,Transformer norm/deepnorm,3,9.0,deepnorm_alpha,Norm/deepnorm,scalar,1,2.44921875,0.0,2.44921875,0.0,0.0,0.0,0.0,0.0,0.0,2.44921875,2.44921875,0.0,0.9999999999998332,0.0,0.0,0.0,0.0,0.0,0.0,0.0,0.0,0.0,0.0,0.0,0.0,0.0
AlphaQCH,AlphaQCH,AlphaQCH,Alpha,QCH,,,1,transformer_encoder.9.norm1.weight.tensor,transformer_encoder.9.norm1.weight,transformer_norm_deepnorm,Transformer norm/deepnorm,3,9.0,norm1_weight,Norm/deepnorm,512,512,0.21958576142787933,0.03401067852973938,0.22017315030097961,0.0339461974799633,0.0005873888731002808,0.0006861416040919721,0.37740325927734375,0.020437655620481908,0.00244140625,5.027902946998241,5.040815276251649,0.004064846882670942,0.9999951991654386,0.0,0.0006103515625,0.001708984375,0.0023193359375,0.00244140625,0.017945874482393265,0.05024844780564308,0.06819432228803635,0.07178349792957306,0.0,0.0,0.0,0.0
AlphaQCH,AlphaQCH,AlphaQCH,Alpha,QCH,,,1,transformer_encoder.9.norm2.weight.tensor,transformer_encoder.9.norm2.weight,transformer_norm_deepnorm,Transformer norm/deepnorm,3,9.0,norm2_weight,Norm/deepnorm,512,512,0.27030277252197266,0.03048752062022686,0.27040374279022217,0.030438821762800217,0.00010097026824951172,0.0006563264760188758,0.26312255859375,0.015025685293466129,0.002197265625,6.155034443861948,6.157181257887449,0.0024412024710028903,0.9999972927150854,0.0,0.00048828125,0.001220703125,0.0018176287412643433,0.002197265625,0.01601576991379261,0.04003942385315895,0.0596187599003315,0.07207096368074417,0.0,0.0,0.0,0.0
AlphaQCH,AlphaQCH,AlphaQCH,Alpha,QCH,,,1,transformer_encoder.10.deepnorm_alpha.tensor,transformer_encoder.10.deepnorm_alpha,transformer_norm_deepnorm,Transformer norm/deepnorm,3,10.0,deepnorm_alpha,Norm/deepnorm,scalar,1,2.44921875,0.0,2.44921875,0.0,0.0,0.0,0.0,0.0,0.0,2.44921875,2.44921875,0.0,0.9999999999998332,0.0,0.0,0.0,0.0,0.0,0.0,0.0,0.0,0.0,0.0,0.0,0.0,0.0
AlphaQCH,AlphaQCH,AlphaQCH,Alpha,QCH,,,1,transformer_encoder.10.norm1.weight.tensor,transformer_encoder.10.norm1.weight,transformer_norm_deepnorm,Transformer norm/deepnorm,3,10.0,norm1_weight,Norm/deepnorm,512,512,0.2463228702545166,0.026740267872810364,0.2471168041229248,0.026657046750187874,0.0007939338684082031,0.0006924698245711625,0.445068359375,0.023837803610361977,0.003173828125,5.60639589730117,5.624053705938473,0.004251894451805101,0.9999960823075942,0.0,0.000732421875,0.001953125,0.0024279803037643433,0.0031114518642425537,0.027390211820602417,0.07304056733846664,0.09079862385988235,0.11635825037956238,0.0,0.0,0.0,0.0
AlphaQCH,AlphaQCH,AlphaQCH,Alpha,QCH,,,1,transformer_encoder.10.norm2.weight.tensor,transformer_encoder.10.norm2.weight,transformer_norm_deepnorm,Transformer norm/deepnorm,3,10.0,norm2_weight,Norm/deepnorm,512,512,0.33830833435058594,0.027939941734075546,0.33855390548706055,0.027977924793958664,0.0002455711364746094,0.0006921322201378644,0.296142578125,0.01661771101097816,0.002685546875,7.681105023995469,7.686713449821579,0.002163453169701875,0.9999981342612901,0.0,0.00048828125,0.00146484375,0.001708984375,0.002436041831970215,0.017476094886660576,0.05242828652262688,0.06116633489727974,0.0871884748339653,0.0,0.0,0.0,0.0
AlphaQCH,AlphaQCH,AlphaQCH,Alpha,QCH,,,1,transformer_encoder.11.deepnorm_alpha.tensor,transformer_encoder.11.deepnorm_alpha,transformer_norm_deepnorm,Transformer norm/deepnorm,3,11.0,deepnorm_alpha,Norm/deepnorm,scalar,1,2.44921875,0.0,2.44921875,0.0,0.0,0.0,0.0,0.0,0.0,2.44921875,2.44921875,0.0,0.9999999999998332,0.0,0.0,0.0,0.0,0.0,0.0,0.0,0.0,0.0,0.0,0.0,0.0,0.0
AlphaQCH,AlphaQCH,AlphaQCH,Alpha,QCH,,,1,transformer_encoder.11.norm1.weight.tensor,transformer_encoder.11.norm1.weight,transformer_norm_deepnorm,Transformer norm/deepnorm,3,11.0,norm1_weight,Norm/deepnorm,512,512,0.25324106216430664,0.026536356657743454,0.2539229393005371,0.026478854939341545,0.0006818771362304688,0.0006475602858699858,0.39892578125,0.021278084540528246,0.00244140625,5.761564484163635,5.776774555716894,0.0036931088073404316,0.999996827855598,0.0,0.000732421875,0.001708984375,0.0020751953125,0.0023166537284851074,0.027600685134530067,0.06440159678459167,0.07820194214582443,0.0873010903596878,0.0,0.0,0.0,0.0
AlphaQCH,AlphaQCH,AlphaQCH,Alpha,QCH,,,1,transformer_encoder.11.norm2.weight.tensor,transformer_encoder.11.norm2.weight,transformer_norm_deepnorm,Transformer norm/deepnorm,3,11.0,norm2_weight,Norm/deepnorm,512,512,0.3390350341796875,0.018608592450618744,0.3394615650177002,0.018594546243548393,0.0004265308380126953,0.0006235130131244659,0.3077392578125,0.017093766988296018,0.00244140625,7.683033211474052,7.6926525185397585,0.002224872197970652,0.999998459237009,0.0,0.00048828125,0.00146484375,0.0019262731075286865,0.0023166537284851074,0.02623954601585865,0.0787186324596405,0.10351520031690598,0.12449370324611664,0.0,0.0,0.0,0.0
AlphaQCH,AlphaQCH,AlphaQCH,Alpha,QCH,,,1,transformer_encoder.12.deepnorm_alpha.tensor,transformer_encoder.12.deepnorm_alpha,transformer_norm_deepnorm,Transformer norm/deepnorm,3,12.0,deepnorm_alpha,Norm/deepnorm,scalar,1,2.44921875,0.0,2.44921875,0.0,0.0,0.0,0.0,0.0,0.0,2.44921875,2.44921875,0.0,0.9999999999998332,0.0,0.0,0.0,0.0,0.0,0.0,0.0,0.0,0.0,0.0,0.0,0.0,0.0
AlphaQCH,AlphaQCH,AlphaQCH,Alpha,QCH,,,1,transformer_encoder.12.norm1.weight.tensor,transformer_encoder.12.norm1.weight,transformer_norm_deepnorm,Transformer norm/deepnorm,3,12.0,norm1_weight,Norm/deepnorm,512,512,0.2584099769592285,0.020306674763560295,0.2592623233795166,0.020264485850930214,0.0008523464202880859,0.0006412968505173922,0.4642333984375,0.02413568094235351,0.002685546875,5.86517583949312,5.884329024108428,0.004115082241836972,0.9999970801204336,0.0,0.0008544921875,0.001953125,0.0024279803037643433,0.0026231706142425537,0.04207935556769371,0.09618138521909714,0.11956557631492615,0.12917768955230713,0.0,0.0,0.0,0.0
AlphaQCH,AlphaQCH,AlphaQCH,Alpha,QCH,,,1,transformer_encoder.12.norm2.weight.tensor,transformer_encoder.12.norm2.weight,transformer_norm_deepnorm,Transformer norm/deepnorm,3,12.0,norm2_weight,Norm/deepnorm,512,512,0.2992253303527832,0.017497792840003967,0.29961585998535156,0.01762678101658821,0.0003905296325683594,0.000710388005245477,0.319091796875,0.01834307007447445,0.00341796875,6.782262207992182,6.79125463565954,0.0027045651601107913,0.9999974407754761,0.0,0.00048828125,0.001708984375,0.002197265625,0.003168463706970215,0.027905290946364403,0.09766851365566254,0.12557381391525269,0.18107780814170837,0.0,0.0,0.0,0.0
AlphaQCH,AlphaQCH,AlphaQCH,Alpha,QCH,,,1,transformer_encoder.13.deepnorm_alpha.tensor,transformer_encoder.13.deepnorm_alpha,transformer_norm_deepnorm,Transformer norm/deepnorm,3,13.0,deepnorm_alpha,Norm/deepnorm,scalar,1,2.44921875,0.0,2.44921875,0.0,0.0,0.0,0.0,0.0,0.0,2.44921875,2.44921875,0.0,0.9999999999998332,0.0,0.0,0.0,0.0,0.0,0.0,0.0,0.0,0.0,0.0,0.0,0.0,0.0
AlphaQCH,AlphaQCH,AlphaQCH,Alpha,QCH,,,1,transformer_encoder.13.norm1.weight.tensor,transformer_encoder.13.norm1.weight,transformer_norm_deepnorm,Transformer norm/deepnorm,3,13.0,norm1_weight,Norm/deepnorm,512,512,0.29320549964904785,0.021444566547870636,0.293956995010376,0.021491095423698425,0.000751495361328125,0.0006697700009681284,0.42578125,0.022777810045028202,0.003173828125,6.65220354327806,6.669239247187829,0.0034240999838378926,0.9999976387975954,0.0,0.000732421875,0.001708984375,0.002197265625,0.0027995705604553223,0.03415418043732643,0.07969308644533157,0.102462537586689,0.1305491328239441,0.0,0.0,0.0,0.0
AlphaQCH,AlphaQCH,AlphaQCH,Alpha,QCH,,,1,transformer_encoder.13.norm2.weight.tensor,transformer_encoder.13.norm2.weight,transformer_norm_deepnorm,Transformer norm/deepnorm,3,13.0,norm2_weight,Norm/deepnorm,512,512,0.3176431655883789,0.018648406490683556,0.3183326721191406,0.018773792311549187,0.0006895065307617188,0.0007856557494960725,0.423828125,0.023652678407779033,0.003662109375,7.199819604944974,7.215560935270085,0.0032851765329690533,0.9999972080970131,0.0,0.000732421875,0.001953125,0.002685546875,0.003412604331970215,0.039275284856557846,0.10473410040140152,0.14400938153266907,0.18299700319766998,0.0,0.0,0.0,0.0
AlphaQCH,AlphaQCH,AlphaQCH,Alpha,QCH,,,1,transformer_encoder.14.deepnorm_alpha.tensor,transformer_encoder.14.deepnorm_alpha,transformer_norm_deepnorm,Transformer norm/deepnorm,3,14.0,deepnorm_alpha,Norm/deepnorm,scalar,1,2.44921875,0.0,2.44921875,0.0,0.0,0.0,0.0,0.0,0.0,2.44921875,2.44921875,0.0,0.9999999999998332,0.0,0.0,0.0,0.0,0.0,0.0,0.0,0.0,0.0,0.0,0.0,0.0,0.0
AlphaQCH,AlphaQCH,AlphaQCH,Alpha,QCH,,,1,transformer_encoder.14.norm1.weight.tensor,transformer_encoder.14.norm1.weight,transformer_norm_deepnorm,Transformer norm/deepnorm,3,14.0,norm1_weight,Norm/deepnorm,512,512,0.2626149654388428,0.021146051585674286,0.26334214210510254,0.021179620176553726,0.0007271766662597656,0.0007142974645830691,0.43017578125,0.023064506381458964,0.003173828125,5.961530383461906,5.97799270571241,0.0038688901838761346,0.9999964699817839,0.0,0.000732421875,0.001953125,0.0023193359375,0.0031114518642425537,0.034636326134204865,0.09236353635787964,0.10968170315027237,0.1471409648656845,0.0,0.0,0.0,0.0
AlphaQCH,AlphaQCH,AlphaQCH,Alpha,QCH,,,1,transformer_encoder.14.norm2.weight.tensor,transformer_encoder.14.norm2.weight,transformer_norm_deepnorm,Transformer norm/deepnorm,3,14.0,norm2_weight,Norm/deepnorm,512,512,0.4210224151611328,0.024189021438360214,0.42229795455932617,0.024293512105941772,0.0012755393981933594,0.0008606802439317107,0.677978515625,0.034818082515938036,0.00439453125,9.542359128476376,9.571308940473314,0.0036487918812476905,0.9999981977695402,0.0,0.001220703125,0.002685546875,0.0033911168575286865,0.004145026206970215,0.05046515166759491,0.11102333664894104,0.14019234478473663,0.17135974764823914,0.0,0.0,0.0,0.0
AlphaQCH,AlphaQCH,AlphaQCH,Alpha,QCH,,,1,transformer_encoder.15.deepnorm_alpha.tensor,transformer_encoder.15.deepnorm_alpha,transformer_norm_deepnorm,Transformer norm/deepnorm,3,15.0,deepnorm_alpha,Norm/deepnorm,scalar,1,2.44921875,0.0,2.44921875,0.0,0.0,0.0,0.0,0.0,0.0,2.44921875,2.44921875,0.0,0.9999999999998332,0.0,0.0,0.0,0.0,0.0,0.0,0.0,0.0,0.0,0.0,0.0,0.0,0.0
AlphaQCH,AlphaQCH,AlphaQCH,Alpha,QCH,,,1,transformer_encoder.15.norm1.weight.tensor,transformer_encoder.15.norm1.weight,transformer_norm_deepnorm,Transformer norm/deepnorm,3,15.0,norm1_weight,Norm/deepnorm,512,512,0.25661516189575195,0.0307583287358284,0.2571268081665039,0.030883610248565674,0.0005116462707519531,0.0007529026479460299,0.368896484375,0.020597714958490675,0.003662109375,5.848099828700371,5.859932265166872,0.0035221209558361118,0.9999960317337433,0.0,0.0006103515625,0.001708984375,0.0023059099912643433,0.0033502280712127686,0.01984344981610775,0.05556166172027588,0.0749686136841774,0.10892096906900406,0.0,0.0,0.0,0.0
AlphaQCH,AlphaQCH,AlphaQCH,Alpha,QCH,,,1,transformer_encoder.15.norm2.weight.tensor,transformer_encoder.15.norm2.weight,transformer_norm_deepnorm,Transformer norm/deepnorm,3,15.0,norm2_weight,Norm/deepnorm,512,512,0.5345916748046875,0.02535323053598404,0.5353350639343262,0.025428323075175285,0.0007433891296386719,0.0008542173891328275,0.463134765625,0.025623137243532997,0.00390625,12.110023924144798,12.126906412224816,0.002115861818608287,0.999998892348067,0.0,0.0009765625,0.0021728426218032837,0.00244140625,0.0034072399139404297,0.03851825371384621,0.08570276200771332,0.09629563242197037,0.1343907117843628,0.0,0.0,0.0,0.0
AlphaQCH,AlphaQCH,AlphaQCH,Alpha,QCH,,,1,transformer_encoder.16.deepnorm_alpha.tensor,transformer_encoder.16.deepnorm_alpha,transformer_norm_deepnorm,Transformer norm/deepnorm,3,16.0,deepnorm_alpha,Norm/deepnorm,scalar,1,2.44921875,0.0,2.44921875,0.0,0.0,0.0,0.0,0.0,0.0,2.44921875,2.44921875,0.0,0.9999999999998332,0.0,0.0,0.0,0.0,0.0,0.0,0.0,0.0,0.0,0.0,0.0,0.0,0.0
AlphaQCH,AlphaQCH,AlphaQCH,Alpha,QCH,,,1,transformer_encoder.16.norm1.weight.tensor,transformer_encoder.16.norm1.weight,transformer_norm_deepnorm,Transformer norm/deepnorm,3,16.0,norm1_weight,Norm/deepnorm,512,512,0.255903959274292,0.03497700020670891,0.2567715644836426,0.03508714586496353,0.0008676052093505859,0.0008821950759738684,0.5191650390625,0.02799777820832139,0.003662109375,5.8442819934567645,5.864070384312246,0.004790627529551586,0.999994359448775,0.0,0.00091552734375,0.002252195030450821,0.0031604021787643433,0.003474980592727661,0.02617511712014675,0.06439071893692017,0.09035655111074448,0.09935041517019272,0.0,0.0,0.0,0.0
AlphaQCH,AlphaQCH,AlphaQCH,Alpha,QCH,,,1,transformer_encoder.16.norm2.weight.tensor,transformer_encoder.16.norm2.weight,transformer_norm_deepnorm,Transformer norm/deepnorm,3,16.0,norm2_weight,Norm/deepnorm,512,512,0.39286327362060547,0.027819156646728516,0.3936905860900879,0.028006048873066902,0.0008273124694824219,0.0009831951465457678,0.522216796875,0.029075293237547324,0.00537109375,8.911739330814756,8.93071184932882,0.003262583448441804,0.9999971807409979,0.0,0.0009765625,0.00244140625,0.0033911168575286865,0.004996836185455322,0.035103946924209595,0.08775986731052399,0.1218985840678215,0.1796184778213501,0.0,0.0,0.0,0.0
AlphaQCH,AlphaQCH,AlphaQCH,Alpha,QCH,,,1,transformer_encoder.17.deepnorm_alpha.tensor,transformer_encoder.17.deepnorm_alpha,transformer_norm_deepnorm,Transformer norm/deepnorm,3,17.0,deepnorm_alpha,Norm/deepnorm,scalar,1,2.44921875,0.0,2.44921875,0.0,0.0,0.0,0.0,0.0,0.0,2.44921875,2.44921875,0.0,0.9999999999998332,0.0,0.0,0.0,0.0,0.0,0.0,0.0,0.0,0.0,0.0,0.0,0.0,0.0
AlphaQCH,AlphaQCH,AlphaQCH,Alpha,QCH,,,1,transformer_encoder.17.norm1.weight.tensor,transformer_encoder.17.norm1.weight,transformer_norm_deepnorm,Transformer norm/deepnorm,3,17.0,norm1_weight,Norm/deepnorm,512,512,0.27333498001098633,0.019559422507882118,0.2738993167877197,0.019634723663330078,0.0005643367767333984,0.0008855069754645228,0.4278564453125,0.023759850416804364,0.00341796875,6.2006788066770735,6.2135374373501255,0.0038318144121922953,0.9999950169937247,0.0,0.000732421875,0.002197265625,0.002685546875,0.0032932162284851074,0.03744596987962723,0.11233790963888168,0.13730189204216003,0.16836972534656525,0.0,0.0,0.0,0.0
AlphaQCH,AlphaQCH,AlphaQCH,Alpha,QCH,,,1,transformer_encoder.17.norm2.weight.tensor,transformer_encoder.17.norm2.weight,transformer_norm_deepnorm,Transformer norm/deepnorm,3,17.0,norm2_weight,Norm/deepnorm,512,512,0.24103976786136627,0.018107499927282333,0.2450510412454605,0.018486130982637405,0.004011270124465227,0.0008509784238412976,2.0537703037261963,0.09278469519323361,0.0078125,5.469475223955573,5.5606267968220235,0.016964094614933447,0.99999514297263,0.0,0.0040283203125,0.00537109375,0.0060766637325286865,0.007562994956970215,0.222466841340065,0.29662245512008667,0.3355880677700043,0.41767174005508423,0.0,0.0,0.0,0.0
AlphaQCH,AlphaQCH,AlphaQCH,Alpha,QCH,,,1,upsample.linear.bias.tensor,upsample.linear.bias,upsample,Upsample,4,,linear_bias,Upsample,1024,1024,0.0006987148080952466,0.0231142770498991,0.0007056955364532769,0.023210644721984863,6.980728358030319e-06,0.0006488197250291705,0.5165420770645142,0.020763434011106814,0.00264739990234375,0.73999470476885,0.7430838542869527,0.02805889539110225,0.999616716927849,0.009765625,0.000415802001953125,0.00125885009765625,0.0018410496413707733,0.0024219341576099396,0.017988961189985275,0.054461993277072906,0.07964985817670822,0.10478083789348602,0.0,0.0,0.0,0.0
AlphaQCH,AlphaQCH,AlphaQCH,Alpha,QCH,,,1,upsample.linear.weight.tensor,upsample.linear.weight,upsample,Upsample,4,,linear_weight,Upsample,1024x512,524288,2.0732361008413136e-05,0.06463779509067535,1.9627106667030603e-05,0.06463336944580078,-1.1052629815822002e-06,0.001069805584847927,445.4379577636719,0.7746219235787422,0.0068359375,46.802790736270474,46.799585167766175,0.01655076356330225,0.9998619568279963,0.005615234375,0.00072479248046875,0.00208282470703125,0.0028076171875,0.0037841796875,0.011213135905563831,0.032223012298345566,0.04343614727258682,0.058544375002384186,0.0,0.0,0.0,0.0
AlphaQCH,AlphaQCH,AlphaQCH,Alpha,QCH,,,1,crf.linear.weight.tensor,crf.linear.weight,crf,CRF head,5,,linear_weight,CRF,4096x512,2097152,-0.00031572766602039337,0.03356962278485298,-0.0003240227815695107,0.033457737416028976,-8.295084626297466e-06,0.001421682653017342,2399.781982421875,2.0588392657792527,0.00991058349609375,48.61623023021093,48.45432419509248,0.04234880524528645,0.999102758336187,0.013878345489501953,0.0009918212890625,0.0027313232421875,0.0036163330078125,0.00494384765625,0.029545191675424576,0.08136291056871414,0.1077263131737709,0.14727142453193665,0.0,0.0,0.0,0.0
AlphaQCL,AlphaQCL,AlphaQCL,Alpha,QCL,,,2,conv.0.conv.bias.tensor,conv.0.conv.bias,conv,Convolution front-end,0,0.0,conv_bias,Conv,64,64,-0.34886807203292847,0.4828624725341797,-0.35001468658447266,0.4817119538784027,-0.0011466187424957752,0.026872051879763603,0.8353703022003174,0.21517203132524546,0.15414956212043762,4.765644611255755,4.7635733769029605,0.04515066667308667,0.998980276415666,0.0625,0.0029296278953552246,0.053194548934698105,0.09820064902305603,0.1485546976327896,0.006067209877073765,0.11016500741243362,0.20337188243865967,0.3076542913913727,0.0,0.0,0.0,0.0
AlphaQCL,AlphaQCL,AlphaQCL,Alpha,QCL,,,2,conv.0.conv.weight.tensor,conv.0.conv.weight,conv,Convolution front-end,0,0.0,conv_weight,Conv,64x1x5,320,-0.001664625247940421,0.7632753252983093,-0.0020992234349250793,0.928895115852356,-0.00043459879816509783,0.16810813546180725,19.29120445251465,3.007219687167402,1.1010456085205078,13.653916777224586,16.616623682842057,0.2202459364761454,0.9994143127459376,0.2906250059604645,0.002921687439084053,0.3024228811264038,0.8982598185539246,1.071748971939087,0.0038278289139270782,0.3962172567844391,1.1768490076065063,1.4041446447372437,0.01875000074505806,0.0,0.0,0.0
AlphaQCL,AlphaQCL,AlphaQCL,Alpha,QCL,,,2,conv.1.conv.bias.tensor,conv.1.conv.bias,conv,Convolution front-end,0,1.0,conv_bias,Conv,64,64,-0.35623908042907715,3.126411199569702,-0.3885355591773987,3.104752779006958,-0.0322965569794178,0.16330666840076447,5.700766563415527,1.3317569662821012,0.9221611022949219,25.173133406626448,25.03175473507975,0.05290390134473619,0.99860855852092,0.0,0.0413665771484375,0.2845773696899414,0.6527711749076843,0.8952222466468811,0.013231329619884491,0.09102365374565125,0.20879249274730682,0.2863418161869049,0.0,0.0,0.0,0.0
AlphaQCL,AlphaQCL,AlphaQCL,Alpha,QCL,,,2,conv.1.conv.weight.tensor,conv.1.conv.weight,conv,Convolution front-end,0,1.0,conv_weight,Conv,64x64x5,20480,-0.005043329205363989,0.2731286585330963,-0.005502193234860897,0.2730451226234436,-0.0004588640877045691,0.01337155606597662,99.2882308959961,1.914707620078257,0.2879161834716797,39.093653202318215,39.082969636722844,0.04897745447756383,0.9988002634078308,0.08188476413488388,0.0013045466039329767,0.019995277747511864,0.05715343356132507,0.14727982878684998,0.004776307847350836,0.0732082724571228,0.20925460755825043,0.5392324328422546,0.0004394531133584678,0.0,0.0,0.0
AlphaQCL,AlphaQCL,AlphaQCL,Alpha,QCL,,,2,conv.2.conv.bias.tensor,conv.2.conv.bias,conv,Convolution front-end,0,2.0,conv_bias,Conv,128,128,-0.23985695838928223,0.8994260430335999,-0.24395331740379333,0.9003586173057556,-0.004096358083188534,0.05058066174387932,3.695295810699463,0.5741284357786621,0.22901630401611328,10.53146805806331,10.553688120594494,0.05451551793285192,0.9985193584792625,0.015625,0.013845205307006836,0.1104511022567749,0.22016365826129913,0.2284117192029953,0.015393378213047981,0.1228017583489418,0.24478238821029663,0.2539527416229248,0.0,0.0,0.0,0.0
AlphaQCL,AlphaQCL,AlphaQCL,Alpha,QCL,,,2,conv.2.conv.weight.tensor,conv.2.conv.weight,conv,Convolution front-end,0,2.0,conv_weight,Conv,128x64x9,73728,0.0019348718924447894,0.13461939990520477,0.0019226300064474344,0.1352613866329193,-1.2241855074535124e-05,0.00655485549941659,243.44241333007812,1.7798365288582005,0.24044227600097656,36.55684384668964,36.73110164594849,0.04868682144230902,0.9988316704962523,0.02727593295276165,0.0014328324468806386,0.012599673122167587,0.02570313960313797,0.054229747503995895,0.010643579065799713,0.09359476715326309,0.19093190133571625,0.40283748507499695,9.494357800576836e-05,0.0,0.0,0.0
AlphaQCL,AlphaQCL,AlphaQCL,Alpha,QCL,,,2,conv.3.conv.bias.tensor,conv.3.conv.bias,conv,Convolution front-end,0,3.0,conv_bias,Conv,128,128,-0.27887842059135437,0.6861683130264282,-0.28937381505966187,0.7118892669677734,-0.010495402850210667,0.03802892193198204,2.707629919052124,0.4463329669216343,0.23042011260986328,8.379785792997541,8.69407964502416,0.05326305205731552,0.9993106939860452,0.0078125,0.008555606007575989,0.10148806124925613,0.1274668574333191,0.21767640113830566,0.012468669563531876,0.14790548384189606,0.18576617538928986,0.31723472476005554,0.0,0.0,0.0,0.0
AlphaQCL,AlphaQCL,AlphaQCL,Alpha,QCL,,,2,conv.3.conv.weight.tensor,conv.3.conv.weight,conv,Convolution front-end,0,3.0,conv_weight,Conv,128x128x9,147456,2.159507403121097e-06,0.045519500970840454,-3.956730870413594e-05,0.046873677521944046,-4.172679109615274e-05,0.002986717503517866,195.40074157714844,1.1470114229227124,0.14169085025787354,17.479488886643146,17.99949814838597,0.06562042118972536,0.998338954255976,0.006069607101380825,0.0005426559364423156,0.005033283494412899,0.011921381577849388,0.028625143691897392,0.011921390891075134,0.11057419329881668,0.2618960738182068,0.6288543343544006,0.0002509223122615367,5.425347262644209e-05,1.3563368156610522e-05,0.0
AlphaQCL,AlphaQCL,AlphaQCL,Alpha,QCL,,,2,conv.4.conv.bias.tensor,conv.4.conv.bias,conv,Convolution front-end,0,4.0,conv_bias,Conv,512,512,0.018486348912119865,0.1553741842508316,0.018099553883075714,0.15716809034347534,-0.00038679427234455943,0.0068801334127783775,1.814551591873169,0.15592547332085713,0.08445131778717041,3.5405137074041804,3.5798118646299026,0.0440403529563324,0.9991017848415433,0.029296875,0.0019078068435192108,0.012694420292973518,0.026909003034234047,0.062381818890571594,0.012278787791728973,0.08170223981142044,0.17318835854530334,0.4014940559864044,0.0,0.0,0.0,0.0
AlphaQCL,AlphaQCL,AlphaQCL,Alpha,QCL,,,2,conv.4.conv.weight.tensor,conv.4.conv.weight,conv,Convolution front-end,0,4.0,conv_weight,Conv,512x128x5,327680,0.0007904483936727047,0.04287688806653023,0.0007856511510908604,0.042757268995046616,-4.797223482455593e-06,0.0018543655751273036,313.87298583984375,1.0615042339928702,0.05097019672393799,24.54832830078825,24.479816453033685,0.04324140613512742,0.9990663461828724,0.02575073204934597,0.00046365056186914444,0.0034902028273791075,0.007579274475574493,0.01684936136007309,0.010813528671860695,0.0814005434513092,0.1767682433128357,0.39297059178352356,1.52587890625e-05,0.0,0.0,0.0
AlphaQCL,AlphaQCL,AlphaQCL,Alpha,QCL,,,2,transformer_encoder.0.self_attn.Wqkv.weight.tensor,transformer_encoder.0.self_attn.Wqkv.weight,transformer_self_attn,Transformer self-attention,1,0.0,self_attn_Wqkv_weight,Self-attention,1536x512,786432,-5.857439828105271e-05,0.08021117746829987,-5.983407027088106e-05,0.08017285913228989,-1.2596673286680016e-06,0.0006969539099372923,423.43035888671875,0.6180658729515963,0.003662109375,71.13212906385026,71.09815577007782,0.008688983179412413,0.9999609153846313,0.005908966064453125,0.00042724609375,0.00140380859375,0.001922607421875,0.0025078654289245605,0.0053265150636434555,0.017501406371593475,0.023969318717718124,0.031265780329704285,0.0,0.0,0.0,0.0
AlphaQCL,AlphaQCL,AlphaQCL,Alpha,QCL,,,2,transformer_encoder.0.self_attn.out_proj.bias.tensor,transformer_encoder.0.self_attn.out_proj.bias,transformer_self_attn,Transformer self-attention,1,0.0,self_attn_out_proj_bias,Self-attention,512,512,-0.0022732503712177277,0.02975558303296566,-0.002241778653115034,0.029730364680290222,3.147171810269356e-05,0.00036310520954430103,0.1450517177581787,0.008246936574684947,0.001331329345703125,0.6752539766188196,0.6746310992075635,0.01221308849740862,0.9999258132818746,0.044921875,0.00022709369659423828,0.0007417678134515882,0.001000113203190267,0.0012943543260917068,0.007631966844201088,0.024928685277700424,0.033610932528972626,0.04349953308701515,0.0,0.0,0.0,0.0
AlphaQCL,AlphaQCL,AlphaQCL,Alpha,QCL,,,2,transformer_encoder.0.self_attn.out_proj.weight.tensor,transformer_encoder.0.self_attn.out_proj.weight,transformer_self_attn,Transformer self-attention,1,0.0,self_attn_out_proj_weight,Self-attention,512x512,262144,-1.71788597072009e-05,0.029549462720751762,-1.959802830242552e-05,0.029540089890360832,-2.4191735974454787e-06,0.0007391794351860881,150.7567901611328,0.3784617146463414,0.0037841796875,15.129331866915267,15.12453289729399,0.02501509769072712,0.9996864711909451,0.0129852294921875,0.0004634857177734375,0.00148773193359375,0.0019989013671875,0.00262451171875,0.015685075893998146,0.05034715682268143,0.06764592230319977,0.0888175517320633,0.0,0.0,0.0,0.0
AlphaQCL,AlphaQCL,AlphaQCL,Alpha,QCL,,,2,transformer_encoder.1.self_attn.Wqkv.weight.tensor,transformer_encoder.1.self_attn.Wqkv.weight,transformer_self_attn,Transformer self-attention,1,1.0,self_attn_Wqkv_weight,Self-attention,1536x512,786432,0.00025529079721309245,0.06557293981313705,0.00025678196107037365,0.06551807373762131,1.4910965546732768e-06,0.0007325292099267244,447.02825927734375,0.6496148508911191,0.00384521484375,58.15122896111053,58.10257253811465,0.011171128495419198,0.9999363659073217,0.0045305886305868626,0.000457763671875,0.00146484375,0.001983642578125,0.002593994140625,0.006980983540415764,0.022339148446917534,0.030250929296016693,0.039558906108140945,0.0,0.0,0.0,0.0
AlphaQCL,AlphaQCL,AlphaQCL,Alpha,QCL,,,2,transformer_encoder.1.self_attn.out_proj.bias.tensor,transformer_encoder.1.self_attn.out_proj.bias,transformer_self_attn,Transformer self-attention,1,1.0,self_attn_out_proj_bias,Self-attention,512,512,-0.00044205912854522467,0.029170624911785126,-0.0004764499608427286,0.029236452654004097,-3.439083229750395e-05,0.0003725686692632735,0.14755719900131226,0.008466105901787901,0.0016326904296875,0.6601316910187729,0.6616332556250748,0.012824874213673097,0.9999204953685649,0.0078125,0.00024271011352539062,0.0007348894141614437,0.0010342411696910858,0.0015571566764265299,0.008320357650518417,0.025192782282829285,0.035454876720905304,0.053380969911813736,0.0,0.0,0.0,0.0
AlphaQCL,AlphaQCL,AlphaQCL,Alpha,QCL,,,2,transformer_encoder.1.self_attn.out_proj.weight.tensor,transformer_encoder.1.self_attn.out_proj.weight,transformer_self_attn,Transformer self-attention,1,1.0,self_attn_out_proj_weight,Self-attention,512x512,262144,-6.949186354177073e-05,0.046070944517850876,-6.799896073061973e-05,0.04604975879192352,1.4928682503523305e-06,0.000794399413280189,165.2041015625,0.4067331338948287,0.00433349609375,23.588355654028483,23.577508896854436,0.0172429625812153,0.9998508526645435,0.008602142333984375,0.00052642822265625,0.0015697479248046875,0.0020751953125,0.002685546875,0.011426466517150402,0.0340723991394043,0.0450434610247612,0.058291539549827576,0.0,0.0,0.0,0.0
AlphaQCL,AlphaQCL,AlphaQCL,Alpha,QCL,,,2,transformer_encoder.2.self_attn.Wqkv.weight.tensor,transformer_encoder.2.self_attn.Wqkv.weight,transformer_self_attn,Transformer self-attention,1,2.0,self_attn_Wqkv_weight,Self-attention,1536x512,786432,-0.00013327761553227901,0.07562576979398727,-0.0001317385322181508,0.07557649165391922,1.5390741054943646e-06,0.0007920701173134148,493.83782958984375,0.7024163595820365,0.004180908203125,67.06584189017163,67.02214754630555,0.010473533766001436,0.9999435617572292,0.0040944418869912624,0.000518798828125,0.0015716552734375,0.0020751953125,0.002685546875,0.0068600792437791824,0.020782005041837692,0.02744031697511673,0.03551099821925163,0.0,0.0,0.0,0.0
AlphaQCL,AlphaQCL,AlphaQCL,Alpha,QCL,,,2,transformer_encoder.2.self_attn.out_proj.bias.tensor,transformer_encoder.2.self_attn.out_proj.bias,transformer_self_attn,Transformer self-attention,1,2.0,self_attn_out_proj_bias,Self-attention,512,512,-0.0003780202241614461,0.041862670332193375,-0.0003987543750554323,0.04188338667154312,-2.0734150893986225e-05,0.00036735727917402983,0.14522677659988403,0.008325575689816048,0.002197265625,0.9472827083974211,0.947755855851131,0.00878890284389564,0.9999615187711253,0.001953125,0.000244140625,0.0007053373847156763,0.00096893310546875,0.0018230080604553223,0.00583193963393569,0.016848834231495857,0.023145509883761406,0.04354733228683472,0.0,0.0,0.0,0.0
AlphaQCL,AlphaQCL,AlphaQCL,Alpha,QCL,,,2,transformer_encoder.2.self_attn.out_proj.weight.tensor,transformer_encoder.2.self_attn.out_proj.weight,transformer_self_attn,Transformer self-attention,1,2.0,self_attn_out_proj_weight,Self-attention,512x512,262144,-8.489452739013359e-05,0.05466361343860626,-8.630870433989912e-05,0.05462992191314697,-1.4141955944069196e-06,0.0007918958435766399,164.73226928710938,0.40545122773928616,0.005126953125,27.987814295214935,27.970565583529055,0.014486705659205103,0.9998943890494127,0.0056304931640625,0.00052642822265625,0.001556396484375,0.0020751953125,0.0027386844158172607,0.009630320593714714,0.028472252190113068,0.03796300292015076,0.050100672990083694,0.0,0.0,0.0,0.0
AlphaQCL,AlphaQCL,AlphaQCL,Alpha,QCL,,,2,transformer_encoder.3.self_attn.Wqkv.weight.tensor,transformer_encoder.3.self_attn.Wqkv.weight,transformer_self_attn,Transformer self-attention,1,3.0,self_attn_Wqkv_weight,Self-attention,1536x512,786432,-0.00014777800242882222,0.079198457300663,-0.0001488076086388901,0.0791587084531784,-1.0296233767803642e-06,0.0008033634512685239,500.7340087890625,0.7124307899992395,0.00390625,70.23416122047554,70.19891172255629,0.010143650577142973,0.9999469438989477,0.0039494833908975124,0.0005340576171875,0.0015869140625,0.002105712890625,0.002716064453125,0.006743282545357943,0.020037181675434113,0.026587799191474915,0.034294407814741135,0.0,0.0,0.0,0.0
AlphaQCL,AlphaQCL,AlphaQCL,Alpha,QCL,,,2,transformer_encoder.3.self_attn.out_proj.bias.tensor,transformer_encoder.3.self_attn.out_proj.bias,transformer_self_attn,Transformer self-attention,1,3.0,self_attn_out_proj_bias,Self-attention,512,512,0.0031509939581155777,0.04125424474477768,0.003120368579402566,0.04123658686876297,-3.062549512833357e-05,0.0003611510619521141,0.14688891172409058,0.008201244701445754,0.0010986328125,0.9361959288482714,0.9357450589888563,0.008760179839199198,0.999961742213259,0.0078125,0.0002288818359375,0.0007282255683094263,0.00091552734375,0.0010830387473106384,0.00554807810112834,0.017652131617069244,0.02219231240451336,0.026252776384353638,0.0,0.0,0.0,0.0
AlphaQCL,AlphaQCL,AlphaQCL,Alpha,QCL,,,2,transformer_encoder.3.self_attn.out_proj.weight.tensor,transformer_encoder.3.self_attn.out_proj.weight,transformer_self_attn,Transformer self-attention,1,3.0,self_attn_out_proj_weight,Self-attention,512x512,262144,-5.6098444474628195e-05,0.06004486232995987,-5.551187859964557e-05,0.06004083529114723,5.865595085197128e-07,0.0007834604475647211,163.21629333496094,0.4011317767019269,0.00372314453125,30.742993556776984,30.740931716727456,0.013047908817373069,0.9999142039972878,0.005252838134765625,0.000518798828125,0.00153350830078125,0.002044677734375,0.00262451171875,0.008640184998512268,0.025539370253682137,0.034052494913339615,0.043709173798561096,0.0,0.0,0.0,0.0
AlphaQCL,AlphaQCL,AlphaQCL,Alpha,QCL,,,2,transformer_encoder.4.self_attn.Wqkv.weight.tensor,transformer_encoder.4.self_attn.Wqkv.weight,transformer_self_attn,Transformer self-attention,1,4.0,self_attn_Wqkv_weight,Self-attention,1536x512,786432,8.962970605352893e-05,0.08053357899188995,9.197270992444828e-05,0.08049852401018143,2.343023879802786e-06,0.0007910784333944321,493.28045654296875,0.7015387975006451,0.00457763671875,71.41809256282683,71.3870050652603,0.009822984237271366,0.9999499097797637,0.0034548442345112562,0.000518798828125,0.00156402587890625,0.0020751953125,0.002685546875,0.006442018318921328,0.019420789554715157,0.02576807327568531,0.03334691748023033,0.0,0.0,0.0,0.0
AlphaQCL,AlphaQCL,AlphaQCL,Alpha,QCL,,,2,transformer_encoder.4.self_attn.out_proj.bias.tensor,transformer_encoder.4.self_attn.out_proj.bias,transformer_self_attn,Transformer self-attention,1,4.0,self_attn_out_proj_bias,Self-attention,512,512,0.005694971419870853,0.0415608175098896,0.0057006096467375755,0.04154973104596138,5.638459697365761e-06,0.0003253448521718383,0.13429391384124756,0.007362819321648026,0.000957489013671875,0.9492017642412698,0.9489705581519681,0.007756853810238784,0.9999699548737978,0.001953125,0.0002288818359375,0.000640869140625,0.000823974609375,0.0009555397555232048,0.005507152993232012,0.015420028008520603,0.019825750961899757,0.022991355508565903,0.0,0.0,0.0,0.0
AlphaQCL,AlphaQCL,AlphaQCL,Alpha,QCL,,,2,transformer_encoder.4.self_attn.out_proj.weight.tensor,transformer_encoder.4.self_attn.out_proj.weight,transformer_self_attn,Transformer self-attention,1,4.0,self_attn_out_proj_weight,Self-attention,512x512,262144,0.0001113375328714028,0.06491848826408386,0.00011258741142228246,0.06490711122751236,1.2498483101808233e-06,0.0007542259991168976,157.1886749267578,0.38616420018192243,0.003448486328125,33.23832692770689,33.232505383472066,0.011618039651087583,0.9999318296912046,0.004085540771484375,0.00048828125,0.001468658447265625,0.001953125,0.002532958984375,0.007521450519561768,0.022623112425208092,0.03008580207824707,0.03901752457022667,0.0,0.0,0.0,0.0
AlphaQCL,AlphaQCL,AlphaQCL,Alpha,QCL,,,2,transformer_encoder.5.self_attn.Wqkv.weight.tensor,transformer_encoder.5.self_attn.Wqkv.weight,transformer_self_attn,Transformer self-attention,1,5.0,self_attn_Wqkv_weight,Self-attention,1536x512,786432,-0.00015342856931965798,0.08280777931213379,-0.00015336053911596537,0.08277805149555206,6.805104391105488e-08,0.0008082225103862584,504.2593994140625,0.716739288428332,0.0047607421875,73.43495008870946,73.4085847329861,0.009760193035639037,0.9999505638635473,0.0036684672813862562,0.00054931640625,0.0015869140625,0.0021209716796875,0.00274658203125,0.006633632350713015,0.01916382648050785,0.025613190606236458,0.033168163150548935,0.0,0.0,0.0,0.0
AlphaQCL,AlphaQCL,AlphaQCL,Alpha,QCL,,,2,transformer_encoder.5.self_attn.out_proj.bias.tensor,transformer_encoder.5.self_attn.out_proj.bias,transformer_self_attn,Transformer self-attention,1,5.0,self_attn_out_proj_bias,Self-attention,512,512,0.0076002441346645355,0.05128750950098038,0.007612787187099457,0.051227159798145294,1.2542586773633957e-05,0.0003292069595772773,0.135115385055542,0.007454508013334553,0.00091552734375,1.1731769704307082,1.1718678792101365,0.0063541206494970885,0.9999805065956079,0.00390625,0.0002288818359375,0.0006272311438806355,0.0008544921875,0.0008974967058748007,0.0044627198949456215,0.012229702435433865,0.016660820692777634,0.017499318346381187,0.0,0.0,0.0,0.0
AlphaQCL,AlphaQCL,AlphaQCL,Alpha,QCL,,,2,transformer_encoder.5.self_attn.out_proj.weight.tensor,transformer_encoder.5.self_attn.out_proj.weight,transformer_self_attn,Transformer self-attention,1,5.0,self_attn_out_proj_weight,Self-attention,512x512,262144,-3.0022030841792002e-05,0.05985739827156067,-3.219889913452789e-05,0.05984792485833168,-2.176868065362214e-06,0.0007809866801835597,162.70973205566406,0.3998666824258032,0.0039463043212890625,30.647003614813737,30.642154793529535,0.013047496827145216,0.9999139280694782,0.00527191162109375,0.000518798828125,0.00152587890625,0.002044677734375,0.0026277899742126465,0.00866724457591772,0.025491897016763687,0.03415914252400398,0.043900828808546066,0.0,0.0,0.0,0.0
AlphaQCL,AlphaQCL,AlphaQCL,Alpha,QCL,,,2,transformer_encoder.6.self_attn.Wqkv.weight.tensor,transformer_encoder.6.self_attn.Wqkv.weight,transformer_self_attn,Transformer self-attention,1,6.0,self_attn_Wqkv_weight,Self-attention,1536x512,786432,-5.458114901557565e-05,0.08206424862146378,-5.3594627388520166e-05,0.08203230053186417,9.864941148407524e-07,0.0007791316602379084,485.58612060546875,0.6909417785208404,0.0039520263671875,72.77547341824717,72.74713737387712,0.009494157111832534,0.9999530849824766,0.0032869975548237562,0.0005159378051757812,0.00152587890625,0.002044677734375,0.002655029296875,0.006286997813731432,0.01859370991587639,0.02491557039320469,0.032353054732084274,0.0,0.0,0.0,0.0
AlphaQCL,AlphaQCL,AlphaQCL,Alpha,QCL,,,2,transformer_encoder.6.self_attn.out_proj.bias.tensor,transformer_encoder.6.self_attn.out_proj.bias,transformer_self_attn,Transformer self-attention,1,6.0,self_attn_out_proj_bias,Self-attention,512,512,0.013186391443014145,0.06983010470867157,0.013181841932237148,0.06974145025014877,-4.54997643828392e-06,0.0003381039423402399,0.13753700256347656,0.007651111688133477,0.001922607421875,1.607999788132459,1.6060096590599624,0.004758154661832864,0.999989503524822,0.0,0.000244140625,0.0006172177381813526,0.0008544921875,0.0013924092054367065,0.0034962084610015154,0.00883884821087122,0.012236729264259338,0.019939953461289406,0.0,0.0,0.0,0.0
AlphaQCL,AlphaQCL,AlphaQCL,Alpha,QCL,,,2,transformer_encoder.6.self_attn.out_proj.weight.tensor,transformer_encoder.6.self_attn.out_proj.weight,transformer_self_attn,Transformer self-attention,1,6.0,self_attn_out_proj_weight,Self-attention,512x512,262144,6.82807803968899e-05,0.0660417228937149,6.772893539164215e-05,0.06603823602199554,-5.51816810911987e-07,0.0007342218304984272,152.9127655029297,0.3759216268459252,0.00372314453125,33.81339171074642,33.81160465542859,0.011117536804994346,0.9999375400412014,0.00408172607421875,0.00048828125,0.0014641284942626953,0.0019073486328125,0.002493329346179962,0.007393525913357735,0.022169748321175575,0.02888096123933792,0.03775384649634361,0.0,0.0,0.0,0.0
AlphaQCL,AlphaQCL,AlphaQCL,Alpha,QCL,,,2,transformer_encoder.7.self_attn.Wqkv.weight.tensor,transformer_encoder.7.self_attn.Wqkv.weight,transformer_self_attn,Transformer self-attention,1,7.0,self_attn_Wqkv_weight,Self-attention,1536x512,786432,5.859726297785528e-05,0.08321157097816467,5.900721225771122e-05,0.08318101614713669,4.099348132058367e-07,0.000790825579315424,493.358154296875,0.7013115491392323,0.00421142578125,73.79294300608969,73.76582854504855,0.009503775301133442,0.9999529742122609,0.0035146076697856188,0.000518798828125,0.00156402587890625,0.0020751953125,0.00267791748046875,0.006234695203602314,0.018795771524310112,0.024938780814409256,0.032182030379772186,0.0,0.0,0.0,0.0
AlphaQCL,AlphaQCL,AlphaQCL,Alpha,QCL,,,2,transformer_encoder.7.self_attn.out_proj.bias.tensor,transformer_encoder.7.self_attn.out_proj.bias,transformer_self_attn,Transformer self-attention,1,7.0,self_attn_out_proj_bias,Self-attention,512,512,0.02039126306772232,0.06323306262493134,0.020366176962852478,0.06312991678714752,-2.508610486984253e-05,0.0003581657074391842,0.14463496208190918,0.008124218899463846,0.002197265625,1.503357150417094,1.500961631248929,0.005404051124647556,0.9999866905577585,0.005859375,0.000244140625,0.00067138671875,0.0009138491004705429,0.0015735030174255371,0.0038609642069786787,0.010617651976644993,0.014452075585722923,0.02488417737185955,0.0,0.0,0.0,0.0
AlphaQCL,AlphaQCL,AlphaQCL,Alpha,QCL,,,2,transformer_encoder.7.self_attn.out_proj.weight.tensor,transformer_encoder.7.self_attn.out_proj.weight,transformer_self_attn,Transformer self-attention,1,7.0,self_attn_out_proj_weight,Self-attention,512x512,262144,6.614855374209583e-05,0.0642695426940918,6.991143163759261e-05,0.0642646923661232,3.762880623980891e-06,0.0007657564710825682,159.495849609375,0.3920719812488227,0.00347900390625,32.906036695058894,32.903554836802016,0.01191489527839989,0.9999282979545605,0.004795074462890625,0.0005035400390625,0.0015114247798919678,0.002006128430366516,0.0025787353515625,0.007834815420210361,0.02351696416735649,0.031214291229844093,0.040123749524354935,0.0,0.0,0.0,0.0
AlphaQCL,AlphaQCL,AlphaQCL,Alpha,QCL,,,2,transformer_encoder.8.self_attn.Wqkv.weight.tensor,transformer_encoder.8.self_attn.Wqkv.weight,transformer_self_attn,Transformer self-attention,1,8.0,self_attn_Wqkv_weight,Self-attention,1536x512,786432,-4.0591752622276545e-05,0.08352092653512955,-3.94383241655305e-05,0.0834934264421463,1.1534098121046554e-06,0.0007875829469412565,491.43768310546875,0.6984366832958797,0.0045166015625,74.06725986814283,74.0428672554369,0.009429762685149312,0.9999538896232345,0.0033137004356831312,0.000518798828125,0.001556396484375,0.0020751953125,0.002685546875,0.006211602129042149,0.01863480731844902,0.024846408516168594,0.03215417638421059,0.0,0.0,0.0,0.0
AlphaQCL,AlphaQCL,AlphaQCL,Alpha,QCL,,,2,transformer_encoder.8.self_attn.out_proj.bias.tensor,transformer_encoder.8.self_attn.out_proj.bias,transformer_self_attn,Transformer self-attention,1,8.0,self_attn_out_proj_bias,Self-attention,512,512,0.024965673685073853,0.06420286744832993,0.024981949478387833,0.0641399621963501,1.6274629160761833e-05,0.0003829173801932484,0.15461647510528564,0.008672253009385454,0.001953125,1.558714132989936,1.5575212885594198,0.0055637225748025486,0.9999848255442165,0.0,0.000255584716796875,0.000732421875,0.0010037235915660858,0.0015788674354553223,0.003980891779065132,0.011407929472625256,0.01563362404704094,0.024591850116848946,0.0,0.0,0.0,0.0
AlphaQCL,AlphaQCL,AlphaQCL,Alpha,QCL,,,2,transformer_encoder.8.self_attn.out_proj.weight.tensor,transformer_encoder.8.self_attn.out_proj.weight,transformer_self_attn,Transformer self-attention,1,8.0,self_attn_out_proj_weight,Self-attention,512x512,262144,1.4349880075315014e-06,0.07153227180242538,3.969027602579445e-06,0.0715353712439537,2.5340709726151545e-06,0.0007699155248701572,160.4529571533203,0.3941988158203872,0.003997802734375,36.62453504664342,36.626123196301094,0.010763244238277478,0.9999414416860987,0.00449371337890625,0.00051116943359375,0.00152587890625,0.00201416015625,0.0025634765625,0.007145996671169996,0.021331332623958588,0.02815736085176468,0.03583664074540138,0.0,0.0,0.0,0.0
AlphaQCL,AlphaQCL,AlphaQCL,Alpha,QCL,,,2,transformer_encoder.9.self_attn.Wqkv.weight.tensor,transformer_encoder.9.self_attn.Wqkv.weight,transformer_self_attn,Transformer self-attention,1,9.0,self_attn_Wqkv_weight,Self-attention,1536x512,786432,0.000242539681494236,0.08460711687803268,0.00024366274010390043,0.08448513597249985,1.1230507652726374e-06,0.0008246523793786764,515.5760498046875,0.73131002848147,0.004150390625,75.03080096700288,74.92262936272992,0.009746797569215296,0.9999518782524022,0.003631591796875,0.00054931640625,0.001617431640625,0.00213623046875,0.0027923583984375,0.006492555141448975,0.019116967916488647,0.025248825550079346,0.03300382196903229,0.0,0.0,0.0,0.0
AlphaQCL,AlphaQCL,AlphaQCL,Alpha,QCL,,,2,transformer_encoder.9.self_attn.out_proj.bias.tensor,transformer_encoder.9.self_attn.out_proj.bias,transformer_self_attn,Transformer self-attention,1,9.0,self_attn_out_proj_bias,Self-attention,512,512,0.003501572646200657,0.055311933159828186,0.003593091620132327,0.055283717811107635,9.151885751634836e-05,0.0004288923810236156,0.17909938097000122,0.009923209252366554,0.001312255859375,1.2540716139469108,1.253566993143497,0.007912793130790635,0.9999688770047075,0.005859375,0.000274658203125,0.0008544921875,0.0010655978694558144,0.001242082566022873,0.00496562197804451,0.01544860191643238,0.01926524005830288,0.022455954924225807,0.0,0.0,0.0,0.0
AlphaQCL,AlphaQCL,AlphaQCL,Alpha,QCL,,,2,transformer_encoder.9.self_attn.out_proj.weight.tensor,transformer_encoder.9.self_attn.out_proj.weight,transformer_self_attn,Transformer self-attention,1,9.0,self_attn_out_proj_weight,Self-attention,512x512,262144,2.3092787159839645e-05,0.06191784515976906,2.053154275927227e-05,0.061881646513938904,-2.5612459921831032e-06,0.0008122793515212834,169.1849822998047,0.4158890222605335,0.0078125,31.701952525756397,31.683416280248252,0.01311871948337029,0.9999133361458945,0.00499725341796875,0.00054931640625,0.0015869140625,0.002105712890625,0.00274658203125,0.008871695958077908,0.02562934346497059,0.03400816768407822,0.04435848072171211,0.0,0.0,0.0,0.0
AlphaQCL,AlphaQCL,AlphaQCL,Alpha,QCL,,,2,transformer_encoder.10.self_attn.Wqkv.weight.tensor,transformer_encoder.10.self_attn.Wqkv.weight,transformer_self_attn,Transformer self-attention,1,10.0,self_attn_Wqkv_weight,Self-attention,1536x512,786432,0.0001790486858226359,0.0850459486246109,0.00017939630197361112,0.08501748740673065,3.476322945061838e-07,0.0008110019261948764,506.59320068359375,0.7192041786536032,0.0040435791015625,75.41982433249066,75.39457729277518,0.009536009729788809,0.9999529989682002,0.003570556640625,0.00054931640625,0.0015869140625,0.0021076202392578125,0.0027313232421875,0.006459053605794907,0.01865948922932148,0.02478213422000408,0.03211585059762001,0.0,0.0,0.0,0.0
AlphaQCL,AlphaQCL,AlphaQCL,Alpha,QCL,,,2,transformer_encoder.10.self_attn.out_proj.bias.tensor,transformer_encoder.10.self_attn.out_proj.bias,transformer_self_attn,Transformer self-attention,1,10.0,self_attn_out_proj_bias,Self-attention,512,512,0.0012445800239220262,0.05663425475358963,0.0012316842330619693,0.05692721903324127,-1.2895790860056877e-05,0.0005404038238339126,0.2187408208847046,0.012231423326575341,0.0020751953125,1.2817963156504482,1.2884174004318616,0.009542407929577295,0.9999680138020647,0.0,0.000335693359375,0.00103759765625,0.0013394169509410858,0.0019192546606063843,0.005927389487624168,0.018321022391319275,0.023650292307138443,0.03388857841491699,0.0,0.0,0.0,0.0
AlphaQCL,AlphaQCL,AlphaQCL,Alpha,QCL,,,2,transformer_encoder.10.self_attn.out_proj.weight.tensor,transformer_encoder.10.self_attn.out_proj.weight,transformer_self_attn,Transformer self-attention,1,10.0,self_attn_out_proj_weight,Self-attention,512x512,262144,-7.101225492078811e-05,0.06041784957051277,-7.06384889781475e-05,0.06039692461490631,3.7373888517322484e-07,0.0007741626468487084,161.10049438476562,0.396371252148683,0.00390625,30.93397135021777,30.92325863819477,0.01281346153913341,0.9999170807395011,0.0048675537109375,0.000518798828125,0.00152587890625,0.00201416015625,0.00262451171875,0.008586845360696316,0.02525542676448822,0.03333716467022896,0.043439336121082306,0.0,0.0,0.0,0.0
AlphaQCL,AlphaQCL,AlphaQCL,Alpha,QCL,,,2,transformer_encoder.11.self_attn.Wqkv.weight.tensor,transformer_encoder.11.self_attn.Wqkv.weight,transformer_self_attn,Transformer self-attention,1,11.0,self_attn_Wqkv_weight,Self-attention,1536x512,786432,-0.00019976306066382676,0.08163049817085266,-0.0001986822026083246,0.08158945292234421,1.0808937531692209e-06,0.0008013915503397584,500.42828369140625,0.7106821628685835,0.00726318359375,72.3910179004015,72.35460569199276,0.009817269924928521,0.9999501594846107,0.0035680134315043688,0.000537872314453125,0.0015869140625,0.0020751953125,0.0027008056640625,0.00658910907804966,0.01944020949304104,0.025421811267733574,0.033085741102695465,0.0,0.0,0.0,0.0
AlphaQCL,AlphaQCL,AlphaQCL,Alpha,QCL,,,2,transformer_encoder.11.self_attn.out_proj.bias.tensor,transformer_encoder.11.self_attn.out_proj.bias,transformer_self_attn,Transformer self-attention,1,11.0,self_attn_out_proj_bias,Self-attention,512,512,-0.012231702916324139,0.06654907763004303,-0.012329282239079475,0.0668465718626976,-9.757780935615301e-05,0.0005646399804390967,0.22901135683059692,0.012965722229702888,0.00244140625,1.5310577739028002,1.538077876963006,0.008468473529018868,0.9999747751592368,0.005859375,0.0003662109375,0.0011360165663063526,0.0015802010893821716,0.0021295249462127686,0.005502869375050068,0.017070354893803596,0.023744896054267883,0.031999312341213226,0.0,0.0,0.0,0.0
AlphaQCL,AlphaQCL,AlphaQCL,Alpha,QCL,,,2,transformer_encoder.11.self_attn.out_proj.weight.tensor,transformer_encoder.11.self_attn.out_proj.weight,transformer_self_attn,Transformer self-attention,1,11.0,self_attn_out_proj_weight,Self-attention,512x512,262144,0.00012059643631801009,0.061377786099910736,0.00012315678759478033,0.06134290620684624,2.560348093538778e-06,0.0007579087978228927,157.64337158203125,0.3880514627780287,0.00372314453125,31.425498415834134,31.407644364258182,0.012348299385523565,0.9999232337554408,0.00457763671875,0.00048828125,0.001495361328125,0.001983642578125,0.0025479495525360107,0.0079553397372365,0.024363229051232338,0.03231856971979141,0.04151256009936333,0.0,0.0,0.0,0.0
AlphaQCL,AlphaQCL,AlphaQCL,Alpha,QCL,,,2,transformer_encoder.12.self_attn.Wqkv.weight.tensor,transformer_encoder.12.self_attn.Wqkv.weight,transformer_self_attn,Transformer self-attention,1,12.0,self_attn_Wqkv_weight,Self-attention,1536x512,786432,-7.939530769363046e-05,0.0797630101442337,-8.237109432229772e-05,0.07971198111772537,-2.9757657102891244e-06,0.0008226581267081201,511.6778259277344,0.7295456627953771,0.0045013427734375,70.73472187622038,70.68947209340122,0.010313826695636246,0.9999452264780978,0.0037180583458393812,0.00054931640625,0.001628875732421875,0.0021820068359375,0.0028076171875,0.006886855699121952,0.02042143978178501,0.027356121689081192,0.03519948571920395,0.0,0.0,0.0,0.0
AlphaQCL,AlphaQCL,AlphaQCL,Alpha,QCL,,,2,transformer_encoder.12.self_attn.out_proj.bias.tensor,transformer_encoder.12.self_attn.out_proj.bias,transformer_self_attn,Transformer self-attention,1,12.0,self_attn_out_proj_bias,Self-attention,512,512,7.303804159164429e-05,0.06083318218588829,-5.628424696624279e-05,0.061199456453323364,-0.00012932228855788708,0.0005802018567919731,0.23640620708465576,0.01345063337735646,0.0020751953125,1.3764987493468457,1.3847861994625907,0.009771627750282424,0.9999706424294353,0.001953125,0.0003662109375,0.001220703125,0.0015869140625,0.0018880665302276611,0.006019919645041227,0.02006639912724495,0.026086319237947464,0.031036781147122383,0.0,0.0,0.0,0.0
AlphaQCL,AlphaQCL,AlphaQCL,Alpha,QCL,,,2,transformer_encoder.12.self_attn.out_proj.weight.tensor,transformer_encoder.12.self_attn.out_proj.weight,transformer_self_attn,Transformer self-attention,1,12.0,self_attn_out_proj_weight,Self-attention,512x512,262144,0.00010403731721453369,0.06129160895943642,0.0001047607947839424,0.061269260942935944,7.234998520289082e-07,0.0007550892187282443,156.9391632080078,0.38660581461716964,0.0035400390625,31.381360628912745,31.36991737809639,0.012319600134258165,0.9999234029399279,0.004467010498046875,0.00048828125,0.001495361328125,0.001983642578125,0.0025634765625,0.007966525852680206,0.024397484958171844,0.03236401081085205,0.041824258863925934,0.0,0.0,0.0,0.0
AlphaQCL,AlphaQCL,AlphaQCL,Alpha,QCL,,,2,transformer_encoder.13.self_attn.Wqkv.weight.tensor,transformer_encoder.13.self_attn.Wqkv.weight,transformer_self_attn,Transformer self-attention,1,13.0,self_attn_Wqkv_weight,Self-attention,1536x512,786432,-0.00021033840312156826,0.07851918786764145,-0.00021049559290986508,0.07848767936229706,-1.571767569430449e-07,0.0008297282620333135,517.4490356445312,0.7358108443916583,0.00732421875,69.63190747827105,69.60397180208182,0.010567150477979667,0.9999424538077861,0.0037790935020893812,0.00054931640625,0.00164794921875,0.002196371555328369,0.0028228759765625,0.006995950359851122,0.020987851545214653,0.02797241508960724,0.035951413214206696,0.0,0.0,0.0,0.0
AlphaQCL,AlphaQCL,AlphaQCL,Alpha,QCL,,,2,transformer_encoder.13.self_attn.out_proj.bias.tensor,transformer_encoder.13.self_attn.out_proj.bias,transformer_self_attn,Transformer self-attention,1,13.0,self_attn_out_proj_bias,Self-attention,512,512,-0.01542249321937561,0.0852852538228035,-0.01553769875317812,0.08551803231239319,-0.00011520553380250931,0.0005080627161078155,0.2149186134338379,0.011787995382769687,0.00164794921875,1.9610840640065546,1.966731777837489,0.006010958734058774,0.999986177526438,0.0,0.0003662109375,0.0009765625,0.00128173828125,0.0016167610883712769,0.004293953534215689,0.011450542137026787,0.015028837136924267,0.018957098945975304,0.0,0.0,0.0,0.0
AlphaQCL,AlphaQCL,AlphaQCL,Alpha,QCL,,,2,transformer_encoder.13.self_attn.out_proj.weight.tensor,transformer_encoder.13.self_attn.out_proj.weight,transformer_self_attn,Transformer self-attention,1,13.0,self_attn_out_proj_weight,Self-attention,512x512,262144,-8.232514664996415e-05,0.058098554611206055,-8.068994793575257e-05,0.0580681711435318,1.6352207694581011e-06,0.0007427647360600531,154.49172973632812,0.3802964182504226,0.0035181045532226562,29.74650078718556,29.7309437474373,0.012784576611923277,0.9999176654258293,0.00437164306640625,0.00048828125,0.00146484375,0.001953125,0.0025177001953125,0.00840436015278101,0.025213079527020454,0.03361744061112404,0.04333497956395149,0.0,0.0,0.0,0.0
AlphaQCL,AlphaQCL,AlphaQCL,Alpha,QCL,,,2,transformer_encoder.14.self_attn.Wqkv.weight.tensor,transformer_encoder.14.self_attn.Wqkv.weight,transformer_self_attn,Transformer self-attention,1,14.0,self_attn_Wqkv_weight,Self-attention,1536x512,786432,-3.622034682848607e-06,0.0795673355460167,9.920864840751165e-07,0.07953381538391113,4.614109457179438e-06,0.0008225985220633447,512.194091796875,0.7294995410962194,0.00439453125,70.56116445813164,70.53144037967218,0.01033854169922418,0.9999449008371628,0.00360870361328125,0.00054931640625,0.001617431640625,0.002166748046875,0.0028076171875,0.006903792265802622,0.02032783254981041,0.027231624349951744,0.03528605028986931,0.0,0.0,0.0,0.0
AlphaQCL,AlphaQCL,AlphaQCL,Alpha,QCL,,,2,transformer_encoder.14.self_attn.out_proj.bias.tensor,transformer_encoder.14.self_attn.out_proj.bias,transformer_self_attn,Transformer self-attention,1,14.0,self_attn_out_proj_bias,Self-attention,512,512,0.0021043310407549143,0.0782407820224762,0.0020515804644674063,0.07833987474441528,-5.2750809118151665e-05,0.0004800532478839159,0.19106829166412354,0.010927748137858283,0.0018310546875,1.7710269896886288,1.7732367717056436,0.006170288878417015,0.9999817218892992,0.0,0.0002899169921875,0.0009971610270440578,0.0013360604643821716,0.0016439259052276611,0.0037054456770420074,0.012744772247970104,0.017076265066862106,0.0210111103951931,0.0,0.0,0.0,0.0
AlphaQCL,AlphaQCL,AlphaQCL,Alpha,QCL,,,2,transformer_encoder.14.self_attn.out_proj.weight.tensor,transformer_encoder.14.self_attn.out_proj.weight,transformer_self_attn,Transformer self-attention,1,14.0,self_attn_out_proj_weight,Self-attention,512x512,262144,0.00011341196659486741,0.0629572793841362,0.00011046786676160991,0.06293755769729614,-2.944070956800715e-06,0.0007570527377538383,157.1163787841797,0.3876138596765254,0.00395965576171875,32.23419133188101,32.22408986726293,0.012024928923628572,0.9999270690578967,0.003993988037109375,0.00048828125,0.001495361328125,0.001995086669921875,0.002593994140625,0.007755754515528679,0.0237519983202219,0.03168952837586403,0.041202444583177567,0.0,0.0,0.0,0.0
AlphaQCL,AlphaQCL,AlphaQCL,Alpha,QCL,,,2,transformer_encoder.15.self_attn.Wqkv.weight.tensor,transformer_encoder.15.self_attn.Wqkv.weight,transformer_self_attn,Transformer self-attention,1,15.0,self_attn_Wqkv_weight,Self-attention,1536x512,786432,-5.524737935047597e-05,0.07840512692928314,-5.480108302435838e-05,0.07839114218950272,4.462853269160405e-07,0.0008905277354642749,549.2298583984375,0.7897284690576172,0.0164794921875,69.53053019290338,69.51812727290091,0.011358010170016067,0.9999336474417934,0.0038159687537699938,0.000579833984375,0.001739501953125,0.00238037109375,0.00341796875,0.007395357359200716,0.022186072543263435,0.030359888449311256,0.04359368607401848,0.0,0.0,0.0,0.0
AlphaQCL,AlphaQCL,AlphaQCL,Alpha,QCL,,,2,transformer_encoder.15.self_attn.out_proj.bias.tensor,transformer_encoder.15.self_attn.out_proj.bias,transformer_self_attn,Transformer self-attention,1,15.0,self_attn_out_proj_bias,Self-attention,512,512,-0.010012953542172909,0.09045206010341644,-0.010011572390794754,0.09051154553890228,1.3810349628329277e-06,0.0005038683884777129,0.2003273367881775,0.011401282668566236,0.0023193359375,2.0591986851330097,2.060532990178338,0.005536756968074819,0.9999849260043098,0.001953125,0.000339508056640625,0.0009765625,0.0013699345290660858,0.0019450783729553223,0.003753458149731159,0.010796464048326015,0.015145420096814632,0.02150396816432476,0.0,0.0,0.0,0.0
AlphaQCL,AlphaQCL,AlphaQCL,Alpha,QCL,,,2,transformer_encoder.15.self_attn.out_proj.weight.tensor,transformer_encoder.15.self_attn.out_proj.weight,transformer_self_attn,Transformer self-attention,1,15.0,self_attn_out_proj_weight,Self-attention,512x512,262144,2.0031939129694365e-05,0.06572773307561874,2.1031593860243447e-05,0.06568349152803421,9.99655185296433e-07,0.0008144008461385965,169.16156005859375,0.41697349774467246,0.00408935546875,33.6526137630636,33.629962313900606,0.012390523383426501,0.9999227284762434,0.004215240478515625,0.00054931640625,0.00159454345703125,0.00213623046875,0.0028076171875,0.008357451297342777,0.02425982430577278,0.03250120207667351,0.04271586239337921,0.0,0.0,0.0,0.0
AlphaQCL,AlphaQCL,AlphaQCL,Alpha,QCL,,,2,transformer_encoder.16.self_attn.Wqkv.weight.tensor,transformer_encoder.16.self_attn.Wqkv.weight,transformer_self_attn,Transformer self-attention,1,16.0,self_attn_Wqkv_weight,Self-attention,1536x512,786432,-6.306452269200236e-05,0.06916620582342148,-6.323459092527628e-05,0.0691882073879242,-1.7008255781547632e-07,0.0009452521335333586,578.8058471679688,0.8382584269208407,0.01171875,61.33735798332856,61.35687821187002,0.013666360183767044,0.9999049494880241,0.0044733681716024876,0.0006103515625,0.0018310546875,0.0025634765625,0.004150390625,0.008824417367577553,0.026473253965377808,0.03706255555152893,0.0600060410797596,0.0,0.0,0.0,0.0
AlphaQCL,AlphaQCL,AlphaQCL,Alpha,QCL,,,2,transformer_encoder.16.self_attn.out_proj.bias.tensor,transformer_encoder.16.self_attn.out_proj.bias,transformer_self_attn,Transformer self-attention,1,16.0,self_attn_out_proj_bias,Self-attention,512,512,0.002451110165566206,0.06382599472999573,0.00241656880825758,0.06372451782226562,-3.454124089330435e-05,0.000572939810808748,0.23125404119491577,0.012987686848125329,0.0029296875,1.445281982099681,1.4429575937745505,0.008986264970416397,0.9999609392825606,0.00390625,0.0003662109375,0.0011444091796875,0.0014796305913478136,0.002274736762046814,0.005737645085901022,0.01793014071881771,0.023182254284620285,0.03563965484499931,0.0,0.0,0.0,0.0
AlphaQCL,AlphaQCL,AlphaQCL,Alpha,QCL,,,2,transformer_encoder.16.self_attn.out_proj.weight.tensor,transformer_encoder.16.self_attn.out_proj.weight,transformer_self_attn,Transformer self-attention,1,16.0,self_attn_out_proj_weight,Self-attention,512x512,262144,1.39124977067695e-05,0.06549250334501266,1.843567042669747e-05,0.06547868996858597,4.523179086390883e-06,0.0008732629357837141,181.82989501953125,0.44711657710109615,0.00445556640625,33.532176492908455,33.525102462441296,0.013333956332826804,0.9999102207329285,0.004665374755859375,0.000579833984375,0.001708984375,0.0022765696048736572,0.002960205078125,0.00885343924164772,0.02609434723854065,0.03476076200604439,0.045199137181043625,0.0,0.0,0.0,0.0
AlphaQCL,AlphaQCL,AlphaQCL,Alpha,QCL,,,2,transformer_encoder.17.self_attn.Wqkv.weight.tensor,transformer_encoder.17.self_attn.Wqkv.weight,transformer_self_attn,Transformer self-attention,1,17.0,self_attn_Wqkv_weight,Self-attention,1536x512,786432,-7.111241575330496e-05,0.09043940156698227,-7.077330519678071e-05,0.09052525460720062,3.3912161256921536e-07,0.0009775885846465826,599.7481689453125,0.8669349027590224,0.01171875,80.20265774021301,80.27878669829285,0.010809303920664676,0.9999405768492491,0.0038922626990824938,0.0006103515625,0.001922607421875,0.002655029296875,0.004150390625,0.006748734507709742,0.021258514374494553,0.029356995597481728,0.04589139297604561,0.0,0.0,0.0,0.0
AlphaQCL,AlphaQCL,AlphaQCL,Alpha,QCL,,,2,transformer_encoder.17.self_attn.out_proj.bias.tensor,transformer_encoder.17.self_attn.out_proj.bias,transformer_self_attn,Transformer self-attention,1,17.0,self_attn_out_proj_bias,Self-attention,512,512,-0.0052572558633983135,0.03579435124993324,-0.005286181811243296,0.03582431375980377,-2.8925947844982147e-05,0.0004910537390969694,0.19142484664916992,0.011130538821185589,0.00191497802734375,0.8186230655728276,0.8193891142001251,0.01359665918206623,0.9999081119675346,0.005859375,0.00030517578125,0.0010316848056390882,0.0013529974967241287,0.0019032824784517288,0.008525805547833443,0.028822550550103188,0.037799179553985596,0.05317268893122673,0.0,0.0,0.0,0.0
AlphaQCL,AlphaQCL,AlphaQCL,Alpha,QCL,,,2,transformer_encoder.17.self_attn.out_proj.weight.tensor,transformer_encoder.17.self_attn.out_proj.weight,transformer_self_attn,Transformer self-attention,1,17.0,self_attn_out_proj_weight,Self-attention,512x512,262144,-0.00015262558008544147,0.068601094186306,-0.0001535586779937148,0.0685601755976677,-9.330981356470147e-07,0.0008855955675244331,183.74343872070312,0.4534251271458591,0.004669189453125,35.1238600793677,35.102909187109226,0.012909319366415399,0.9999161707953917,0.0041961669921875,0.00058746337890625,0.001739501953125,0.00234222412109375,0.003082275390625,0.008563468232750893,0.02535676397383213,0.03414266183972359,0.04493040591478348,0.0,0.0,0.0,0.0
AlphaQCL,AlphaQCL,AlphaQCL,Alpha,QCL,,,2,transformer_encoder.0.ff.fc1.weight.tensor,transformer_encoder.0.ff.fc1.weight,transformer_ffn,Transformer FFN,2,0.0,ff_fc1_weight,Feed-forward,4096x512,2097152,0.00048342556692659855,0.05654734745621681,0.0004833051934838295,0.056482862681150436,-1.2039015473419568e-07,0.0007182178669609129,1123.682861328125,1.0400869152540348,0.0040740966796875,81.89238842071954,81.79900755338508,0.012700654301479262,0.9999169346761064,0.004768848419189453,0.00042724609375,0.00146484375,0.001983642578125,0.002593994140625,0.007555544842034578,0.02590472437441349,0.035079315304756165,0.045872949063777924,0.0,0.0,0.0,0.0
AlphaQCL,AlphaQCL,AlphaQCL,Alpha,QCL,,,2,transformer_encoder.0.ff.fc2.weight.tensor,transformer_encoder.0.ff.fc2.weight,transformer_ffn,Transformer FFN,2,0.0,ff_fc2_weight,Feed-forward,512x2048,1048576,-7.165218994487077e-05,0.056143082678318024,-7.084036769811064e-05,0.05606094002723694,8.11830773272959e-07,0.0007937191985547543,661.7533569335938,0.8127677182977068,0.0040836334228515625,57.49062423560906,57.406511550166286,0.014137395951151861,0.9998988761196179,0.005213737487792969,0.0005340576171875,0.001556396484375,0.0020751953125,0.002655029296875,0.00951243657618761,0.027721958234906197,0.036962609738111496,0.04729039967060089,0.0,0.0,0.0,0.0
AlphaQCL,AlphaQCL,AlphaQCL,Alpha,QCL,,,2,transformer_encoder.1.ff.fc1.weight.tensor,transformer_encoder.1.ff.fc1.weight,transformer_ffn,Transformer FFN,2,1.0,ff_fc1_weight,Feed-forward,4096x512,2097152,-0.00020184538152534515,0.06706023961305618,-0.00019936988246627152,0.06698019802570343,2.475479050190188e-06,0.000777153589297086,1271.77587890625,1.1254398227942444,0.0042724609375,97.11417551489329,96.99825324619253,0.011588831566835853,0.9999302176097775,0.0038738250732421875,0.00048828125,0.001556396484375,0.0020751953125,0.002655029296875,0.007281232625246048,0.02320892922580242,0.03094523772597313,0.039591699838638306,0.0,0.0,0.0,0.0
AlphaQCL,AlphaQCL,AlphaQCL,Alpha,QCL,,,2,transformer_encoder.1.ff.fc2.weight.tensor,transformer_encoder.1.ff.fc2.weight,transformer_ffn,Transformer FFN,2,1.0,ff_fc2_weight,Feed-forward,512x2048,1048576,8.975168748293072e-05,0.06665235012769699,9.036402479978278e-05,0.06655970960855484,6.123335651864181e-07,0.0008100185659714043,676.6655883789062,0.8294583508852458,0.00446319580078125,68.25213910338269,68.15728162905633,0.012152855013508644,0.9999247630641331,0.004303932189941406,0.00054931640625,0.0015869140625,0.002086639404296875,0.002685546875,0.008241514675319195,0.02380882203578949,0.03130631148815155,0.04029184952378273,0.0,0.0,0.0,0.0
AlphaQCL,AlphaQCL,AlphaQCL,Alpha,QCL,,,2,transformer_encoder.2.ff.fc1.weight.tensor,transformer_encoder.2.ff.fc1.weight,transformer_ffn,Transformer FFN,2,2.0,ff_fc1_weight,Feed-forward,4096x512,2097152,-0.0003498551668599248,0.07062771916389465,-0.00034870015224441886,0.07054458558559418,1.155013706011232e-06,0.0008103979052975774,1353.1002197265625,1.1735779151259618,0.004302978515625,102.28127386953587,102.160881471946,0.011474025212307183,0.9999311603649241,0.0038247108459472656,0.00054931640625,0.0015869140625,0.00209808349609375,0.002685546875,0.0077776312828063965,0.02246871218085289,0.029706230387091637,0.03802397474646568,0.0,0.0,0.0,0.0
AlphaQCL,AlphaQCL,AlphaQCL,Alpha,QCL,,,2,transformer_encoder.2.ff.fc2.weight.tensor,transformer_encoder.2.ff.fc2.weight,transformer_ffn,Transformer FFN,2,2.0,ff_fc2_weight,Feed-forward,512x2048,1048576,8.055991202127188e-06,0.06815996021032333,8.07215110398829e-06,0.06807330995798111,1.615501332707936e-08,0.0008088396862149239,675.3519287109375,0.8282509474076766,0.0040283203125,69.7958693541835,69.70714409226647,0.011866761673311263,0.9999280977977267,0.0041961669921875,0.00054931640625,0.0015869140625,0.0020751953125,0.002685546875,0.008059223182499409,0.02328220009803772,0.03044595569372177,0.039400648325681686,0.0,0.0,0.0,0.0
AlphaQCL,AlphaQCL,AlphaQCL,Alpha,QCL,,,2,transformer_encoder.3.ff.fc1.weight.tensor,transformer_encoder.3.ff.fc1.weight,transformer_ffn,Transformer FFN,2,3.0,ff_fc1_weight,Feed-forward,4096x512,2097152,-0.0007111746817827225,0.07065483182668686,-0.0007087201229296625,0.07057888060808182,2.4544692678318825e-06,0.000800999638158828,1337.1546630859375,1.159972256542449,0.00412750244140625,102.32447814733774,102.21445076559625,0.011336214731260936,0.9999326519275277,0.0037689208984375,0.00054931640625,0.0015869140625,0.0020751953125,0.0026702880859375,0.007774646393954754,0.0224600899964571,0.029370887205004692,0.037793420255184174,0.0,0.0,0.0,0.0
AlphaQCL,AlphaQCL,AlphaQCL,Alpha,QCL,,,2,transformer_encoder.3.ff.fc2.weight.tensor,transformer_encoder.3.ff.fc2.weight,transformer_ffn,Transformer FFN,2,3.0,ff_fc2_weight,Feed-forward,512x2048,1048576,-2.885437606892083e-05,0.06670832633972168,-2.9096132493577898e-05,0.06663499027490616,-2.4175335511245066e-07,0.0007956656627357006,664.1012573242188,0.8147607675141102,0.00390625,68.30940137643024,68.23430522952695,0.011927505600938068,0.9999271696639158,0.004070281982421875,0.0005340576171875,0.0015716552734375,0.0020751953125,0.0026340484619140625,0.008005860261619091,0.02356010302901268,0.031108487397432327,0.03948604688048363,0.0,0.0,0.0,0.0
AlphaQCL,AlphaQCL,AlphaQCL,Alpha,QCL,,,2,transformer_encoder.4.ff.fc1.weight.tensor,transformer_encoder.4.ff.fc1.weight,transformer_ffn,Transformer FFN,2,4.0,ff_fc1_weight,Feed-forward,4096x512,2097152,-0.001038560178130865,0.07028269022703171,-0.0010362721513956785,0.07020982354879379,2.2880774395162007e-06,0.0008010409655980766,1337.953125,1.1600314500261377,0.0045166015625,101.79146786291815,101.68591059759704,0.01139615602742199,0.9999320423489734,0.0038042068481445312,0.00054931640625,0.0015869140625,0.0020751953125,0.002658843994140625,0.007815812714397907,0.02257901430130005,0.029526403173804283,0.03783070668578148,0.0,0.0,0.0,0.0
AlphaQCL,AlphaQCL,AlphaQCL,Alpha,QCL,,,2,transformer_encoder.4.ff.fc2.weight.tensor,transformer_encoder.4.ff.fc2.weight,transformer_ffn,Transformer FFN,2,4.0,ff_fc2_weight,Feed-forward,512x2048,1048576,1.6859914467204362e-05,0.06677135825157166,1.5990081010386348e-05,0.06670042127370834,-8.698476676727296e-07,0.000793969607912004,662.8239135742188,0.8130244616456644,0.00433349609375,68.37394666121921,68.3013056930466,0.01189085172564405,0.9999276369040715,0.004027366638183594,0.0005354881286621094,0.001556396484375,0.0020751953125,0.00263214111328125,0.008019726723432541,0.023309340700507164,0.031079120934009552,0.03942020609974861,0.0,0.0,0.0,0.0
AlphaQCL,AlphaQCL,AlphaQCL,Alpha,QCL,,,2,transformer_encoder.5.ff.fc1.weight.tensor,transformer_encoder.5.ff.fc1.weight,transformer_ffn,Transformer FFN,2,5.0,ff_fc1_weight,Feed-forward,4096x512,2097152,-0.0008525169687345624,0.06985998153686523,-0.0008497644448652864,0.06978923827409744,2.752511591097573e-06,0.0007981052040122449,1331.771484375,1.1557821925500953,0.00439453125,101.17574437581371,101.07325429793482,0.01142351064161161,0.9999317561261295,0.003926753997802734,0.000545501708984375,0.0015869140625,0.0020751953125,0.002685546875,0.0078084999695420265,0.02271563559770584,0.02970506250858307,0.038441844284534454,0.0,0.0,0.0,0.0
AlphaQCL,AlphaQCL,AlphaQCL,Alpha,QCL,,,2,transformer_encoder.5.ff.fc2.weight.tensor,transformer_encoder.5.ff.fc2.weight,transformer_ffn,Transformer FFN,2,5.0,ff_fc2_weight,Feed-forward,512x2048,1048576,3.536560325301252e-05,0.06654928624629974,3.541471960488707e-05,0.0664910227060318,4.9121979373012437e-08,0.0007863386417739093,656.276611328125,0.8052099439268466,0.0040283203125,68.14655264001804,68.08689086036496,0.011815857335885064,0.9999281919621593,0.0039958953857421875,0.00052642822265625,0.0015411376953125,0.002044677734375,0.00262451171875,0.00791035033762455,0.023157836869359016,0.030724259093403816,0.03943710774183273,0.0,0.0,0.0,0.0
AlphaQCL,AlphaQCL,AlphaQCL,Alpha,QCL,,,2,transformer_encoder.6.ff.fc1.weight.tensor,transformer_encoder.6.ff.fc1.weight,transformer_ffn,Transformer FFN,2,6.0,ff_fc1_weight,Feed-forward,4096x512,2097152,-0.0011859332444146276,0.06967145204544067,-0.001181037980131805,0.06960149854421616,4.89529566038982e-06,0.0007865381194278598,1312.28564453125,1.1390464519945316,0.00433349609375,100.90981625008045,100.80839750642056,0.011287766585281163,0.999933065768592,0.0038909912109375,0.000518798828125,0.0015411376953125,0.002044677734375,0.00262451171875,0.007446360774338245,0.022120071575045586,0.02934742160141468,0.0376698262989521,0.0,0.0,0.0,0.0
AlphaQCL,AlphaQCL,AlphaQCL,Alpha,QCL,,,2,transformer_encoder.6.ff.fc2.weight.tensor,transformer_encoder.6.ff.fc2.weight,transformer_ffn,Transformer FFN,2,6.0,ff_fc2_weight,Feed-forward,512x2048,1048576,-8.750530105317011e-05,0.06490107625722885,-8.663621701998636e-05,0.0648408755660057,8.690876143191417e-07,0.0007821398903615773,652.7493286132812,0.8009107903630875,0.003936767578125,66.45883212325883,66.39718320456072,0.012051231789292578,0.9999254071338269,0.0042972564697265625,0.000518798828125,0.00152587890625,0.0020294189453125,0.00262451171875,0.007993685081601143,0.02351083792746067,0.031269416213035583,0.04043864086270332,0.0,0.0,0.0,0.0
AlphaQCL,AlphaQCL,AlphaQCL,Alpha,QCL,,,2,transformer_encoder.7.ff.fc1.weight.tensor,transformer_encoder.7.ff.fc1.weight,transformer_ffn,Transformer FFN,2,7.0,ff_fc1_weight,Feed-forward,4096x512,2097152,-0.0017821099609136581,0.06979400664567947,-0.0017778616165742278,0.0697266235947609,4.248315690347226e-06,0.0008026990690268576,1340.2645263671875,1.1624439943830454,0.0041351318359375,101.10562140498173,101.0079088797011,0.011497323078870443,0.9999309006019091,0.003986835479736328,0.00054931640625,0.0015869140625,0.0020751953125,0.002685546875,0.007870537228882313,0.022737108170986176,0.029733141884207726,0.03847818449139595,0.0,0.0,0.0,0.0
AlphaQCL,AlphaQCL,AlphaQCL,Alpha,QCL,,,2,transformer_encoder.7.ff.fc2.weight.tensor,transformer_encoder.7.ff.fc2.weight,transformer_ffn,Transformer FFN,2,7.0,ff_fc2_weight,Feed-forward,512x2048,1048576,-0.00010145736450795084,0.0664454996585846,-0.00010142549581360072,0.0663970559835434,3.188091568517848e-08,0.0007965689874254167,665.0169067382812,0.8156857025825842,0.00396728515625,68.04034304183071,67.990736386474,0.011988265580629048,0.9999262761752464,0.004413604736328125,0.00054168701171875,0.0015716552734375,0.0020751953125,0.002685546875,0.008152349852025509,0.023653296753764153,0.031231537461280823,0.04041728377342224,0.0,0.0,0.0,0.0
AlphaQCL,AlphaQCL,AlphaQCL,Alpha,QCL,,,2,transformer_encoder.8.ff.fc1.weight.tensor,transformer_encoder.8.ff.fc1.weight,transformer_ffn,Transformer FFN,2,8.0,ff_fc1_weight,Feed-forward,4096x512,2097152,-0.001965048024430871,0.07154137641191483,-0.001962840324267745,0.07147407531738281,2.2076342247601133e-06,0.000828755961265415,1384.46826171875,1.2001659616306606,0.004180908203125,103.64221622666605,103.54469521057078,0.01157989480855832,0.999929919057292,0.004102230072021484,0.00054931640625,0.00162506103515625,0.00213623046875,0.00274658203125,0.007678302936255932,0.022714979946613312,0.02986006624996662,0.038391515612602234,0.0,0.0,0.0,0.0
AlphaQCL,AlphaQCL,AlphaQCL,Alpha,QCL,,,2,transformer_encoder.8.ff.fc2.weight.tensor,transformer_encoder.8.ff.fc2.weight,transformer_ffn,Transformer FFN,2,8.0,ff_fc2_weight,Feed-forward,512x2048,1048576,3.0415469154831953e-05,0.07051945477724075,2.9041806556051597e-05,0.07046688348054886,-1.3736661230723257e-06,0.000811678939498961,677.264404296875,0.8311594662805426,0.0078125,72.2120020646672,72.15816841862916,0.011509990618127611,0.9999318246320018,0.004935264587402344,0.00054931640625,0.0015869140625,0.002105712890625,0.002706289291381836,0.0077895717695355415,0.022503206506371498,0.02986002527177334,0.03837648779153824,0.0,0.0,0.0,0.0
AlphaQCL,AlphaQCL,AlphaQCL,Alpha,QCL,,,2,transformer_encoder.9.ff.fc1.weight.tensor,transformer_encoder.9.ff.fc1.weight,transformer_ffn,Transformer FFN,2,9.0,ff_fc1_weight,Feed-forward,4096x512,2097152,-0.0007123917457647622,0.07014453411102295,-0.0007086468394845724,0.07007216662168503,3.7448651255544974e-06,0.0008481717086397111,1417.2789306640625,1.2282904826488013,0.004852294921875,101.58553104250379,101.48068339128635,0.012091195173600734,0.9999236129018916,0.0041217803955078125,0.00057220458984375,0.0016632080078125,0.002197265625,0.0028076171875,0.008157506585121155,0.023711154237389565,0.031324826180934906,0.04002616927027702,0.0,0.0,0.0,0.0
AlphaQCL,AlphaQCL,AlphaQCL,Alpha,QCL,,,2,transformer_encoder.9.ff.fc2.weight.tensor,transformer_encoder.9.ff.fc2.weight,transformer_ffn,Transformer FFN,2,9.0,ff_fc2_weight,Feed-forward,512x2048,1048576,-1.7453397958888672e-05,0.0699407085776329,-1.7965028746402822e-05,0.06986977905035019,-5.116377224112512e-07,0.0008328912663273513,695.4071044921875,0.8528799662282601,0.00439453125,71.61935855291675,71.54672997637628,0.011908511657474403,0.999927379215904,0.004328727722167969,0.00054931640625,0.00164794921875,0.0021514892578125,0.002777099609375,0.007854028604924679,0.02356208674609661,0.030761612579226494,0.039706479758024216,0.0,0.0,0.0,0.0
AlphaQCL,AlphaQCL,AlphaQCL,Alpha,QCL,,,2,transformer_encoder.10.ff.fc1.weight.tensor,transformer_encoder.10.ff.fc1.weight,transformer_ffn,Transformer FFN,2,10.0,ff_fc1_weight,Feed-forward,4096x512,2097152,-0.0010418423917144537,0.0677933469414711,-0.0010358404833823442,0.06773457676172256,6.001889232720714e-06,0.0008296327432617545,1384.84765625,1.2014627244098597,0.004425048828125,98.18698281213248,98.10176874679681,0.012236476669302325,0.9999222098905393,0.004230499267578125,0.00054931640625,0.0016326904296875,0.0021514892578125,0.00275421142578125,0.00810280628502369,0.024083340540528297,0.031735990196466446,0.04062657058238983,0.0,0.0,0.0,0.0
AlphaQCL,AlphaQCL,AlphaQCL,Alpha,QCL,,,2,transformer_encoder.10.ff.fc2.weight.tensor,transformer_encoder.10.ff.fc2.weight,transformer_ffn,Transformer FFN,2,10.0,ff_fc2_weight,Feed-forward,512x2048,1048576,-3.444885805947706e-05,0.06464735418558121,-3.5611890780273825e-05,0.06458566337823868,-1.163039996754378e-06,0.0008249650127254426,688.34619140625,0.8447641000510778,0.009765625,66.19897430639503,66.13579484193866,0.012760984726759706,0.9999167544271754,0.0044498443603515625,0.00054931640625,0.001617431640625,0.00213623046875,0.00274658203125,0.008497119881212711,0.025019299238920212,0.03304435685276985,0.04248560220003128,0.0,0.0,0.0,0.0
AlphaQCL,AlphaQCL,AlphaQCL,Alpha,QCL,,,2,transformer_encoder.11.ff.fc1.weight.tensor,transformer_encoder.11.ff.fc1.weight,transformer_ffn,Transformer FFN,2,11.0,ff_fc1_weight,Feed-forward,4096x512,2097152,-0.0010969180148094893,0.0668487623333931,-0.0010921219363808632,0.06678742915391922,4.796123903361149e-06,0.0008242199546657503,1374.497314453125,1.1936129286596389,0.00506591796875,96.82051391137365,96.73160253860938,0.01232809949503285,0.9999209673982752,0.0042362213134765625,0.00054931640625,0.001617431640625,0.00213623046875,0.00275421142578125,0.008217300288379192,0.024195384234189987,0.03195616602897644,0.041200630366802216,0.0,0.0,0.0,0.0
AlphaQCL,AlphaQCL,AlphaQCL,Alpha,QCL,,,2,transformer_encoder.11.ff.fc2.weight.tensor,transformer_encoder.11.ff.fc2.weight,transformer_ffn,Transformer FFN,2,11.0,ff_fc2_weight,Feed-forward,512x2048,1048576,-9.978565503843129e-05,0.06456754356622696,-9.94565270957537e-05,0.06450506299734116,3.291373218416993e-07,0.0008125410531647503,678.297607421875,0.8320411717356091,0.004150390625,66.11731627734711,66.05333797039518,0.012584315555782285,0.9999189629986392,0.004294395446777344,0.00054931640625,0.0015869140625,0.002105712890625,0.002716064453125,0.008507623337209225,0.024577578529715538,0.03261255472898483,0.04206547141075134,0.0,0.0,0.0,0.0
AlphaQCL,AlphaQCL,AlphaQCL,Alpha,QCL,,,2,transformer_encoder.12.ff.fc1.weight.tensor,transformer_encoder.12.ff.fc1.weight,transformer_ffn,Transformer FFN,2,12.0,ff_fc1_weight,Feed-forward,4096x512,2097152,-0.001224516425281763,0.06746090948581696,-0.00121738959569484,0.0674140602350235,7.126852779038018e-06,0.0008489532629027963,1416.79638671875,1.2294535005889704,0.005107879638671875,97.71007016935357,97.64204396672572,0.012582669303768158,0.9999177415790713,0.0042667388916015625,0.0005645751953125,0.0016632080078125,0.002197265625,0.002838134765625,0.008368922397494316,0.024654394015669823,0.03257094323635101,0.04207079857587814,0.0,0.0,0.0,0.0
AlphaQCL,AlphaQCL,AlphaQCL,Alpha,QCL,,,2,transformer_encoder.12.ff.fc2.weight.tensor,transformer_encoder.12.ff.fc2.weight,transformer_ffn,Transformer FFN,2,12.0,ff_fc2_weight,Feed-forward,512x2048,1048576,-3.34338765242137e-05,0.06491831690073013,-3.3839412935776636e-05,0.06487254053354263,-4.055412432535377e-07,0.0008281400077976286,691.51953125,0.8480145448683402,0.00830078125,66.47643350043307,66.4295584094065,0.012756619153805882,0.9999168230172342,0.004357337951660156,0.00054931640625,0.001617431640625,0.00213623046875,0.002777099609375,0.00846165418624878,0.024914870038628578,0.0329064317047596,0.04277836158871651,0.0,0.0,0.0,0.0
AlphaQCL,AlphaQCL,AlphaQCL,Alpha,QCL,,,2,transformer_encoder.13.ff.fc1.weight.tensor,transformer_encoder.13.ff.fc1.weight,transformer_ffn,Transformer FFN,2,13.0,ff_fc1_weight,Feed-forward,4096x512,2097152,-0.0013571280287578702,0.06774163991212845,-0.0013548157876357436,0.06769309937953949,2.312245669600088e-06,0.0008521762792952359,1422.280517578125,1.2340822476284727,0.00537109375,98.12019793186059,98.04985179744027,0.012577249879637082,0.9999180875153667,0.0042572021484375,0.0005726814270019531,0.001678466796875,0.002197265625,0.0028533935546875,0.008453904651105404,0.024777472019195557,0.03243596479296684,0.042121704667806625,0.0,0.0,0.0,0.0
AlphaQCL,AlphaQCL,AlphaQCL,Alpha,QCL,,,2,transformer_encoder.13.ff.fc2.weight.tensor,transformer_encoder.13.ff.fc2.weight,transformer_ffn,Transformer FFN,2,13.0,ff_fc2_weight,Feed-forward,512x2048,1048576,4.59549373772461e-05,0.06497791409492493,4.565902054309845e-05,0.0649370402097702,-2.9592882810902665e-07,0.0008266643271781504,689.3645629882812,0.8465033922932987,0.00732421875,66.537469618864,66.49561633812789,0.012722205956165404,0.9999169315168527,0.004337310791015625,0.00054931640625,0.001617431640625,0.00213623046875,0.002777099609375,0.008453893475234509,0.024892019107937813,0.03287624940276146,0.042739126831293106,0.0,0.0,0.0,0.0
AlphaQCL,AlphaQCL,AlphaQCL,Alpha,QCL,,,2,transformer_encoder.14.ff.fc1.weight.tensor,transformer_encoder.14.ff.fc1.weight,transformer_ffn,Transformer FFN,2,14.0,ff_fc1_weight,Feed-forward,4096x512,2097152,-0.0012365194270387292,0.06819237023591995,-0.0012304746778681874,0.06814233958721161,6.044725523679517e-06,0.0008730276022106409,1457.836181640625,1.2643036714838003,0.0049285888671875,98.76948482609646,98.6968804914826,0.012800549417766514,0.9999148683420663,0.0042476654052734375,0.0005950927734375,0.001708984375,0.00225830078125,0.0029296875,0.008726675994694233,0.025061223655939102,0.03311661630868912,0.04296209663152695,0.0,0.0,0.0,0.0
AlphaQCL,AlphaQCL,AlphaQCL,Alpha,QCL,,,2,transformer_encoder.14.ff.fc2.weight.tensor,transformer_encoder.14.ff.fc2.weight,transformer_ffn,Transformer FFN,2,14.0,ff_fc2_weight,Feed-forward,512x2048,1048576,5.758010229328647e-05,0.06619220972061157,5.586285260505974e-05,0.06614530086517334,-1.7172535535792122e-06,0.0008456764626316726,705.4168701171875,0.8659736110353554,0.0068359375,67.78092222719273,67.73288817572302,0.012776067108274407,0.9999162830297109,0.004248619079589844,0.0005645751953125,0.00164794921875,0.002197265625,0.002838134765625,0.008529328741133213,0.024896420538425446,0.03319522738456726,0.04287716746330261,0.0,0.0,0.0,0.0
AlphaQCL,AlphaQCL,AlphaQCL,Alpha,QCL,,,2,transformer_encoder.15.ff.fc1.weight.tensor,transformer_encoder.15.ff.fc1.weight,transformer_ffn,Transformer FFN,2,15.0,ff_fc1_weight,Feed-forward,4096x512,2097152,-0.0012952552642673254,0.06821955740451813,-0.0012892024824395776,0.06816022843122482,6.052770004316699e-06,0.0009107658406719565,1518.2427978515625,1.318952955203775,0.00719451904296875,98.81042455125876,98.72435386911884,0.013348317864169722,0.9999078790261379,0.004413604736328125,0.0006103515625,0.0017852783203125,0.00238037109375,0.00311279296875,0.008946869522333145,0.02616959437727928,0.034892793744802475,0.04562903568148613,0.0,0.0,0.0,0.0
AlphaQCL,AlphaQCL,AlphaQCL,Alpha,QCL,,,2,transformer_encoder.15.ff.fc2.weight.tensor,transformer_encoder.15.ff.fc2.weight,transformer_ffn,Transformer FFN,2,15.0,ff_fc2_weight,Feed-forward,512x2048,1048576,-6.418526027118787e-05,0.06722520291805267,-6.292420584941283e-05,0.06717168539762497,1.2610555586434202e-06,0.0008764673257246614,729.3629150390625,0.8975025785828847,0.0076904296875,68.83871406910141,68.78390499192017,0.01303775921325236,0.99991317929809,0.004277229309082031,0.000579833984375,0.001708984375,0.0023040771484375,0.0030364990234375,0.008625245653092861,0.025421777740120888,0.03427400439977646,0.045169051736593246,0.0,0.0,0.0,0.0
AlphaQCL,AlphaQCL,AlphaQCL,Alpha,QCL,,,2,transformer_encoder.16.ff.fc1.weight.tensor,transformer_encoder.16.ff.fc1.weight,transformer_ffn,Transformer FFN,2,16.0,ff_fc1_weight,Feed-forward,4096x512,2097152,-0.0005580946453846991,0.0698450431227684,-0.0005506154848262668,0.06978560984134674,7.479185569536639e-06,0.0009436036925762892,1573.0911865234375,1.3665210080254002,0.0059814453125,101.14981057662689,101.0636643795014,0.013509872141482334,0.9999055971865791,0.0044422149658203125,0.0006237030029296875,0.0018463134765625,0.00244903564453125,0.003173828125,0.008929809555411339,0.02643442153930664,0.035063840448856354,0.04544098675251007,0.0,0.0,0.0,0.0
AlphaQCL,AlphaQCL,AlphaQCL,Alpha,QCL,,,2,transformer_encoder.16.ff.fc2.weight.tensor,transformer_encoder.16.ff.fc2.weight,transformer_ffn,Transformer FFN,2,16.0,ff_fc2_weight,Feed-forward,512x2048,1048576,-1.4280323739512824e-05,0.0670946016907692,-1.4141582141746767e-05,0.06702253222465515,1.3875086324333097e-07,0.0009077806607820094,756.1207275390625,0.9295665437888309,0.00482177734375,68.70494262151014,68.63114726565483,0.013529835093666008,0.9999067588435068,0.00424957275390625,0.0006103515625,0.00177764892578125,0.00238037109375,0.0030975341796875,0.00909687951207161,0.02649466134607792,0.03547782823443413,0.046166662126779556,0.0,0.0,0.0,0.0
AlphaQCL,AlphaQCL,AlphaQCL,Alpha,QCL,,,2,transformer_encoder.17.ff.fc1.weight.tensor,transformer_encoder.17.ff.fc1.weight,transformer_ffn,Transformer FFN,2,17.0,ff_fc1_weight,Feed-forward,4096x512,2097152,-2.1685345927835442e-06,0.07129102200269699,3.093835402978584e-06,0.07120677083730698,5.26236590303597e-06,0.0010064690141007304,1678.4576416015625,1.4575364615065702,0.00567626953125,103.24059335933468,103.1185746104333,0.014117862112953175,0.9998975027066471,0.0045928955078125,0.00067138671875,0.0019683837890625,0.00262451171875,0.00341796875,0.009417548775672913,0.02761054039001465,0.03681405261158943,0.04794388264417648,0.0,0.0,0.0,0.0
AlphaQCL,AlphaQCL,AlphaQCL,Alpha,QCL,,,2,transformer_encoder.17.ff.fc2.weight.tensor,transformer_encoder.17.ff.fc2.weight,transformer_ffn,Transformer FFN,2,17.0,ff_fc2_weight,Feed-forward,512x2048,1048576,-1.5033847375889309e-05,0.06867311894893646,-1.4496666153718252e-05,0.06857264041900635,5.371931592890178e-07,0.0009541838662698865,791.974365234375,0.9770835707012829,0.00732421875,70.32134666568182,70.21846142019028,0.013894551470216723,0.9999021371565694,0.004481315612792969,0.0006256103515625,0.00189208984375,0.0025177001953125,0.003326416015625,0.009109972976148129,0.02755211479961872,0.036662086844444275,0.04843839630484581,0.0,0.0,0.0,0.0
AlphaQCL,AlphaQCL,AlphaQCL,Alpha,QCL,,,2,transformer_encoder.0.deepnorm_alpha.tensor,transformer_encoder.0.deepnorm_alpha,transformer_norm_deepnorm,Transformer norm/deepnorm,3,0.0,deepnorm_alpha,Norm/deepnorm,scalar,1,2.44921875,0.0,2.44921875,0.0,0.0,0.0,0.0,0.0,0.0,2.44921875,2.44921875,0.0,0.9999999999998332,0.0,0.0,0.0,0.0,0.0,0.0,0.0,0.0,0.0,0.0,0.0,0.0,0.0
AlphaQCL,AlphaQCL,AlphaQCL,Alpha,QCL,,,2,transformer_encoder.0.norm1.weight.tensor,transformer_encoder.0.norm1.weight,transformer_norm_deepnorm,Transformer norm/deepnorm,3,0.0,norm1_weight,Norm/deepnorm,512,512,0.1100592315196991,0.06435622274875641,0.11040575057268143,0.06450565159320831,0.00034652918111532927,0.0006327240262180567,0.29118865728378296,0.01632348408036265,0.0024061203002929688,2.8848631473656288,2.8933386359920634,0.005658321815113868,0.9999885358320585,0.0390625,0.00048828125,0.00146484375,0.0018310546875,0.0023617746774107218,0.007587163709104061,0.02276149019598961,0.028451863676309586,0.036698464304208755,0.0,0.0,0.0,0.0
AlphaQCL,AlphaQCL,AlphaQCL,Alpha,QCL,,,2,transformer_encoder.0.norm2.weight.tensor,transformer_encoder.0.norm2.weight,transformer_norm_deepnorm,Transformer norm/deepnorm,3,0.0,norm2_weight,Norm/deepnorm,512,512,0.1267099678516388,0.07354135066270828,0.12688782811164856,0.07361730188131332,0.00017786433454602957,0.0006989836692810059,0.2901248335838318,0.01632021740318,0.0023193359375,3.315031703607501,3.319375298567744,0.004923095421806979,0.9999889405086415,0.025390625,0.00048828125,0.00146484375,0.0019396990537643433,0.0021828878670930862,0.006639546249061823,0.019918639212846756,0.026375621557235718,0.029682451859116554,0.0,0.0,0.0,0.0
AlphaQCL,AlphaQCL,AlphaQCL,Alpha,QCL,,,2,transformer_encoder.1.deepnorm_alpha.tensor,transformer_encoder.1.deepnorm_alpha,transformer_norm_deepnorm,Transformer norm/deepnorm,3,1.0,deepnorm_alpha,Norm/deepnorm,scalar,1,2.44921875,0.0,2.44921875,0.0,0.0,0.0,0.0,0.0,0.0,2.44921875,2.44921875,0.0,0.9999999999998332,0.0,0.0,0.0,0.0,0.0,0.0,0.0,0.0,0.0,0.0,0.0,0.0,0.0
AlphaQCL,AlphaQCL,AlphaQCL,Alpha,QCL,,,2,transformer_encoder.1.norm1.weight.tensor,transformer_encoder.1.norm1.weight,transformer_norm_deepnorm,Transformer norm/deepnorm,3,1.0,norm1_weight,Norm/deepnorm,512,512,0.18544712662696838,0.0805526152253151,0.18608184158802032,0.08077754080295563,0.0006346933078020811,0.0007654645596630871,0.40635359287261963,0.022500023574866423,0.0037841796875,4.5749571584561295,4.5901574859529175,0.004918083994136109,0.9999935120709631,0.01171875,0.000732421875,0.001953125,0.0026721209287643433,0.003347545862197876,0.009092465043067932,0.024246571585536003,0.0331723652780056,0.04155725613236427,0.0,0.0,0.0,0.0
AlphaQCL,AlphaQCL,AlphaQCL,Alpha,QCL,,,2,transformer_encoder.1.norm2.weight.tensor,transformer_encoder.1.norm2.weight,transformer_norm_deepnorm,Transformer norm/deepnorm,3,1.0,norm2_weight,Norm/deepnorm,512,512,0.1759711056947708,0.05737118050456047,0.17615096271038055,0.057509809732437134,0.00017986679449677467,0.00067636847961694,0.2823842763900757,0.015836384785992266,0.0020751953125,4.188045636967703,4.192887669236553,0.0037813305199450027,0.9999936073466686,0.001953125,0.00048828125,0.0013427734375,0.0018310546875,0.0020751953125,0.008510913699865341,0.023405011743307114,0.031915925443172455,0.036171384155750275,0.0,0.0,0.0,0.0
AlphaQCL,AlphaQCL,AlphaQCL,Alpha,QCL,,,2,transformer_encoder.2.deepnorm_alpha.tensor,transformer_encoder.2.deepnorm_alpha,transformer_norm_deepnorm,Transformer norm/deepnorm,3,2.0,deepnorm_alpha,Norm/deepnorm,scalar,1,2.44921875,0.0,2.44921875,0.0,0.0,0.0,0.0,0.0,0.0,2.44921875,2.44921875,0.0,0.9999999999998332,0.0,0.0,0.0,0.0,0.0,0.0,0.0,0.0,0.0,0.0,0.0,0.0,0.0
AlphaQCL,AlphaQCL,AlphaQCL,Alpha,QCL,,,2,transformer_encoder.2.norm1.weight.tensor,transformer_encoder.2.norm1.weight,transformer_norm_deepnorm,Transformer norm/deepnorm,3,2.0,norm1_weight,Norm/deepnorm,512,512,0.23824788630008698,0.0376431904733181,0.23887814581394196,0.037768397480249405,0.000630261842161417,0.0006824351730756462,0.3888537883758545,0.02101973516703475,0.003173828125,5.457808704740754,5.472337341818943,0.003851314017065634,0.9999962854142306,0.0,0.000732421875,0.001708984375,0.0022651683539152145,0.002924323081970215,0.019456949084997177,0.04539955034852028,0.06017469987273216,0.07768528908491135,0.0,0.0,0.0,0.0
AlphaQCL,AlphaQCL,AlphaQCL,Alpha,QCL,,,2,transformer_encoder.2.norm2.weight.tensor,transformer_encoder.2.norm2.weight,transformer_norm_deepnorm,Transformer norm/deepnorm,3,2.0,norm2_weight,Norm/deepnorm,512,512,0.21235376596450806,0.03058166429400444,0.21261006593704224,0.03064710646867752,0.0002562921727076173,0.0006886798655614257,0.2891160845756531,0.016627158740526712,0.002685546875,4.85458854621099,4.860539434817097,0.003425039749970324,0.9999950516213558,0.001953125,0.00048828125,0.00146484375,0.001953125,0.002436041831970215,0.015966465696692467,0.04789939895272255,0.06386586278676987,0.07965691387653351,0.0,0.0,0.0,0.0
AlphaQCL,AlphaQCL,AlphaQCL,Alpha,QCL,,,2,transformer_encoder.3.deepnorm_alpha.tensor,transformer_encoder.3.deepnorm_alpha,transformer_norm_deepnorm,Transformer norm/deepnorm,3,3.0,deepnorm_alpha,Norm/deepnorm,scalar,1,2.44921875,0.0,2.44921875,0.0,0.0,0.0,0.0,0.0,0.0,2.44921875,2.44921875,0.0,0.9999999999998332,0.0,0.0,0.0,0.0,0.0,0.0,0.0,0.0,0.0,0.0,0.0,0.0,0.0
AlphaQCL,AlphaQCL,AlphaQCL,Alpha,QCL,,,2,transformer_encoder.3.norm1.weight.tensor,transformer_encoder.3.norm1.weight,transformer_norm_deepnorm,Transformer norm/deepnorm,3,3.0,norm1_weight,Norm/deepnorm,512,512,0.29953742027282715,0.029441900551319122,0.300168514251709,0.029392043128609657,0.0006310939788818359,0.0007000819896347821,0.3822021484375,0.02132739893756854,0.002685546875,6.81041944738475,6.824521159047935,0.003131583759610472,0.9999973788954901,0.0,0.000732421875,0.001708984375,0.002197265625,0.002685546875,0.024876846000552177,0.05804597586393356,0.07463053613901138,0.0912151038646698,0.0,0.0,0.0,0.0
AlphaQCL,AlphaQCL,AlphaQCL,Alpha,QCL,,,2,transformer_encoder.3.norm2.weight.tensor,transformer_encoder.3.norm2.weight,transformer_norm_deepnorm,Transformer norm/deepnorm,3,3.0,norm2_weight,Norm/deepnorm,512,512,0.22906064987182617,0.025176841765642166,0.22934794425964355,0.02510303072631359,0.0002872943878173828,0.000652190821710974,0.2879638671875,0.01612576088108203,0.0025634765625,5.214264363881574,5.220544563622791,0.0030926243388769586,0.9999960999453221,0.0,0.00048828125,0.0013427734375,0.0019262731075286865,0.0025011003017425537,0.019394055008888245,0.05333365127444267,0.07650969177484512,0.0993412658572197,0.0,0.0,0.0,0.0
AlphaQCL,AlphaQCL,AlphaQCL,Alpha,QCL,,,2,transformer_encoder.4.deepnorm_alpha.tensor,transformer_encoder.4.deepnorm_alpha,transformer_norm_deepnorm,Transformer norm/deepnorm,3,4.0,deepnorm_alpha,Norm/deepnorm,scalar,1,2.44921875,0.0,2.44921875,0.0,0.0,0.0,0.0,0.0,0.0,2.44921875,2.44921875,0.0,0.9999999999998332,0.0,0.0,0.0,0.0,0.0,0.0,0.0,0.0,0.0,0.0,0.0,0.0,0.0
AlphaQCL,AlphaQCL,AlphaQCL,Alpha,QCL,,,2,transformer_encoder.4.norm1.weight.tensor,transformer_encoder.4.norm1.weight,transformer_norm_deepnorm,Transformer norm/deepnorm,3,4.0,norm1_weight,Norm/deepnorm,512,512,0.2992434501647949,0.024999048560857773,0.29994940757751465,0.024937281385064125,0.0007059574127197266,0.0006167301326058805,0.3956298828125,0.021211099922583986,0.00244140625,6.794692537538951,6.81049506405945,0.0031217159283359656,0.9999980818432481,0.0,0.000732421875,0.001708984375,0.002197265625,0.00244140625,0.029297979548573494,0.06836195290088654,0.08789394050836563,0.09765993058681488,0.0,0.0,0.0,0.0
AlphaQCL,AlphaQCL,AlphaQCL,Alpha,QCL,,,2,transformer_encoder.4.norm2.weight.tensor,transformer_encoder.4.norm2.weight,transformer_norm_deepnorm,Transformer norm/deepnorm,3,4.0,norm2_weight,Norm/deepnorm,512,512,0.26636767387390137,0.023428261280059814,0.26661205291748047,0.023336008191108704,0.00024437904357910156,0.0006310989265330136,0.2686767578125,0.015313378912166335,0.001953125,6.0504805192778,6.055806348236686,0.002530935991508927,0.9999972637221923,0.0,0.00048828125,0.001275632530450821,0.0019262731075286865,0.001953125,0.02084154076874256,0.05444842949509621,0.08222003281116486,0.08336616307497025,0.0,0.0,0.0,0.0
AlphaQCL,AlphaQCL,AlphaQCL,Alpha,QCL,,,2,transformer_encoder.5.deepnorm_alpha.tensor,transformer_encoder.5.deepnorm_alpha,transformer_norm_deepnorm,Transformer norm/deepnorm,3,5.0,deepnorm_alpha,Norm/deepnorm,scalar,1,2.44921875,0.0,2.44921875,0.0,0.0,0.0,0.0,0.0,0.0,2.44921875,2.44921875,0.0,0.9999999999998332,0.0,0.0,0.0,0.0,0.0,0.0,0.0,0.0,0.0,0.0,0.0,0.0,0.0
AlphaQCL,AlphaQCL,AlphaQCL,Alpha,QCL,,,2,transformer_encoder.5.norm1.weight.tensor,transformer_encoder.5.norm1.weight,transformer_norm_deepnorm,Transformer norm/deepnorm,3,5.0,norm1_weight,Norm/deepnorm,512,512,0.3453552722930908,0.03312533721327782,0.3462071418762207,0.03312671184539795,0.0008518695831298828,0.0006095586577430367,0.4547119140625,0.02370208172649083,0.002685546875,7.850361624971315,7.869552181158876,0.0030192343816485543,0.9999985965292182,0.0,0.000732421875,0.001953125,0.00244140625,0.0025607943534851074,0.02211061678826809,0.058961644768714905,0.07370205223560333,0.07730618864297867,0.0,0.0,0.0,0.0
AlphaQCL,AlphaQCL,AlphaQCL,Alpha,QCL,,,2,transformer_encoder.5.norm2.weight.tensor,transformer_encoder.5.norm2.weight,transformer_norm_deepnorm,Transformer norm/deepnorm,3,5.0,norm2_weight,Norm/deepnorm,512,512,0.2933690547943115,0.026023084297776222,0.29363560676574707,0.026000607758760452,0.0002665519714355469,0.0006277174688875675,0.27880859375,0.015431155364316877,0.001953125,6.664248250360399,6.670210976988589,0.002315513285910388,0.9999979541541967,0.0,0.00048828125,0.001220703125,0.001708984375,0.0018283724784851074,0.018763381987810135,0.046908456832170486,0.06567183881998062,0.07025961577892303,0.0,0.0,0.0,0.0
AlphaQCL,AlphaQCL,AlphaQCL,Alpha,QCL,,,2,transformer_encoder.6.deepnorm_alpha.tensor,transformer_encoder.6.deepnorm_alpha,transformer_norm_deepnorm,Transformer norm/deepnorm,3,6.0,deepnorm_alpha,Norm/deepnorm,scalar,1,2.44921875,0.0,2.44921875,0.0,0.0,0.0,0.0,0.0,0.0,2.44921875,2.44921875,0.0,0.9999999999998332,0.0,0.0,0.0,0.0,0.0,0.0,0.0,0.0,0.0,0.0,0.0,0.0,0.0
AlphaQCL,AlphaQCL,AlphaQCL,Alpha,QCL,,,2,transformer_encoder.6.norm1.weight.tensor,transformer_encoder.6.norm1.weight,transformer_norm_deepnorm,Transformer norm/deepnorm,3,6.0,norm1_weight,Norm/deepnorm,512,512,0.37731361389160156,0.03207424655556679,0.3782963752746582,0.032018329948186874,0.0009827613830566406,0.0006449135835282505,0.521728515625,0.026597885796414557,0.0029296875,8.56842326202818,8.590474340200805,0.0031041750603384207,0.9999987423945785,0.0,0.0009765625,0.002062983810901642,0.00244140625,0.0028049349784851074,0.03044692426919937,0.06431898474693298,0.07611731439828873,0.08745128661394119,0.0,0.0,0.0,0.0
AlphaQCL,AlphaQCL,AlphaQCL,Alpha,QCL,,,2,transformer_encoder.6.norm2.weight.tensor,transformer_encoder.6.norm2.weight,transformer_norm_deepnorm,Transformer norm/deepnorm,3,6.0,norm2_weight,Norm/deepnorm,512,512,0.3220500946044922,0.03167623281478882,0.3223905563354492,0.03162814676761627,0.00034046173095703125,0.0006120947655290365,0.2744140625,0.015848469108513164,0.00244140625,7.322325276080711,7.329885828396253,0.002164403862292488,0.9999984002785434,0.0,0.00048828125,0.00146484375,0.0019262731075286865,0.0023166537284851074,0.015414745546877384,0.04624423757195473,0.06081128492951393,0.0731353685259819,0.0,0.0,0.0,0.0
AlphaQCL,AlphaQCL,AlphaQCL,Alpha,QCL,,,2,transformer_encoder.7.deepnorm_alpha.tensor,transformer_encoder.7.deepnorm_alpha,transformer_norm_deepnorm,Transformer norm/deepnorm,3,7.0,deepnorm_alpha,Norm/deepnorm,scalar,1,2.44921875,0.0,2.44921875,0.0,0.0,0.0,0.0,0.0,0.0,2.44921875,2.44921875,0.0,0.9999999999998332,0.0,0.0,0.0,0.0,0.0,0.0,0.0,0.0,0.0,0.0,0.0,0.0,0.0
AlphaQCL,AlphaQCL,AlphaQCL,Alpha,QCL,,,2,transformer_encoder.7.norm1.weight.tensor,transformer_encoder.7.norm1.weight,transformer_norm_deepnorm,Transformer norm/deepnorm,3,7.0,norm1_weight,Norm/deepnorm,512,512,0.3905153274536133,0.037597835063934326,0.3915252685546875,0.037516240030527115,0.0010099411010742188,0.0006356187514029443,0.52880859375,0.02700155578652049,0.0029296875,8.87721160411634,8.899783065380856,0.0030416708523650486,0.9999987338638205,0.0,0.0009765625,0.002197265625,0.002685546875,0.0028049349784851074,0.02597389556467533,0.05844126269221306,0.07142820954322815,0.0746036022901535,0.0,0.0,0.0,0.0
AlphaQCL,AlphaQCL,AlphaQCL,Alpha,QCL,,,2,transformer_encoder.7.norm2.weight.tensor,transformer_encoder.7.norm2.weight,transformer_norm_deepnorm,Transformer norm/deepnorm,3,7.0,norm2_weight,Norm/deepnorm,512,512,0.32169532775878906,0.04555841535329819,0.32206153869628906,0.04555004835128784,0.0003662109375,0.0006155271548777819,0.29248046875,0.016206414384519446,0.00244140625,7.351766942229029,7.359945157717506,0.0022044243937367684,0.9999983620218091,0.0,0.00048828125,0.00146484375,0.0019262731075286865,0.002191901206970215,0.010717693716287613,0.03215308114886284,0.0422813817858696,0.04811187461018562,0.0,0.0,0.0,0.0
AlphaQCL,AlphaQCL,AlphaQCL,Alpha,QCL,,,2,transformer_encoder.8.deepnorm_alpha.tensor,transformer_encoder.8.deepnorm_alpha,transformer_norm_deepnorm,Transformer norm/deepnorm,3,8.0,deepnorm_alpha,Norm/deepnorm,scalar,1,2.44921875,0.0,2.44921875,0.0,0.0,0.0,0.0,0.0,0.0,2.44921875,2.44921875,0.0,0.9999999999998332,0.0,0.0,0.0,0.0,0.0,0.0,0.0,0.0,0.0,0.0,0.0,0.0,0.0
AlphaQCL,AlphaQCL,AlphaQCL,Alpha,QCL,,,2,transformer_encoder.8.norm1.weight.tensor,transformer_encoder.8.norm1.weight,transformer_norm_deepnorm,Transformer norm/deepnorm,3,8.0,norm1_weight,Norm/deepnorm,512,512,0.3574991226196289,0.035378359258174896,0.3583559989929199,0.0353279672563076,0.0008568763732910156,0.0006441261502914131,0.464599609375,0.024256080651619726,0.002685546875,8.12879456164262,8.14797729480035,0.00298397018988203,0.9999985734612268,0.0,0.000732421875,0.001953125,0.0024145543575286865,0.002685546875,0.020702533423900604,0.05520675331354141,0.06824944913387299,0.07590928673744202,0.0,0.0,0.0,0.0
AlphaQCL,AlphaQCL,AlphaQCL,Alpha,QCL,,,2,transformer_encoder.8.norm2.weight.tensor,transformer_encoder.8.norm2.weight,transformer_norm_deepnorm,Transformer norm/deepnorm,3,8.0,norm2_weight,Norm/deepnorm,512,512,0.2291562557220459,0.021944638341665268,0.2302708625793457,0.02179276943206787,0.0011146068572998047,0.0007024479564279318,0.5792236328125,0.029811409808364785,0.0032958984375,5.208934942467921,5.233716507670818,0.005723129610490937,0.999995101822563,0.0,0.0010986328125,0.0023193359375,0.002685546875,0.0031711459159851074,0.05006381496787071,0.10569027811288834,0.12237821519374847,0.14450658857822418,0.0,0.0,0.0,0.0
AlphaQCL,AlphaQCL,AlphaQCL,Alpha,QCL,,,2,transformer_encoder.9.deepnorm_alpha.tensor,transformer_encoder.9.deepnorm_alpha,transformer_norm_deepnorm,Transformer norm/deepnorm,3,9.0,deepnorm_alpha,Norm/deepnorm,scalar,1,2.44921875,0.0,2.44921875,0.0,0.0,0.0,0.0,0.0,0.0,2.44921875,2.44921875,0.0,0.9999999999998332,0.0,0.0,0.0,0.0,0.0,0.0,0.0,0.0,0.0,0.0,0.0,0.0,0.0
AlphaQCL,AlphaQCL,AlphaQCL,Alpha,QCL,,,2,transformer_encoder.9.norm1.weight.tensor,transformer_encoder.9.norm1.weight,transformer_norm_deepnorm,Transformer norm/deepnorm,3,9.0,norm1_weight,Norm/deepnorm,512,512,0.21958576142787933,0.03401067852973938,0.2201535999774933,0.03396739065647125,0.0005678385496139526,0.0006518333684653044,0.36128997802734375,0.019560971593507153,0.0025634765625,5.027902946998241,5.0404512606038026,0.0038904831297870528,0.9999956933202101,0.0,0.0006103515625,0.0015869140625,0.0020751953125,0.0025011003017425537,0.017945874482393265,0.04665927216410637,0.06101597100496292,0.0735386535525322,0.0,0.0,0.0,0.0
AlphaQCL,AlphaQCL,AlphaQCL,Alpha,QCL,,,2,transformer_encoder.9.norm2.weight.tensor,transformer_encoder.9.norm2.weight,transformer_norm_deepnorm,Transformer norm/deepnorm,3,9.0,norm2_weight,Norm/deepnorm,512,512,0.27030277252197266,0.03048752062022686,0.2703806161880493,0.03043527901172638,7.784366607666016e-05,0.0006175579619593918,0.25030517578125,0.014084316919992906,0.001953125,6.155034443861948,6.156652447089087,0.0022882596431342598,0.9999976185465553,0.0,0.00048828125,0.001220703125,0.0016955584287643433,0.001953125,0.01601576991379261,0.04003942385315895,0.05561481788754463,0.06406307965517044,0.0,0.0,0.0,0.0
AlphaQCL,AlphaQCL,AlphaQCL,Alpha,QCL,,,2,transformer_encoder.10.deepnorm_alpha.tensor,transformer_encoder.10.deepnorm_alpha,transformer_norm_deepnorm,Transformer norm/deepnorm,3,10.0,deepnorm_alpha,Norm/deepnorm,scalar,1,2.44921875,0.0,2.44921875,0.0,0.0,0.0,0.0,0.0,0.0,2.44921875,2.44921875,0.0,0.9999999999998332,0.0,0.0,0.0,0.0,0.0,0.0,0.0,0.0,0.0,0.0,0.0,0.0,0.0
AlphaQCL,AlphaQCL,AlphaQCL,Alpha,QCL,,,2,transformer_encoder.10.norm1.weight.tensor,transformer_encoder.10.norm1.weight,transformer_norm_deepnorm,Transformer norm/deepnorm,3,10.0,norm1_weight,Norm/deepnorm,512,512,0.2463228702545166,0.026740267872810364,0.24711394309997559,0.026653693988919258,0.0007910728454589844,0.0006279738736338913,0.428955078125,0.02285422285195338,0.0029296875,5.60639589730117,5.623981129241582,0.0040764554038987795,0.9999967676071931,0.0,0.000732421875,0.0018310546875,0.002197265625,0.0029296875,0.027390211820602417,0.06847552955150604,0.08217063546180725,0.10956084728240967,0.0,0.0,0.0,0.0
AlphaQCL,AlphaQCL,AlphaQCL,Alpha,QCL,,,2,transformer_encoder.10.norm2.weight.tensor,transformer_encoder.10.norm2.weight,transformer_norm_deepnorm,Transformer norm/deepnorm,3,10.0,norm2_weight,Norm/deepnorm,512,512,0.33830833435058594,0.027939941734075546,0.33857274055480957,0.02798466756939888,0.0002644062042236328,0.0006429295754060149,0.2823486328125,0.01573002802361904,0.00244140625,7.681105023995469,7.687150900752974,0.002047886075568164,0.9999983390532019,0.0,0.00048828125,0.00146484375,0.001708984375,0.002191901206970215,0.017476094886660576,0.05242828652262688,0.06116633489727974,0.07845042645931244,0.0,0.0,0.0,0.0
AlphaQCL,AlphaQCL,AlphaQCL,Alpha,QCL,,,2,transformer_encoder.11.deepnorm_alpha.tensor,transformer_encoder.11.deepnorm_alpha,transformer_norm_deepnorm,Transformer norm/deepnorm,3,11.0,deepnorm_alpha,Norm/deepnorm,scalar,1,2.44921875,0.0,2.44921875,0.0,0.0,0.0,0.0,0.0,0.0,2.44921875,2.44921875,0.0,0.9999999999998332,0.0,0.0,0.0,0.0,0.0,0.0,0.0,0.0,0.0,0.0,0.0,0.0,0.0
AlphaQCL,AlphaQCL,AlphaQCL,Alpha,QCL,,,2,transformer_encoder.11.norm1.weight.tensor,transformer_encoder.11.norm1.weight,transformer_norm_deepnorm,Transformer norm/deepnorm,3,11.0,norm1_weight,Norm/deepnorm,512,512,0.25324106216430664,0.026536356657743454,0.25394511222839355,0.026478352025151253,0.0007040500640869141,0.0005860085948370397,0.3973388671875,0.02072716522778312,0.002197265625,5.761564484163635,5.777272438707966,0.0035974890647758385,0.9999974031694702,0.0,0.000732421875,0.001708984375,0.001953125,0.002197265625,0.027600685134530067,0.06440159678459167,0.07360182702541351,0.08280205726623535,0.0,0.0,0.0,0.0
AlphaQCL,AlphaQCL,AlphaQCL,Alpha,QCL,,,2,transformer_encoder.11.norm2.weight.tensor,transformer_encoder.11.norm2.weight,transformer_norm_deepnorm,Transformer norm/deepnorm,3,11.0,norm2_weight,Norm/deepnorm,512,512,0.3390350341796875,0.018608592450618744,0.33943772315979004,0.018601346760988235,0.00040268898010253906,0.0005605730693787336,0.2760009765625,0.015617845804786661,0.002197265625,7.683033211474052,7.692122395557821,0.0020327708308562967,0.9999988270565441,0.0,0.00048828125,0.00146484375,0.001708984375,0.0020725131034851074,0.02623954601585865,0.0787186324596405,0.09183841198682785,0.11137393116950989,0.0,0.0,0.0,0.0
AlphaQCL,AlphaQCL,AlphaQCL,Alpha,QCL,,,2,transformer_encoder.12.deepnorm_alpha.tensor,transformer_encoder.12.deepnorm_alpha,transformer_norm_deepnorm,Transformer norm/deepnorm,3,12.0,deepnorm_alpha,Norm/deepnorm,scalar,1,2.44921875,0.0,2.44921875,0.0,0.0,0.0,0.0,0.0,0.0,2.44921875,2.44921875,0.0,0.9999999999998332,0.0,0.0,0.0,0.0,0.0,0.0,0.0,0.0,0.0,0.0,0.0,0.0,0.0
AlphaQCL,AlphaQCL,AlphaQCL,Alpha,QCL,,,2,transformer_encoder.12.norm1.weight.tensor,transformer_encoder.12.norm1.weight,transformer_norm_deepnorm,Transformer norm/deepnorm,3,12.0,norm1_weight,Norm/deepnorm,512,512,0.2584099769592285,0.020306674763560295,0.2592642307281494,0.020273739472031593,0.0008542537689208984,0.0005669158417731524,0.4527587890625,0.02319881977252713,0.00244140625,5.86517583949312,5.884388017361465,0.003955349405948597,0.9999977761150801,0.0,0.0008544921875,0.001708984375,0.0020751953125,0.00244140625,0.04207935556769371,0.08415871113538742,0.102192722260952,0.12022673338651657,0.0,0.0,0.0,0.0
AlphaQCL,AlphaQCL,AlphaQCL,Alpha,QCL,,,2,transformer_encoder.12.norm2.weight.tensor,transformer_encoder.12.norm2.weight,transformer_norm_deepnorm,Transformer norm/deepnorm,3,12.0,norm2_weight,Norm/deepnorm,512,512,0.2992253303527832,0.017497792840003967,0.299652099609375,0.017595745623111725,0.0004267692565917969,0.000649036664981395,0.310302734375,0.01757642949722297,0.00341796875,6.782262207992182,6.792031994064695,0.0025915290441747307,0.9999978478074477,0.0,0.00048828125,0.00146484375,0.002197265625,0.003168463706970215,0.027905290946364403,0.08371587097644806,0.12557381391525269,0.18107780814170837,0.0,0.0,0.0,0.0
AlphaQCL,AlphaQCL,AlphaQCL,Alpha,QCL,,,2,transformer_encoder.13.deepnorm_alpha.tensor,transformer_encoder.13.deepnorm_alpha,transformer_norm_deepnorm,Transformer norm/deepnorm,3,13.0,deepnorm_alpha,Norm/deepnorm,scalar,1,2.44921875,0.0,2.44921875,0.0,0.0,0.0,0.0,0.0,0.0,2.44921875,2.44921875,0.0,0.9999999999998332,0.0,0.0,0.0,0.0,0.0,0.0,0.0,0.0,0.0,0.0,0.0,0.0,0.0
AlphaQCL,AlphaQCL,AlphaQCL,Alpha,QCL,,,2,transformer_encoder.13.norm1.weight.tensor,transformer_encoder.13.norm1.weight,transformer_norm_deepnorm,Transformer norm/deepnorm,3,13.0,norm1_weight,Norm/deepnorm,512,512,0.29320549964904785,0.021444566547870636,0.2939925193786621,0.02147788181900978,0.0007870197296142578,0.0006152096902951598,0.4327392578125,0.02260345358243856,0.00244140625,6.65220354327806,6.670019387555863,0.0033978896519598492,0.99999803143615,0.0,0.000732421875,0.001708984375,0.002197265625,0.00244140625,0.03415418043732643,0.07969308644533157,0.102462537586689,0.1138472631573677,0.0,0.0,0.0,0.0
AlphaQCL,AlphaQCL,AlphaQCL,Alpha,QCL,,,2,transformer_encoder.13.norm2.weight.tensor,transformer_encoder.13.norm2.weight,transformer_norm_deepnorm,Transformer norm/deepnorm,3,13.0,norm2_weight,Norm/deepnorm,512,512,0.3176431655883789,0.018648406490683556,0.31837034225463867,0.018766343593597412,0.0007271766662597656,0.000736128946300596,0.427490234375,0.02341332778567087,0.00390625,7.199819604944974,7.2164017462027195,0.003251932558086163,0.999997580096728,0.0,0.000732421875,0.001953125,0.002685546875,0.0035319924354553223,0.039275284856557846,0.10473410040140152,0.14400938153266907,0.18939906358718872,0.0,0.0,0.0,0.0
AlphaQCL,AlphaQCL,AlphaQCL,Alpha,QCL,,,2,transformer_encoder.14.deepnorm_alpha.tensor,transformer_encoder.14.deepnorm_alpha,transformer_norm_deepnorm,Transformer norm/deepnorm,3,14.0,deepnorm_alpha,Norm/deepnorm,scalar,1,2.44921875,0.0,2.44921875,0.0,0.0,0.0,0.0,0.0,0.0,2.44921875,2.44921875,0.0,0.9999999999998332,0.0,0.0,0.0,0.0,0.0,0.0,0.0,0.0,0.0,0.0,0.0,0.0,0.0
AlphaQCL,AlphaQCL,AlphaQCL,Alpha,QCL,,,2,transformer_encoder.14.norm1.weight.tensor,transformer_encoder.14.norm1.weight,transformer_norm_deepnorm,Transformer norm/deepnorm,3,14.0,norm1_weight,Norm/deepnorm,512,512,0.2626149654388428,0.021146051585674286,0.2633790969848633,0.021174727007746696,0.0007641315460205078,0.0006297475192695856,0.4288330078125,0.02240547298004516,0.0030517578125,5.961530383461906,5.978817104351425,0.003758342495778806,0.9999973958931999,0.0,0.000732421875,0.001708984375,0.002197265625,0.002864629030227661,0.034636326134204865,0.08081809431314468,0.1039089784026146,0.13546869158744812,0.0,0.0,0.0,0.0
AlphaQCL,AlphaQCL,AlphaQCL,Alpha,QCL,,,2,transformer_encoder.14.norm2.weight.tensor,transformer_encoder.14.norm2.weight,transformer_norm_deepnorm,Transformer norm/deepnorm,3,14.0,norm2_weight,Norm/deepnorm,512,512,0.4210224151611328,0.024189021438360214,0.4223189353942871,0.024279410019516945,0.0012965202331542969,0.0007879819022491574,0.677001953125,0.03433020013259169,0.004638671875,9.542359128476376,9.57176487703956,0.003597663813567828,0.9999985105647802,0.0,0.001220703125,0.002551265060901642,0.003173828125,0.004389166831970215,0.05046515166759491,0.10547198355197906,0.13120940327644348,0.18145278096199036,0.0,0.0,0.0,0.0
AlphaQCL,AlphaQCL,AlphaQCL,Alpha,QCL,,,2,transformer_encoder.15.deepnorm_alpha.tensor,transformer_encoder.15.deepnorm_alpha,transformer_norm_deepnorm,Transformer norm/deepnorm,3,15.0,deepnorm_alpha,Norm/deepnorm,scalar,1,2.44921875,0.0,2.44921875,0.0,0.0,0.0,0.0,0.0,0.0,2.44921875,2.44921875,0.0,0.9999999999998332,0.0,0.0,0.0,0.0,0.0,0.0,0.0,0.0,0.0,0.0,0.0,0.0,0.0
AlphaQCL,AlphaQCL,AlphaQCL,Alpha,QCL,,,2,transformer_encoder.15.norm1.weight.tensor,transformer_encoder.15.norm1.weight,transformer_norm_deepnorm,Transformer norm/deepnorm,3,15.0,norm1_weight,Norm/deepnorm,512,512,0.25661516189575195,0.0307583287358284,0.25719380378723145,0.030857495963573456,0.0005786418914794922,0.0006689645815640688,0.3677978515625,0.020013947987636494,0.0025634765625,5.848099828700371,5.861367499763614,0.003422299306419465,0.9999967807586653,0.0,0.0006103515625,0.001708984375,0.002197265625,0.0025634765625,0.01984344981610775,0.05556166172027588,0.07143642008304596,0.08334249258041382,0.0,0.0,0.0,0.0
AlphaQCL,AlphaQCL,AlphaQCL,Alpha,QCL,,,2,transformer_encoder.15.norm2.weight.tensor,transformer_encoder.15.norm2.weight,transformer_norm_deepnorm,Transformer norm/deepnorm,3,15.0,norm2_weight,Norm/deepnorm,512,512,0.5345916748046875,0.02535323053598404,0.5353598594665527,0.0254182368516922,0.0007681846618652344,0.0007915484020486474,0.451904296875,0.024958528453168215,0.0029296875,12.110023924144798,12.127455629838888,0.002060980936908323,0.999999008508373,0.0,0.0009765625,0.001953125,0.00244140625,0.0029296875,0.03851825371384621,0.07703650742769241,0.09629563242197037,0.11555475741624832,0.0,0.0,0.0,0.0
AlphaQCL,AlphaQCL,AlphaQCL,Alpha,QCL,,,2,transformer_encoder.16.deepnorm_alpha.tensor,transformer_encoder.16.deepnorm_alpha,transformer_norm_deepnorm,Transformer norm/deepnorm,3,16.0,deepnorm_alpha,Norm/deepnorm,scalar,1,2.44921875,0.0,2.44921875,0.0,0.0,0.0,0.0,0.0,0.0,2.44921875,2.44921875,0.0,0.9999999999998332,0.0,0.0,0.0,0.0,0.0,0.0,0.0,0.0,0.0,0.0,0.0,0.0,0.0
AlphaQCL,AlphaQCL,AlphaQCL,Alpha,QCL,,,2,transformer_encoder.16.norm1.weight.tensor,transformer_encoder.16.norm1.weight,transformer_norm_deepnorm,Transformer norm/deepnorm,3,16.0,norm1_weight,Norm/deepnorm,512,512,0.255903959274292,0.03497700020670891,0.2568216323852539,0.03505663946270943,0.0009176731109619141,0.0007873047725297511,0.5152587890625,0.02735927685905732,0.003662109375,5.8442819934567645,5.8650994172576825,0.004681375212504116,0.9999954151059302,0.0,0.0009765625,0.002197265625,0.0028076171875,0.003412604331970215,0.027920125052332878,0.06282027810811996,0.08027035742998123,0.09756706655025482,0.0,0.0,0.0,0.0
AlphaQCL,AlphaQCL,AlphaQCL,Alpha,QCL,,,2,transformer_encoder.16.norm2.weight.tensor,transformer_encoder.16.norm2.weight,transformer_norm_deepnorm,Transformer norm/deepnorm,3,16.0,norm2_weight,Norm/deepnorm,512,512,0.39286327362060547,0.027819156646728516,0.3937206268310547,0.028002237901091576,0.0008573532104492188,0.0008997466065920889,0.49853515625,0.028121778515589706,0.005859375,8.911739330814756,8.931384148200904,0.00315558809247796,0.9999976316065778,0.0,0.000732421875,0.00244140625,0.003173828125,0.005235612392425537,0.026327960193157196,0.08775986731052399,0.11408782750368118,0.1882016360759735,0.0,0.0,0.0,0.0
AlphaQCL,AlphaQCL,AlphaQCL,Alpha,QCL,,,2,transformer_encoder.17.deepnorm_alpha.tensor,transformer_encoder.17.deepnorm_alpha,transformer_norm_deepnorm,Transformer norm/deepnorm,3,17.0,deepnorm_alpha,Norm/deepnorm,scalar,1,2.44921875,0.0,2.44921875,0.0,0.0,0.0,0.0,0.0,0.0,2.44921875,2.44921875,0.0,0.9999999999998332,0.0,0.0,0.0,0.0,0.0,0.0,0.0,0.0,0.0,0.0,0.0,0.0,0.0
AlphaQCL,AlphaQCL,AlphaQCL,Alpha,QCL,,,2,transformer_encoder.17.norm1.weight.tensor,transformer_encoder.17.norm1.weight,transformer_norm_deepnorm,Transformer norm/deepnorm,3,17.0,norm1_weight,Norm/deepnorm,512,512,0.27333498001098633,0.019559422507882118,0.27393317222595215,0.01963738538324833,0.0005981922149658203,0.0008299560868181288,0.4132080078125,0.023149307981327288,0.00341796875,6.2006788066770735,6.214305727320424,0.0037333506061297188,0.9999957271442258,0.0,0.000732421875,0.001953125,0.002685546875,0.0032932162284851074,0.03744596987962723,0.09985591471195221,0.13730189204216003,0.16836972534656525,0.0,0.0,0.0,0.0
AlphaQCL,AlphaQCL,AlphaQCL,Alpha,QCL,,,2,transformer_encoder.17.norm2.weight.tensor,transformer_encoder.17.norm2.weight,transformer_norm_deepnorm,Transformer norm/deepnorm,3,17.0,norm2_weight,Norm/deepnorm,512,512,0.24103976786136627,0.018107499927282333,0.24519796669483185,0.018494803458452225,0.004158195573836565,0.0008651165408082306,2.1289961338043213,0.09610398672209561,0.008544921875,5.469475223955573,5.563956766428154,0.017570970300981596,0.9999950860242348,0.0,0.004150390625,0.00537109375,0.006103515625,0.008170664310455322,0.22920826077461243,0.29662245512008667,0.3370709717273712,0.4512307345867157,0.0,0.0,0.0,0.0
AlphaQCL,AlphaQCL,AlphaQCL,Alpha,QCL,,,2,upsample.linear.bias.tensor,upsample.linear.bias,upsample,Upsample,4,,linear_bias,Upsample,1024,1024,0.0006987148080952466,0.0231142770498991,0.0006919227307662368,0.023222453892230988,-6.792077329009771e-06,0.0006110251997597516,0.4945576786994934,0.01955401390414236,0.002197265625,0.73999470476885,0.7434482507301177,0.02642453220016482,0.999663275537795,0.0068359375,0.000408172607421875,0.0012031551450490952,0.0016603567637503147,0.00199855025857687,0.017658889293670654,0.05205244570970535,0.07183249294757843,0.08646385371685028,0.0,0.0,0.0,0.0
AlphaQCL,AlphaQCL,AlphaQCL,Alpha,QCL,,,2,upsample.linear.weight.tensor,upsample.linear.weight,upsample,Upsample,4,,linear_weight,Upsample,1024x512,524288,2.0732361008413136e-05,0.06463779509067535,1.9159226212650537e-05,0.06464117020368576,-1.5731294524812256e-06,0.0009993608109652996,415.74041748046875,0.7236149794714537,0.0067138671875,46.802790736270474,46.805231933279906,0.015460936582797886,0.9998794141740165,0.0051555633544921875,0.00067138671875,0.001953125,0.00261688232421875,0.003591299057006836,0.010386904701590538,0.030216451734304428,0.04048532247543335,0.05556035414338112,0.0,0.0,0.0,0.0
AlphaQCL,AlphaQCL,AlphaQCL,Alpha,QCL,,,2,crf.linear.weight.tensor,crf.linear.weight,crf,CRF head,5,,linear_weight,CRF,4096x512,2097152,-0.00031572766602039337,0.03356962278485298,-0.0003194360760971904,0.03345876187086105,-3.708351869136095e-06,0.0011303853243589401,1908.2193603515625,1.6369714655640901,0.006378173828125,48.61623023021093,48.45574757091516,0.033671295734213784,0.9994332364731342,0.011034488677978516,0.000789642333984375,0.0021820068359375,0.00284576416015625,0.0036773681640625,0.023522518575191498,0.06499942392110825,0.08477197587490082,0.10954447835683823,0.0,0.0,0.0,0.0
Gamma,Gamma,Gamma,Gamma,base,,,3,conv.0.conv.bias.tensor,conv.0.conv.bias,conv,Convolution front-end,0,0.0,conv_bias,Conv,64,64,-0.34886807203292847,0.4828624725341797,-0.34931761026382446,0.4814298748970032,-0.0004495147441048175,0.016342364251613617,0.5292844772338867,0.1307883639320679,0.09335917234420776,4.765644611255755,4.758470311283778,0.027444002774176128,0.9996239913171168,0.046875,0.002924680709838867,0.031756624579429626,0.059558991342782974,0.08997917175292969,0.00605696439743042,0.06576742976903915,0.12334565818309784,0.18634533882141113,0.0,0.0,0.0,0.0
Gamma,Gamma,Gamma,Gamma,base,,,3,conv.0.conv.weight.tensor,conv.0.conv.weight,conv,Convolution front-end,0,0.0,conv_weight,Conv,64x1x5,320,-0.001664625247940421,0.7632753252983093,-0.0020612976513803005,0.8929212689399719,-0.0003966731019318104,0.1327819675207138,15.206128120422363,2.37528658693781,0.8988265991210938,13.653916777224586,15.973103327382145,0.17396375162471567,0.9993962349746658,0.29374998807907104,0.0025988584384322166,0.23778997361660004,0.686040997505188,0.8743020296096802,0.003404876682907343,0.3115389049053192,0.8988119959831238,1.145460844039917,0.0062500000931322575,0.0,0.0,0.0
Gamma,Gamma,Gamma,Gamma,base,,,3,conv.1.conv.bias.tensor,conv.1.conv.bias,conv,Convolution front-end,0,1.0,conv_bias,Conv,64,64,-0.35623908042907715,3.126411199569702,-0.3817216455936432,3.0939109325408936,-0.025482606142759323,0.16801588237285614,5.9681715965271,1.3594987308710929,0.8851690292358398,25.173133406626448,24.938961129657397,0.05400593994044346,0.9985715391397918,0.0,0.049248456954956055,0.3614216446876526,0.6195147037506104,0.8586037755012512,0.015752393752336502,0.11560272425413132,0.1981552094221115,0.2746291756629944,0.0,0.0,0.0,0.0
Gamma,Gamma,Gamma,Gamma,base,,,3,conv.1.conv.weight.tensor,conv.1.conv.weight,conv,Convolution front-end,0,1.0,conv_weight,Conv,64x64x5,20480,-0.005043329205363989,0.2731286585330963,-0.0053881630301475525,0.271774560213089,-0.00034483367926441133,0.013694590888917446,101.20024871826172,1.960431462987775,0.2761709690093994,39.093653202318215,38.90084990134374,0.05014705207625552,0.9987487165676919,0.08183594048023224,0.0013411426916718483,0.01996597833931446,0.05566710978746414,0.1753993183374405,0.004910296760499477,0.0731009989976883,0.20381277799606323,0.6421856880187988,0.0003906250058207661,0.0,0.0,0.0
Gamma,Gamma,Gamma,Gamma,base,,,3,conv.2.conv.bias.tensor,conv.2.conv.bias,conv,Convolution front-end,0,2.0,conv_bias,Conv,128,128,-0.23985695838928223,0.8994260430335999,-0.2430509626865387,0.8984045386314392,-0.003194007556885481,0.04667922854423523,3.44327974319458,0.5293500528683793,0.2110118865966797,10.53146805806331,10.529680718112521,0.050263652697786765,0.9987365096250723,0.015625,0.013155683875083923,0.09991877526044846,0.1968867927789688,0.21018578112125397,0.014626754447817802,0.11109170317649841,0.21890270709991455,0.23368878662586212,0.0,0.0,0.0,0.0
Gamma,Gamma,Gamma,Gamma,base,,,3,conv.2.conv.weight.tensor,conv.2.conv.weight,conv,Convolution front-end,0,2.0,conv_weight,Conv,128x64x9,73728,0.0019348718924447894,0.13461939990520477,0.0019251725170761347,0.13485673069953918,-9.699379006633535e-06,0.005945611745119095,222.05154418945312,1.6144081594950936,0.22678089141845703,36.55684384668964,36.62124187470043,0.044161584798334284,0.999028410804161,0.0272488072514534,0.0013412951957434416,0.01148318313062191,0.0231349878013134,0.04821929335594177,0.009963609278202057,0.08530109375715256,0.17185476422309875,0.35818973183631897,9.494357800576836e-05,0.0,0.0,0.0
Gamma,Gamma,Gamma,Gamma,base,,,3,conv.3.conv.bias.tensor,conv.3.conv.bias,conv,Convolution front-end,0,3.0,conv_bias,Conv,128,128,-0.27887842059135437,0.6861683130264282,-0.2886963188648224,0.7101659774780273,-0.009817914105951786,0.0353870689868927,2.577908754348755,0.4154821566297669,0.20518112182617188,8.379785792997541,8.673130803637848,0.049581477008267864,0.9994044787224472,0.0078125,0.007902640849351883,0.09303230792284012,0.12267270684242249,0.1950915902853012,0.011517059057950974,0.1355823427438736,0.17877931892871857,0.28432032465934753,0.0,0.0,0.0,0.0
Gamma,Gamma,Gamma,Gamma,base,,,3,conv.3.conv.weight.tensor,conv.3.conv.weight,conv,Convolution front-end,0,3.0,conv_weight,Conv,128x128x9,147456,2.159507403121097e-06,0.045519500970840454,-3.694308179547079e-05,0.046824127435684204,-3.910255691152997e-05,0.0027902000583708286,184.24298095703125,1.0715419084912812,0.1347806453704834,17.479488886643146,17.980470871578195,0.06130281700113284,0.9985726852764234,0.005947536788880825,0.0005212402902543545,0.004728298634290695,0.011140270158648491,0.026582665741443634,0.01145092025399208,0.1038741022348404,0.24473616480827332,0.5839839577674866,0.00019666884327307343,4.747178900288418e-05,0.0,0.0
Gamma,Gamma,Gamma,Gamma,base,,,3,conv.4.conv.bias.tensor,conv.4.conv.bias,conv,Convolution front-end,0,4.0,conv_bias,Conv,512,512,0.018486348912119865,0.1553741842508316,0.01815090887248516,0.15688170492649078,-0.00033543864265084267,0.006649457849562168,1.774188756942749,0.15065137749922722,0.0772775411605835,3.5405137074041804,3.573507869879924,0.042550711549042025,0.9991459968342716,0.03125,0.001839293516241014,0.012898428365588188,0.0258270762860775,0.058929357677698135,0.011837830767035484,0.08301524817943573,0.16622498631477356,0.37927374243736267,0.0,0.0,0.0,0.0
Gamma,Gamma,Gamma,Gamma,base,,,3,conv.4.conv.weight.tensor,conv.4.conv.weight,conv,Convolution front-end,0,4.0,conv_weight,Conv,512x128x5,327680,0.0007904483936727047,0.04287688806653023,0.0007881489582359791,0.04275914654135704,-2.299411107742344e-06,0.001835450530052185,305.0769348144531,1.0506739224782027,0.05071777105331421,24.54832830078825,24.480915966973768,0.04280022287482699,0.9990854589581301,0.02374572679400444,0.00045008212327957153,0.0033797030337154865,0.00738076027482748,0.017322128638625145,0.010497077368199825,0.07882339507341385,0.17213839292526245,0.4039967656135559,1.220703143189894e-05,0.0,0.0,0.0
Gamma,Gamma,Gamma,Gamma,base,,,3,transformer_encoder.0.self_attn.Wqkv.weight.tensor,transformer_encoder.0.self_attn.Wqkv.weight,transformer_self_attn,Transformer self-attention,1,0.0,self_attn_Wqkv_weight,Self-attention,1536x512,786432,-5.857439828105271e-05,0.08021117746829987,-5.9852198319276795e-05,0.08017905056476593,-1.2777709343936294e-06,0.0006928299553692341,420.7588806152344,0.6144088050102705,0.003662109375,71.13212906385026,71.10364628923752,0.008637570857168507,0.9999615120199646,0.0058720908127725124,0.00042724609375,0.00140380859375,0.0019073486328125,0.00250244140625,0.0053265150636434555,0.017501406371593475,0.023779084905982018,0.031198160722851753,0.0,0.0,0.0,0.0
Gamma,Gamma,Gamma,Gamma,base,,,3,transformer_encoder.0.self_attn.out_proj.bias.tensor,transformer_encoder.0.self_attn.out_proj.bias,transformer_self_attn,Transformer self-attention,1,0.0,self_attn_out_proj_bias,Self-attention,512,512,-0.0022732503712177277,0.02975558303296566,-0.002242258284240961,0.029726725071668625,3.099220339208841e-05,0.00035967151052318513,0.14366239309310913,0.008168595467427958,0.0013527274131774902,0.6752539766188196,0.6745498109640374,0.012097071250610388,0.9999272967601561,0.0546875,0.0002288818359375,0.0007345943595282733,0.0010480429045856,0.0012936100829392672,0.007692061364650726,0.02468760684132576,0.03522171080112457,0.04347451776266098,0.0,0.0,0.0,0.0
Gamma,Gamma,Gamma,Gamma,base,,,3,transformer_encoder.0.self_attn.out_proj.weight.tensor,transformer_encoder.0.self_attn.out_proj.weight,transformer_self_attn,Transformer self-attention,1,0.0,self_attn_out_proj_weight,Self-attention,512x512,262144,-1.71788597072009e-05,0.029549462720751762,-1.9724222511285916e-05,0.029541637748479843,-2.54535962085356e-06,0.0007377612055279315,150.42137145996094,0.3777358077770623,0.0037841796875,15.129331866915267,15.125326358016988,0.024967117589843324,0.999687639274092,0.0130157470703125,0.000457763671875,0.0014801025390625,0.0019989013671875,0.00262451171875,0.015491433441638947,0.05008896812796593,0.06764592230319977,0.0888175517320633,0.0,0.0,0.0,0.0
Gamma,Gamma,Gamma,Gamma,base,,,3,transformer_encoder.1.self_attn.Wqkv.weight.tensor,transformer_encoder.1.self_attn.Wqkv.weight,transformer_self_attn,Transformer self-attention,1,1.0,self_attn_Wqkv_weight,Self-attention,1536x512,786432,0.00025529079721309245,0.06557293981313705,0.00025695041404105723,0.065522201359272,1.659566464695672e-06,0.0007304990431293845,445.7481689453125,0.6478147388719513,0.003875732421875,58.15122896111053,58.106236470768565,0.011140172795061227,0.9999365359064036,0.004505157470703125,0.000457763671875,0.00146484375,0.001983642578125,0.0025640130043029785,0.006980983540415764,0.022339148446917534,0.030250929296016693,0.03910169005393982,0.0,0.0,0.0,0.0
Gamma,Gamma,Gamma,Gamma,base,,,3,transformer_encoder.1.self_attn.out_proj.bias.tensor,transformer_encoder.1.self_attn.out_proj.bias,transformer_self_attn,Transformer self-attention,1,1.0,self_attn_out_proj_bias,Self-attention,512,512,-0.00044205912854522467,0.029170624911785126,-0.00047609617467969656,0.02924182638525963,-3.403704613447189e-05,0.0003726745198946446,0.14742016792297363,0.008467759268259066,0.0018157958984375,0.6601316910187729,0.6617546819413899,0.012827378814639323,0.9999209442106228,0.0078125,0.0002346038818359375,0.0007166857249103487,0.0010370732052251697,0.0015117116272449493,0.008042467758059502,0.024568740278482437,0.03555196151137352,0.05182306468486786,0.0,0.0,0.0,0.0
Gamma,Gamma,Gamma,Gamma,base,,,3,transformer_encoder.1.self_attn.out_proj.weight.tensor,transformer_encoder.1.self_attn.out_proj.weight,transformer_self_attn,Transformer self-attention,1,1.0,self_attn_out_proj_weight,Self-attention,512x512,262144,-6.949186354177073e-05,0.046070944517850876,-6.797444075345993e-05,0.04605336859822273,1.5174127838690765e-06,0.0007916943286545575,164.64096069335938,0.4053481067673017,0.00439453125,23.588355654028483,23.579357157996803,0.01718424602005092,0.9998519287455736,0.008625030517578125,0.000518798828125,0.001556396484375,0.0020751953125,0.002685546875,0.0112608652561903,0.03378259763121605,0.0450434610247612,0.058291539549827576,0.0,0.0,0.0,0.0
Gamma,Gamma,Gamma,Gamma,base,,,3,transformer_encoder.2.self_attn.Wqkv.weight.tensor,transformer_encoder.2.self_attn.Wqkv.weight,transformer_self_attn,Transformer self-attention,1,2.0,self_attn_Wqkv_weight,Self-attention,1536x512,786432,-0.00013327761553227901,0.07562576979398727,-0.00013168659643270075,0.07558172196149826,1.5910087540760287e-06,0.0007894164300523698,492.1731262207031,0.7000632061692088,0.004119873046875,67.06584189017163,67.0267808824857,0.010438446553994446,0.9999439574999981,0.004100799560546875,0.000518798828125,0.001556396484375,0.0020751953125,0.002685546875,0.0068600792437791824,0.020580237731337547,0.02744031697511673,0.03551099821925163,0.0,0.0,0.0,0.0
Gamma,Gamma,Gamma,Gamma,base,,,3,transformer_encoder.2.self_attn.out_proj.bias.tensor,transformer_encoder.2.self_attn.out_proj.bias,transformer_self_attn,Transformer self-attention,1,2.0,self_attn_out_proj_bias,Self-attention,512,512,-0.0003780202241614461,0.041862670332193375,-0.00039743457455188036,0.04189666360616684,-1.9414350390434265e-05,0.0003605988749768585,0.14148354530334473,0.008171238261054732,0.00244140625,0.9472827083974211,0.9480559208347608,0.00862597637285063,0.9999631992894413,0.001953125,0.000244140625,0.000701904296875,0.0009426884353160858,0.0019423961639404297,0.00583193963393569,0.016766825690865517,0.022518586367368698,0.046399228274822235,0.0,0.0,0.0,0.0
Gamma,Gamma,Gamma,Gamma,base,,,3,transformer_encoder.2.self_attn.out_proj.weight.tensor,transformer_encoder.2.self_attn.out_proj.weight,transformer_self_attn,Transformer self-attention,1,2.0,self_attn_out_proj_weight,Self-attention,512x512,262144,-8.489452739013359e-05,0.05466361343860626,-8.634833648102358e-05,0.05463351681828499,-1.4538213690684643e-06,0.0007889807457104325,164.14418029785156,0.4039587366765438,0.005126953125,27.987814295214935,27.972406141965937,0.0144333791990893,0.9998950982465992,0.005725860595703125,0.000518798828125,0.001556396484375,0.0020614415407180786,0.002716064453125,0.00949075073003769,0.028472252190113068,0.03771139308810234,0.049686871469020844,0.0,0.0,0.0,0.0
Gamma,Gamma,Gamma,Gamma,base,,,3,transformer_encoder.3.self_attn.Wqkv.weight.tensor,transformer_encoder.3.self_attn.Wqkv.weight,transformer_self_attn,Transformer self-attention,1,3.0,self_attn_Wqkv_weight,Self-attention,1536x512,786432,-0.00014777800242882222,0.079198457300663,-0.00014880018716212362,0.0791640505194664,-1.0222139508186956e-06,0.0008006534189917147,499.0856628417969,0.7100274685798064,0.003937244415283203,70.23416122047554,70.2036518592516,0.010109431881031708,0.9999472624736971,0.003955841064453125,0.0005340576171875,0.0015869140625,0.0020952224731445312,0.002685546875,0.006743282545357943,0.020037181675434113,0.026455342769622803,0.03390907868742943,0.0,0.0,0.0,0.0
Gamma,Gamma,Gamma,Gamma,base,,,3,transformer_encoder.3.self_attn.out_proj.bias.tensor,transformer_encoder.3.self_attn.out_proj.bias,transformer_self_attn,Transformer self-attention,1,3.0,self_attn_out_proj_bias,Self-attention,512,512,0.0031509939581155777,0.04125424474477768,0.0031244284473359585,0.04123867675662041,-2.6565510779619217e-05,0.00034977984614670277,0.14255881309509277,0.00793740790319095,0.001007080078125,0.9361959288482714,0.935799072931576,0.008478361909720376,0.9999641675396544,0.0078125,0.0002288818359375,0.000701904296875,0.0008460236713290215,0.0009914860129356384,0.00554807810112834,0.01701410673558712,0.02050754986703396,0.024033544585108757,0.0,0.0,0.0,0.0
Gamma,Gamma,Gamma,Gamma,base,,,3,transformer_encoder.3.self_attn.out_proj.weight.tensor,transformer_encoder.3.self_attn.out_proj.weight,transformer_self_attn,Transformer self-attention,1,3.0,self_attn_out_proj_weight,Self-attention,512x512,262144,-5.6098444474628195e-05,0.06004486232995987,-5.553013033932075e-05,0.06004532799124718,5.68286395719042e-07,0.0007800878956913948,162.4649658203125,0.39940503397019933,0.0037841796875,30.742993556776984,30.743232788773003,0.012991741784434702,0.9999148539799345,0.005157470703125,0.000518798828125,0.00152587890625,0.0020294189453125,0.00262451171875,0.008640184998512268,0.025412309914827347,0.03379837051033974,0.043709173798561096,0.0,0.0,0.0,0.0
Gamma,Gamma,Gamma,Gamma,base,,,3,transformer_encoder.4.self_attn.Wqkv.weight.tensor,transformer_encoder.4.self_attn.Wqkv.weight,transformer_self_attn,Transformer self-attention,1,4.0,self_attn_Wqkv_weight,Self-attention,1536x512,786432,8.962970605352893e-05,0.08053357899188995,9.211946598952636e-05,0.08050371706485748,2.489774487912655e-06,0.0007874476141296327,490.994873046875,0.698319352160986,0.004486083984375,71.41809256282683,71.39160476182582,0.009777905389263392,0.9999505095202923,0.0034421284217387438,0.000518798828125,0.001556396484375,0.0020751953125,0.002655029296875,0.006442018318921328,0.01932605542242527,0.02576807327568531,0.03296797722578049,0.0,0.0,0.0,0.0
Gamma,Gamma,Gamma,Gamma,base,,,3,transformer_encoder.4.self_attn.out_proj.bias.tensor,transformer_encoder.4.self_attn.out_proj.bias,transformer_self_attn,Transformer self-attention,1,4.0,self_attn_out_proj_bias,Self-attention,512,512,0.005694971419870853,0.0415608175098896,0.005704893730580807,0.041557811200618744,9.922310709953308e-06,0.0003097360022366047,0.12638068199157715,0.007012120751881493,0.000949859619140625,0.9492017642412698,0.9491648717589205,0.007387386977181969,0.9999727768912651,0.001953125,0.000213623046875,0.0006061552558094263,0.0008070375770330429,0.0009284177795052528,0.005140009336173534,0.01458477322012186,0.019418226554989815,0.02233876846730709,0.0,0.0,0.0,0.0
Gamma,Gamma,Gamma,Gamma,base,,,3,transformer_encoder.4.self_attn.out_proj.weight.tensor,transformer_encoder.4.self_attn.out_proj.weight,transformer_self_attn,Transformer self-attention,1,4.0,self_attn_out_proj_weight,Self-attention,512x512,262144,0.0001113375328714028,0.06491848826408386,0.00011269436799921095,0.0649113580584526,1.356787606709986e-06,0.0007489609997719526,156.08978271484375,0.38346859119590126,0.00341796875,33.23832692770689,33.234678022243386,0.011536940232579423,0.9999327641215942,0.00405120849609375,0.00048828125,0.00146484375,0.001953125,0.0025202101096510887,0.007521450519561768,0.022564351558685303,0.03008580207824707,0.03882114216685295,0.0,0.0,0.0,0.0
Gamma,Gamma,Gamma,Gamma,base,,,3,transformer_encoder.5.self_attn.Wqkv.weight.tensor,transformer_encoder.5.self_attn.Wqkv.weight,transformer_self_attn,Transformer self-attention,1,5.0,self_attn_Wqkv_weight,Self-attention,1536x512,786432,-0.00015342856931965798,0.08280777931213379,-0.00015329603047575802,0.08278334885835648,1.3251580810447194e-07,0.0008044526912271976,501.77264404296875,0.7133961178728784,0.0045166015625,73.43495008870946,73.41328390629485,0.009714667430305132,0.9999510442389454,0.003643035888671875,0.00054168701171875,0.0015869140625,0.002105712890625,0.002716064453125,0.0065414984710514545,0.01916382648050785,0.025428922846913338,0.032799627631902695,0.0,0.0,0.0,0.0
Gamma,Gamma,Gamma,Gamma,base,,,3,transformer_encoder.5.self_attn.out_proj.bias.tensor,transformer_encoder.5.self_attn.out_proj.bias,transformer_self_attn,Transformer self-attention,1,5.0,self_attn_out_proj_bias,Self-attention,512,512,0.0076002441346645355,0.05128750950098038,0.007615964859724045,0.05121951177716255,1.5720492228865623e-05,0.00031552923610433936,0.12738120555877686,0.0071484673568162,0.000946044921875,1.1731769704307082,1.1717072939080608,0.006093255780656597,0.9999822705842031,0.001953125,0.000213623046875,0.0006324765272438526,0.00079345703125,0.0009304508566856384,0.004165205173194408,0.012331976555287838,0.015470761805772781,0.0181418564170599,0.0,0.0,0.0,0.0
Gamma,Gamma,Gamma,Gamma,base,,,3,transformer_encoder.5.self_attn.out_proj.weight.tensor,transformer_encoder.5.self_attn.out_proj.weight,transformer_self_attn,Transformer self-attention,1,5.0,self_attn_out_proj_weight,Self-attention,512x512,262144,-3.0022030841792002e-05,0.05985739827156067,-3.225970431230962e-05,0.059852007776498795,-2.2376746073859977e-06,0.0007765546324662864,161.81307983398438,0.39759754954265103,0.0038356781005859375,30.647003614813737,30.644243196941268,0.012973455889516478,0.999915127780516,0.0052947998046875,0.000518798828125,0.00152587890625,0.00201416015625,0.00262451171875,0.00866724457591772,0.025491897016763687,0.03364930301904678,0.04384606331586838,0.0,0.0,0.0,0.0
Gamma,Gamma,Gamma,Gamma,base,,,3,transformer_encoder.6.self_attn.Wqkv.weight.tensor,transformer_encoder.6.self_attn.Wqkv.weight,transformer_self_attn,Transformer self-attention,1,6.0,self_attn_Wqkv_weight,Self-attention,1536x512,786432,-5.458114901557565e-05,0.08206424862146378,-5.3860771004110575e-05,0.08203732222318649,7.203873906291847e-07,0.0007747045601718128,482.8322448730469,0.6870155795272871,0.00396728515625,72.77547341824717,72.75159402785447,0.009440207631202034,0.9999536192224786,0.003284454345703125,0.0005035400390625,0.00152587890625,0.00201416015625,0.0026397705078125,0.006135923787951469,0.01859370991587639,0.024543695151805878,0.03216711804270744,0.0,0.0,0.0,0.0
Gamma,Gamma,Gamma,Gamma,base,,,3,transformer_encoder.6.self_attn.out_proj.bias.tensor,transformer_encoder.6.self_attn.out_proj.bias,transformer_self_attn,Transformer self-attention,1,6.0,self_attn_out_proj_bias,Self-attention,512,512,0.013186391443014145,0.06983010470867157,0.013183836825191975,0.06975723057985306,-2.555316314101219e-06,0.0003143999201711267,0.12777316570281982,0.007114293299470626,0.001800537109375,1.607999788132459,1.6063688775984015,0.0044243123363397864,0.9999907309107692,0.0,0.0002288818359375,0.0005950927734375,0.000732421875,0.0013171210885047913,0.003277695272117853,0.00852200761437416,0.01048862561583519,0.018861792981624603,0.0,0.0,0.0,0.0
Gamma,Gamma,Gamma,Gamma,base,,,3,transformer_encoder.6.self_attn.out_proj.weight.tensor,transformer_encoder.6.self_attn.out_proj.weight,transformer_self_attn,Transformer self-attention,1,6.0,self_attn_out_proj_weight,Self-attention,512x512,262144,6.82807803968899e-05,0.0660417228937149,6.745115388184786e-05,0.0660424754023552,-8.295869520225096e-07,0.0007279843557626009,151.5651397705078,0.3727281816903892,0.00372314453125,33.81339171074642,33.81377618605969,0.011023093597910774,0.9999384502203418,0.004016876220703125,0.00048828125,0.001434326171875,0.00189208984375,0.00244140625,0.007393525913357735,0.021718483418226242,0.028649913147091866,0.03696763142943382,0.0,0.0,0.0,0.0
Gamma,Gamma,Gamma,Gamma,base,,,3,transformer_encoder.7.self_attn.Wqkv.weight.tensor,transformer_encoder.7.self_attn.Wqkv.weight,transformer_self_attn,Transformer self-attention,1,7.0,self_attn_Wqkv_weight,Self-attention,1536x512,786432,5.859726297785528e-05,0.08321157097816467,5.877577859791927e-05,0.08318684995174408,1.7851532163604134e-07,0.0007858290337026119,490.13104248046875,0.6968805441186808,0.004058837890625,73.79294300608969,73.77100137948007,0.00944372884086168,0.9999535372217196,0.0035158793907612562,0.000518798828125,0.001556396484375,0.0020751953125,0.002655029296875,0.006234695203602314,0.018704084679484367,0.024938780814409256,0.03190696984529495,0.0,0.0,0.0,0.0
Gamma,Gamma,Gamma,Gamma,base,,,3,transformer_encoder.7.self_attn.out_proj.bias.tensor,transformer_encoder.7.self_attn.out_proj.bias,transformer_self_attn,Transformer self-attention,1,7.0,self_attn_out_proj_bias,Self-attention,512,512,0.02039126306772232,0.06323306262493134,0.0203672144562006,0.06314518302679062,-2.404768019914627e-05,0.0003314227797091007,0.13286888599395752,0.007518956043177684,0.0020751953125,1.503357150417094,1.5012975484796627,0.005001443629736693,0.9999884747142416,0.001953125,0.000213623046875,0.0006103515625,0.0008544921875,0.0015138089656829834,0.0033783437684178352,0.009652410633862019,0.013513375073671341,0.02394014596939087,0.0,0.0,0.0,0.0
Gamma,Gamma,Gamma,Gamma,base,,,3,transformer_encoder.7.self_attn.out_proj.weight.tensor,transformer_encoder.7.self_attn.out_proj.weight,transformer_self_attn,Transformer self-attention,1,7.0,self_attn_out_proj_weight,Self-attention,512x512,262144,6.614855374209583e-05,0.0642695426940918,6.938757724128664e-05,0.06426885724067688,3.239034640500904e-06,0.0007573678158223629,157.773681640625,0.3877757875339208,0.0035400390625,32.906036695058894,32.905684275170266,0.011784335838661987,0.9999297653788218,0.004627227783203125,0.00048828125,0.00148773193359375,0.001983642578125,0.0025634765625,0.007597396615892649,0.023148316890001297,0.030864423140883446,0.03988633304834366,0.0,0.0,0.0,0.0
Gamma,Gamma,Gamma,Gamma,base,,,3,transformer_encoder.8.self_attn.Wqkv.weight.tensor,transformer_encoder.8.self_attn.Wqkv.weight,transformer_self_attn,Transformer self-attention,1,8.0,self_attn_Wqkv_weight,Self-attention,1536x512,786432,-4.0591752622276545e-05,0.08352092653512955,-3.9816619391785935e-05,0.08349885046482086,7.751168027425592e-07,0.0007801750325597823,486.5128173828125,0.6918668128944647,0.0045166015625,74.06725986814283,74.04768443585863,0.009341061274929589,0.9999545410325557,0.0032564799766987562,0.000518798828125,0.00152587890625,0.00205230712890625,0.002655029296875,0.006211602129042149,0.01826941780745983,0.02457236871123314,0.03178878873586655,0.0,0.0,0.0,0.0
Gamma,Gamma,Gamma,Gamma,base,,,3,transformer_encoder.8.self_attn.out_proj.bias.tensor,transformer_encoder.8.self_attn.out_proj.bias,transformer_self_attn,Transformer self-attention,1,8.0,self_attn_out_proj_bias,Self-attention,512,512,0.024965673685073853,0.06420286744832993,0.02498193457722664,0.0641491711139679,1.6262754797935486e-05,0.0003607645339798182,0.14542913436889648,0.008171459085983445,0.001953125,1.558714132989936,1.5577152998586803,0.005242436000951408,0.9999864582687912,0.0,0.000244140625,0.000732421875,0.00091552734375,0.001516491174697876,0.003802643157541752,0.011407929472625256,0.014259912073612213,0.023620299994945526,0.0,0.0,0.0,0.0
Gamma,Gamma,Gamma,Gamma,base,,,3,transformer_encoder.8.self_attn.out_proj.weight.tensor,transformer_encoder.8.self_attn.out_proj.weight,transformer_self_attn,Transformer self-attention,1,8.0,self_attn_out_proj_weight,Self-attention,512x512,262144,1.4349880075315014e-06,0.07153227180242538,3.7288682506186888e-06,0.07154011726379395,2.293882516823942e-06,0.0007605290156789124,158.45404052734375,0.3893925488652038,0.003997802734375,36.62453504664342,36.62855278203399,0.010632013440424012,0.999942815573713,0.004405975341796875,0.00049591064453125,0.001495361328125,0.001983642578125,0.0025634765625,0.006932683289051056,0.02090470679104328,0.027730733156204224,0.03583664074540138,0.0,0.0,0.0,0.0
Gamma,Gamma,Gamma,Gamma,base,,,3,transformer_encoder.9.self_attn.Wqkv.weight.tensor,transformer_encoder.9.self_attn.Wqkv.weight,transformer_self_attn,Transformer self-attention,1,9.0,self_attn_Wqkv_weight,Self-attention,1536x512,786432,0.000242539681494236,0.08460711687803268,0.00024350621970370412,0.08449051529169083,9.665601510278066e-07,0.0008163729798980057,510.4190673828125,0.7239676458917026,0.0042724609375,75.03080096700288,74.92740301556067,0.00964893932306654,0.9999526166069012,0.0035552978515625,0.00054931640625,0.0015869140625,0.00213623046875,0.00274658203125,0.006492555141448975,0.01875627040863037,0.025248825550079346,0.03246277570724487,0.0,0.0,0.0,0.0
Gamma,Gamma,Gamma,Gamma,base,,,3,transformer_encoder.9.self_attn.out_proj.bias.tensor,transformer_encoder.9.self_attn.out_proj.bias,transformer_self_attn,Transformer self-attention,1,9.0,self_attn_out_proj_bias,Self-attention,512,512,0.003501572646200657,0.055311933159828186,0.003593682311475277,0.0552954263985157,9.210966527462006e-05,0.0004192612541373819,0.17532682418823242,0.009713046270190035,0.001251220703125,1.2540716139469108,1.2538322830963164,0.0077452086166057465,0.9999700338520797,0.005859375,0.000274658203125,0.000885009765625,0.0010342411696910858,0.0011966414749622345,0.00496562197804451,0.01600033789873123,0.018698332831263542,0.021634412929415703,0.0,0.0,0.0,0.0
Gamma,Gamma,Gamma,Gamma,base,,,3,transformer_encoder.9.self_attn.out_proj.weight.tensor,transformer_encoder.9.self_attn.out_proj.weight,transformer_self_attn,Transformer self-attention,1,9.0,self_attn_out_proj_weight,Self-attention,512x512,262144,2.3092787159839645e-05,0.06191784515976906,2.022045009653084e-05,0.0618857704102993,-2.8723491141136037e-06,0.0008021051762625575,167.0233917236328,0.41068041777320435,0.0078125,31.701952525756397,31.685525625744123,0.012954420313371306,0.9999154926428829,0.004863739013671875,0.000545501708984375,0.0015869140625,0.0020751953125,0.002707362174987793,0.008810087107121944,0.02562934346497059,0.03351529687643051,0.043725065886974335,0.0,0.0,0.0,0.0
Gamma,Gamma,Gamma,Gamma,base,,,3,transformer_encoder.10.self_attn.Wqkv.weight.tensor,transformer_encoder.10.self_attn.Wqkv.weight,transformer_self_attn,Transformer self-attention,1,10.0,self_attn_Wqkv_weight,Self-attention,1536x512,786432,0.0001790486858226359,0.0850459486246109,0.00017925858264788985,0.08502215147018433,2.099014437817459e-07,0.0008021131507121027,500.98211669921875,0.7113214650646233,0.003894805908203125,75.41982433249066,75.39871232529438,0.00943149193677157,0.9999538004164551,0.0035578410606831312,0.00054168701171875,0.0015869140625,0.0020751953125,0.002685546875,0.006369344890117645,0.01865948922932148,0.024400869384407997,0.031577594578266144,0.0,0.0,0.0,0.0
Gamma,Gamma,Gamma,Gamma,base,,,3,transformer_encoder.10.self_attn.out_proj.bias.tensor,transformer_encoder.10.self_attn.out_proj.bias,transformer_self_attn,Transformer self-attention,1,10.0,self_attn_out_proj_bias,Self-attention,512,512,0.0012445800239220262,0.05663425475358963,0.0012340866960585117,0.056924931704998016,-1.0493327863514423e-05,0.0005314359441399574,0.2145276665687561,0.012027366020164054,0.001953125,1.2817963156504482,1.288366788912547,0.009383211570592928,0.9999693263044139,0.0,0.0003509521484375,0.0010208124294877052,0.0013394169509410858,0.0018283724784851074,0.006196816451847553,0.018024642020463943,0.023650292307138443,0.032283853739500046,0.0,0.0,0.0,0.0
Gamma,Gamma,Gamma,Gamma,base,,,3,transformer_encoder.10.self_attn.out_proj.weight.tensor,transformer_encoder.10.self_attn.out_proj.weight,transformer_self_attn,Transformer self-attention,1,10.0,self_attn_out_proj_weight,Self-attention,512x512,262144,-7.101225492078811e-05,0.06041784957051277,-7.054321758914739e-05,0.06040080636739731,4.690348305302905e-07,0.0007632098277099431,158.76065063476562,0.3907634489755501,0.00396728515625,30.93397135021777,30.925246152769343,0.01263217853768351,0.9999195541368815,0.004863739013671875,0.0005035400390625,0.00150299072265625,0.0019989013671875,0.0025923848152160645,0.00833429116755724,0.02487659640610218,0.03308460861444473,0.04290759190917015,0.0,0.0,0.0,0.0
Gamma,Gamma,Gamma,Gamma,base,,,3,transformer_encoder.11.self_attn.Wqkv.weight.tensor,transformer_encoder.11.self_attn.Wqkv.weight,transformer_self_attn,Transformer self-attention,1,11.0,self_attn_Wqkv_weight,Self-attention,1536x512,786432,-0.00019976306066382676,0.08163049817085266,-0.0001977383653866127,0.08159542828798294,2.024692548729945e-06,0.0007925026584416628,494.69732666015625,0.7028010363765472,0.00738525390625,72.3910179004015,72.3599097772292,0.009708401080137867,0.9999511543218902,0.0035451252479106188,0.0005207061767578125,0.0015716552734375,0.0020751953125,0.002685546875,0.006378818303346634,0.019253283739089966,0.025421811267733574,0.03289881348609924,0.0,0.0,0.0,0.0
Gamma,Gamma,Gamma,Gamma,base,,,3,transformer_encoder.11.self_attn.out_proj.bias.tensor,transformer_encoder.11.self_attn.out_proj.bias,transformer_self_attn,Transformer self-attention,1,11.0,self_attn_out_proj_bias,Self-attention,512,512,-0.012231702916324139,0.06654907763004303,-0.012323490343987942,0.0668378621339798,-9.178731124848127e-05,0.0005379911162890494,0.21742457151412964,0.012349250942211372,0.00244140625,1.5310577739028002,1.5378602264942385,0.008065829489062313,0.9999774742553422,0.00390625,0.00036334991455078125,0.0010986328125,0.001402130350470543,0.002035960555076599,0.005459878593683243,0.01650860905647278,0.0210691150277853,0.03059336729347706,0.0,0.0,0.0,0.0
Gamma,Gamma,Gamma,Gamma,base,,,3,transformer_encoder.11.self_attn.out_proj.weight.tensor,transformer_encoder.11.self_attn.out_proj.weight,transformer_self_attn,Transformer self-attention,1,11.0,self_attn_out_proj_weight,Self-attention,512x512,262144,0.00012059643631801009,0.061377786099910736,0.00012403538858052343,0.06134754791855812,3.4389845495752525e-06,0.0007459489279426634,155.1817626953125,0.3819298397026997,0.00365447998046875,31.425498415834134,31.410020956756878,0.012153501422597881,0.999925425473409,0.00447845458984375,0.00048828125,0.00146484375,0.001953125,0.00250244140625,0.0079553397372365,0.023866020143032074,0.031821358948946,0.04077111929655075,0.0,0.0,0.0,0.0
Gamma,Gamma,Gamma,Gamma,base,,,3,transformer_encoder.12.self_attn.Wqkv.weight.tensor,transformer_encoder.12.self_attn.Wqkv.weight,transformer_self_attn,Transformer self-attention,1,12.0,self_attn_Wqkv_weight,Self-attention,1536x512,786432,-7.939530769363046e-05,0.0797630101442337,-8.226325735449791e-05,0.07971915602684021,-2.8679444312729174e-06,0.000806728727184236,501.56182861328125,0.7154190583393671,0.00457763671875,70.73472187622038,70.69583698625755,0.010114114247756262,0.9999473748454746,0.003635406494140625,0.0005340576171875,0.0015869140625,0.00213623046875,0.002760171890258789,0.0066955541260540485,0.019895361736416817,0.026782216504216194,0.03460465744137764,0.0,0.0,0.0,0.0
Gamma,Gamma,Gamma,Gamma,base,,,3,transformer_encoder.12.self_attn.out_proj.bias.tensor,transformer_encoder.12.self_attn.out_proj.bias,transformer_self_attn,Transformer self-attention,1,12.0,self_attn_out_proj_bias,Self-attention,512,512,7.303804159164429e-05,0.06083318218588829,-4.77770809084177e-05,0.06119588389992714,-0.00012081512250006199,0.0005521120619960129,0.22553980350494385,0.012788476023126428,0.002197265625,1.3764987493468457,1.3847052341738297,0.009290583103824338,0.9999748247459246,0.001953125,0.0003662109375,0.001139449654147029,0.00146484375,0.0019477605819702148,0.006019919645041227,0.01873072236776352,0.02407967858016491,0.03201805427670479,0.0,0.0,0.0,0.0
Gamma,Gamma,Gamma,Gamma,base,,,3,transformer_encoder.12.self_attn.out_proj.weight.tensor,transformer_encoder.12.self_attn.out_proj.weight,transformer_self_attn,Transformer self-attention,1,12.0,self_attn_out_proj_weight,Self-attention,512x512,262144,0.00010403731721453369,0.06129160895943642,0.00010449449473526329,0.06127297133207321,4.5717365537711885e-07,0.0007406171062029898,153.77224731445312,0.37919595792136107,0.0035552978515625,31.381360628912745,31.371820174708045,0.012083477271918622,0.9999261771589079,0.004451751708984375,0.00048828125,0.00146484375,0.001953125,0.002524860203266144,0.007966525852680206,0.02389957569539547,0.031866103410720825,0.041194215416908264,0.0,0.0,0.0,0.0
Gamma,Gamma,Gamma,Gamma,base,,,3,transformer_encoder.13.self_attn.Wqkv.weight.tensor,transformer_encoder.13.self_attn.Wqkv.weight,transformer_self_attn,Transformer self-attention,1,13.0,self_attn_Wqkv_weight,Self-attention,1536x512,786432,-0.00021033840312156826,0.07851918786764145,-0.0002099963603541255,0.07849207520484924,3.420189784719696e-07,0.0008148170891217887,507.8126220703125,0.7225874584550835,0.007080078125,69.63190747827105,69.60785807830895,0.010377246360521718,0.9999444509869184,0.003704071044921875,0.00054931640625,0.0015869140625,0.00213623046875,0.00279998779296875,0.006995950359851122,0.020210523158311844,0.027206474915146828,0.03565991297364235,0.0,0.0,0.0,0.0
Gamma,Gamma,Gamma,Gamma,base,,,3,transformer_encoder.13.self_attn.out_proj.bias.tensor,transformer_encoder.13.self_attn.out_proj.bias,transformer_self_attn,Transformer self-attention,1,13.0,self_attn_out_proj_bias,Self-attention,512,512,-0.01542249321937561,0.0852852538228035,-0.015526833012700081,0.08551433682441711,-0.00010433979332447052,0.00047096822527237236,0.19630718231201172,0.010915186805677414,0.0015869140625,1.9610840640065546,1.9666055777593332,0.005565894397903468,0.9999885285031382,0.0,0.000335693359375,0.0009429920464754105,0.0012143048224970698,0.0014621615409851074,0.003936124034225941,0.011056916788220406,0.014238155446946621,0.01714436337351799,0.0,0.0,0.0,0.0
Gamma,Gamma,Gamma,Gamma,base,,,3,transformer_encoder.13.self_attn.out_proj.weight.tensor,transformer_encoder.13.self_attn.out_proj.weight,transformer_self_attn,Transformer self-attention,1,13.0,self_attn_out_proj_weight,Self-attention,512x512,262144,-8.232514664996415e-05,0.058098554611206055,-8.066390728345141e-05,0.058071911334991455,1.6612593753961846e-06,0.0007234070217236876,150.3649444580078,0.3703853068827879,0.003662109375,29.74650078718556,29.732857004407283,0.01245139082181838,0.9999219177157321,0.00433349609375,0.00048828125,0.001434326171875,0.00189208984375,0.002471923828125,0.00840436015278101,0.024687806144356728,0.032566893845796585,0.0425470732152462,0.0,0.0,0.0,0.0
Gamma,Gamma,Gamma,Gamma,base,,,3,transformer_encoder.14.self_attn.Wqkv.weight.tensor,transformer_encoder.14.self_attn.Wqkv.weight,transformer_self_attn,Transformer self-attention,1,14.0,self_attn_Wqkv_weight,Self-attention,1536x512,786432,-3.622034682848607e-06,0.0795673355460167,4.6623850380456133e-07,0.07954053580760956,4.088232344656717e-06,0.000804149080067873,500.19610595703125,0.7131361447131265,0.00439453125,70.56116445813164,70.53740765654952,0.010106637981240583,0.9999472279243924,0.0035120646934956312,0.0005323886871337891,0.0015869140625,0.00213623046875,0.00274658203125,0.006691045127809048,0.019944287836551666,0.02684808149933815,0.03451896086335182,0.0,0.0,0.0,0.0
Gamma,Gamma,Gamma,Gamma,base,,,3,transformer_encoder.14.self_attn.out_proj.bias.tensor,transformer_encoder.14.self_attn.out_proj.bias,transformer_self_attn,Transformer self-attention,1,14.0,self_attn_out_proj_bias,Self-attention,512,512,0.0021043310407549143,0.0782407820224762,0.002072402508929372,0.07831791788339615,-3.1928764656186104e-05,0.00042437721276655793,0.17051184177398682,0.009629699858581402,0.00146484375,1.7710269896886288,1.772752402645447,0.005437353532522392,0.9999858178206432,0.0,0.000274658203125,0.0008682245388627052,0.0011563114821910858,0.0014024674892425537,0.003510422073304653,0.011096827685832977,0.014778883196413517,0.017925016582012177,0.0,0.0,0.0,0.0
Gamma,Gamma,Gamma,Gamma,base,,,3,transformer_encoder.14.self_attn.out_proj.weight.tensor,transformer_encoder.14.self_attn.out_proj.weight,transformer_self_attn,Transformer self-attention,1,14.0,self_attn_out_proj_weight,Self-attention,512x512,262144,0.00011341196659486741,0.0629572793841362,0.00011065405124099925,0.06294199079275131,-2.7579153538681567e-06,0.000724703015293926,150.37806701660156,0.3710505610982613,0.0036983489990234375,32.23419133188101,32.226360794823314,0.011511086388919728,0.9999329889495725,0.0038604736328125,0.00048828125,0.001434326171875,0.0019073486328125,0.00250244140625,0.007755754515528679,0.022782528772950172,0.03029591590166092,0.039748240262269974,0.0,0.0,0.0,0.0
Gamma,Gamma,Gamma,Gamma,base,,,3,transformer_encoder.15.self_attn.Wqkv.weight.tensor,transformer_encoder.15.self_attn.Wqkv.weight,transformer_self_attn,Transformer self-attention,1,15.0,self_attn_Wqkv_weight,Self-attention,1536x512,786432,-5.524737935047597e-05,0.07840512692928314,-5.4831343732075766e-05,0.07839648425579071,4.1603061617934145e-07,0.0008616492850705981,530.1886596679688,0.7641187760236741,0.0167236328125,69.53053019290338,69.52286115125189,0.010989687176319745,0.9999377835654364,0.003688812255859375,0.00054931640625,0.001708984375,0.0023193359375,0.00335693359375,0.00700612785294652,0.02179684303700924,0.029581429436802864,0.042815227061510086,0.0,0.0,0.0,0.0
Gamma,Gamma,Gamma,Gamma,base,,,3,transformer_encoder.15.self_attn.out_proj.bias.tensor,transformer_encoder.15.self_attn.out_proj.bias,transformer_self_attn,Transformer self-attention,1,15.0,self_attn_out_proj_bias,Self-attention,512,512,-0.010012953542172909,0.09045206010341644,-0.01001105085015297,0.09050986170768738,1.9029248505830765e-06,0.0004600981483235955,0.1849304437637329,0.010410921421947305,0.0023193359375,2.0591986851330097,2.0604938807610687,0.005055811999641878,0.999987386024889,0.001953125,0.00030517578125,0.000885009765625,0.0011630631051957607,0.0019138902425765991,0.0033738950733095407,0.009784295223653316,0.012858335860073566,0.021159164607524872,0.0,0.0,0.0,0.0
Gamma,Gamma,Gamma,Gamma,base,,,3,transformer_encoder.15.self_attn.out_proj.weight.tensor,transformer_encoder.15.self_attn.out_proj.weight,transformer_self_attn,Transformer self-attention,1,15.0,self_attn_out_proj_weight,Self-attention,512x512,262144,2.0031939129694365e-05,0.06572773307561874,2.0764013243024237e-05,0.06568793952465057,7.320670647459337e-07,0.0007694897940382361,159.96231079101562,0.39397886527689063,0.003841400146484375,33.6526137630636,33.63223994140983,0.01170722928241912,0.999930833379896,0.003986358642578125,0.0005035400390625,0.00152587890625,0.00201416015625,0.00262451171875,0.007660997100174427,0.023215143010020256,0.030643988400697708,0.03993004560470581,0.0,0.0,0.0,0.0
Gamma,Gamma,Gamma,Gamma,base,,,3,transformer_encoder.16.self_attn.Wqkv.weight.tensor,transformer_encoder.16.self_attn.Wqkv.weight,transformer_self_attn,Transformer self-attention,1,16.0,self_attn_Wqkv_weight,Self-attention,1536x512,786432,-6.306452269200236e-05,0.06916620582342148,-6.331873737508431e-05,0.06919067353010178,-2.5422619387427403e-07,0.0009079701849259436,555.1206665039062,0.8051963974700134,0.01220703125,61.33735798332856,61.35906464780184,0.01312734072584039,0.999912132859093,0.0043538413010537624,0.000579833984375,0.00177001953125,0.00244140625,0.004150390625,0.008383196778595448,0.025590810924768448,0.03529766947031021,0.0600060410797596,0.0,0.0,0.0,0.0
Gamma,Gamma,Gamma,Gamma,base,,,3,transformer_encoder.16.self_attn.out_proj.bias.tensor,transformer_encoder.16.self_attn.out_proj.bias,transformer_self_attn,Transformer self-attention,1,16.0,self_attn_out_proj_bias,Self-attention,512,512,0.002451110165566206,0.06382599472999573,0.0024127145297825336,0.06372789293527603,-3.8395519368350506e-05,0.000528254546225071,0.21459752321243286,0.011984567077109595,0.0029296875,1.445281982099681,1.443030705797401,0.008292199879009305,0.9999669770348752,0.001953125,0.0003662109375,0.00103759765625,0.0013427734375,0.0021538827568292618,0.005737645085901022,0.016256660223007202,0.021038031205534935,0.03374616429209709,0.0,0.0,0.0,0.0
Gamma,Gamma,Gamma,Gamma,base,,,3,transformer_encoder.16.self_attn.out_proj.weight.tensor,transformer_encoder.16.self_attn.out_proj.weight,transformer_self_attn,Transformer self-attention,1,16.0,self_attn_out_proj_weight,Self-attention,512x512,262144,1.39124977067695e-05,0.06549250334501266,1.8888298654928803e-05,0.06548172235488892,4.975808224116918e-06,0.0008251300314441323,172.05747985839844,0.42247418838297507,0.00372314453125,33.532176492908455,33.52665538185624,0.012599068493878091,0.9999199342868976,0.004421234130859375,0.00054931640625,0.001617431640625,0.00213623046875,0.00274658203125,0.008387468755245209,0.024696435779333115,0.03261793404817581,0.041937343776226044,0.0,0.0,0.0,0.0
Gamma,Gamma,Gamma,Gamma,base,,,3,transformer_encoder.17.self_attn.Wqkv.weight.tensor,transformer_encoder.17.self_attn.Wqkv.weight,transformer_self_attn,Transformer self-attention,1,17.0,self_attn_Wqkv_weight,Self-attention,1536x512,786432,-7.111241575330496e-05,0.09043940156698227,-7.08357838448137e-05,0.09053130447864532,2.7663563173518924e-07,0.0009280837839469314,567.6724853515625,0.8230334613505426,0.01220703125,80.20265774021301,80.28415416603858,0.01026192254147545,0.9999460684940392,0.0036722819786518812,0.0006103515625,0.001827239990234375,0.00250244140625,0.0041046142578125,0.006748734507709742,0.020204024389386177,0.027669811621308327,0.04538524150848389,0.0,0.0,0.0,0.0
Gamma,Gamma,Gamma,Gamma,base,,,3,transformer_encoder.17.self_attn.out_proj.bias.tensor,transformer_encoder.17.self_attn.out_proj.bias,transformer_self_attn,Transformer self-attention,1,17.0,self_attn_out_proj_bias,Self-attention,512,512,-0.0052572558633983135,0.03579435124993324,-0.005276920273900032,0.03583495691418648,-1.9664294086396694e-05,0.00043760688276961446,0.17614465951919556,0.009911905630723696,0.00164794921875,0.8186230655728276,0.81959680489615,0.012108021441804574,0.9999275489904764,0.00390625,0.0002880096435546875,0.0009033200331032276,0.0011048251762986183,0.0015417146496474743,0.008046229369938374,0.025236377492547035,0.030865898355841637,0.0430714376270771,0.0,0.0,0.0,0.0
Gamma,Gamma,Gamma,Gamma,base,,,3,transformer_encoder.17.self_attn.out_proj.weight.tensor,transformer_encoder.17.self_attn.out_proj.weight,transformer_self_attn,Transformer self-attention,1,17.0,self_attn_out_proj_weight,Self-attention,512x512,262144,-0.00015262558008544147,0.068601094186306,-0.000153040251461789,0.0685630589723587,-4.146445462538395e-07,0.0008225757046602666,171.2409210205078,0.4211587653988269,0.004241943359375,35.1238600793677,35.10438709284158,0.011990674272336316,0.9999274363899036,0.003902435302734375,0.00054931640625,0.001617431640625,0.0021514892578125,0.002790212631225586,0.008007398806512356,0.023577341809868813,0.03136231377720833,0.04067300260066986,0.0,0.0,0.0,0.0
Gamma,Gamma,Gamma,Gamma,base,,,3,transformer_encoder.0.ff.fc1.weight.tensor,transformer_encoder.0.ff.fc1.weight,transformer_ffn,Transformer FFN,2,0.0,ff_fc1_weight,Feed-forward,4096x512,2097152,0.00048342556692659855,0.05654734745621681,0.00048331718426197767,0.05648697540163994,-1.0842370556929382e-07,0.0007152665057219565,1118.40185546875,1.0358129757338181,0.003997802734375,81.89238842071954,81.80496169434039,0.012648464597373194,0.9999175527939705,0.004737377166748047,0.00042724609375,0.00146484375,0.001983642578125,0.0025787353515625,0.007555544842034578,0.02590472437441349,0.035079315304756165,0.045603107661008835,0.0,0.0,0.0,0.0
Gamma,Gamma,Gamma,Gamma,base,,,3,transformer_encoder.0.ff.fc2.weight.tensor,transformer_encoder.0.ff.fc2.weight,transformer_ffn,Transformer FFN,2,0.0,ff_fc2_weight,Feed-forward,512x2048,1048576,-7.165218994487077e-05,0.056143082678318024,-7.070834544720128e-05,0.0560649149119854,9.438566053177055e-07,0.0007905453094281256,659.10498046875,0.8095178529609726,0.00408935546875,57.49062423560906,57.41057711985114,0.014080867336617856,0.9998994478996494,0.005208015441894531,0.00052642822265625,0.001556396484375,0.0020599365234375,0.0026397705078125,0.009376544505357742,0.027721958234906197,0.03669082745909691,0.047018613666296005,0.0,0.0,0.0,0.0
Gamma,Gamma,Gamma,Gamma,base,,,3,transformer_encoder.1.ff.fc1.weight.tensor,transformer_encoder.1.ff.fc1.weight,transformer_ffn,Transformer FFN,2,1.0,ff_fc1_weight,Feed-forward,4096x512,2097152,-0.00020184538152534515,0.06706023961305618,-0.0001994133781408891,0.0669846311211586,2.4319756448676344e-06,0.000773489591665566,1265.4713134765625,1.1201337365787893,0.004150390625,97.11417551489329,97.00467631285875,0.011534193959222727,0.9999308710249993,0.0038552284240722656,0.00048828125,0.0015411376953125,0.0020599365234375,0.002655029296875,0.007281232625246048,0.022981390357017517,0.030717698857188225,0.039591699838638306,0.0,0.0,0.0,0.0
Gamma,Gamma,Gamma,Gamma,base,,,3,transformer_encoder.1.ff.fc2.weight.tensor,transformer_encoder.1.ff.fc2.weight,transformer_ffn,Transformer FFN,2,1.0,ff_fc2_weight,Feed-forward,512x2048,1048576,8.975168748293072e-05,0.06665235012769699,9.037251584231853e-05,0.0665641725063324,6.208310310285015e-07,0.0008063255809247494,673.560791015625,0.8256766997443751,0.00445556640625,68.25213910338269,68.16184496751097,0.012097447942161877,0.99992541199421,0.0042781829833984375,0.00054931640625,0.0015869140625,0.0020751953125,0.002674102783203125,0.008241514675319195,0.02380882203578949,0.03113461285829544,0.04012015461921692,0.0,0.0,0.0,0.0
Gamma,Gamma,Gamma,Gamma,base,,,3,transformer_encoder.2.ff.fc1.weight.tensor,transformer_encoder.2.ff.fc1.weight,transformer_ffn,Transformer FFN,2,2.0,ff_fc1_weight,Feed-forward,4096x512,2097152,-0.0003498551668599248,0.07062771916389465,-0.0003488326328806579,0.07054921984672546,1.0225171536148991e-06,0.0008066254085861146,1346.6844482421875,1.1681146434898366,0.0042724609375,102.28127386953587,102.16760127359358,0.011420611019958603,0.9999315568967856,0.00380706787109375,0.00054931640625,0.0015869140625,0.0020751953125,0.002685546875,0.0077776312828063965,0.02246871218085289,0.029382161796092987,0.03802397474646568,0.0,0.0,0.0,0.0
Gamma,Gamma,Gamma,Gamma,base,,,3,transformer_encoder.2.ff.fc2.weight.tensor,transformer_encoder.2.ff.fc2.weight,transformer_ffn,Transformer FFN,2,2.0,ff_fc2_weight,Feed-forward,512x2048,1048576,8.055991202127188e-06,0.06815996021032333,8.068378519965336e-06,0.0680777058005333,1.238083768839715e-08,0.0008044035639613867,671.4989624023438,0.8237083988364946,0.00390625,69.7958693541835,69.71164450008513,0.011801678329365356,0.9999286747561784,0.004162788391113281,0.00054931640625,0.0015869140625,0.0020751953125,0.002685546875,0.008059223182499409,0.02328220009803772,0.03044595569372177,0.039400648325681686,0.0,0.0,0.0,0.0
Gamma,Gamma,Gamma,Gamma,base,,,3,transformer_encoder.3.ff.fc1.weight.tensor,transformer_encoder.3.ff.fc1.weight,transformer_ffn,Transformer FFN,2,3.0,ff_fc1_weight,Feed-forward,4096x512,2097152,-0.0007111746817827225,0.07065483182668686,-0.0007087974809110165,0.07058364897966385,2.3771253836457618e-06,0.0007966012344695628,1329.62646484375,1.1536025074328395,0.0040740966796875,102.32447814733774,102.2213581140825,0.011273964239248285,0.9999332396469715,0.003756999969482422,0.00054168701171875,0.0015716552734375,0.0020751953125,0.002655029296875,0.007666665595024824,0.022244127467274666,0.029370887205004692,0.03757745772600174,0.0,0.0,0.0,0.0
Gamma,Gamma,Gamma,Gamma,base,,,3,transformer_encoder.3.ff.fc2.weight.tensor,transformer_encoder.3.ff.fc2.weight,transformer_ffn,Transformer FFN,2,3.0,ff_fc2_weight,Feed-forward,512x2048,1048576,-2.885437606892083e-05,0.06670832633972168,-2.902750020439271e-05,0.06663957983255386,-1.731056045173318e-07,0.0007905990933068097,659.847412109375,0.8095726316853655,0.00390625,68.30940137643024,68.23901010419186,0.011851555062297648,0.9999280963941145,0.004067420959472656,0.0005340576171875,0.001556396484375,0.00205230712890625,0.00262451171875,0.008005860261619091,0.02333136461675167,0.03076537884771824,0.03934308513998985,0.0,0.0,0.0,0.0
Gamma,Gamma,Gamma,Gamma,base,,,3,transformer_encoder.4.ff.fc1.weight.tensor,transformer_encoder.4.ff.fc1.weight,transformer_ffn,Transformer FFN,2,4.0,ff_fc1_weight,Feed-forward,4096x512,2097152,-0.001038560178130865,0.07028269022703171,-0.0010364187182858586,0.07021451741456985,2.1414705315692117e-06,0.0007954374304972589,1328.4111328125,1.151916062466075,0.00457763671875,101.79146786291815,101.69270980046947,0.011316430410624797,0.999933206220231,0.0037865638732910156,0.0005435943603515625,0.00156402587890625,0.0020751953125,0.0026397705078125,0.007734397891908884,0.022253355011343956,0.029526403173804283,0.03755932301282883,0.0,0.0,0.0,0.0
Gamma,Gamma,Gamma,Gamma,base,,,3,transformer_encoder.4.ff.fc2.weight.tensor,transformer_encoder.4.ff.fc2.weight,transformer_ffn,Transformer FFN,2,4.0,ff_fc2_weight,Feed-forward,512x2048,1048576,1.6859914467204362e-05,0.06677135825157166,1.5976478607626632e-05,0.06670501828193665,-8.834351206132851e-07,0.000787877244874835,657.6051635742188,0.8067858844598407,0.004425048828125,68.37394666121921,68.30600952698086,0.011799609703054149,0.9999287211349209,0.0039844512939453125,0.00052642822265625,0.001544952392578125,0.002044677734375,0.00262451171875,0.007884041406214237,0.023137947544455528,0.030622074380517006,0.039305947721004486,0.0,0.0,0.0,0.0
Gamma,Gamma,Gamma,Gamma,base,,,3,transformer_encoder.5.ff.fc1.weight.tensor,transformer_encoder.5.ff.fc1.weight,transformer_ffn,Transformer FFN,2,5.0,ff_fc1_weight,Feed-forward,4096x512,2097152,-0.0008525169687345624,0.06985998153686523,-0.000849891803227365,0.06979403644800186,2.625087518026703e-06,0.0007919686031527817,1321.5167236328125,1.1468948591212376,0.00435638427734375,101.17574437581371,101.08020098540564,0.011335670087695388,0.9999330304170783,0.003894805908203125,0.0005340576171875,0.001556396484375,0.0020751953125,0.002655029296875,0.007644684985280037,0.0222787968814373,0.02970506250858307,0.038005005568265915,0.0,0.0,0.0,0.0
Gamma,Gamma,Gamma,Gamma,base,,,3,transformer_encoder.5.ff.fc2.weight.tensor,transformer_encoder.5.ff.fc2.weight,transformer_ffn,Transformer FFN,2,5.0,ff_fc2_weight,Feed-forward,512x2048,1048576,3.536560325301252e-05,0.06654928624629974,3.540973557392135e-05,0.06649552285671234,4.4125556541985134e-08,0.0007796366699039936,650.6539306640625,0.7983470858090864,0.004150390625,68.14655264001804,68.09149477105235,0.011715149994840053,0.9999295078763459,0.003933906555175781,0.000518798828125,0.00152587890625,0.00201416015625,0.00260162353515625,0.007795707322657108,0.022928550839424133,0.03026568703353405,0.03909318149089813,0.0,0.0,0.0,0.0
Gamma,Gamma,Gamma,Gamma,base,,,3,transformer_encoder.6.ff.fc1.weight.tensor,transformer_encoder.6.ff.fc1.weight,transformer_ffn,Transformer FFN,2,6.0,ff_fc1_weight,Feed-forward,4096x512,2097152,-0.0011859332444146276,0.06967145204544067,-0.0011813940946012735,0.06960611790418625,4.539123438007664e-06,0.0007797451107762754,1300.8294677734375,1.129206422807384,0.0042724609375,100.90981625008045,100.81508637413847,0.01119025348345605,0.9999343016360746,0.003863811492919922,0.000518798828125,0.00152587890625,0.00201416015625,0.0026092529296875,0.007446360774338245,0.02190106175839901,0.02890940010547638,0.03745081648230553,0.0,0.0,0.0,0.0
Gamma,Gamma,Gamma,Gamma,base,,,3,transformer_encoder.6.ff.fc2.weight.tensor,transformer_encoder.6.ff.fc2.weight,transformer_ffn,Transformer FFN,2,6.0,ff_fc2_weight,Feed-forward,512x2048,1048576,-8.750530105317011e-05,0.06490107625722885,-8.66142800077796e-05,0.06484521925449371,8.910441806619929e-07,0.0007750564836896956,646.776123046875,0.7936574266171678,0.0037994384765625,66.45883212325883,66.40163219238289,0.011942091084977053,0.9999267906297726,0.0042572021484375,0.000518798828125,0.00152587890625,0.00201416015625,0.002593994140625,0.007993685081601143,0.02351083792746067,0.031034307554364204,0.039968427270650864,0.0,0.0,0.0,0.0
Gamma,Gamma,Gamma,Gamma,base,,,3,transformer_encoder.7.ff.fc1.weight.tensor,transformer_encoder.7.ff.fc1.weight,transformer_ffn,Transformer FFN,2,7.0,ff_fc1_weight,Feed-forward,4096x512,2097152,-0.0017821099609136581,0.06979400664567947,-0.0017780610360205173,0.06973131746053696,4.048935352329863e-06,0.0007940420182421803,1325.580078125,1.1499059721612075,0.0041046142578125,101.10562140498173,101.01471021434205,0.0113733139283642,0.9999322289109479,0.003924369812011719,0.0005340576171875,0.001556396484375,0.0020751953125,0.002655029296875,0.007651911582797766,0.022299855947494507,0.029733141884207726,0.03804093226790428,0.0,0.0,0.0,0.0
Gamma,Gamma,Gamma,Gamma,base,,,3,transformer_encoder.7.ff.fc2.weight.tensor,transformer_encoder.7.ff.fc2.weight,transformer_ffn,Transformer FFN,2,7.0,ff_fc2_weight,Feed-forward,512x2048,1048576,-0.00010145736450795084,0.0664454996585846,-0.00010127430141437799,0.06640134751796722,1.8306030824533082e-07,0.0007872198475524783,656.971923828125,0.806112268793052,0.00390625,68.04034304183071,67.99513137442268,0.011847563265479838,0.9999278190343932,0.0043506622314453125,0.00052642822265625,0.0015411376953125,0.002044677734375,0.00262451171875,0.007922706194221973,0.02319400943815708,0.030772250145673752,0.0394987091422081,0.0,0.0,0.0,0.0
Gamma,Gamma,Gamma,Gamma,base,,,3,transformer_encoder.8.ff.fc1.weight.tensor,transformer_encoder.8.ff.fc1.weight,transformer_ffn,Transformer FFN,2,8.0,ff_fc1_weight,Feed-forward,4096x512,2097152,-0.001965048024430871,0.07154137641191483,-0.001962977461516857,0.07147891819477081,2.070606115012197e-06,0.0008168237982317805,1364.3765869140625,1.1828860946597746,0.00421142578125,103.64221622666605,103.5517213008794,0.011413168665486518,0.9999318641055372,0.004044532775878906,0.00054931640625,0.0015869140625,0.002109527587890625,0.002716064453125,0.007678302936255932,0.022181764245033264,0.029486816376447678,0.03796494007110596,0.0,0.0,0.0,0.0
Gamma,Gamma,Gamma,Gamma,base,,,3,transformer_encoder.8.ff.fc2.weight.tensor,transformer_encoder.8.ff.fc2.weight,transformer_ffn,Transformer FFN,2,8.0,ff_fc2_weight,Feed-forward,512x2048,1048576,3.0415469154831953e-05,0.07051945477724075,2.8968022888875566e-05,0.0704716145992279,-1.4474446743406588e-06,0.0008006212301552296,667.9694213867188,0.8198365420153134,0.0078125,72.2120020646672,72.16301329823506,0.011353189477853323,0.9999333743339025,0.0048503875732421875,0.00054931640625,0.0015869140625,0.0020751953125,0.002685546875,0.0077895717695355415,0.022503206506371498,0.029427271336317062,0.03808235004544258,0.0,0.0,0.0,0.0
Gamma,Gamma,Gamma,Gamma,base,,,3,transformer_encoder.9.ff.fc1.weight.tensor,transformer_encoder.9.ff.fc1.weight,transformer_ffn,Transformer FFN,2,9.0,ff_fc1_weight,Feed-forward,4096x512,2097152,-0.0007123917457647622,0.07014453411102295,-0.0007087716367095709,0.07007702440023422,3.6200285649101716e-06,0.0008343953522853553,1394.2105712890625,1.2083398336476836,0.00445556640625,101.58553104250379,101.48771284926565,0.011894802549608148,0.9999262487019013,0.004076957702636719,0.00054931640625,0.00164794921875,0.002166748046875,0.0027618408203125,0.007831206545233727,0.02349361963570118,0.030889760702848434,0.03937356546521187,0.0,0.0,0.0,0.0
Gamma,Gamma,Gamma,Gamma,base,,,3,transformer_encoder.9.ff.fc2.weight.tensor,transformer_encoder.9.ff.fc2.weight,transformer_ffn,Transformer FFN,2,9.0,ff_fc2_weight,Feed-forward,512x2048,1048576,-1.7453397958888672e-05,0.0699407085776329,-1.7949998436961323e-05,0.06987453252077103,-4.966082087776158e-07,0.0008212722023017704,685.6486206054688,0.8409820294790535,0.0042724609375,71.61935855291675,71.55159578496485,0.011742384272510247,0.9999293184675071,0.004258155822753906,0.00054931640625,0.001617431640625,0.00213623046875,0.00274658203125,0.007854028604924679,0.023125750944018364,0.03054344654083252,0.03927014395594597,0.0,0.0,0.0,0.0
Gamma,Gamma,Gamma,Gamma,base,,,3,transformer_encoder.10.ff.fc1.weight.tensor,transformer_encoder.10.ff.fc1.weight,transformer_ffn,Transformer FFN,2,10.0,ff_fc1_weight,Feed-forward,4096x512,2097152,-0.0010418423917144537,0.0677933469414711,-0.0010363184846937656,0.06773877888917923,5.523833806364564e-06,0.0008175941184163094,1364.8482666015625,1.1840247952500431,0.0042724609375,98.18698281213248,98.1078557873298,0.012058877473763528,0.9999241396581368,0.004172325134277344,0.00054931640625,0.00159454345703125,0.0021305084228515625,0.002716064453125,0.00810280628502369,0.02352064475417137,0.031426507979631424,0.040063872933387756,0.0,0.0,0.0,0.0
Gamma,Gamma,Gamma,Gamma,base,,,3,transformer_encoder.10.ff.fc2.weight.tensor,transformer_encoder.10.ff.fc2.weight,transformer_ffn,Transformer FFN,2,10.0,ff_fc2_weight,Feed-forward,512x2048,1048576,-3.444885805947706e-05,0.06464735418558121,-3.534222560119815e-05,0.064589723944664,-8.933725439419504e-07,0.0008136167889460921,678.9484252929688,0.8331431092270857,0.009765625,66.19897430639503,66.13995872863092,0.012585438338832222,0.9999189319746065,0.004397392272949219,0.00054931640625,0.0015869140625,0.002105712890625,0.002716064453125,0.008497119881212711,0.024547236040234566,0.032572295516729355,0.042013540863990784,0.0,0.0,0.0,0.0
Gamma,Gamma,Gamma,Gamma,base,,,3,transformer_encoder.11.ff.fc1.weight.tensor,transformer_encoder.11.ff.fc1.weight,transformer_ffn,Transformer FFN,2,11.0,ff_fc1_weight,Feed-forward,4096x512,2097152,-0.0010969180148094893,0.0668487623333931,-0.0010920532513409853,0.06679187715053558,4.864775746682426e-06,0.0008121217251755297,1354.531005859375,1.1760940389175436,0.00494384765625,96.82051391137365,96.73803826249011,0.01214715757441744,0.9999230511912864,0.0041866302490234375,0.00054931640625,0.0015869140625,0.002105712890625,0.002716064453125,0.008217300288379192,0.023738866671919823,0.031499650329351425,0.04062998294830322,0.0,0.0,0.0,0.0
Gamma,Gamma,Gamma,Gamma,base,,,3,transformer_encoder.11.ff.fc2.weight.tensor,transformer_encoder.11.ff.fc2.weight,transformer_ffn,Transformer FFN,2,11.0,ff_fc2_weight,Feed-forward,512x2048,1048576,-9.978565503843129e-05,0.06456754356622696,-9.981845505535603e-05,0.06450939178466797,-3.2797970561659895e-08,0.0007996792555786669,667.59423828125,0.8188706214518698,0.0040283203125,66.11731627734711,66.05776206993013,0.012385115844945694,0.9999214212974075,0.004215240478515625,0.00054931640625,0.0015869140625,0.0020751953125,0.002685546875,0.008507623337209225,0.024577578529715538,0.032139912247657776,0.04159282520413399,0.0,0.0,0.0,0.0
Gamma,Gamma,Gamma,Gamma,base,,,3,transformer_encoder.12.ff.fc1.weight.tensor,transformer_encoder.12.ff.fc1.weight,transformer_ffn,Transformer FFN,2,12.0,ff_fc1_weight,Feed-forward,4096x512,2097152,-0.001224516425281763,0.06746090948581696,-0.0012177936732769012,0.06741867959499359,6.722707894368796e-06,0.0008359265048056841,1395.0765380859375,1.2105847737133566,0.005084991455078125,97.71007016935357,97.64875971274546,0.012389559966696656,0.9999200046262589,0.004214763641357422,0.00054931640625,0.00164794921875,0.002170562744140625,0.0028076171875,0.008142735809087753,0.02442820742726326,0.03217511624097824,0.04161842539906502,0.0,0.0,0.0,0.0
Gamma,Gamma,Gamma,Gamma,base,,,3,transformer_encoder.12.ff.fc2.weight.tensor,transformer_encoder.12.ff.fc2.weight,transformer_ffn,Transformer FFN,2,12.0,ff_fc2_weight,Feed-forward,512x2048,1048576,-3.34338765242137e-05,0.06491831690073013,-3.3792581234592944e-05,0.06487713754177094,-3.586960133361572e-07,0.0008136226097121835,679.3369750976562,0.8331487252476627,0.0081787109375,66.47643350043307,66.4342624740333,0.012532993744952075,0.9999194349972552,0.004256248474121094,0.00054931640625,0.0015869140625,0.002105712890625,0.002716064453125,0.00846165418624878,0.024444779381155968,0.03243634104728699,0.041838180273771286,0.0,0.0,0.0,0.0
Gamma,Gamma,Gamma,Gamma,base,,,3,transformer_encoder.13.ff.fc1.weight.tensor,transformer_encoder.13.ff.fc1.weight,transformer_ffn,Transformer FFN,2,13.0,ff_fc1_weight,Feed-forward,4096x512,2097152,-0.0013571280287578702,0.06774163991212845,-0.0013545609544962645,0.06769813597202301,2.566927832958754e-06,0.0008388038258999586,1400.213134765625,1.214718091543681,0.0051784515380859375,98.12019793186059,98.05715210082842,0.012379898503539788,0.9999203774877687,0.004184722900390625,0.00054931640625,0.00164794921875,0.00218963623046875,0.0028076171875,0.00810899119824171,0.024326972663402557,0.032323338091373444,0.041445955634117126,0.0,0.0,0.0,0.0
Gamma,Gamma,Gamma,Gamma,base,,,3,transformer_encoder.13.ff.fc2.weight.tensor,transformer_encoder.13.ff.fc2.weight,transformer_ffn,Transformer FFN,2,13.0,ff_fc2_weight,Feed-forward,512x2048,1048576,4.59549373772461e-05,0.06497791409492493,4.558133514365181e-05,0.06494211405515671,-3.736058147296717e-07,0.0008096586680039763,675.2310791015625,0.8290896285673075,0.00732421875,66.537469618864,66.50081134960874,0.012460492310820314,0.9999202576269302,0.004237174987792969,0.00054931640625,0.0015869140625,0.002105712890625,0.0027313232421875,0.008453893475234509,0.024422358721494675,0.03240659087896347,0.042034637182950974,0.0,0.0,0.0,0.0
Gamma,Gamma,Gamma,Gamma,base,,,3,transformer_encoder.14.ff.fc1.weight.tensor,transformer_encoder.14.ff.fc1.weight,transformer_ffn,Transformer FFN,2,14.0,ff_fc1_weight,Feed-forward,4096x512,2097152,-0.0012365194270387292,0.06819237023591995,-0.0012306005228310823,0.06814581155776978,5.918988790654112e-06,0.0008471155888400972,1414.7855224609375,1.226778922455839,0.0045166015625,98.76948482609646,98.70190680148991,0.012420626923546453,0.9999195446814917,0.004113197326660156,0.0005645751953125,0.001651763916015625,0.002197265625,0.0028076171875,0.00827915407717228,0.0242221187800169,0.03222157061100006,0.04117200896143913,0.0,0.0,0.0,0.0
Gamma,Gamma,Gamma,Gamma,base,,,3,transformer_encoder.14.ff.fc2.weight.tensor,transformer_encoder.14.ff.fc2.weight,transformer_ffn,Transformer FFN,2,14.0,ff_fc2_weight,Feed-forward,512x2048,1048576,5.758010229328647e-05,0.06619220972061157,5.593955211224966e-05,0.06614874303340912,-1.6405381302320166e-06,0.0008170884102582932,681.7052001953125,0.836699343615676,0.0068359375,67.78092222719273,67.73640964360489,0.012344171724473704,0.9999217289521004,0.0040912628173828125,0.00054931640625,0.0015869140625,0.00213623046875,0.00274658203125,0.008298806846141815,0.023974329233169556,0.03227313607931137,0.041494034230709076,0.0,0.0,0.0,0.0
Gamma,Gamma,Gamma,Gamma,base,,,3,transformer_encoder.15.ff.fc1.weight.tensor,transformer_encoder.15.ff.fc1.weight,transformer_ffn,Transformer FFN,2,15.0,ff_fc1_weight,Feed-forward,4096x512,2097152,-0.0012952552642673254,0.06821955740451813,-0.0012896672124043107,0.06816453486680984,5.588171461567981e-06,0.000873700191732496,1457.5037841796875,1.265273339665866,0.00717926025390625,98.81042455125876,98.73061024037834,0.01280505923754514,0.9999145885988676,0.004261970520019531,0.0005888938903808594,0.001708984375,0.00225830078125,0.002960205078125,0.008632331155240536,0.025051236152648926,0.03310341760516167,0.04339231923222542,0.0,0.0,0.0,0.0
Gamma,Gamma,Gamma,Gamma,base,,,3,transformer_encoder.15.ff.fc2.weight.tensor,transformer_encoder.15.ff.fc2.weight,transformer_ffn,Transformer FFN,2,15.0,ff_fc2_weight,Feed-forward,512x2048,1048576,-6.418526027118787e-05,0.06722520291805267,-6.261705857468769e-05,0.06717589497566223,1.5682003322581295e-06,0.0008360197534784675,696.4913330078125,0.8560848717282235,0.0078125,68.83871406910141,68.78821381148808,0.012436096218602505,0.9999206642436071,0.004071235656738281,0.00054931640625,0.00164794921875,0.002197265625,0.002838134765625,0.00817128550261259,0.024513857439160347,0.03268514201045036,0.04221830889582634,0.0,0.0,0.0,0.0
Gamma,Gamma,Gamma,Gamma,base,,,3,transformer_encoder.16.ff.fc1.weight.tensor,transformer_encoder.16.ff.fc1.weight,transformer_ffn,Transformer FFN,2,16.0,ff_fc1_weight,Feed-forward,4096x512,2097152,-0.0005580946453846991,0.0698450431227684,-0.0005510809132829309,0.06979051977396011,7.013793947407976e-06,0.0008917984669096768,1489.330078125,1.2914964758617775,0.0059814453125,101.14981057662689,101.07077115195075,0.012768155160146155,0.9999151465029361,0.004253864288330078,0.0006103515625,0.0017547607421875,0.0023193359375,0.00299072265625,0.008738651871681213,0.02512362413108349,0.03320687636733055,0.042819391936063766,0.0,0.0,0.0,0.0
Gamma,Gamma,Gamma,Gamma,base,,,3,transformer_encoder.16.ff.fc2.weight.tensor,transformer_encoder.16.ff.fc2.weight,transformer_ffn,Transformer FFN,2,16.0,ff_fc2_weight,Feed-forward,512x2048,1048576,-1.4280323739512824e-05,0.0670946016907692,-1.4491855836240575e-05,0.06702720373868942,-2.1152442286620499e-07,0.0008598972344771028,717.7843017578125,0.8805339745070774,0.0045166015625,68.70494262151014,68.63592809163434,0.012816166361681628,0.9999160120265597,0.003978729248046875,0.000579833984375,0.00170135498046875,0.002227783203125,0.00286865234375,0.008642035536468029,0.025357551872730255,0.0332036092877388,0.042755331844091415,0.0,0.0,0.0,0.0
Gamma,Gamma,Gamma,Gamma,base,,,3,transformer_encoder.17.ff.fc1.weight.tensor,transformer_encoder.17.ff.fc1.weight,transformer_ffn,Transformer FFN,2,17.0,ff_fc1_weight,Feed-forward,4096x512,2097152,-2.1685345927835442e-06,0.07129102200269699,2.5494082365185022e-06,0.07121128588914871,4.717948286270257e-06,0.0009352964698337018,1563.1036376953125,1.3544653440867025,0.0052490234375,103.24059335933468,103.12512784082985,0.013119503675965875,0.9999108278998146,0.0042858123779296875,0.0006103515625,0.0018310546875,0.00241851806640625,0.00311279296875,0.008561407215893269,0.02568422257900238,0.03392457589507103,0.04366317763924599,0.0,0.0,0.0,0.0
Gamma,Gamma,Gamma,Gamma,base,,,3,transformer_encoder.17.ff.fc2.weight.tensor,transformer_encoder.17.ff.fc2.weight,transformer_ffn,Transformer FFN,2,17.0,ff_fc2_weight,Feed-forward,512x2048,1048576,-1.5033847375889309e-05,0.06867311894893646,-1.4916889995220117e-05,0.06857649236917496,1.1695669854816515e-07,0.0008864290430210531,737.1370239257812,0.9077024987393454,0.007080078125,70.32134666568182,70.22240408271601,0.01290792258365992,0.9999153119611642,0.004138946533203125,0.0005950927734375,0.001739501953125,0.0023193359375,0.0030517578125,0.008665584027767181,0.02533016912639141,0.03377356007695198,0.04443889483809471,0.0,0.0,0.0,0.0
Gamma,Gamma,Gamma,Gamma,base,,,3,transformer_encoder.0.deepnorm_alpha.tensor,transformer_encoder.0.deepnorm_alpha,transformer_norm_deepnorm,Transformer norm/deepnorm,3,0.0,deepnorm_alpha,Norm/deepnorm,scalar,1,2.44921875,0.0,2.44921875,0.0,0.0,0.0,0.0,0.0,0.0,2.44921875,2.44921875,0.0,0.9999999999998332,0.0,0.0,0.0,0.0,0.0,0.0,0.0,0.0,0.0,0.0,0.0,0.0,0.0
Gamma,Gamma,Gamma,Gamma,base,,,3,transformer_encoder.0.norm1.weight.tensor,transformer_encoder.0.norm1.weight,transformer_norm_deepnorm,Transformer norm/deepnorm,3,0.0,norm1_weight,Norm/deepnorm,512,512,0.1100592315196991,0.06435622274875641,0.1104261577129364,0.06451696902513504,0.00036693376023322344,0.0006302925175987184,0.29529446363449097,0.01650264932005009,0.0023622512817382812,2.8848631473656288,2.8938666235737576,0.005720427097248649,0.9999886337073305,0.037109375,0.00048828125,0.00146484375,0.0018260986544191837,0.0022779458668082952,0.007587163709104061,0.02276149019598961,0.02837485447525978,0.03539588674902916,0.0,0.0,0.0,0.0
Gamma,Gamma,Gamma,Gamma,base,,,3,transformer_encoder.0.norm2.weight.tensor,transformer_encoder.0.norm2.weight,transformer_norm_deepnorm,Transformer norm/deepnorm,3,0.0,norm2_weight,Norm/deepnorm,512,512,0.1267099678516388,0.07354135066270828,0.12689527869224548,0.0736234113574028,0.00018532306421548128,0.000689743144903332,0.28492265939712524,0.016160637091222813,0.002197265625,3.315031703607501,3.3195906269511597,0.004874957024885019,0.9999892449793625,0.025390625,0.00048828125,0.00146484375,0.0018887720070779324,0.0021348893642425537,0.006639546249061823,0.019918639212846756,0.025683127343654633,0.029029779136180878,0.0,0.0,0.0,0.0
Gamma,Gamma,Gamma,Gamma,base,,,3,transformer_encoder.1.deepnorm_alpha.tensor,transformer_encoder.1.deepnorm_alpha,transformer_norm_deepnorm,Transformer norm/deepnorm,3,1.0,deepnorm_alpha,Norm/deepnorm,scalar,1,2.44921875,0.0,2.44921875,0.0,0.0,0.0,0.0,0.0,0.0,2.44921875,2.44921875,0.0,0.9999999999998332,0.0,0.0,0.0,0.0,0.0,0.0,0.0,0.0,0.0,0.0,0.0,0.0,0.0
Gamma,Gamma,Gamma,Gamma,base,,,3,transformer_encoder.1.norm1.weight.tensor,transformer_encoder.1.norm1.weight,transformer_norm_deepnorm,Transformer norm/deepnorm,3,1.0,norm1_weight,Norm/deepnorm,512,512,0.18544712662696838,0.0805526152253151,0.18609097599983215,0.08078491687774658,0.000643832259811461,0.000758701004087925,0.4055200219154358,0.02251566951184436,0.0037841796875,4.5749571584561295,4.590413653116009,0.004921503903096134,0.9999936539962291,0.01171875,0.000732421875,0.001885984092950821,0.0026721209287643433,0.003347545862197876,0.009092465043067932,0.023413067683577538,0.0331723652780056,0.04155725613236427,0.0,0.0,0.0,0.0
Gamma,Gamma,Gamma,Gamma,base,,,3,transformer_encoder.1.norm2.weight.tensor,transformer_encoder.1.norm2.weight,transformer_norm_deepnorm,Transformer norm/deepnorm,3,1.0,norm2_weight,Norm/deepnorm,512,512,0.1759711056947708,0.05737118050456047,0.1761639565229416,0.05751600116491318,0.00019285711459815502,0.0006818791152909398,0.2845125198364258,0.016034410089935048,0.002197265625,4.188045636967703,4.1932104090476905,0.0038286139836672633,0.9999936454851448,0.001953125,0.00048828125,0.0013427734375,0.001953125,0.0021348893642425537,0.008510913699865341,0.023405011743307114,0.034043654799461365,0.03721187263727188,0.0,0.0,0.0,0.0
Gamma,Gamma,Gamma,Gamma,base,,,3,transformer_encoder.2.deepnorm_alpha.tensor,transformer_encoder.2.deepnorm_alpha,transformer_norm_deepnorm,Transformer norm/deepnorm,3,2.0,deepnorm_alpha,Norm/deepnorm,scalar,1,2.44921875,0.0,2.44921875,0.0,0.0,0.0,0.0,0.0,0.0,2.44921875,2.44921875,0.0,0.9999999999998332,0.0,0.0,0.0,0.0,0.0,0.0,0.0,0.0,0.0,0.0,0.0,0.0,0.0
Gamma,Gamma,Gamma,Gamma,base,,,3,transformer_encoder.2.norm1.weight.tensor,transformer_encoder.2.norm1.weight,transformer_norm_deepnorm,Transformer norm/deepnorm,3,2.0,norm1_weight,Norm/deepnorm,512,512,0.23824788630008698,0.0376431904733181,0.23889021575450897,0.03777467831969261,0.0006423392333090305,0.0006772979395464063,0.39304614067077637,0.021121602247098716,0.0030517578125,5.457808704740754,5.472629413634237,0.0038699784821604744,0.9999964291097773,0.0,0.000732421875,0.001708984375,0.0024179108440876007,0.002864629030227661,0.019456949084997177,0.04539955034852028,0.06423234194517136,0.07609950751066208,0.0,0.0,0.0,0.0
Gamma,Gamma,Gamma,Gamma,base,,,3,transformer_encoder.2.norm2.weight.tensor,transformer_encoder.2.norm2.weight,transformer_norm_deepnorm,Transformer norm/deepnorm,3,2.0,norm2_weight,Norm/deepnorm,512,512,0.21235376596450806,0.03058166429400444,0.21262481808662415,0.030642511323094368,0.0002710367552936077,0.0006752287736162543,0.2867166996002197,0.016463600549564417,0.0025634765625,4.85458854621099,4.8608553186359025,0.003391348286851391,0.999995133717886,0.001953125,0.00048828125,0.00146484375,0.0019396990537643433,0.002376347780227661,0.015966465696692467,0.04789939895272255,0.06342684477567673,0.07770496606826782,0.0,0.0,0.0,0.0
Gamma,Gamma,Gamma,Gamma,base,,,3,transformer_encoder.3.deepnorm_alpha.tensor,transformer_encoder.3.deepnorm_alpha,transformer_norm_deepnorm,Transformer norm/deepnorm,3,3.0,deepnorm_alpha,Norm/deepnorm,scalar,1,2.44921875,0.0,2.44921875,0.0,0.0,0.0,0.0,0.0,0.0,2.44921875,2.44921875,0.0,0.9999999999998332,0.0,0.0,0.0,0.0,0.0,0.0,0.0,0.0,0.0,0.0,0.0,0.0,0.0
Gamma,Gamma,Gamma,Gamma,base,,,3,transformer_encoder.3.norm1.weight.tensor,transformer_encoder.3.norm1.weight,transformer_norm_deepnorm,Transformer norm/deepnorm,3,3.0,norm1_weight,Norm/deepnorm,512,512,0.29953742027282715,0.029441900551319122,0.3002002239227295,0.029395518824458122,0.0006628036499023438,0.000696147617418319,0.391357421875,0.021749764671368004,0.002685546875,6.81041944738475,6.825242750161551,0.003193601339740811,0.9999973574855312,0.0,0.000732421875,0.001763913780450821,0.0024145543575286865,0.002685546875,0.024876846000552177,0.059911664575338364,0.08201079070568085,0.0912151038646698,0.0,0.0,0.0,0.0
Gamma,Gamma,Gamma,Gamma,base,,,3,transformer_encoder.3.norm2.weight.tensor,transformer_encoder.3.norm2.weight,transformer_norm_deepnorm,Transformer norm/deepnorm,3,3.0,norm2_weight,Norm/deepnorm,512,512,0.22906064987182617,0.025176841765642166,0.22936534881591797,0.025112461298704147,0.0003046989440917969,0.0006437688134610653,0.2861328125,0.01611605533648866,0.00244140625,5.214264363881574,5.220959406997587,0.003090762993936223,0.999996234147843,0.0,0.00048828125,0.00146484375,0.0018176287412643433,0.00244140625,0.019394055008888245,0.058182165026664734,0.07219444215297699,0.09697027504444122,0.0,0.0,0.0,0.0
Gamma,Gamma,Gamma,Gamma,base,,,3,transformer_encoder.4.deepnorm_alpha.tensor,transformer_encoder.4.deepnorm_alpha,transformer_norm_deepnorm,Transformer norm/deepnorm,3,4.0,deepnorm_alpha,Norm/deepnorm,scalar,1,2.44921875,0.0,2.44921875,0.0,0.0,0.0,0.0,0.0,0.0,2.44921875,2.44921875,0.0,0.9999999999998332,0.0,0.0,0.0,0.0,0.0,0.0,0.0,0.0,0.0,0.0,0.0,0.0,0.0
Gamma,Gamma,Gamma,Gamma,base,,,3,transformer_encoder.4.norm1.weight.tensor,transformer_encoder.4.norm1.weight,transformer_norm_deepnorm,Transformer norm/deepnorm,3,4.0,norm1_weight,Norm/deepnorm,512,512,0.2992434501647949,0.024999048560857773,0.29996371269226074,0.024947384372353554,0.0007202625274658203,0.0006057547288946807,0.3975830078125,0.02129523511521687,0.00244140625,6.794692537538951,6.81083700898351,0.0031340984154268896,0.9999980763215132,0.0,0.000732421875,0.001708984375,0.002197265625,0.00244140625,0.029297979548573494,0.06836195290088654,0.08789394050836563,0.09765993058681488,0.0,0.0,0.0,0.0
Gamma,Gamma,Gamma,Gamma,base,,,3,transformer_encoder.4.norm2.weight.tensor,transformer_encoder.4.norm2.weight,transformer_norm_deepnorm,Transformer norm/deepnorm,3,4.0,norm2_weight,Norm/deepnorm,512,512,0.26636767387390137,0.023428261280059814,0.26663851737976074,0.023346498608589172,0.000270843505859375,0.0006312488112598658,0.27294921875,0.015542767619528325,0.002197265625,6.0504805192778,6.056423642215295,0.0025688484691429067,0.9999973589170906,0.0,0.00048828125,0.0013427734375,0.001708984375,0.002197265625,0.02084154076874256,0.05731423571705818,0.07294539362192154,0.09378693252801895,0.0,0.0,0.0,0.0
Gamma,Gamma,Gamma,Gamma,base,,,3,transformer_encoder.5.deepnorm_alpha.tensor,transformer_encoder.5.deepnorm_alpha,transformer_norm_deepnorm,Transformer norm/deepnorm,3,5.0,deepnorm_alpha,Norm/deepnorm,scalar,1,2.44921875,0.0,2.44921875,0.0,0.0,0.0,0.0,0.0,0.0,2.44921875,2.44921875,0.0,0.9999999999998332,0.0,0.0,0.0,0.0,0.0,0.0,0.0,0.0,0.0,0.0,0.0,0.0,0.0
Gamma,Gamma,Gamma,Gamma,base,,,3,transformer_encoder.5.norm1.weight.tensor,transformer_encoder.5.norm1.weight,transformer_norm_deepnorm,Transformer norm/deepnorm,3,5.0,norm1_weight,Norm/deepnorm,512,512,0.3453552722930908,0.03312533721327782,0.3462402820587158,0.03313736617565155,0.000885009765625,0.0006152906571514904,0.46923828125,0.024389636218246438,0.002685546875,7.850361624971315,7.870321670414798,0.0031068169064546055,0.9999985626264852,0.0,0.0008544921875,0.001953125,0.00244140625,0.0025607943534851074,0.025795720517635345,0.058961644768714905,0.07370205223560333,0.07730618864297867,0.0,0.0,0.0,0.0
Gamma,Gamma,Gamma,Gamma,base,,,3,transformer_encoder.5.norm2.weight.tensor,transformer_encoder.5.norm2.weight,transformer_norm_deepnorm,Transformer norm/deepnorm,3,5.0,norm2_weight,Norm/deepnorm,512,512,0.2933690547943115,0.026023084297776222,0.2936546802520752,0.026012064889073372,0.0002856254577636719,0.0006171059794723988,0.27490234375,0.015386671149012432,0.001953125,6.664248250360399,6.670663906839245,0.0023088382321558953,0.9999980173517531,0.0,0.00048828125,0.001220703125,0.001708984375,0.0018283724784851074,0.018763381987810135,0.046908456832170486,0.06567183881998062,0.07025961577892303,0.0,0.0,0.0,0.0
Gamma,Gamma,Gamma,Gamma,base,,,3,transformer_encoder.6.deepnorm_alpha.tensor,transformer_encoder.6.deepnorm_alpha,transformer_norm_deepnorm,Transformer norm/deepnorm,3,6.0,deepnorm_alpha,Norm/deepnorm,scalar,1,2.44921875,0.0,2.44921875,0.0,0.0,0.0,0.0,0.0,0.0,2.44921875,2.44921875,0.0,0.9999999999998332,0.0,0.0,0.0,0.0,0.0,0.0,0.0,0.0,0.0,0.0,0.0,0.0,0.0
Gamma,Gamma,Gamma,Gamma,base,,,3,transformer_encoder.6.norm1.weight.tensor,transformer_encoder.6.norm1.weight,transformer_norm_deepnorm,Transformer norm/deepnorm,3,6.0,norm1_weight,Norm/deepnorm,512,512,0.37731361389160156,0.03207424655556679,0.3783111572265625,0.03203001245856285,0.0009975433349609375,0.0006263745599426329,0.525390625,0.026652732626001138,0.0029296875,8.56842326202818,8.590830025944406,0.0031105761014529085,0.9999986943881249,0.0,0.0009765625,0.001953125,0.00244140625,0.002680182456970215,0.03044692426919937,0.06089384853839874,0.07611731439828873,0.08356179296970367,0.0,0.0,0.0,0.0
Gamma,Gamma,Gamma,Gamma,base,,,3,transformer_encoder.6.norm2.weight.tensor,transformer_encoder.6.norm2.weight,transformer_norm_deepnorm,Transformer norm/deepnorm,3,6.0,norm2_weight,Norm/deepnorm,512,512,0.3220500946044922,0.03167623281478882,0.32241392135620117,0.03163459524512291,0.0003638267517089844,0.0005980152054689825,0.273193359375,0.015839064046199797,0.00244140625,7.322325276080711,7.3304265359010445,0.0021631194257291345,0.9999984792818543,0.0,0.00048828125,0.00146484375,0.0019262731075286865,0.0023166537284851074,0.015414745546877384,0.04624423757195473,0.06081128492951393,0.0731353685259819,0.0,0.0,0.0,0.0
Gamma,Gamma,Gamma,Gamma,base,,,3,transformer_encoder.7.deepnorm_alpha.tensor,transformer_encoder.7.deepnorm_alpha,transformer_norm_deepnorm,Transformer norm/deepnorm,3,7.0,deepnorm_alpha,Norm/deepnorm,scalar,1,2.44921875,0.0,2.44921875,0.0,0.0,0.0,0.0,0.0,0.0,2.44921875,2.44921875,0.0,0.9999999999998332,0.0,0.0,0.0,0.0,0.0,0.0,0.0,0.0,0.0,0.0,0.0,0.0,0.0
Gamma,Gamma,Gamma,Gamma,base,,,3,transformer_encoder.7.norm1.weight.tensor,transformer_encoder.7.norm1.weight,transformer_norm_deepnorm,Transformer norm/deepnorm,3,7.0,norm1_weight,Norm/deepnorm,512,512,0.3905153274536133,0.037597835063934326,0.3915548324584961,0.037528086453676224,0.0010395050048828125,0.0006352100754156709,0.54345703125,0.027565195656782115,0.002685546875,8.87721160411634,8.9004744156825,0.0031051637480396547,0.9999987896462555,0.0,0.0009765625,0.002197265625,0.002685546875,0.002685546875,0.02597389556467533,0.05844126269221306,0.07142820954322815,0.07142820954322815,0.0,0.0,0.0,0.0
Gamma,Gamma,Gamma,Gamma,base,,,3,transformer_encoder.7.norm2.weight.tensor,transformer_encoder.7.norm2.weight,transformer_norm_deepnorm,Transformer norm/deepnorm,3,7.0,norm2_weight,Norm/deepnorm,512,512,0.32169532775878906,0.04555841535329819,0.32207655906677246,0.0455588698387146,0.00038123130798339844,0.00060660281451419,0.2921142578125,0.0162114706296465,0.00244140625,7.351766942229029,7.360309517198638,0.0022051121529063373,0.9999984888950624,0.0,0.00048828125,0.00146484375,0.001708984375,0.002191901206970215,0.010717693716287613,0.03215308114886284,0.037511926144361496,0.04811187461018562,0.0,0.0,0.0,0.0
Gamma,Gamma,Gamma,Gamma,base,,,3,transformer_encoder.8.deepnorm_alpha.tensor,transformer_encoder.8.deepnorm_alpha,transformer_norm_deepnorm,Transformer norm/deepnorm,3,8.0,deepnorm_alpha,Norm/deepnorm,scalar,1,2.44921875,0.0,2.44921875,0.0,0.0,0.0,0.0,0.0,0.0,2.44921875,2.44921875,0.0,0.9999999999998332,0.0,0.0,0.0,0.0,0.0,0.0,0.0,0.0,0.0,0.0,0.0,0.0,0.0
Gamma,Gamma,Gamma,Gamma,base,,,3,transformer_encoder.8.norm1.weight.tensor,transformer_encoder.8.norm1.weight,transformer_norm_deepnorm,Transformer norm/deepnorm,3,8.0,norm1_weight,Norm/deepnorm,512,512,0.3574991226196289,0.035378359258174896,0.35837554931640625,0.035333793610334396,0.0008764266967773438,0.00063776143360883,0.4716796875,0.024526110068113983,0.002685546875,8.12879456164262,8.148430945886625,0.0030171890656263394,0.9999986488833721,0.0,0.000732421875,0.001953125,0.00244140625,0.002685546875,0.020702533423900604,0.05520675331354141,0.06900843977928162,0.07590928673744202,0.0,0.0,0.0,0.0
Gamma,Gamma,Gamma,Gamma,base,,,3,transformer_encoder.8.norm2.weight.tensor,transformer_encoder.8.norm2.weight,transformer_norm_deepnorm,Transformer norm/deepnorm,3,8.0,norm2_weight,Norm/deepnorm,512,512,0.2291562557220459,0.021944638341665268,0.2302846908569336,0.021794086322188377,0.0011284351348876953,0.0006792835774831474,0.5838623046875,0.029802911188031234,0.0030517578125,5.208934942467921,5.234030641074714,0.005721498063845141,0.9999954594193631,0.0,0.0010986328125,0.0023193359375,0.0026721209287643433,0.0030517578125,0.05006381496787071,0.10569027811288834,0.12176640331745148,0.1390661597251892,0.0,0.0,0.0,0.0
Gamma,Gamma,Gamma,Gamma,base,,,3,transformer_encoder.9.deepnorm_alpha.tensor,transformer_encoder.9.deepnorm_alpha,transformer_norm_deepnorm,Transformer norm/deepnorm,3,9.0,deepnorm_alpha,Norm/deepnorm,scalar,1,2.44921875,0.0,2.44921875,0.0,0.0,0.0,0.0,0.0,0.0,2.44921875,2.44921875,0.0,0.9999999999998332,0.0,0.0,0.0,0.0,0.0,0.0,0.0,0.0,0.0,0.0,0.0,0.0,0.0
Gamma,Gamma,Gamma,Gamma,base,,,3,transformer_encoder.9.norm1.weight.tensor,transformer_encoder.9.norm1.weight,transformer_norm_deepnorm,Transformer norm/deepnorm,3,9.0,norm1_weight,Norm/deepnorm,512,512,0.21958576142787933,0.03401067852973938,0.22017022967338562,0.03396589308977127,0.0005844682455062866,0.000634781492408365,0.36077117919921875,0.019524598479145307,0.0025634765625,5.027902946998241,5.0408179249178255,0.003883248878301838,0.9999958778231539,0.0,0.0006103515625,0.0016712176147848368,0.001953125,0.0024387240409851074,0.017945874482393265,0.049138009548187256,0.05742679908871651,0.07170463353395462,0.0,0.0,0.0,0.0
Gamma,Gamma,Gamma,Gamma,base,,,3,transformer_encoder.9.norm2.weight.tensor,transformer_encoder.9.norm2.weight,transformer_norm_deepnorm,Transformer norm/deepnorm,3,9.0,norm2_weight,Norm/deepnorm,512,512,0.27030277252197266,0.03048752062022686,0.2703835964202881,0.030454685911536217,8.082389831542969e-05,0.0006096966098994017,0.2459716796875,0.013916551010808605,0.001953125,6.155034443861948,6.156768622071375,0.002261002946081723,0.9999976740621773,0.0,0.00048828125,0.001220703125,0.001708984375,0.0018907487392425537,0.01601576991379261,0.04003942385315895,0.05605519190430641,0.06201711669564247,0.0,0.0,0.0,0.0
Gamma,Gamma,Gamma,Gamma,base,,,3,transformer_encoder.10.deepnorm_alpha.tensor,transformer_encoder.10.deepnorm_alpha,transformer_norm_deepnorm,Transformer norm/deepnorm,3,10.0,deepnorm_alpha,Norm/deepnorm,scalar,1,2.44921875,0.0,2.44921875,0.0,0.0,0.0,0.0,0.0,0.0,2.44921875,2.44921875,0.0,0.9999999999998332,0.0,0.0,0.0,0.0,0.0,0.0,0.0,0.0,0.0,0.0,0.0,0.0,0.0
Gamma,Gamma,Gamma,Gamma,base,,,3,transformer_encoder.10.norm1.weight.tensor,transformer_encoder.10.norm1.weight,transformer_norm_deepnorm,Transformer norm/deepnorm,3,10.0,norm1_weight,Norm/deepnorm,512,512,0.2463228702545166,0.026740267872810364,0.24713134765625,0.026665417477488518,0.0008084774017333984,0.0006071063689887524,0.4334716796875,0.022877357465658294,0.0029296875,5.60639589730117,5.624401145422409,0.004080581871977148,0.9999969746380741,0.0,0.000732421875,0.0018310546875,0.002197265625,0.002742558717727661,0.027390211820602417,0.06847552955150604,0.08217063546180725,0.10256283730268478,0.0,0.0,0.0,0.0
Gamma,Gamma,Gamma,Gamma,base,,,3,transformer_encoder.10.norm2.weight.tensor,transformer_encoder.10.norm2.weight,transformer_norm_deepnorm,Transformer norm/deepnorm,3,10.0,norm2_weight,Norm/deepnorm,512,512,0.33830833435058594,0.027939941734075546,0.3386029005050659,0.027973704040050507,0.00029456615447998047,0.0006333519122563303,0.28411865234375,0.015805277332079957,0.00244140625,7.681105023995469,7.687810379833734,0.002057682753028742,0.9999984103984421,0.0,0.00048828125,0.00146484375,0.001708984375,0.0023166537284851074,0.017476094886660576,0.05242828652262688,0.06116633489727974,0.08291545510292053,0.0,0.0,0.0,0.0
Gamma,Gamma,Gamma,Gamma,base,,,3,transformer_encoder.11.deepnorm_alpha.tensor,transformer_encoder.11.deepnorm_alpha,transformer_norm_deepnorm,Transformer norm/deepnorm,3,11.0,deepnorm_alpha,Norm/deepnorm,scalar,1,2.44921875,0.0,2.44921875,0.0,0.0,0.0,0.0,0.0,0.0,2.44921875,2.44921875,0.0,0.9999999999998332,0.0,0.0,0.0,0.0,0.0,0.0,0.0,0.0,0.0,0.0,0.0,0.0,0.0
Gamma,Gamma,Gamma,Gamma,base,,,3,transformer_encoder.11.norm1.weight.tensor,transformer_encoder.11.norm1.weight,transformer_norm_deepnorm,Transformer norm/deepnorm,3,11.0,norm1_weight,Norm/deepnorm,512,512,0.25324106216430664,0.026536356657743454,0.2539680004119873,0.026481466367840767,0.0007269382476806641,0.0005735753802582622,0.4017333984375,0.020952401054102267,0.00244140625,5.761564484163635,5.777794707509856,0.0036365818887715076,0.9999975393482423,0.0,0.000732421875,0.001708984375,0.001953125,0.0023790299892425537,0.027600685134530067,0.06440159678459167,0.07360182702541351,0.0896516889333725,0.0,0.0,0.0,0.0
Gamma,Gamma,Gamma,Gamma,base,,,3,transformer_encoder.11.norm2.weight.tensor,transformer_encoder.11.norm2.weight,transformer_norm_deepnorm,Transformer norm/deepnorm,3,11.0,norm2_weight,Norm/deepnorm,512,512,0.3390350341796875,0.018608592450618744,0.33946657180786133,0.018597004935145378,0.0004315376281738281,0.0005517842364497483,0.283447265625,0.015850349451298273,0.002197265625,7.683033211474052,7.692768555553742,0.0020630327912190805,0.9999988655135373,0.0,0.00048828125,0.00146484375,0.001708984375,0.0020725131034851074,0.02623954601585865,0.0787186324596405,0.09183841198682785,0.11137393116950989,0.0,0.0,0.0,0.0
Gamma,Gamma,Gamma,Gamma,base,,,3,transformer_encoder.12.deepnorm_alpha.tensor,transformer_encoder.12.deepnorm_alpha,transformer_norm_deepnorm,Transformer norm/deepnorm,3,12.0,deepnorm_alpha,Norm/deepnorm,scalar,1,2.44921875,0.0,2.44921875,0.0,0.0,0.0,0.0,0.0,0.0,2.44921875,2.44921875,0.0,0.9999999999998332,0.0,0.0,0.0,0.0,0.0,0.0,0.0,0.0,0.0,0.0,0.0,0.0,0.0
Gamma,Gamma,Gamma,Gamma,base,,,3,transformer_encoder.12.norm1.weight.tensor,transformer_encoder.12.norm1.weight,transformer_norm_deepnorm,Transformer norm/deepnorm,3,12.0,norm1_weight,Norm/deepnorm,512,512,0.2584099769592285,0.020306674763560295,0.2592952251434326,0.020291564986109734,0.0008852481842041016,0.000555965059902519,0.4632568359375,0.023653623387240228,0.0025634765625,5.86517583949312,5.885118901194875,0.0040328924544707915,0.9999978041317512,0.0,0.0009765625,0.001708984375,0.002197265625,0.0025011003017425537,0.04809069260954857,0.08415871113538742,0.10820405930280685,0.12316635251045227,0.0,0.0,0.0,0.0
Gamma,Gamma,Gamma,Gamma,base,,,3,transformer_encoder.12.norm2.weight.tensor,transformer_encoder.12.norm2.weight,transformer_norm_deepnorm,Transformer norm/deepnorm,3,12.0,norm2_weight,Norm/deepnorm,512,512,0.2992253303527832,0.017497792840003967,0.299685001373291,0.017610102891921997,0.0004596710205078125,0.0006284851115196943,0.3076171875,0.017618768117840543,0.00341796875,6.782262207992182,6.792794100867281,0.0025977715956006656,0.9999980159659501,0.0,0.00048828125,0.00146484375,0.0021704137325286865,0.003168463706970215,0.027905290946364403,0.08371587097644806,0.12403922528028488,0.18107780814170837,0.0,0.0,0.0,0.0
Gamma,Gamma,Gamma,Gamma,base,,,3,transformer_encoder.13.deepnorm_alpha.tensor,transformer_encoder.13.deepnorm_alpha,transformer_norm_deepnorm,Transformer norm/deepnorm,3,13.0,deepnorm_alpha,Norm/deepnorm,scalar,1,2.44921875,0.0,2.44921875,0.0,0.0,0.0,0.0,0.0,0.0,2.44921875,2.44921875,0.0,0.9999999999998332,0.0,0.0,0.0,0.0,0.0,0.0,0.0,0.0,0.0,0.0,0.0,0.0,0.0
Gamma,Gamma,Gamma,Gamma,base,,,3,transformer_encoder.13.norm1.weight.tensor,transformer_encoder.13.norm1.weight,transformer_norm_deepnorm,Transformer norm/deepnorm,3,13.0,norm1_weight,Norm/deepnorm,512,512,0.29320549964904785,0.021444566547870636,0.294036865234375,0.021477816626429558,0.0008313655853271484,0.0005819538491778076,0.4461669921875,0.02296252575054189,0.00244140625,6.65220354327806,6.671019881255303,0.00345186758059165,0.9999982297707807,0.0,0.000732421875,0.001708984375,0.002197265625,0.00244140625,0.03415418043732643,0.07969308644533157,0.102462537586689,0.1138472631573677,0.0,0.0,0.0,0.0
Gamma,Gamma,Gamma,Gamma,base,,,3,transformer_encoder.13.norm2.weight.tensor,transformer_encoder.13.norm2.weight,transformer_norm_deepnorm,Transformer norm/deepnorm,3,13.0,norm2_weight,Norm/deepnorm,512,512,0.3176431655883789,0.018648406490683556,0.31840991973876953,0.01876755990087986,0.000766754150390625,0.0007101384690031409,0.4345703125,0.02364763787955818,0.00390625,7.199819604944974,7.217297692788356,0.00328447644206436,0.9999976537948084,0.0,0.000732421875,0.001953125,0.002685546875,0.0035319924354553223,0.039275284856557846,0.10473410040140152,0.14400938153266907,0.18939906358718872,0.0,0.0,0.0,0.0
Gamma,Gamma,Gamma,Gamma,base,,,3,transformer_encoder.14.deepnorm_alpha.tensor,transformer_encoder.14.deepnorm_alpha,transformer_norm_deepnorm,Transformer norm/deepnorm,3,14.0,deepnorm_alpha,Norm/deepnorm,scalar,1,2.44921875,0.0,2.44921875,0.0,0.0,0.0,0.0,0.0,0.0,2.44921875,2.44921875,0.0,0.9999999999998332,0.0,0.0,0.0,0.0,0.0,0.0,0.0,0.0,0.0,0.0,0.0,0.0,0.0
Gamma,Gamma,Gamma,Gamma,base,,,3,transformer_encoder.14.norm1.weight.tensor,transformer_encoder.14.norm1.weight,transformer_norm_deepnorm,Transformer norm/deepnorm,3,14.0,norm1_weight,Norm/deepnorm,512,512,0.2626149654388428,0.021146051585674286,0.2633957862854004,0.021183159202337265,0.0007808208465576172,0.0005958384717814624,0.4310302734375,0.022224508770554822,0.0028076171875,5.961530383461906,5.979208845284411,0.0037279871678931467,0.999997695215828,0.0,0.000732421875,0.001708984375,0.0021838396787643433,0.002620488405227661,0.034636326134204865,0.08081809431314468,0.10327406227588654,0.12392323464155197,0.0,0.0,0.0,0.0
Gamma,Gamma,Gamma,Gamma,base,,,3,transformer_encoder.14.norm2.weight.tensor,transformer_encoder.14.norm2.weight,transformer_norm_deepnorm,Transformer norm/deepnorm,3,14.0,norm2_weight,Norm/deepnorm,512,512,0.4210224151611328,0.024189021438360214,0.4223771095275879,0.0242881178855896,0.0013546943664550781,0.0007666519959457219,0.701416015625,0.035221463225002525,0.004638671875,9.542359128476376,9.573090317527516,0.0036910645209202717,0.9999986129757238,0.0,0.001220703125,0.002685546875,0.003173828125,0.004389166831970215,0.05046515166759491,0.11102333664894104,0.13120940327644348,0.18145278096199036,0.0,0.0,0.0,0.0
Gamma,Gamma,Gamma,Gamma,base,,,3,transformer_encoder.15.deepnorm_alpha.tensor,transformer_encoder.15.deepnorm_alpha,transformer_norm_deepnorm,Transformer norm/deepnorm,3,15.0,deepnorm_alpha,Norm/deepnorm,scalar,1,2.44921875,0.0,2.44921875,0.0,0.0,0.0,0.0,0.0,0.0,2.44921875,2.44921875,0.0,0.9999999999998332,0.0,0.0,0.0,0.0,0.0,0.0,0.0,0.0,0.0,0.0,0.0,0.0,0.0
Gamma,Gamma,Gamma,Gamma,base,,,3,transformer_encoder.15.norm1.weight.tensor,transformer_encoder.15.norm1.weight,transformer_norm_deepnorm,Transformer norm/deepnorm,3,15.0,norm1_weight,Norm/deepnorm,512,512,0.25661516189575195,0.0307583287358284,0.257216215133667,0.030864421278238297,0.0006010532379150391,0.0006282107788138092,0.3648681640625,0.01967302365392278,0.00244140625,5.848099828700371,5.861889109067311,0.00336400270689144,0.9999973763623896,0.0,0.0006103515625,0.001708984375,0.001953125,0.0023790299892425537,0.01984344981610775,0.05556166172027588,0.06349904090166092,0.07734585553407669,0.0,0.0,0.0,0.0
Gamma,Gamma,Gamma,Gamma,base,,,3,transformer_encoder.15.norm2.weight.tensor,transformer_encoder.15.norm2.weight,transformer_norm_deepnorm,Transformer norm/deepnorm,3,15.0,norm2_weight,Norm/deepnorm,512,512,0.5345916748046875,0.02535323053598404,0.5353937149047852,0.025409571826457977,0.0008020401000976562,0.0007473977748304605,0.4560546875,0.024806417570079176,0.00244140625,12.110023924144798,12.128211156612297,0.002048420195159023,0.9999991521291018,0.0,0.0009765625,0.001953125,0.00244140625,0.00244140625,0.03851825371384621,0.07703650742769241,0.09629563242197037,0.09629563242197037,0.0,0.0,0.0,0.0
Gamma,Gamma,Gamma,Gamma,base,,,3,transformer_encoder.16.deepnorm_alpha.tensor,transformer_encoder.16.deepnorm_alpha,transformer_norm_deepnorm,Transformer norm/deepnorm,3,16.0,deepnorm_alpha,Norm/deepnorm,scalar,1,2.44921875,0.0,2.44921875,0.0,0.0,0.0,0.0,0.0,0.0,2.44921875,2.44921875,0.0,0.9999999999998332,0.0,0.0,0.0,0.0,0.0,0.0,0.0,0.0,0.0,0.0,0.0,0.0,0.0
Gamma,Gamma,Gamma,Gamma,base,,,3,transformer_encoder.16.norm1.weight.tensor,transformer_encoder.16.norm1.weight,transformer_norm_deepnorm,Transformer norm/deepnorm,3,16.0,norm1_weight,Norm/deepnorm,512,512,0.255903959274292,0.03497700020670891,0.25684046745300293,0.03506547212600708,0.0009365081787109375,0.0007227995665743947,0.506591796875,0.026768213185929285,0.0032958984375,5.8442819934567645,5.865548505573902,0.004580239833720258,0.9999963031643286,0.0,0.0009765625,0.002197265625,0.002685546875,0.003108769655227661,0.027920125052332878,0.06282027810811996,0.07678034156560898,0.08888036757707596,0.0,0.0,0.0,0.0
Gamma,Gamma,Gamma,Gamma,base,,,3,transformer_encoder.16.norm2.weight.tensor,transformer_encoder.16.norm2.weight,transformer_norm_deepnorm,Transformer norm/deepnorm,3,16.0,norm2_weight,Norm/deepnorm,512,512,0.39286327362060547,0.027819156646728516,0.39376306533813477,0.028001565486192703,0.0008997917175292969,0.0008423054241575301,0.500732421875,0.027888725493899362,0.005859375,8.911739330814756,8.932340826820502,0.0031294368538657092,0.9999978737037379,0.0,0.0009765625,0.00244140625,0.003173828125,0.005235612392425537,0.035103946924209595,0.08775986731052399,0.11408782750368118,0.1882016360759735,0.0,0.0,0.0,0.0
Gamma,Gamma,Gamma,Gamma,base,,,3,transformer_encoder.17.deepnorm_alpha.tensor,transformer_encoder.17.deepnorm_alpha,transformer_norm_deepnorm,Transformer norm/deepnorm,3,17.0,deepnorm_alpha,Norm/deepnorm,scalar,1,2.44921875,0.0,2.44921875,0.0,0.0,0.0,0.0,0.0,0.0,2.44921875,2.44921875,0.0,0.9999999999998332,0.0,0.0,0.0,0.0,0.0,0.0,0.0,0.0,0.0,0.0,0.0,0.0,0.0
Gamma,Gamma,Gamma,Gamma,base,,,3,transformer_encoder.17.norm1.weight.tensor,transformer_encoder.17.norm1.weight,transformer_norm_deepnorm,Transformer norm/deepnorm,3,17.0,norm1_weight,Norm/deepnorm,512,512,0.27333498001098633,0.019559422507882118,0.2739677429199219,0.01963457278907299,0.0006327629089355469,0.000762686540838331,0.400634765625,0.022423754889072334,0.003173828125,6.2006788066770735,6.2150815945806315,0.003616338724870277,0.999996405778269,0.0,0.000732421875,0.001953125,0.00244140625,0.0030490756034851074,0.03744596987962723,0.09985591471195221,0.12481989711523056,0.15588773787021637,0.0,0.0,0.0,0.0
Gamma,Gamma,Gamma,Gamma,base,,,3,transformer_encoder.17.norm2.weight.tensor,transformer_encoder.17.norm2.weight,transformer_norm_deepnorm,Transformer norm/deepnorm,3,17.0,norm2_weight,Norm/deepnorm,512,512,0.24103976786136627,0.018107499927282333,0.24500487744808197,0.01847974583506584,0.0039651100523769855,0.000784829375334084,2.0301363468170166,0.09146083542787221,0.007080078125,5.469475223955573,5.559574515165064,0.016722049498874993,0.999995988975068,0.0,0.00390625,0.005126953125,0.005859375,0.006955325603485107,0.21572542190551758,0.2831396162509918,0.32358813285827637,0.38411277532577515,0.0,0.0,0.0,0.0
Gamma,Gamma,Gamma,Gamma,base,,,3,upsample.linear.bias.tensor,upsample.linear.bias,upsample,Upsample,4,,linear_bias,Upsample,1024,1024,0.0006987148080952466,0.0231142770498991,0.0006924026529304683,0.023222636431455612,-6.3121551647782326e-06,0.0005550220957957208,0.453546404838562,0.01776185558962497,0.002197265625,0.73999470476885,0.7434546645605473,0.024002679309913694,0.9997240986259288,0.0087890625,0.00036907196044921875,0.0010963436216115952,0.001434326171875,0.00173879973590374,0.015967266634106636,0.047431427985429764,0.06205366551876068,0.07522618770599365,0.0,0.0,0.0,0.0
Gamma,Gamma,Gamma,Gamma,base,,,3,upsample.linear.weight.tensor,upsample.linear.weight,upsample,Upsample,4,,linear_weight,Upsample,1024x512,524288,2.0732361008413136e-05,0.06463779509067535,1.9903778593288735e-05,0.06463418155908585,-8.28591169010906e-07,0.0009237094782292843,384.0596618652344,0.6688369551838691,0.0064697265625,46.802790736270474,46.800174654121214,0.01429053577066998,0.9998968449071547,0.004749298095703125,0.0006103515625,0.001800537109375,0.00243377685546875,0.00341796875,0.009442641399800777,0.02785579115152359,0.037652529776096344,0.052878789603710175,0.0,0.0,0.0,0.0
Gamma,Gamma,Gamma,Gamma,base,,,3,crf.linear.weight.tensor,crf.linear.weight,crf,CRF head,5,,linear_weight,CRF,4096x512,2097152,-0.00031572766602039337,0.03356962278485298,-0.00031718448735773563,0.033452749252319336,-1.4567874586646212e-06,0.0009899158030748367,1672.9010009765625,1.4335423598056591,0.00472259521484375,48.61623023021093,48.44700763543735,0.029486909063442823,0.9995665803114971,0.009638309478759766,0.0006866455078125,0.00191497802734375,0.002471923828125,0.003143310546875,0.020454363897442818,0.057044949382543564,0.07363571226596832,0.09363552927970886,0.0,0.0,0.0,0.0
GammaQCH,GammaQCH,GammaQCH,Gamma,QCH,,,4,conv.0.conv.bias.tensor,conv.0.conv.bias,conv,Convolution front-end,0,0.0,conv_bias,Conv,64,64,-0.34886807203292847,0.4828624725341797,-0.34966975450515747,0.4814944565296173,-0.0008016546489670873,0.023020241409540176,0.7326457500457764,0.1842735569114523,0.13129985332489014,4.765644611255755,4.760543365239331,0.03866707905079335,0.9992521636653781,0.046875,0.0029296875,0.04565892741084099,0.08367635309696198,0.1265375316143036,0.006067333277314901,0.09455886483192444,0.17329230904579163,0.2620570659637451,0.0,0.0,0.0,0.0
GammaQCH,GammaQCH,GammaQCH,Gamma,QCH,,,4,conv.0.conv.weight.tensor,conv.0.conv.weight,conv,Convolution front-end,0,0.0,conv_weight,Conv,64x1x5,320,-0.001664625247940421,0.7632753252983093,-0.0019988506101071835,0.9372456669807434,-0.00033422670094296336,0.1761162430047989,20.125335693359375,3.150468876168986,1.1439142227172852,13.653916777224586,16.765998146476583,0.23073737210877793,0.9994748733085003,0.2750000059604645,0.003099207766354084,0.31670019030570984,0.9582914113998413,1.112311601638794,0.004060405772179365,0.4149226248264313,1.255499005317688,1.4572875499725342,0.01875000074505806,0.0,0.0,0.0
GammaQCH,GammaQCH,GammaQCH,Gamma,QCH,,,4,conv.1.conv.bias.tensor,conv.1.conv.bias,conv,Convolution front-end,0,1.0,conv_bias,Conv,64,64,-0.35623908042907715,3.126411199569702,-0.3897894322872162,3.119171142578125,-0.03355042636394501,0.1571493148803711,5.718122482299805,1.2855265353508365,0.8219127655029297,25.173133406626448,25.147455760971127,0.05106740247967661,0.9986952421063143,0.0,0.0380558967590332,0.32157713174819946,0.5739203095436096,0.7971136569976807,0.012172389775514603,0.10285823792219162,0.18357160687446594,0.2549612522125244,0.0,0.0,0.0,0.0
GammaQCH,GammaQCH,GammaQCH,Gamma,QCH,,,4,conv.1.conv.weight.tensor,conv.1.conv.weight,conv,Convolution front-end,0,1.0,conv_weight,Conv,64x64x5,20480,-0.005043329205363989,0.2731286585330963,-0.005512337200343609,0.27445194125175476,-0.0004690078494604677,0.01313003245741129,97.97481536865234,1.8802155752562086,0.254467248916626,39.093653202318215,39.284282898030604,0.048095161777939585,0.9988608888761122,0.08237304538488388,0.0013336623087525368,0.01991741545498371,0.05377240106463432,0.1472642719745636,0.004882908426225185,0.0729231983423233,0.1968757063150406,0.5391754508018494,0.0,0.0,0.0,0.0
GammaQCH,GammaQCH,GammaQCH,Gamma,QCH,,,4,conv.2.conv.bias.tensor,conv.2.conv.bias,conv,Convolution front-end,0,2.0,conv_bias,Conv,128,128,-0.23985695838928223,0.8994260430335999,-0.2415606677532196,0.9138495326042175,-0.0017037024954333901,0.04914579167962074,3.611645460128784,0.5563551856896256,0.24457716941833496,10.53146805806331,10.694133283924225,0.052827885212413966,0.9987432629854163,0.0078125,0.011367585510015488,0.09324206411838531,0.2005998194217682,0.2413419932126999,0.01263871043920517,0.10366840660572052,0.2230309247970581,0.2683289051055908,0.0,0.0,0.0,0.0
GammaQCH,GammaQCH,GammaQCH,Gamma,QCH,,,4,conv.2.conv.weight.tensor,conv.2.conv.weight,conv,Convolution front-end,0,2.0,conv_weight,Conv,128x64x9,73728,0.0019348718924447894,0.13461939990520477,0.0019608009606599808,0.1373540312051773,2.59289317909861e-05,0.006631490774452686,248.74659729003906,1.8006558653898153,0.17187809944152832,36.55684384668964,37.29940325794016,0.04925632729513717,0.999013357050209,0.02727593295276165,0.0014348868280649185,0.012998840771615505,0.0269811749458313,0.0552276149392128,0.010658839717507362,0.09655992686748505,0.20042559504508972,0.4102500081062317,5.425347262644209e-05,0.0,0.0,0.0
GammaQCH,GammaQCH,GammaQCH,Gamma,QCH,,,4,conv.3.conv.bias.tensor,conv.3.conv.bias,conv,Convolution front-end,0,3.0,conv_bias,Conv,128,128,-0.27887842059135437,0.6861683130264282,-0.28894272446632385,0.7099200487136841,-0.010064294561743736,0.03570936992764473,2.570025682449341,0.4197445694729449,0.20554375648498535,8.379785792997541,8.671604461573896,0.05009013116106725,0.9993736600525553,0.0078125,0.008071720600128174,0.09546962380409241,0.12299159169197083,0.1954784095287323,0.011763470247387886,0.13913440704345703,0.1792440563440323,0.2848840653896332,0.0,0.0,0.0,0.0
GammaQCH,GammaQCH,GammaQCH,Gamma,QCH,,,4,conv.3.conv.weight.tensor,conv.3.conv.weight,conv,Convolution front-end,0,3.0,conv_weight,Conv,128x128x9,147456,2.159507403121097e-06,0.045519500970840454,-3.572511559468694e-05,0.04680833965539932,-3.7884590710746124e-05,0.002847898518666625,186.62728881835938,1.0936897806211077,0.13364017009735107,17.479488886643146,17.974407227654183,0.0625698947900463,0.9984862469583216,0.0060628256760537624,0.0005137994885444641,0.004822377115488052,0.011398278176784515,0.027470001950860023,0.011287456378340721,0.10594087839126587,0.2504042088985443,0.6034774780273438,0.00020345051598269492,4.747178900288418e-05,0.0,0.0
GammaQCH,GammaQCH,GammaQCH,Gamma,QCH,,,4,conv.4.conv.bias.tensor,conv.4.conv.bias,conv,Convolution front-end,0,4.0,conv_bias,Conv,512,512,0.018486348912119865,0.1553741842508316,0.0182762760668993,0.15685847401618958,-0.00021006983297411352,0.006458895280957222,1.812038540840149,0.1462253951502858,0.06262624263763428,3.5405137074041804,3.573313046962412,0.041300615457143204,0.9991974566751144,0.033203125,0.0018760152161121368,0.012950670905411243,0.02710065059363842,0.051468901336193085,0.012074174359440804,0.0833514928817749,0.17442181706428528,0.33125773072242737,0.0,0.0,0.0,0.0
GammaQCH,GammaQCH,GammaQCH,Gamma,QCH,,,4,conv.4.conv.weight.tensor,conv.4.conv.weight,conv,Convolution front-end,0,4.0,conv_weight,Conv,512x128x5,327680,0.0007904483936727047,0.04287688806653023,0.0007856440497562289,0.04277350381016731,-4.8043652896012645e-06,0.0017824071692302823,310.0992431640625,1.0203129486503608,0.05261601507663727,24.54832830078825,24.489107162755165,0.04156343911277889,0.9991372905048391,0.0276947021484375,0.00046230247244238853,0.0034804479219019413,0.0073125907219946384,0.014896792359650135,0.010782087221741676,0.08117303252220154,0.17054849863052368,0.34743165969848633,3.051757857974735e-06,0.0,0.0,0.0
GammaQCH,GammaQCH,GammaQCH,Gamma,QCH,,,4,transformer_encoder.0.self_attn.Wqkv.weight.tensor,transformer_encoder.0.self_attn.Wqkv.weight,transformer_self_attn,Transformer self-attention,1,0.0,self_attn_Wqkv_weight,Self-attention,1536x512,786432,-5.857439828105271e-05,0.08021117746829987,-5.935511944699101e-05,0.08017860352993011,-7.806816597621946e-07,0.0006967594963498414,423.33038330078125,0.6178928642121441,0.003662109375,71.13212906385026,71.10325142552378,0.008686550962891844,0.9999607899828515,0.00592041015625,0.00042724609375,0.00140380859375,0.001922607421875,0.00250244140625,0.0053265150636434555,0.017501406371593475,0.023969318717718124,0.031198160722851753,0.0,0.0,0.0,0.0
GammaQCH,GammaQCH,GammaQCH,Gamma,QCH,,,4,transformer_encoder.0.self_attn.out_proj.bias.tensor,transformer_encoder.0.self_attn.out_proj.bias,transformer_self_attn,Transformer self-attention,1,0.0,self_attn_out_proj_bias,Self-attention,512,512,-0.0022732503712177277,0.02975558303296566,-0.002240970730781555,0.02972317300736904,3.227952402085066e-05,0.0003680128138512373,0.14684981107711792,0.00835915074008641,0.0014511346817016602,0.6752539766188196,0.6744674524495288,0.012379269177992218,0.9999239545165611,0.05078125,0.00023540854454040527,0.0007467744871973991,0.0009765625,0.0012915391707792878,0.007911404594779015,0.025096947327256203,0.032819461077451706,0.043404921889305115,0.0,0.0,0.0,0.0
GammaQCH,GammaQCH,GammaQCH,Gamma,QCH,,,4,transformer_encoder.0.self_attn.out_proj.weight.tensor,transformer_encoder.0.self_attn.out_proj.weight,transformer_self_attn,Transformer self-attention,1,0.0,self_attn_out_proj_weight,Self-attention,512x512,262144,-1.71788597072009e-05,0.029549462720751762,-1.97204190044431e-05,0.029540838673710823,-2.5415570235054474e-06,0.0007398478919640183,150.87989807128906,0.3788041636008047,0.0037841796875,15.129331866915267,15.124916770012478,0.02503773246121637,0.9996859046245278,0.013004302978515625,0.00046539306640625,0.00148773193359375,0.0019989013671875,0.0026280581951141357,0.015749623998999596,0.05034715682268143,0.06764592230319977,0.08893757313489914,0.0,0.0,0.0,0.0
GammaQCH,GammaQCH,GammaQCH,Gamma,QCH,,,4,transformer_encoder.1.self_attn.Wqkv.weight.tensor,transformer_encoder.1.self_attn.Wqkv.weight,transformer_self_attn,Transformer self-attention,1,1.0,self_attn_Wqkv_weight,Self-attention,1536x512,786432,0.00025529079721309245,0.06557293981313705,0.00025695699150674045,0.06552007049322128,1.6661705330989207e-06,0.000732896791305393,447.2430114746094,0.6499411831434194,0.00389862060546875,58.15122896111053,58.10434780956585,0.011176740281414615,0.9999362343697564,0.0045077004469931126,0.000457763671875,0.00146484375,0.001983642578125,0.0025787353515625,0.006980983540415764,0.022339148446917534,0.030250929296016693,0.03932620957493782,0.0,0.0,0.0,0.0
GammaQCH,GammaQCH,GammaQCH,Gamma,QCH,,,4,transformer_encoder.1.self_attn.out_proj.bias.tensor,transformer_encoder.1.self_attn.out_proj.bias,transformer_self_attn,Transformer self-attention,1,1.0,self_attn_out_proj_bias,Self-attention,512,512,-0.00044205912854522467,0.029170624911785126,-0.0004752741660922766,0.029246801510453224,-3.3215037547051907e-05,0.0003744142595678568,0.14772623777389526,0.008505298931220406,0.001708984375,0.6601316910187729,0.6618669679422727,0.012884245745089744,0.999920672944877,0.005859375,0.00023317337036132812,0.0007206197478808463,0.001025753328576684,0.0014594793319702148,0.007993428036570549,0.024703603237867355,0.03516390174627304,0.05003248527646065,0.0,0.0,0.0,0.0
GammaQCH,GammaQCH,GammaQCH,Gamma,QCH,,,4,transformer_encoder.1.self_attn.out_proj.weight.tensor,transformer_encoder.1.self_attn.out_proj.weight,transformer_self_attn,Transformer self-attention,1,1.0,self_attn_out_proj_weight,Self-attention,512x512,262144,-6.949186354177073e-05,0.046070944517850876,-6.807495083194226e-05,0.046052105724811554,1.4168983852869133e-06,0.0007953601889312267,165.38885498046875,0.40722497075270636,0.0043182373046875,23.588355654028483,23.578708729934593,0.017263813413935115,0.9998505638005956,0.00862884521484375,0.00052642822265625,0.0015716552734375,0.002090051770210266,0.002685546875,0.011426466517150402,0.034113798290491104,0.04536592960357666,0.058291539549827576,0.0,0.0,0.0,0.0
GammaQCH,GammaQCH,GammaQCH,Gamma,QCH,,,4,transformer_encoder.2.self_attn.Wqkv.weight.tensor,transformer_encoder.2.self_attn.Wqkv.weight,transformer_self_attn,Transformer self-attention,1,2.0,self_attn_Wqkv_weight,Self-attention,1536x512,786432,-0.00013327761553227901,0.07562576979398727,-0.0001318466675002128,0.07557935267686844,1.4309274547485984e-06,0.0007929474231787026,494.4686584472656,0.703194254537509,0.00408935546875,67.06584189017163,67.02468280766982,0.01048513273998802,0.9999433227109156,0.0041325888596475124,0.000518798828125,0.0015716552734375,0.0020751953125,0.002685546875,0.0068600792437791824,0.020782005041837692,0.02744031697511673,0.03551099821925163,0.0,0.0,0.0,0.0
GammaQCH,GammaQCH,GammaQCH,Gamma,QCH,,,4,transformer_encoder.2.self_attn.out_proj.bias.tensor,transformer_encoder.2.self_attn.out_proj.bias,transformer_self_attn,Transformer self-attention,1,2.0,self_attn_out_proj_bias,Self-attention,512,512,-0.0003780202241614461,0.041862670332193375,-0.0003955905558541417,0.04189201816916466,-1.7570331692695618e-05,0.0003682016395032406,0.1434255838394165,0.008340932181230854,0.002197265625,0.9472827083974211,0.9479504184512922,0.008805113940412718,0.9999615838861196,0.001953125,0.0002288818359375,0.000732421875,0.0009715277701616287,0.0018230080604553223,0.005467443261295557,0.017495818436145782,0.023207491263747215,0.04354733228683472,0.0,0.0,0.0,0.0
GammaQCH,GammaQCH,GammaQCH,Gamma,QCH,,,4,transformer_encoder.2.self_attn.out_proj.weight.tensor,transformer_encoder.2.self_attn.out_proj.weight,transformer_self_attn,Transformer self-attention,1,2.0,self_attn_out_proj_weight,Self-attention,512x512,262144,-8.489452739013359e-05,0.05466361343860626,-8.6336447566282e-05,0.05463172122836113,-1.4419458693737397e-06,0.0007923177327029407,164.81460571289062,0.4056672721959884,0.00506591796875,27.987814295214935,27.97148751442317,0.014494424892097797,0.9998943337782092,0.00566864013671875,0.00052642822265625,0.001556396484375,0.0020751953125,0.0027311891317367554,0.009630320593714714,0.028472252190113068,0.03796300292015076,0.04996355623006821,0.0,0.0,0.0,0.0
GammaQCH,GammaQCH,GammaQCH,Gamma,QCH,,,4,transformer_encoder.3.self_attn.Wqkv.weight.tensor,transformer_encoder.3.self_attn.Wqkv.weight,transformer_self_attn,Transformer self-attention,1,3.0,self_attn_Wqkv_weight,Self-attention,1536x512,786432,-0.00014777800242882222,0.079198457300663,-0.00014895375352352858,0.07916117459535599,-1.1757707625292824e-06,0.0008034483762457967,500.77056884765625,0.7125062088946807,0.00390625,70.23416122047554,70.20109925020762,0.01014472439783266,0.9999470789470541,0.003986358642578125,0.0005340576171875,0.0015869140625,0.002105712890625,0.002716064453125,0.006743282545357943,0.020037181675434113,0.026587799191474915,0.034294407814741135,0.0,0.0,0.0,0.0
GammaQCH,GammaQCH,GammaQCH,Gamma,QCH,,,4,transformer_encoder.3.self_attn.out_proj.bias.tensor,transformer_encoder.3.self_attn.out_proj.bias,transformer_self_attn,Transformer self-attention,1,3.0,self_attn_out_proj_bias,Self-attention,512,512,0.0031509939581155777,0.04125424474477768,0.00312270550057292,0.04124792292714119,-2.8288457542657852e-05,0.0003547308733686805,0.14392411708831787,0.008052125662710997,0.00103759765625,0.9361959288482714,0.9360047496141253,0.008600897968663779,0.9999630520964139,0.0078125,0.000244140625,0.00069427490234375,0.00091552734375,0.0010220035910606384,0.005917950067669153,0.016829170286655426,0.02219231240451336,0.024773288518190384,0.0,0.0,0.0,0.0
GammaQCH,GammaQCH,GammaQCH,Gamma,QCH,,,4,transformer_encoder.3.self_attn.out_proj.weight.tensor,transformer_encoder.3.self_attn.out_proj.weight,transformer_self_attn,Transformer self-attention,1,3.0,self_attn_out_proj_weight,Self-attention,512x512,262144,-5.6098444474628195e-05,0.06004486232995987,-5.5644530220888555e-05,0.06004268303513527,4.5389970182441175e-07,0.0007844026549719274,163.37803649902344,0.40161416652801113,0.00360107421875,30.742993556776984,30.741879763389857,0.013063599866626075,0.9999138498559187,0.0051727294921875,0.000518798828125,0.001537322998046875,0.002044677734375,0.00262451171875,0.008640184998512268,0.025602901354432106,0.034052494913339615,0.043709173798561096,0.0,0.0,0.0,0.0
GammaQCH,GammaQCH,GammaQCH,Gamma,QCH,,,4,transformer_encoder.4.self_attn.Wqkv.weight.tensor,transformer_encoder.4.self_attn.Wqkv.weight,transformer_self_attn,Transformer self-attention,1,4.0,self_attn_Wqkv_weight,Self-attention,1536x512,786432,8.962970605352893e-05,0.08053357899188995,9.231516014551744e-05,0.08050135523080826,2.685452045625425e-06,0.0007909374544396996,493.1301574707031,0.7014147834488177,0.0045166015625,71.41809256282683,71.38951527097659,0.009821247785801197,0.999949896853309,0.00345611572265625,0.000518798828125,0.001560211181640625,0.0020751953125,0.002685546875,0.006442018318921328,0.019373422488570213,0.02576807327568531,0.03334691748023033,0.0,0.0,0.0,0.0
GammaQCH,GammaQCH,GammaQCH,Gamma,QCH,,,4,transformer_encoder.4.self_attn.out_proj.bias.tensor,transformer_encoder.4.self_attn.out_proj.bias,transformer_self_attn,Transformer self-attention,1,4.0,self_attn_out_proj_bias,Self-attention,512,512,0.005694971419870853,0.0415608175098896,0.005700018256902695,0.0415535643696785,5.046487785875797e-06,0.00031819488503970206,0.1300176978111267,0.0072008334794045874,0.0009002685546875,0.9492017642412698,0.9490547195432179,0.007586199004963797,0.9999711308446118,0.001953125,0.000213623046875,0.0006324765272438526,0.0008172616362571716,0.0008885730057954788,0.005140009336173534,0.015218092128634453,0.019664229825139046,0.02138005942106247,0.0,0.0,0.0,0.0
GammaQCH,GammaQCH,GammaQCH,Gamma,QCH,,,4,transformer_encoder.4.self_attn.out_proj.weight.tensor,transformer_encoder.4.self_attn.out_proj.weight,transformer_self_attn,Transformer self-attention,1,4.0,self_attn_out_proj_weight,Self-attention,512x512,262144,0.0001113375328714028,0.06491848826408386,0.00011265775538049638,0.06490935385227203,1.3201899946579942e-06,0.0007532687159255147,156.9955291748047,0.3856741157055242,0.00347900390625,33.23832692770689,33.23365324498365,0.011603295091968703,0.9999318818466507,0.00406646728515625,0.00048828125,0.00146484375,0.001953125,0.0025482177734375,0.007521450519561768,0.022564351558685303,0.03008580207824707,0.039252568036317825,0.0,0.0,0.0,0.0
GammaQCH,GammaQCH,GammaQCH,Gamma,QCH,,,4,transformer_encoder.5.self_attn.Wqkv.weight.tensor,transformer_encoder.5.self_attn.Wqkv.weight,transformer_self_attn,Transformer self-attention,1,5.0,self_attn_Wqkv_weight,Self-attention,1536x512,786432,-0.00015342856931965798,0.08280777931213379,-0.00015329377492889762,0.08278008550405502,1.3476278581947554e-07,0.0008084950386546552,504.29705810546875,0.7169809131156745,0.0045166015625,73.43495008870946,73.41039060799739,0.009763483358394762,0.9999506924130225,0.0036748249549418688,0.00054931640625,0.0015869140625,0.0021209716796875,0.00274658203125,0.006633632350713015,0.01916382648050785,0.025613190606236458,0.033168163150548935,0.0,0.0,0.0,0.0
GammaQCH,GammaQCH,GammaQCH,Gamma,QCH,,,4,transformer_encoder.5.self_attn.out_proj.bias.tensor,transformer_encoder.5.self_attn.out_proj.bias,transformer_self_attn,Transformer self-attention,1,5.0,self_attn_out_proj_bias,Self-attention,512,512,0.0076002441346645355,0.05128750950098038,0.007607517763972282,0.051228173077106476,7.2730472311377525e-06,0.0003212705778423697,0.13205212354660034,0.007271385870797091,0.0009307861328125,1.1731769704307082,1.1718730672184583,0.006198029840392579,0.9999814555546982,0.00390625,0.00021600723266601562,0.000640869140625,0.00079345703125,0.0008762069046497345,0.00421169213950634,0.012495615519583225,0.015470761805772781,0.017084212973713875,0.0,0.0,0.0,0.0
GammaQCH,GammaQCH,GammaQCH,Gamma,QCH,,,4,transformer_encoder.5.self_attn.out_proj.weight.tensor,transformer_encoder.5.self_attn.out_proj.weight,transformer_self_attn,Transformer self-attention,1,5.0,self_attn_out_proj_weight,Self-attention,512x512,262144,-3.0022030841792002e-05,0.05985739827156067,-3.1990344723453745e-05,0.05984986573457718,-1.9683066057041287e-06,0.0007813998381607234,162.8230743408203,0.40007790239026597,0.0039386749267578125,30.647003614813737,30.643148720008565,0.013054388853756283,0.9999140562390657,0.00530242919921875,0.000518798828125,0.00152587890625,0.0020414143800735474,0.0026397705078125,0.00866724457591772,0.025491897016763687,0.03410462290048599,0.04410098120570183,0.0,0.0,0.0,0.0
GammaQCH,GammaQCH,GammaQCH,Gamma,QCH,,,4,transformer_encoder.6.self_attn.Wqkv.weight.tensor,transformer_encoder.6.self_attn.Wqkv.weight,transformer_self_attn,Transformer self-attention,1,6.0,self_attn_Wqkv_weight,Self-attention,1536x512,786432,-5.458114901557565e-05,0.08206424862146378,-5.3585623390972614e-05,0.08203475177288055,9.955253972293576e-07,0.0007791531388647854,485.7103271484375,0.6909608645653205,0.00396728515625,72.77547341824717,72.74930868443012,0.009494419371129294,0.9999532135467506,0.0032958984375,0.000518798828125,0.00152587890625,0.002044677734375,0.002655029296875,0.006321860942989588,0.01859370991587639,0.02491557039320469,0.032353054732084274,0.0,0.0,0.0,0.0
GammaQCH,GammaQCH,GammaQCH,Gamma,QCH,,,4,transformer_encoder.6.self_attn.out_proj.bias.tensor,transformer_encoder.6.self_attn.out_proj.bias,transformer_self_attn,Transformer self-attention,1,6.0,self_attn_out_proj_bias,Self-attention,512,512,0.013186391443014145,0.06983010470867157,0.013180769048631191,0.0697552040219307,-5.623092874884605e-06,0.00032530081807635725,0.13318908214569092,0.007361816721790507,0.001800537109375,1.607999788132459,1.6063109182242614,0.004578244833188683,0.9999901678414975,0.0,0.000244140625,0.0005901332478970289,0.0008511357009410858,0.0014106854796409607,0.0034962084610015154,0.008450985886156559,0.012188662774860859,0.020201679319143295,0.0,0.0,0.0,0.0
GammaQCH,GammaQCH,GammaQCH,Gamma,QCH,,,4,transformer_encoder.6.self_attn.out_proj.weight.tensor,transformer_encoder.6.self_attn.out_proj.weight,transformer_self_attn,Transformer self-attention,1,6.0,self_attn_out_proj_weight,Self-attention,512x512,262144,6.82807803968899e-05,0.0660417228937149,6.770788604626432e-05,0.06604055315256119,-5.728511496272404e-07,0.0007330290391109884,152.61599731445312,0.3753109278713463,0.003662109375,33.81339171074642,33.812792425953596,0.01109947594378873,0.9999376477635296,0.00403594970703125,0.00048828125,0.0014495849609375,0.0019071726128458977,0.0024566650390625,0.007393525913357735,0.02194952964782715,0.02887829579412937,0.03719867765903473,0.0,0.0,0.0,0.0
GammaQCH,GammaQCH,GammaQCH,Gamma,QCH,,,4,transformer_encoder.7.self_attn.Wqkv.weight.tensor,transformer_encoder.7.self_attn.Wqkv.weight,transformer_self_attn,Transformer self-attention,1,7.0,self_attn_Wqkv_weight,Self-attention,1536x512,786432,5.859726297785528e-05,0.08321157097816467,5.867381696589291e-05,0.08318369835615158,7.656262823729776e-08,0.0007907043909654021,493.2650451660156,0.7012040282291512,0.004119873046875,73.79294300608969,73.76821146969405,0.009502318238903625,0.9999530540821957,0.0035082499962300062,0.000518798828125,0.001556396484375,0.0020751953125,0.002685546875,0.006234695203602314,0.018704084679484367,0.024938780814409256,0.03227371722459793,0.0,0.0,0.0,0.0
GammaQCH,GammaQCH,GammaQCH,Gamma,QCH,,,4,transformer_encoder.7.self_attn.out_proj.bias.tensor,transformer_encoder.7.self_attn.out_proj.bias,transformer_self_attn,Transformer self-attention,1,7.0,self_attn_out_proj_bias,Self-attention,512,512,0.02039126306772232,0.06323306262493134,0.020357336848974228,0.06313751637935638,-3.392482176423073e-05,0.0003416001272853464,0.13880574703216553,0.007767552432747815,0.0020751953125,1.503357150417094,1.5010638438096993,0.005166804461992019,0.9999878002765658,0.00390625,0.000244140625,0.0006103515625,0.0008544921875,0.0015138089656829834,0.0038609642069786787,0.009652410633862019,0.013513375073671341,0.02394014596939087,0.0,0.0,0.0,0.0
GammaQCH,GammaQCH,GammaQCH,Gamma,QCH,,,4,transformer_encoder.7.self_attn.out_proj.weight.tensor,transformer_encoder.7.self_attn.out_proj.weight,transformer_self_attn,Transformer self-attention,1,7.0,self_attn_out_proj_weight,Self-attention,512x512,262144,6.614855374209583e-05,0.0642695426940918,6.946406210772693e-05,0.06426698714494705,3.3155299661302706e-06,0.0007632572669535875,159.0182647705078,0.3907913426038171,0.00347900390625,32.906036695058894,32.904729012806804,0.011875977232544861,0.9999286930467496,0.00475311279296875,0.0005035400390625,0.001495361328125,0.0019989013671875,0.0025634765625,0.007834815420210361,0.023267026990652084,0.03110184147953987,0.03988633304834366,0.0,0.0,0.0,0.0
GammaQCH,GammaQCH,GammaQCH,Gamma,QCH,,,4,transformer_encoder.8.self_attn.Wqkv.weight.tensor,transformer_encoder.8.self_attn.Wqkv.weight,transformer_self_attn,Transformer self-attention,1,8.0,self_attn_Wqkv_weight,Self-attention,1536x512,786432,-4.0591752622276545e-05,0.08352092653512955,-3.9725226088194177e-05,0.08349686115980148,8.665155633025279e-07,0.0007854984723962843,489.9560852050781,0.6965877967509235,0.00457763671875,74.06725986814283,74.04591718361317,0.00940480042046924,0.9999540123524651,0.0033238728065043688,0.000518798828125,0.001556396484375,0.0020751953125,0.002685546875,0.006211602129042149,0.01863480731844902,0.024846408516168594,0.03215417638421059,0.0,0.0,0.0,0.0
GammaQCH,GammaQCH,GammaQCH,Gamma,QCH,,,4,transformer_encoder.8.self_attn.out_proj.bias.tensor,transformer_encoder.8.self_attn.out_proj.bias,transformer_self_attn,Transformer self-attention,1,8.0,self_attn_out_proj_bias,Self-attention,512,512,0.024965673685073853,0.06420286744832993,0.024974312633275986,0.06414344161748886,8.639995940029621e-06,0.0003612430300563574,0.145016610622406,0.008176334413024407,0.001953125,1.558714132989936,1.5575320038178573,0.005245563788746343,0.9999864899041422,0.0,0.000244140625,0.0007053373847156763,0.0009426884353160858,0.0014853030443191528,0.003802643157541752,0.01098607201129198,0.01468296255916357,0.02313452586531639,0.0,0.0,0.0,0.0
GammaQCH,GammaQCH,GammaQCH,Gamma,QCH,,,4,transformer_encoder.8.self_attn.out_proj.weight.tensor,transformer_encoder.8.self_attn.out_proj.weight,transformer_self_attn,Transformer self-attention,1,8.0,self_attn_out_proj_weight,Self-attention,512x512,262144,1.4349880075315014e-06,0.07153227180242538,3.317345544928685e-06,0.07153844833374023,1.882359811133938e-06,0.0007665757439099252,159.75787353515625,0.39248789039688864,0.0040283203125,36.62453504664342,36.627697946170976,0.010716528957897277,0.9999418564800077,0.004482269287109375,0.0005035400390625,0.0015106201171875,0.0019989013671875,0.0025634765625,0.00703934021294117,0.02111802063882351,0.02794404700398445,0.03583664074540138,0.0,0.0,0.0,0.0
GammaQCH,GammaQCH,GammaQCH,Gamma,QCH,,,4,transformer_encoder.9.self_attn.Wqkv.weight.tensor,transformer_encoder.9.self_attn.Wqkv.weight,transformer_self_attn,Transformer self-attention,1,9.0,self_attn_Wqkv_weight,Self-attention,1536x512,786432,0.000242539681494236,0.08460711687803268,0.00024389650207012892,0.08448811620473862,1.3568436543209828e-06,0.0008239211165346205,515.03955078125,0.7306619072591467,0.0042724609375,75.03080096700288,74.92528179167897,0.009738159500395955,0.9999519164006831,0.003627777099609375,0.00054931640625,0.001617431640625,0.002136722207069397,0.002777099609375,0.006492555141448975,0.019116967916488647,0.025254637002944946,0.03282347321510315,0.0,0.0,0.0,0.0
GammaQCH,GammaQCH,GammaQCH,Gamma,QCH,,,4,transformer_encoder.9.self_attn.out_proj.bias.tensor,transformer_encoder.9.self_attn.out_proj.bias,transformer_self_attn,Transformer self-attention,1,9.0,self_attn_out_proj_bias,Self-attention,512,512,0.003501572646200657,0.055311933159828186,0.0035899896174669266,0.05531272292137146,8.84166220203042e-05,0.0004078154161106795,0.17136317491531372,0.009442194122911116,0.0011444091796875,1.2540716139469108,1.2542173290898082,0.007529230402709129,0.9999715095084016,0.005859375,0.00027561187744140625,0.0008274076972156763,0.0009858038974925876,0.001074235886335373,0.004982863552868366,0.014958933927118778,0.017822621390223503,0.0194214079529047,0.0,0.0,0.0,0.0
GammaQCH,GammaQCH,GammaQCH,Gamma,QCH,,,4,transformer_encoder.9.self_attn.out_proj.weight.tensor,transformer_encoder.9.self_attn.out_proj.weight,transformer_self_attn,Transformer self-attention,1,9.0,self_attn_out_proj_weight,Self-attention,512x512,262144,2.3092787159839645e-05,0.06191784515976906,2.0542851416394114e-05,0.06188390031456947,-2.549939608798013e-06,0.0008083537686616182,168.33425903320312,0.413879120003469,0.0078125,31.701952525756397,31.684571140222868,0.013055319531729094,0.9999140174426809,0.005016326904296875,0.00054931640625,0.0015869140625,0.002105712890625,0.0027313232421875,0.008871695958077908,0.02562934346497059,0.03400816768407822,0.04411204531788826,0.0,0.0,0.0,0.0
GammaQCH,GammaQCH,GammaQCH,Gamma,QCH,,,4,transformer_encoder.10.self_attn.Wqkv.weight.tensor,transformer_encoder.10.self_attn.Wqkv.weight,transformer_self_attn,Transformer self-attention,1,10.0,self_attn_Wqkv_weight,Self-attention,1536x512,786432,0.0001790486858226359,0.0850459486246109,0.00017899680824484676,0.08502017706632614,-5.187674290141331e-08,0.0008082411368377507,504.76129150390625,0.716755754086483,0.00396728515625,75.41982433249066,75.396970264063,0.009503545790913451,0.9999529474050093,0.0035718281287699938,0.00054931640625,0.0015869140625,0.002105712890625,0.002716064453125,0.006459053605794907,0.01865948922932148,0.024759706109762192,0.03193643316626549,0.0,0.0,0.0,0.0
GammaQCH,GammaQCH,GammaQCH,Gamma,QCH,,,4,transformer_encoder.10.self_attn.out_proj.bias.tensor,transformer_encoder.10.self_attn.out_proj.bias,transformer_self_attn,Transformer self-attention,1,10.0,self_attn_out_proj_bias,Self-attention,512,512,0.0012445800239220262,0.05663425475358963,0.0012372799683362246,0.05692522972822189,-7.300055585801601e-06,0.0005277063464745879,0.21414774656295776,0.011941774376962215,0.0020751953125,1.2817963156504482,1.2883751163558486,0.009316436809145484,0.9999699371380019,0.0,0.000339508056640625,0.0010354995029047132,0.0013360604643821716,0.0018880665302276611,0.005994746461510658,0.01828397437930107,0.023591026663780212,0.03333788365125656,0.0,0.0,0.0,0.0
GammaQCH,GammaQCH,GammaQCH,Gamma,QCH,,,4,transformer_encoder.10.self_attn.out_proj.weight.tensor,transformer_encoder.10.self_attn.out_proj.weight,transformer_self_attn,Transformer self-attention,1,10.0,self_attn_out_proj_weight,Self-attention,512x512,262144,-7.101225492078811e-05,0.06041784957051277,-7.076988549670205e-05,0.06039901077747345,2.4235441742348485e-07,0.0007694606902077794,160.1112060546875,0.393963830651644,0.003753662109375,30.93397135021777,30.924326425061388,0.012735637018324768,0.9999182845063185,0.004791259765625,0.000510096549987793,0.00152587890625,0.00201416015625,0.002593994140625,0.00844280980527401,0.02525542676448822,0.03333716467022896,0.04293422773480415,0.0,0.0,0.0,0.0
GammaQCH,GammaQCH,GammaQCH,Gamma,QCH,,,4,transformer_encoder.11.self_attn.Wqkv.weight.tensor,transformer_encoder.11.self_attn.Wqkv.weight,transformer_self_attn,Transformer self-attention,1,11.0,self_attn_Wqkv_weight,Self-attention,1536x512,786432,-0.00019976306066382676,0.08163049817085266,-0.00019833688565995544,0.08159250766038895,1.4261828482631245e-06,0.0007980806403793395,498.3030090332031,0.7077464496034364,0.00738525390625,72.3910179004015,72.35731514289002,0.009776716368005393,0.9999505627008897,0.0035654704552143812,0.0005340576171875,0.0015869140625,0.0020751953125,0.002685546875,0.006542378105223179,0.01944020949304104,0.025421811267733574,0.03289881348609924,0.0,0.0,0.0,0.0
GammaQCH,GammaQCH,GammaQCH,Gamma,QCH,,,4,transformer_encoder.11.self_attn.out_proj.bias.tensor,transformer_encoder.11.self_attn.out_proj.bias,transformer_self_attn,Transformer self-attention,1,11.0,self_attn_out_proj_bias,Self-attention,512,512,-0.012231702916324139,0.06654907763004303,-0.012324869632720947,0.06682439148426056,-9.316683281213045e-05,0.000538195192348212,0.21735399961471558,0.012359088132777753,0.00244140625,1.5310577739028002,1.5375661013900503,0.008072254583355979,0.999976537134003,0.005859375,0.0003566741943359375,0.0010986328125,0.0014623263850808144,0.002035960555076599,0.00535956583917141,0.01650860905647278,0.02197365090250969,0.03059336729347706,0.0,0.0,0.0,0.0
GammaQCH,GammaQCH,GammaQCH,Gamma,QCH,,,4,transformer_encoder.11.self_attn.out_proj.weight.tensor,transformer_encoder.11.self_attn.out_proj.weight,transformer_self_attn,Transformer self-attention,1,11.0,self_attn_out_proj_weight,Self-attention,512x512,262144,0.00012059643631801009,0.061377786099910736,0.0001234369119629264,0.06134568899869919,2.8404811018845066e-06,0.0007532434538006783,156.70465087890625,0.38566331660676606,0.00366973876953125,31.425498415834134,31.40906975836657,0.012272305485930892,0.9999240472740978,0.004528045654296875,0.00048828125,0.0014801025390625,0.0019683837890625,0.002532958984375,0.0079553397372365,0.02411462366580963,0.032069966197013855,0.041268326342105865,0.0,0.0,0.0,0.0
GammaQCH,GammaQCH,GammaQCH,Gamma,QCH,,,4,transformer_encoder.12.self_attn.Wqkv.weight.tensor,transformer_encoder.12.self_attn.Wqkv.weight,transformer_self_attn,Transformer self-attention,1,12.0,self_attn_Wqkv_weight,Self-attention,1536x512,786432,-7.939530769363046e-05,0.0797630101442337,-8.219274604925886e-05,0.07971712946891785,-2.7974435852229362e-06,0.0008172972011379898,507.9977111816406,0.7247910593119291,0.0042724609375,70.73472187622038,70.69404465171553,0.01024660930427125,0.9999460695486132,0.003681182861328125,0.00054931640625,0.001617431640625,0.002166748046875,0.0028076171875,0.006886855699121952,0.02027796395123005,0.027164820581674576,0.03519948571920395,0.0,0.0,0.0,0.0
GammaQCH,GammaQCH,GammaQCH,Gamma,QCH,,,4,transformer_encoder.12.self_attn.out_proj.bias.tensor,transformer_encoder.12.self_attn.out_proj.bias,transformer_self_attn,Transformer self-attention,1,12.0,self_attn_out_proj_bias,Self-attention,512,512,7.303804159164429e-05,0.06083318218588829,-4.98378649353981e-05,0.06118713691830635,-0.0001228759065270424,0.0005562384612858295,0.2277812957763672,0.012889680863975548,0.0020751953125,1.3764987493468457,1.384507256039403,0.009364106483992368,0.9999733221189887,0.001953125,0.0003662109375,0.00115966796875,0.00152587890625,0.0018880665302276611,0.006019919645041227,0.019063079729676247,0.025082997977733612,0.031036781147122383,0.0,0.0,0.0,0.0
GammaQCH,GammaQCH,GammaQCH,Gamma,QCH,,,4,transformer_encoder.12.self_attn.out_proj.weight.tensor,transformer_encoder.12.self_attn.out_proj.weight,transformer_self_attn,Transformer self-attention,1,12.0,self_attn_out_proj_weight,Self-attention,512x512,262144,0.00010403731721453369,0.06129160895943642,0.00010494732123333961,0.06127253919839859,9.10020389710553e-07,0.0007489721174351871,155.5685272216797,0.38347397311345643,0.00360107421875,31.381360628912745,31.37159643671774,0.012219800716994286,0.9999246288974857,0.0045166015625,0.00048828125,0.00146484375,0.0019683837890625,0.0025553107261657715,0.007966525852680206,0.02389957569539547,0.03211505711078644,0.04169103130698204,0.0,0.0,0.0,0.0
GammaQCH,GammaQCH,GammaQCH,Gamma,QCH,,,4,transformer_encoder.13.self_attn.Wqkv.weight.tensor,transformer_encoder.13.self_attn.Wqkv.weight,transformer_self_attn,Transformer self-attention,1,13.0,self_attn_Wqkv_weight,Self-attention,1536x512,786432,-0.00021033840312156826,0.07851918786764145,-0.00021099259902257472,0.07848936319351196,-6.54190273507993e-07,0.0008215719135478139,511.9897155761719,0.72857784383952,0.007080078125,69.63190747827105,69.60545899478718,0.010463275676698438,0.9999435548757521,0.0037409465294331312,0.00054931640625,0.001617431640625,0.002166748046875,0.0028076171875,0.006995950359851122,0.020599188283085823,0.027595138177275658,0.03575707972049713,0.0,0.0,0.0,0.0
GammaQCH,GammaQCH,GammaQCH,Gamma,QCH,,,4,transformer_encoder.13.self_attn.out_proj.bias.tensor,transformer_encoder.13.self_attn.out_proj.bias,transformer_self_attn,Transformer self-attention,1,13.0,self_attn_out_proj_bias,Self-attention,512,512,-0.01542249321937561,0.0852852538228035,-0.015519095584750175,0.08549807220697403,-9.660189971327782e-05,0.0004586347786244005,0.19059205055236816,0.01060542441305268,0.0015869140625,1.9610840640065546,1.9662120748986291,0.005407939724613368,0.999988941201431,0.0,0.00030517578125,0.000946044921875,0.0012139901518821716,0.0014621615409851074,0.0035782945342361927,0.011092713102698326,0.014234466478228569,0.01714436337351799,0.0,0.0,0.0,0.0
GammaQCH,GammaQCH,GammaQCH,Gamma,QCH,,,4,transformer_encoder.13.self_attn.out_proj.weight.tensor,transformer_encoder.13.self_attn.out_proj.weight,transformer_self_attn,Transformer self-attention,1,13.0,self_attn_out_proj_weight,Self-attention,512x512,262144,-8.232514664996415e-05,0.058098554611206055,-8.03832954261452e-05,0.05807007476687431,1.9418896499701077e-06,0.0007292010704986751,151.5890350341797,0.37335218548363036,0.00372314453125,29.74650078718556,29.731915787689328,0.012551129564942089,0.9999205155295507,0.00433349609375,0.00048828125,0.001434326171875,0.001922607421875,0.00250244140625,0.00840436015278101,0.024687806144356728,0.03309216722846031,0.04307234287261963,0.0,0.0,0.0,0.0
GammaQCH,GammaQCH,GammaQCH,Gamma,QCH,,,4,transformer_encoder.14.self_attn.Wqkv.weight.tensor,transformer_encoder.14.self_attn.Wqkv.weight,transformer_self_attn,Transformer self-attention,1,14.0,self_attn_Wqkv_weight,Self-attention,1536x512,786432,-3.622034682848607e-06,0.0795673355460167,7.046522227938112e-07,0.07953932881355286,4.326672751631122e-06,0.0008099325932562351,503.6811218261719,0.7182660339350322,0.004486083984375,70.56116445813164,70.5363243079408,0.01017933929309251,0.9999466928248965,0.0035247802734375,0.0005340576171875,0.0015869140625,0.00213623046875,0.0027618408203125,0.0067120203748345375,0.019944287836551666,0.02684808149933815,0.03471073508262634,0.0,0.0,0.0,0.0
GammaQCH,GammaQCH,GammaQCH,Gamma,QCH,,,4,transformer_encoder.14.self_attn.out_proj.bias.tensor,transformer_encoder.14.self_attn.out_proj.bias,transformer_self_attn,Transformer self-attention,1,14.0,self_attn_out_proj_bias,Self-attention,512,512,0.0021043310407549143,0.0782407820224762,0.002067224821075797,0.07830227166414261,-3.710645250976086e-05,0.0004307270864956081,0.17416226863861084,0.009782340600343067,0.00146484375,1.7710269896886288,1.7723954285845283,0.005523541231891342,0.9999851073596915,0.0,0.00028324127197265625,0.0008901593973860145,0.0012139901518821716,0.0014024674892425537,0.0036201230250298977,0.011377178132534027,0.015516077168285847,0.017925016582012177,0.0,0.0,0.0,0.0
GammaQCH,GammaQCH,GammaQCH,Gamma,QCH,,,4,transformer_encoder.14.self_attn.out_proj.weight.tensor,transformer_encoder.14.self_attn.out_proj.weight,transformer_self_attn,Transformer self-attention,1,14.0,self_attn_out_proj_weight,Self-attention,512x512,262144,0.00011341196659486741,0.0629572793841362,0.00011017298675142229,0.06294112652540207,-3.238971430619131e-06,0.0007353044929914176,152.50955200195312,0.37647950852623646,0.0039691925048828125,32.23419133188101,32.22591950116106,0.011679508403049972,0.9999310524786167,0.003902435302734375,0.00048828125,0.00146484375,0.001953125,0.0025438666343688965,0.007755754515528679,0.023267263546586037,0.031023018062114716,0.040406230837106705,0.0,0.0,0.0,0.0
GammaQCH,GammaQCH,GammaQCH,Gamma,QCH,,,4,transformer_encoder.15.self_attn.Wqkv.weight.tensor,transformer_encoder.15.self_attn.Wqkv.weight,transformer_self_attn,Transformer self-attention,1,15.0,self_attn_Wqkv_weight,Self-attention,1536x512,786432,-5.524737935047597e-05,0.07840512692928314,-5.521798811969347e-05,0.07839973270893097,2.9399947365504886e-08,0.0008706753142178059,535.9105834960938,0.7721230868834129,0.0167236328125,69.53053019290338,69.5257441640325,0.011104806546724829,0.9999364188450581,0.0036468505859375,0.00054931640625,0.001708984375,0.0023193359375,0.00341796875,0.00700612785294652,0.02179684303700924,0.029581429436802864,0.04359368607401848,0.0,0.0,0.0,0.0
GammaQCH,GammaQCH,GammaQCH,Gamma,QCH,,,4,transformer_encoder.15.self_attn.out_proj.bias.tensor,transformer_encoder.15.self_attn.out_proj.bias,transformer_self_attn,Transformer self-attention,1,15.0,self_attn_out_proj_bias,Self-attention,512,512,-0.010012953542172909,0.09045206010341644,-0.010011310689151287,0.09049730747938156,1.642853021621704e-06,0.0004640980623662472,0.18813705444335938,0.010501406029611787,0.0023193359375,2.0591986851330097,2.060212224750339,0.005099753659238749,0.99998719526252,0.001953125,0.00030517578125,0.0008544921875,0.0011554723605513573,0.0018982961773872375,0.0033738950733095407,0.009446905925869942,0.012774416245520115,0.020986763760447502,0.0,0.0,0.0,0.0
GammaQCH,GammaQCH,GammaQCH,Gamma,QCH,,,4,transformer_encoder.15.self_attn.out_proj.weight.tensor,transformer_encoder.15.self_attn.out_proj.weight,transformer_self_attn,Transformer self-attention,1,15.0,self_attn_out_proj_weight,Self-attention,512x512,262144,2.0031939129694365e-05,0.06572773307561874,2.2056034140405245e-05,0.06568869948387146,2.024103196163196e-06,0.0007833275012671947,162.82534790039062,0.4010649608270838,0.004001617431640625,33.6526137630636,33.63263011710131,0.011917795261040684,0.9999284005436551,0.00408935546875,0.000518798828125,0.0015411376953125,0.0020751953125,0.0026847422122955322,0.007893148809671402,0.023447293788194656,0.03157259523868561,0.040846411138772964,0.0,0.0,0.0,0.0
GammaQCH,GammaQCH,GammaQCH,Gamma,QCH,,,4,transformer_encoder.16.self_attn.Wqkv.weight.tensor,transformer_encoder.16.self_attn.Wqkv.weight,transformer_self_attn,Transformer self-attention,1,16.0,self_attn_Wqkv_weight,Self-attention,1536x512,786432,-6.306452269200236e-05,0.06916620582342148,-6.306118302745745e-05,0.06919233500957489,3.349138522068529e-09,0.0009295781492255628,568.177734375,0.8243584898596116,0.01220703125,61.33735798332856,61.36053283857935,0.013439745645445929,0.9999082516771172,0.0044428505934774876,0.0006103515625,0.0018310546875,0.002532958984375,0.004119873046875,0.008824417367577553,0.026473253965377808,0.0366213321685791,0.05956482142210007,0.0,0.0,0.0,0.0
GammaQCH,GammaQCH,GammaQCH,Gamma,QCH,,,4,transformer_encoder.16.self_attn.out_proj.bias.tensor,transformer_encoder.16.self_attn.out_proj.bias,transformer_self_attn,Transformer self-attention,1,16.0,self_attn_out_proj_bias,Self-attention,512,512,0.002451110165566206,0.06382599472999573,0.0024019302800297737,0.06372863054275513,-4.9179885536432266e-05,0.0005318280309438705,0.2171105146408081,0.01208523728314801,0.0029296875,1.445281982099681,1.443038140710863,0.008361854249080461,0.9999662832925015,0.00390625,0.0003662109375,0.0010283468291163445,0.0013699345290660858,0.002243548631668091,0.005737645085901022,0.016111722216010094,0.021463580429553986,0.03515101224184036,0.0,0.0,0.0,0.0
GammaQCH,GammaQCH,GammaQCH,Gamma,QCH,,,4,transformer_encoder.16.self_attn.out_proj.weight.tensor,transformer_encoder.16.self_attn.out_proj.weight,transformer_self_attn,Transformer self-attention,1,16.0,self_attn_out_proj_weight,Self-attention,512x512,262144,1.39124977067695e-05,0.06549250334501266,1.9008837625733577e-05,0.06548194587230682,5.096349923405796e-06,0.0008389213471673429,174.77674865722656,0.42953561352525155,0.004150390625,33.532176492908455,33.52676825244457,0.012809655037336422,0.9999172194654018,0.0045928955078125,0.00054931640625,0.00164794921875,0.002197265625,0.0028228759765625,0.008387468755245209,0.025162406265735626,0.033549875020980835,0.04310227185487747,0.0,0.0,0.0,0.0
GammaQCH,GammaQCH,GammaQCH,Gamma,QCH,,,4,transformer_encoder.17.self_attn.Wqkv.weight.tensor,transformer_encoder.17.self_attn.Wqkv.weight,transformer_self_attn,Transformer self-attention,1,17.0,self_attn_Wqkv_weight,Self-attention,1536x512,786432,-7.111241575330496e-05,0.09043940156698227,-7.069304410833865e-05,0.0905299186706543,4.1938747585845704e-07,0.0009515120182186365,582.4945678710938,0.8438099380679182,0.01220703125,80.20265774021301,80.28291952818327,0.010520972270035232,0.999943549667972,0.0038083393592387438,0.0006103515625,0.0018463134765625,0.0025634765625,0.00408935546875,0.006748734507709742,0.020414922386407852,0.028344685211777687,0.04521652311086655,0.0,0.0,0.0,0.0
GammaQCH,GammaQCH,GammaQCH,Gamma,QCH,,,4,transformer_encoder.17.self_attn.out_proj.bias.tensor,transformer_encoder.17.self_attn.out_proj.bias,transformer_self_attn,Transformer self-attention,1,17.0,self_attn_out_proj_bias,Self-attention,512,512,-0.0052572558633983135,0.03579435124993324,-0.005272639449685812,0.03582101687788963,-1.538335345685482e-05,0.0004085137916263193,0.16353726387023926,0.009250163036472038,0.001922607421875,0.8186230655728276,0.8192706076364434,0.01129966088847983,0.9999365908211941,0.005859375,0.0002620220184326172,0.0008003232069313526,0.0010630805045366287,0.001665305346250534,0.007320203818380833,0.022358916699886322,0.02969966270029545,0.04652423784136772,0.0,0.0,0.0,0.0
GammaQCH,GammaQCH,GammaQCH,Gamma,QCH,,,4,transformer_encoder.17.self_attn.out_proj.weight.tensor,transformer_encoder.17.self_attn.out_proj.weight,transformer_self_attn,Transformer self-attention,1,17.0,self_attn_out_proj_weight,Self-attention,512x512,262144,-0.00015262558008544147,0.068601094186306,-0.00015324243577197194,0.06856109201908112,-6.168452273414005e-07,0.0008260345784947276,171.68157958984375,0.4229297697765326,0.0045318603515625,35.1238600793677,35.10337864626157,0.012041095962142158,0.9999268566122976,0.0039825439453125,0.00054931640625,0.0016326904296875,0.002166748046875,0.0028076171875,0.008007398806512356,0.023799769580364227,0.031584739685058594,0.04092670604586601,0.0,0.0,0.0,0.0
GammaQCH,GammaQCH,GammaQCH,Gamma,QCH,,,4,transformer_encoder.0.ff.fc1.weight.tensor,transformer_encoder.0.ff.fc1.weight,transformer_ffn,Transformer FFN,2,0.0,ff_fc1_weight,Feed-forward,4096x512,2097152,0.00048342556692659855,0.05654734745621681,0.00048329716082662344,0.05648467317223549,-1.283903827697941e-07,0.0007182084955275059,1123.1995849609375,1.0400733906269883,0.004180908203125,81.89238842071954,81.80163101025248,0.012700489150269152,0.9999168648389647,0.004759311676025391,0.00042724609375,0.00146484375,0.001983642578125,0.002593994140625,0.007555544842034578,0.02590472437441349,0.035079315304756165,0.045872949063777924,0.0,0.0,0.0,0.0
GammaQCH,GammaQCH,GammaQCH,Gamma,QCH,,,4,transformer_encoder.0.ff.fc2.weight.tensor,transformer_encoder.0.ff.fc2.weight,transformer_ffn,Transformer FFN,2,0.0,ff_fc2_weight,Feed-forward,512x2048,1048576,-7.165218994487077e-05,0.056143082678318024,-7.068281411193311e-05,0.056062959134578705,9.693812899058685e-07,0.0007936464389786124,661.7105102539062,0.8126933528012,0.0040283203125,57.49062423560906,57.40857626614903,0.014136102427251303,0.9998989387404543,0.005187034606933594,0.0005340576171875,0.001556396484375,0.0020751953125,0.002655029296875,0.00951243657618761,0.027721958234906197,0.036962609738111496,0.04729039967060089,0.0,0.0,0.0,0.0
GammaQCH,GammaQCH,GammaQCH,Gamma,QCH,,,4,transformer_encoder.1.ff.fc1.weight.tensor,transformer_encoder.1.ff.fc1.weight,transformer_ffn,Transformer FFN,2,1.0,ff_fc1_weight,Feed-forward,4096x512,2097152,-0.00020184538152534515,0.06706023961305618,-0.00019936921307817101,0.0669824555516243,2.4761534405115526e-06,0.0007766171474941075,1270.49658203125,1.1246630375929256,0.0042724609375,97.11417551489329,97.00152020393804,0.011580832886960333,0.9999302321576624,0.0038852691650390625,0.00048828125,0.001556396484375,0.0020751953125,0.0026702880859375,0.007281232625246048,0.02320892922580242,0.03094523772597313,0.03981924057006836,0.0,0.0,0.0,0.0
GammaQCH,GammaQCH,GammaQCH,Gamma,QCH,,,4,transformer_encoder.1.ff.fc2.weight.tensor,transformer_encoder.1.ff.fc2.weight,transformer_ffn,Transformer FFN,2,1.0,ff_fc2_weight,Feed-forward,512x2048,1048576,8.975168748293072e-05,0.06665235012769699,9.037197742145509e-05,0.06656217575073242,6.202867552929092e-07,0.0008097909740172327,676.5103149414062,0.8292253130072086,0.00444793701171875,68.25213910338269,68.1597997413523,0.012149440646118866,0.9999248726203558,0.004279136657714844,0.00054931640625,0.0015869140625,0.00208282470703125,0.002685546875,0.008241514675319195,0.02380882203578949,0.03124907799065113,0.04029184952378273,0.0,0.0,0.0,0.0
GammaQCH,GammaQCH,GammaQCH,Gamma,QCH,,,4,transformer_encoder.2.ff.fc1.weight.tensor,transformer_encoder.2.ff.fc1.weight,transformer_ffn,Transformer FFN,2,2.0,ff_fc1_weight,Feed-forward,4096x512,2097152,-0.0003498551668599248,0.07062771916389465,-0.00034873693948611617,0.0705471858382225,1.1182013395227841e-06,0.0008099291590042412,1352.19873046875,1.1728990784992634,0.004241943359375,102.28127386953587,102.16462855668296,0.011467388253252837,0.999931307300556,0.0038051605224609375,0.00054931640625,0.0015869140625,0.0020904541015625,0.002685546875,0.0077776312828063965,0.02246871218085289,0.029598208144307137,0.03802397474646568,0.0,0.0,0.0,0.0
GammaQCH,GammaQCH,GammaQCH,Gamma,QCH,,,4,transformer_encoder.2.ff.fc2.weight.tensor,transformer_encoder.2.ff.fc2.weight,transformer_ffn,Transformer FFN,2,2.0,ff_fc2_weight,Feed-forward,512x2048,1048576,8.055991202127188e-06,0.06815996021032333,8.092451025731862e-06,0.06807579845190048,3.645305923782871e-08,0.0008081269916146994,674.70556640625,0.8275211940022003,0.00390625,69.7958693541835,69.70969377532798,0.01185630613472096,0.9999281549570841,0.004233360290527344,0.00054931640625,0.0015869140625,0.0020751953125,0.002685546875,0.008059223182499409,0.02328220009803772,0.03044595569372177,0.039400648325681686,0.0,0.0,0.0,0.0
GammaQCH,GammaQCH,GammaQCH,Gamma,QCH,,,4,transformer_encoder.3.ff.fc1.weight.tensor,transformer_encoder.3.ff.fc1.weight,transformer_ffn,Transformer FFN,2,3.0,ff_fc1_weight,Feed-forward,4096x512,2097152,-0.0007111746817827225,0.07065483182668686,-0.0007087952108122408,0.0705815777182579,2.379382749495562e-06,0.000800238864030689,1335.7412109375,1.158870151138078,0.00420379638671875,102.32447814733774,102.21835352261843,0.0113254440395914,0.9999327542221716,0.00377655029296875,0.00054931640625,0.0015869140625,0.0020751953125,0.002674967050552368,0.007774646393954754,0.0224600899964571,0.029370887205004692,0.03785964101552963,0.0,0.0,0.0,0.0
GammaQCH,GammaQCH,GammaQCH,Gamma,QCH,,,4,transformer_encoder.3.ff.fc2.weight.tensor,transformer_encoder.3.ff.fc2.weight,transformer_ffn,Transformer FFN,2,3.0,ff_fc2_weight,Feed-forward,512x2048,1048576,-2.885437606892083e-05,0.06670832633972168,-2.9023984097875655e-05,0.0666375681757927,-1.6958711057668552e-07,0.0007947318372316658,663.3650512695312,0.8138044962529333,0.00384521484375,68.30940137643024,68.23694930167966,0.011913506484536693,0.9999273925223421,0.004061698913574219,0.0005340576171875,0.00156402587890625,0.0020751953125,0.00262451171875,0.008005860261619091,0.02344573475420475,0.031108487397432327,0.03934308513998985,0.0,0.0,0.0,0.0
GammaQCH,GammaQCH,GammaQCH,Gamma,QCH,,,4,transformer_encoder.4.ff.fc1.weight.tensor,transformer_encoder.4.ff.fc1.weight,transformer_ffn,Transformer FFN,2,4.0,ff_fc1_weight,Feed-forward,4096x512,2097152,-0.001038560178130865,0.07028269022703171,-0.0010365191847085953,0.07021234184503555,2.0411048353707884e-06,0.0007999548106454313,1336.03564453125,1.1584574788390012,0.004638671875,101.79146786291815,101.68956954716398,0.011380693324897096,0.9999324798459731,0.003787994384765625,0.00054931640625,0.0015869140625,0.0020751953125,0.002655029296875,0.007815812714397907,0.02257901430130005,0.029526403173804283,0.03777642920613289,0.0,0.0,0.0,0.0
GammaQCH,GammaQCH,GammaQCH,Gamma,QCH,,,4,transformer_encoder.4.ff.fc2.weight.tensor,transformer_encoder.4.ff.fc2.weight,transformer_ffn,Transformer FFN,2,4.0,ff_fc2_weight,Feed-forward,512x2048,1048576,1.6859914467204362e-05,0.06677135825157166,1.5968558727763593e-05,0.06670275330543518,-8.913619353734248e-07,0.000792669365182519,661.7412719726562,0.811693010849169,0.00439453125,68.37394666121921,68.30369339391538,0.011871378653494323,0.9999278120107294,0.0040187835693359375,0.0005340576171875,0.001556396484375,0.0020751953125,0.0026397705078125,0.007998302578926086,0.023309340700507164,0.031079120934009552,0.039534468203783035,0.0,0.0,0.0,0.0
GammaQCH,GammaQCH,GammaQCH,Gamma,QCH,,,4,transformer_encoder.5.ff.fc1.weight.tensor,transformer_encoder.5.ff.fc1.weight,transformer_ffn,Transformer FFN,2,5.0,ff_fc1_weight,Feed-forward,4096x512,2097152,-0.0008525169687345624,0.06985998153686523,-0.0008499124087393284,0.06979183107614517,2.604564770081197e-06,0.0007974084001034498,1330.716552734375,1.1547722523393733,0.0042572021484375,101.17574437581371,101.07700788724159,0.011413528602764724,0.9999318649703494,0.003911018371582031,0.00054168701171875,0.00157928466796875,0.0020751953125,0.00267791748046875,0.007753894664347172,0.02260642684996128,0.02970506250858307,0.038332633674144745,0.0,0.0,0.0,0.0
GammaQCH,GammaQCH,GammaQCH,Gamma,QCH,,,4,transformer_encoder.5.ff.fc2.weight.tensor,transformer_encoder.5.ff.fc2.weight,transformer_ffn,Transformer FFN,2,5.0,ff_fc2_weight,Feed-forward,512x2048,1048576,3.536560325301252e-05,0.06654928624629974,3.537828160915524e-05,0.0664934441447258,1.2696148132818053e-08,0.0007851683185435832,655.2725219726562,0.8040114219978678,0.004150390625,68.14655264001804,68.0893721343959,0.011798269917555776,0.9999283738017062,0.0039920806884765625,0.000518798828125,0.001537322998046875,0.002040863037109375,0.00262451171875,0.007795707322657108,0.023100515827536583,0.030666938051581383,0.03943710774183273,0.0,0.0,0.0,0.0
GammaQCH,GammaQCH,GammaQCH,Gamma,QCH,,,4,transformer_encoder.6.ff.fc1.weight.tensor,transformer_encoder.6.ff.fc1.weight,transformer_ffn,Transformer FFN,2,6.0,ff_fc1_weight,Feed-forward,4096x512,2097152,-0.0011859332444146276,0.06967145204544067,-0.0011813938617706299,0.06960414350032806,4.5394058361125644e-06,0.0007854027790017426,1310.330810546875,1.1373993189763216,0.00439453125,100.90981625008045,100.81223845285353,0.011271443762790555,0.9999331747458121,0.003906726837158203,0.000518798828125,0.0015411376953125,0.002044677734375,0.00262451171875,0.007446360774338245,0.022120071575045586,0.02934742160141468,0.0376698262989521,0.0,0.0,0.0,0.0
GammaQCH,GammaQCH,GammaQCH,Gamma,QCH,,,4,transformer_encoder.6.ff.fc2.weight.tensor,transformer_encoder.6.ff.fc2.weight,transformer_ffn,Transformer FFN,2,6.0,ff_fc2_weight,Feed-forward,512x2048,1048576,-8.750530105317011e-05,0.06490107625722885,-8.672378316987306e-05,0.06484318524599075,7.815256708454399e-07,0.0007808225345797837,651.609375,0.799561739622202,0.003875732421875,66.45883212325883,66.39954377902382,0.012030932745541952,0.9999257093896117,0.004263877868652344,0.000518798828125,0.00152587890625,0.00201416015625,0.00262451171875,0.007993685081601143,0.02351083792746067,0.031034307554364204,0.04043864086270332,0.0,0.0,0.0,0.0
GammaQCH,GammaQCH,GammaQCH,Gamma,QCH,,,4,transformer_encoder.7.ff.fc1.weight.tensor,transformer_encoder.7.ff.fc1.weight,transformer_ffn,Transformer FFN,2,7.0,ff_fc1_weight,Feed-forward,4096x512,2097152,-0.0017821099609136581,0.06979400664567947,-0.001778033678419888,0.06972914189100266,4.076277036801912e-06,0.0008003513212315738,1336.2476806640625,1.1590428516638644,0.0040435791015625,101.10562140498173,101.01155371726048,0.011463683577209526,0.9999313469786792,0.003948211669921875,0.00054931640625,0.0015869140625,0.0020751953125,0.002685546875,0.007870537228882313,0.022737108170986176,0.029733141884207726,0.03847818449139595,0.0,0.0,0.0,0.0
GammaQCH,GammaQCH,GammaQCH,Gamma,QCH,,,4,transformer_encoder.7.ff.fc2.weight.tensor,transformer_encoder.7.ff.fc2.weight,transformer_ffn,Transformer FFN,2,7.0,ff_fc2_weight,Feed-forward,512x2048,1048576,-0.00010145736450795084,0.0664454996585846,-0.00010154039046028629,0.0663994774222374,-8.300474974021199e-08,0.0007934284512884915,662.3687744140625,0.8124697752979523,0.00396728515625,68.04034304183071,67.9932211694666,0.011941000573710217,0.9999267806182649,0.0043849945068359375,0.0005340576171875,0.001556396484375,0.0020751953125,0.002655029296875,0.008037528023123741,0.023423653095960617,0.031231537461280823,0.03995799645781517,0.0,0.0,0.0,0.0
GammaQCH,GammaQCH,GammaQCH,Gamma,QCH,,,4,transformer_encoder.8.ff.fc1.weight.tensor,transformer_encoder.8.ff.fc1.weight,transformer_ffn,Transformer FFN,2,8.0,ff_fc1_weight,Feed-forward,4096x512,2097152,-0.001965048024430871,0.07154137641191483,-0.0019625891000032425,0.07147719711065292,2.458961262163939e-06,0.0008243740885518491,1377.05908203125,1.1938214944730614,0.004180908203125,103.64221622666605,103.54920799582437,0.011518679722770075,0.9999302915297598,0.004085063934326172,0.00054931640625,0.001617431640625,0.00213623046875,0.00274658203125,0.007678302936255932,0.022608336061239243,0.02986006624996662,0.038391515612602234,0.0,0.0,0.0,0.0
GammaQCH,GammaQCH,GammaQCH,Gamma,QCH,,,4,transformer_encoder.8.ff.fc2.weight.tensor,transformer_encoder.8.ff.fc2.weight,transformer_ffn,Transformer FFN,2,8.0,ff_fc2_weight,Feed-forward,512x2048,1048576,3.0415469154831953e-05,0.07051945477724075,2.9161532438592985e-05,0.07046975195407867,-1.253947402801714e-06,0.0008067812887020409,673.13134765625,0.8261440984867825,0.0078125,72.2120020646672,72.16110515822392,0.011440537235720782,0.9999326412294436,0.004872322082519531,0.00054931640625,0.0015869140625,0.002075791358947754,0.002685546875,0.0077895717695355415,0.022503206506371498,0.029435724020004272,0.03808235004544258,0.0,0.0,0.0,0.0
GammaQCH,GammaQCH,GammaQCH,Gamma,QCH,,,4,transformer_encoder.9.ff.fc1.weight.tensor,transformer_encoder.9.ff.fc1.weight,transformer_ffn,Transformer FFN,2,9.0,ff_fc1_weight,Feed-forward,4096x512,2097152,-0.0007123917457647622,0.07014453411102295,-0.0007085602264851332,0.07007472962141037,3.831538379017729e-06,0.0008417672943323851,1406.6822509765625,1.2190166572922292,0.00457763671875,101.58553104250379,101.48440266550816,0.011999904364157685,0.9999250467986349,0.004111289978027344,0.0005645751953125,0.00164794921875,0.002197265625,0.002805471420288086,0.008048740215599537,0.02349361963570118,0.031324826180934906,0.039995577186346054,0.0,0.0,0.0,0.0
GammaQCH,GammaQCH,GammaQCH,Gamma,QCH,,,4,transformer_encoder.9.ff.fc2.weight.tensor,transformer_encoder.9.ff.fc2.weight,transformer_ffn,Transformer FFN,2,9.0,ff_fc2_weight,Feed-forward,512x2048,1048576,-1.7453397958888672e-05,0.0699407085776329,-1.8036411347566172e-05,0.06987196952104568,-5.830172540299827e-07,0.0008277734741568565,691.03076171875,0.8476393737519337,0.0042724609375,71.61935855291675,71.5489718381316,0.011835338808928793,0.9999283507263937,0.0042819976806640625,0.00054931640625,0.0016206353902816772,0.00213623046875,0.00274658203125,0.007854028604924679,0.0231715589761734,0.03054344654083252,0.03927014395594597,0.0,0.0,0.0,0.0
GammaQCH,GammaQCH,GammaQCH,Gamma,QCH,,,4,transformer_encoder.10.ff.fc1.weight.tensor,transformer_encoder.10.ff.fc1.weight,transformer_ffn,Transformer FFN,2,10.0,ff_fc1_weight,Feed-forward,4096x512,2097152,-0.0010418423917144537,0.0677933469414711,-0.0010361905442550778,0.06773676723241806,5.651785613736138e-06,0.000824773742351681,1376.758056640625,1.194422870756585,0.00439453125,98.18698281213248,98.10493923122577,0.012164778227699893,0.9999227424727132,0.004214286804199219,0.00054931640625,0.001617431640625,0.00213623046875,0.00274658203125,0.00810280628502369,0.023858262225985527,0.031510911881923676,0.0405140295624733,0.0,0.0,0.0,0.0
GammaQCH,GammaQCH,GammaQCH,Gamma,QCH,,,4,transformer_encoder.10.ff.fc2.weight.tensor,transformer_encoder.10.ff.fc2.weight,transformer_ffn,Transformer FFN,2,10.0,ff_fc2_weight,Feed-forward,512x2048,1048576,-3.444885805947706e-05,0.06464735418558121,-3.560134791769087e-05,0.06458763033151627,-1.152502136392286e-06,0.0008201079908758402,684.2625122070312,0.8397905199791788,0.009765625,66.19897430639503,66.13781406441213,0.012685853954357111,0.9999177877758758,0.004439353942871094,0.00054931640625,0.00160980224609375,0.00213623046875,0.00274658203125,0.008497119881212711,0.024901283904910088,0.03304435685276985,0.04248560220003128,0.0,0.0,0.0,0.0
GammaQCH,GammaQCH,GammaQCH,Gamma,QCH,,,4,transformer_encoder.11.ff.fc1.weight.tensor,transformer_encoder.11.ff.fc1.weight,transformer_ffn,Transformer FFN,2,11.0,ff_fc1_weight,Feed-forward,4096x512,2097152,-0.0010969180148094893,0.0668487623333931,-0.0010921914363279939,0.06678956001996994,4.7266653382394e-06,0.0008200949523597956,1367.718017578125,1.1876389271632504,0.0050048828125,96.82051391137365,96.73468669187388,0.012266397679425294,0.9999217231565847,0.004212379455566406,0.00054931640625,0.00160980224609375,0.00213623046875,0.00274658203125,0.008217300288379192,0.02408125437796116,0.03195616602897644,0.041086502373218536,0.0,0.0,0.0,0.0
GammaQCH,GammaQCH,GammaQCH,Gamma,QCH,,,4,transformer_encoder.11.ff.fc2.weight.tensor,transformer_encoder.11.ff.fc2.weight,transformer_ffn,Transformer FFN,2,11.0,ff_fc2_weight,Feed-forward,512x2048,1048576,-9.978565503843129e-05,0.06456754356622696,-9.936337301041931e-05,0.0645073801279068,4.222973757350701e-07,0.0008078806567937136,674.3684692382812,0.8272689857598373,0.00390625,66.11731627734711,66.05570344059058,0.01251213800465856,0.9999199380957388,0.004296302795410156,0.00054931640625,0.0015869140625,0.00208282470703125,0.002685546875,0.008507623337209225,0.024577578529715538,0.03225807100534439,0.04159282520413399,0.0,0.0,0.0,0.0
GammaQCH,GammaQCH,GammaQCH,Gamma,QCH,,,4,transformer_encoder.12.ff.fc1.weight.tensor,transformer_encoder.12.ff.fc1.weight,transformer_ffn,Transformer FFN,2,12.0,ff_fc1_weight,Feed-forward,4096x512,2097152,-0.001224516425281763,0.06746090948581696,-0.001217676792293787,0.06741717457771301,6.839482466602931e-06,0.0008438414079137146,1408.146484375,1.2220475506716586,0.005168914794921875,97.71007016935357,97.64656952019615,0.012506874148729629,0.9999184818513199,0.004207134246826172,0.000560760498046875,0.00164794921875,0.002197265625,0.0028076171875,0.008312376216053963,0.02442820742726326,0.03257094323635101,0.04161842539906502,0.0,0.0,0.0,0.0
GammaQCH,GammaQCH,GammaQCH,Gamma,QCH,,,4,transformer_encoder.12.ff.fc2.weight.tensor,transformer_encoder.12.ff.fc2.weight,transformer_ffn,Transformer FFN,2,12.0,ff_fc2_weight,Feed-forward,512x2048,1048576,-3.34338765242137e-05,0.06491831690073013,-3.39805701514706e-05,0.06487540155649185,-5.466882271321083e-07,0.0008216840215027332,686.0618286132812,0.8414037366172492,0.0081787109375,66.47643350043307,66.43248746377785,0.012657173261434899,0.9999178469434149,0.004286766052246094,0.00054931640625,0.0016122758388519287,0.00213623046875,0.00274658203125,0.00846165418624878,0.02483545057475567,0.0329064317047596,0.042308270931243896,0.0,0.0,0.0,0.0
GammaQCH,GammaQCH,GammaQCH,Gamma,QCH,,,4,transformer_encoder.13.ff.fc1.weight.tensor,transformer_encoder.13.ff.fc1.weight,transformer_ffn,Transformer FFN,2,13.0,ff_fc1_weight,Feed-forward,4096x512,2097152,-0.0013571280287578702,0.06774163991212845,-0.0013546331319957972,0.06769603490829468,2.494814680176205e-06,0.0008468242012895644,1413.384033203125,1.2263324789137757,0.00531005859375,98.12019793186059,98.05410456413847,0.012498267479702679,0.9999187714292176,0.004235267639160156,0.0005645751953125,0.0016551017761230469,0.002197265625,0.0028076171875,0.00833424087613821,0.024432558566331863,0.03243596479296684,0.041445955634117126,0.0,0.0,0.0,0.0
GammaQCH,GammaQCH,GammaQCH,Gamma,QCH,,,4,transformer_encoder.13.ff.fc2.weight.tensor,transformer_encoder.13.ff.fc2.weight,transformer_ffn,Transformer FFN,2,13.0,ff_fc2_weight,Feed-forward,512x2048,1048576,4.59549373772461e-05,0.06497791409492493,4.569339580484666e-05,0.0649399533867836,-2.6154862098337617e-07,0.0008184225880540907,682.4754638671875,0.83806389570977,0.0072021484375,66.537469618864,66.49860122471563,0.01259536770048975,0.9999187288722319,0.0043125152587890625,0.00054931640625,0.0016021728515625,0.00213623046875,0.00274658203125,0.008453893475234509,0.02465718798339367,0.03287624940276146,0.04226946458220482,0.0,0.0,0.0,0.0
GammaQCH,GammaQCH,GammaQCH,Gamma,QCH,,,4,transformer_encoder.14.ff.fc1.weight.tensor,transformer_encoder.14.ff.fc1.weight,transformer_ffn,Transformer FFN,2,14.0,ff_fc1_weight,Feed-forward,4096x512,2097152,-0.0012365194270387292,0.06819237023591995,-0.0012301922542974353,0.06814423203468323,6.3271691033151e-06,0.0008578432025387883,1432.3101806640625,1.242318008572615,0.00482177734375,98.76948482609646,98.69961630022935,0.012577953714752621,0.9999176055380692,0.004195690155029297,0.000579833984375,0.00168609619140625,0.002227783203125,0.00286865234375,0.008502914570271969,0.02472558058798313,0.03266909345984459,0.04206705093383789,0.0,0.0,0.0,0.0
GammaQCH,GammaQCH,GammaQCH,Gamma,QCH,,,4,transformer_encoder.14.ff.fc2.weight.tensor,transformer_encoder.14.ff.fc2.weight,transformer_ffn,Transformer FFN,2,14.0,ff_fc2_weight,Feed-forward,512x2048,1048576,5.758010229328647e-05,0.06619220972061157,5.6110951845766976e-05,0.06614699959754944,-1.4691518117615487e-06,0.0008277555461972952,690.3318481445312,0.8476221104088694,0.0068359375,67.78092222719273,67.73462550415039,0.012505319823884059,0.9999197769950028,0.00415802001953125,0.00054931640625,0.00162506103515625,0.0021514892578125,0.002777099609375,0.008298806846141815,0.024550635367631912,0.03250366076827049,0.04195507615804672,0.0,0.0,0.0,0.0
GammaQCH,GammaQCH,GammaQCH,Gamma,QCH,,,4,transformer_encoder.15.ff.fc1.weight.tensor,transformer_encoder.15.ff.fc1.weight,transformer_ffn,Transformer FFN,2,15.0,ff_fc1_weight,Feed-forward,4096x512,2097152,-0.0012952552642673254,0.06821955740451813,-0.0012886601034551859,0.06816309690475464,6.595214472326916e-06,0.0008897772058844566,1483.541748046875,1.2885646899219012,0.00756072998046875,98.81042455125876,98.72849350459826,0.013040776778096263,0.9999119014867077,0.004337310791015625,0.0006103515625,0.001739501953125,0.0023193359375,0.0030517578125,0.008946869522333145,0.02549857832491398,0.03399810567498207,0.044734347611665726,0.0,0.0,0.0,0.0
GammaQCH,GammaQCH,GammaQCH,Gamma,QCH,,,4,transformer_encoder.15.ff.fc2.weight.tensor,transformer_encoder.15.ff.fc2.weight,transformer_ffn,Transformer FFN,2,15.0,ff_fc2_weight,Feed-forward,512x2048,1048576,-6.418526027118787e-05,0.06722520291805267,-6.277360080275685e-05,0.06717418134212494,1.4116620832282933e-06,0.000852550205308944,710.0077514648438,0.8730117483561098,0.007568359375,68.83871406910141,68.78646760082974,0.012681988037716014,0.9999174845181777,0.004103660583496094,0.0005645751953125,0.001678466796875,0.002227783203125,0.0029296875,0.008398265577852726,0.024967817589640617,0.033139102160930634,0.04358018934726715,0.0,0.0,0.0,0.0
GammaQCH,GammaQCH,GammaQCH,Gamma,QCH,,,4,transformer_encoder.16.ff.fc1.weight.tensor,transformer_encoder.16.ff.fc1.weight,transformer_ffn,Transformer FFN,2,16.0,ff_fc1_weight,Feed-forward,4096x512,2097152,-0.0005580946453846991,0.0698450431227684,-0.0005502029089257121,0.0697895735502243,7.891743734944612e-06,0.0009122809278778732,1522.563232421875,1.3211675730449066,0.0059814453125,101.14981057662689,101.0693942840141,0.013061493299031262,0.999911573911685,0.004337787628173828,0.0006103515625,0.0017910003662109375,0.00238037109375,0.0030517578125,0.008738651871681213,0.025642480701208115,0.03408074006438255,0.04369325935840607,0.0,0.0,0.0,0.0
GammaQCH,GammaQCH,GammaQCH,Gamma,QCH,,,4,transformer_encoder.16.ff.fc2.weight.tensor,transformer_encoder.16.ff.fc2.weight,transformer_ffn,Transformer FFN,2,16.0,ff_fc2_weight,Feed-forward,512x2048,1048576,-1.4280323739512824e-05,0.0670946016907692,-1.4163865671434905e-05,0.0670260563492775,1.1646244502117042e-07,0.0008745595696382225,729.4545288085938,0.8955481134329736,0.00469970703125,68.70494262151014,68.63475781605665,0.013034697057625989,0.9999131803219341,0.0040645599365234375,0.00058746337890625,0.001708984375,0.0022745132446289062,0.0029296875,0.00875574629753828,0.025471262633800507,0.03390008956193924,0.043665021657943726,0.0,0.0,0.0,0.0
GammaQCH,GammaQCH,GammaQCH,Gamma,QCH,,,4,transformer_encoder.17.ff.fc1.weight.tensor,transformer_encoder.17.ff.fc1.weight,transformer_ffn,Transformer FFN,2,17.0,ff_fc1_weight,Feed-forward,4096x512,2097152,-2.1685345927835442e-06,0.07129102200269699,2.6626644284988288e-06,0.07120952010154724,4.83119765704032e-06,0.0009474934195168316,1580.3270263671875,1.3721288702473111,0.00537109375,103.24059335933468,103.12256625916075,0.013290594577188513,0.9999086064699572,0.0043087005615234375,0.0006256103515625,0.001861572265625,0.0024566650390625,0.003173828125,0.008775442838668823,0.02611229382455349,0.034459665417671204,0.044519320130348206,0.0,0.0,0.0,0.0
GammaQCH,GammaQCH,GammaQCH,Gamma,QCH,,,4,transformer_encoder.17.ff.fc2.weight.tensor,transformer_encoder.17.ff.fc2.weight,transformer_ffn,Transformer FFN,2,17.0,ff_fc2_weight,Feed-forward,512x2048,1048576,-1.5033847375889309e-05,0.06867311894893646,-1.5237585103022866e-05,0.06857471168041229,-2.037339754679124e-07,0.0008896052604541183,738.4033203125,0.910955021266037,0.007080078125,70.32134666568182,70.2205822802777,0.01295417486239051,0.999914753309808,0.0041904449462890625,0.0005950927734375,0.00176239013671875,0.002349853515625,0.0030975341796875,0.008665584027767181,0.025663461536169052,0.0342179499566555,0.045105479657649994,0.0,0.0,0.0,0.0
GammaQCH,GammaQCH,GammaQCH,Gamma,QCH,,,4,transformer_encoder.0.deepnorm_alpha.tensor,transformer_encoder.0.deepnorm_alpha,transformer_norm_deepnorm,Transformer norm/deepnorm,3,0.0,deepnorm_alpha,Norm/deepnorm,scalar,1,2.44921875,0.0,2.44921875,0.0,0.0,0.0,0.0,0.0,0.0,2.44921875,2.44921875,0.0,0.9999999999998332,0.0,0.0,0.0,0.0,0.0,0.0,0.0,0.0,0.0,0.0,0.0,0.0,0.0
GammaQCH,GammaQCH,GammaQCH,Gamma,QCH,,,4,transformer_encoder.0.norm1.weight.tensor,transformer_encoder.0.norm1.weight,transformer_norm_deepnorm,Transformer norm/deepnorm,3,0.0,norm1_weight,Norm/deepnorm,512,512,0.1100592315196991,0.06435622274875641,0.11041022837162018,0.06452147662639618,0.00035100604873150587,0.0006380637641996145,0.29348379373550415,0.016478146392123645,0.0024144649505615234,2.8848631473656288,2.893606926365695,0.00571193347842697,0.9999883566270659,0.0390625,0.00047397613525390625,0.00152587890625,0.0018310546875,0.002303479006513953,0.007364883553236723,0.023709885776042938,0.028451863676309586,0.03579263389110565,0.0,0.0,0.0,0.0
GammaQCH,GammaQCH,GammaQCH,Gamma,QCH,,,4,transformer_encoder.0.norm2.weight.tensor,transformer_encoder.0.norm2.weight,transformer_norm_deepnorm,Transformer norm/deepnorm,3,0.0,norm2_weight,Norm/deepnorm,512,512,0.1267099678516388,0.07354135066270828,0.12689045071601868,0.07361370325088501,0.00018049310892820358,0.0006949419621378183,0.287347674369812,0.01624645484482664,0.0020751953125,3.315031703607501,3.3193860725012736,0.00490084448578333,0.9999889881362303,0.02734375,0.00048828125,0.00146484375,0.0018310546875,0.002055702731013298,0.006639546249061823,0.019918639212846756,0.02489829808473587,0.027953015640378,0.0,0.0,0.0,0.0
GammaQCH,GammaQCH,GammaQCH,Gamma,QCH,,,4,transformer_encoder.1.deepnorm_alpha.tensor,transformer_encoder.1.deepnorm_alpha,transformer_norm_deepnorm,Transformer norm/deepnorm,3,1.0,deepnorm_alpha,Norm/deepnorm,scalar,1,2.44921875,0.0,2.44921875,0.0,0.0,0.0,0.0,0.0,0.0,2.44921875,2.44921875,0.0,0.9999999999998332,0.0,0.0,0.0,0.0,0.0,0.0,0.0,0.0,0.0,0.0,0.0,0.0,0.0
GammaQCH,GammaQCH,GammaQCH,Gamma,QCH,,,4,transformer_encoder.1.norm1.weight.tensor,transformer_encoder.1.norm1.weight,transformer_norm_deepnorm,Transformer norm/deepnorm,3,1.0,norm1_weight,Norm/deepnorm,512,512,0.18544712662696838,0.0805526152253151,0.1860821545124054,0.08078217506408691,0.0006350175244733691,0.0007581845857203007,0.4053933024406433,0.022378172976132506,0.003662109375,4.5749571584561295,4.5902058949551545,0.00489144973407344,0.9999936834740597,0.009765625,0.000732421875,0.0018585193902254105,0.0026721209287643433,0.0032878518104553223,0.009092465043067932,0.02307211421430111,0.0331723652780056,0.04081619903445244,0.0,0.0,0.0,0.0
GammaQCH,GammaQCH,GammaQCH,Gamma,QCH,,,4,transformer_encoder.1.norm2.weight.tensor,transformer_encoder.1.norm2.weight,transformer_norm_deepnorm,Transformer norm/deepnorm,3,1.0,norm2_weight,Norm/deepnorm,512,512,0.1759711056947708,0.05737118050456047,0.1761547029018402,0.057515840977430344,0.00018361210823059082,0.0006807028548792005,0.284093976020813,0.015953047545765292,0.0020751953125,4.188045636967703,4.193010490697305,0.0038091866537806086,0.9999935332137622,0.001953125,0.00048828125,0.0013427734375,0.0018310546875,0.0020751953125,0.008510913699865341,0.023405011743307114,0.031915925443172455,0.036171384155750275,0.0,0.0,0.0,0.0
GammaQCH,GammaQCH,GammaQCH,Gamma,QCH,,,4,transformer_encoder.2.deepnorm_alpha.tensor,transformer_encoder.2.deepnorm_alpha,transformer_norm_deepnorm,Transformer norm/deepnorm,3,2.0,deepnorm_alpha,Norm/deepnorm,scalar,1,2.44921875,0.0,2.44921875,0.0,0.0,0.0,0.0,0.0,0.0,2.44921875,2.44921875,0.0,0.9999999999998332,0.0,0.0,0.0,0.0,0.0,0.0,0.0,0.0,0.0,0.0,0.0,0.0,0.0
GammaQCH,GammaQCH,GammaQCH,Gamma,QCH,,,4,transformer_encoder.2.norm1.weight.tensor,transformer_encoder.2.norm1.weight,transformer_norm_deepnorm,Transformer norm/deepnorm,3,2.0,norm1_weight,Norm/deepnorm,512,512,0.23824788630008698,0.0376431904733181,0.23888134956359863,0.037765733897686005,0.0006334669888019562,0.0006778820534236729,0.3888378143310547,0.020993616545720194,0.0032958984375,5.457808704740754,5.4723997307832475,0.0038465284661737785,0.9999962520094496,0.0,0.000732421875,0.001708984375,0.002197265625,0.0029840171337127686,0.019456949084997177,0.04539955034852028,0.05837084725499153,0.07927107810974121,0.0,0.0,0.0,0.0
GammaQCH,GammaQCH,GammaQCH,Gamma,QCH,,,4,transformer_encoder.2.norm2.weight.tensor,transformer_encoder.2.norm2.weight,transformer_norm_deepnorm,Transformer norm/deepnorm,3,2.0,norm2_weight,Norm/deepnorm,512,512,0.21235376596450806,0.03058166429400444,0.21261084079742432,0.030643602833151817,0.0002570607466623187,0.0006799770053476095,0.2852016091346741,0.016448887026806653,0.0025634765625,4.85458854621099,4.860545713453209,0.003388317438280456,0.9999951340457833,0.001953125,0.00048828125,0.00146484375,0.001953125,0.002376347780227661,0.015966465696692467,0.04789939895272255,0.06386586278676987,0.07770496606826782,0.0,0.0,0.0,0.0
GammaQCH,GammaQCH,GammaQCH,Gamma,QCH,,,4,transformer_encoder.3.deepnorm_alpha.tensor,transformer_encoder.3.deepnorm_alpha,transformer_norm_deepnorm,Transformer norm/deepnorm,3,3.0,deepnorm_alpha,Norm/deepnorm,scalar,1,2.44921875,0.0,2.44921875,0.0,0.0,0.0,0.0,0.0,0.0,2.44921875,2.44921875,0.0,0.9999999999998332,0.0,0.0,0.0,0.0,0.0,0.0,0.0,0.0,0.0,0.0,0.0,0.0,0.0
GammaQCH,GammaQCH,GammaQCH,Gamma,QCH,,,4,transformer_encoder.3.norm1.weight.tensor,transformer_encoder.3.norm1.weight,transformer_norm_deepnorm,Transformer norm/deepnorm,3,3.0,norm1_weight,Norm/deepnorm,512,512,0.29953742027282715,0.029441900551319122,0.3001854419708252,0.029400762170553207,0.0006480216979980469,0.0006983134662732482,0.38671875,0.021556386772113394,0.002685546875,6.81041944738475,6.8249213692743265,0.0031652069213428603,0.9999974201208849,0.0,0.000732421875,0.001708984375,0.0024145543575286865,0.002685546875,0.024876846000552177,0.05804597586393356,0.08201079070568085,0.0912151038646698,0.0,0.0,0.0,0.0
GammaQCH,GammaQCH,GammaQCH,Gamma,QCH,,,4,transformer_encoder.3.norm2.weight.tensor,transformer_encoder.3.norm2.weight,transformer_norm_deepnorm,Transformer norm/deepnorm,3,3.0,norm2_weight,Norm/deepnorm,512,512,0.22906064987182617,0.025176841765642166,0.2293558120727539,0.025109082460403442,0.0002951622009277344,0.0006436007097363472,0.283935546875,0.01602146693424855,0.00244140625,5.214264363881574,5.220736371129646,0.0030726226781334245,0.9999962150801113,0.0,0.00048828125,0.0013427734375,0.0018176287412643433,0.00244140625,0.019394055008888245,0.05333365127444267,0.07219444215297699,0.09697027504444122,0.0,0.0,0.0,0.0
GammaQCH,GammaQCH,GammaQCH,Gamma,QCH,,,4,transformer_encoder.4.deepnorm_alpha.tensor,transformer_encoder.4.deepnorm_alpha,transformer_norm_deepnorm,Transformer norm/deepnorm,3,4.0,deepnorm_alpha,Norm/deepnorm,scalar,1,2.44921875,0.0,2.44921875,0.0,0.0,0.0,0.0,0.0,0.0,2.44921875,2.44921875,0.0,0.9999999999998332,0.0,0.0,0.0,0.0,0.0,0.0,0.0,0.0,0.0,0.0,0.0,0.0,0.0
GammaQCH,GammaQCH,GammaQCH,Gamma,QCH,,,4,transformer_encoder.4.norm1.weight.tensor,transformer_encoder.4.norm1.weight,transformer_norm_deepnorm,Transformer norm/deepnorm,3,4.0,norm1_weight,Norm/deepnorm,512,512,0.2992434501647949,0.024999048560857773,0.2999582290649414,0.024942560121417046,0.0007147789001464844,0.00061735202325508,0.397216796875,0.02137102221681103,0.002685546875,6.794692537538951,6.810703985766691,0.0031452522831222187,0.9999980712837223,0.0,0.000732421875,0.001708984375,0.002197265625,0.0025607943534851074,0.029297979548573494,0.06836195290088654,0.08789394050836563,0.1024356335401535,0.0,0.0,0.0,0.0
GammaQCH,GammaQCH,GammaQCH,Gamma,QCH,,,4,transformer_encoder.4.norm2.weight.tensor,transformer_encoder.4.norm2.weight,transformer_norm_deepnorm,Transformer norm/deepnorm,3,4.0,norm2_weight,Norm/deepnorm,512,512,0.26636767387390137,0.023428261280059814,0.2666199207305908,0.023348547518253326,0.0002522468566894531,0.0006345653091557324,0.2734375,0.015451420797060286,0.002197265625,6.0504805192778,6.056008550438835,0.0025537510199110684,0.9999972937612727,0.0,0.00048828125,0.001220703125,0.0019262731075286865,0.0020725131034851074,0.02084154076874256,0.05210385099053383,0.08222003281116486,0.08846206218004227,0.0,0.0,0.0,0.0
GammaQCH,GammaQCH,GammaQCH,Gamma,QCH,,,4,transformer_encoder.5.deepnorm_alpha.tensor,transformer_encoder.5.deepnorm_alpha,transformer_norm_deepnorm,Transformer norm/deepnorm,3,5.0,deepnorm_alpha,Norm/deepnorm,scalar,1,2.44921875,0.0,2.44921875,0.0,0.0,0.0,0.0,0.0,0.0,2.44921875,2.44921875,0.0,0.9999999999998332,0.0,0.0,0.0,0.0,0.0,0.0,0.0,0.0,0.0,0.0,0.0,0.0,0.0
GammaQCH,GammaQCH,GammaQCH,Gamma,QCH,,,4,transformer_encoder.5.norm1.weight.tensor,transformer_encoder.5.norm1.weight,transformer_norm_deepnorm,Transformer norm/deepnorm,3,5.0,norm1_weight,Norm/deepnorm,512,512,0.3453552722930908,0.03312533721327782,0.34621500968933105,0.03313669189810753,0.0008597373962402344,0.0006139424513094127,0.458740234375,0.023904596408675673,0.002685546875,7.850361624971315,7.869750922598518,0.003045031241953771,0.9999985968723735,0.0,0.000732421875,0.001953125,0.0024145543575286865,0.0025607943534851074,0.02211061678826809,0.058961644768714905,0.07289143651723862,0.07730618864297867,0.0,0.0,0.0,0.0
GammaQCH,GammaQCH,GammaQCH,Gamma,QCH,,,4,transformer_encoder.5.norm2.weight.tensor,transformer_encoder.5.norm2.weight,transformer_norm_deepnorm,Transformer norm/deepnorm,3,5.0,norm2_weight,Norm/deepnorm,512,512,0.2933690547943115,0.026023084297776222,0.2936410903930664,0.026003887876868248,0.0002720355987548828,0.0006227722624316812,0.2764892578125,0.015377468159133625,0.001953125,6.664248250360399,6.670341369037434,0.0023074572827174785,0.9999978860611726,0.0,0.00048828125,0.001220703125,0.001708984375,0.001953125,0.018763381987810135,0.046908456832170486,0.06567183881998062,0.07505352795124054,0.0,0.0,0.0,0.0
GammaQCH,GammaQCH,GammaQCH,Gamma,QCH,,,4,transformer_encoder.6.deepnorm_alpha.tensor,transformer_encoder.6.deepnorm_alpha,transformer_norm_deepnorm,Transformer norm/deepnorm,3,6.0,deepnorm_alpha,Norm/deepnorm,scalar,1,2.44921875,0.0,2.44921875,0.0,0.0,0.0,0.0,0.0,0.0,2.44921875,2.44921875,0.0,0.9999999999998332,0.0,0.0,0.0,0.0,0.0,0.0,0.0,0.0,0.0,0.0,0.0,0.0,0.0
GammaQCH,GammaQCH,GammaQCH,Gamma,QCH,,,4,transformer_encoder.6.norm1.weight.tensor,transformer_encoder.6.norm1.weight,transformer_norm_deepnorm,Transformer norm/deepnorm,3,6.0,norm1_weight,Norm/deepnorm,512,512,0.37731361389160156,0.03207424655556679,0.3783078193664551,0.0320269837975502,0.0009942054748535156,0.0006416249088943005,0.525146484375,0.026774335896780393,0.0029296875,8.56842326202818,8.590748765705394,0.0031247681257099424,0.9999986178611978,0.0,0.0009765625,0.002197265625,0.00244140625,0.0028049349784851074,0.03044692426919937,0.06850557774305344,0.07611731439828873,0.08745128661394119,0.0,0.0,0.0,0.0
GammaQCH,GammaQCH,GammaQCH,Gamma,QCH,,,4,transformer_encoder.6.norm2.weight.tensor,transformer_encoder.6.norm2.weight,transformer_norm_deepnorm,Transformer norm/deepnorm,3,6.0,norm2_weight,Norm/deepnorm,512,512,0.3220500946044922,0.03167623281478882,0.3224031925201416,0.03163503482937813,0.00035309791564941406,0.0006101868348196149,0.2786865234375,0.01595202588097626,0.002685546875,7.322325276080711,7.330185850527358,0.002178546469805618,0.9999984079080352,0.0,0.00048828125,0.00146484375,0.0019262731075286865,0.002436041831970215,0.015414745546877384,0.04624423757195473,0.06081128492951393,0.07690437883138657,0.0,0.0,0.0,0.0
GammaQCH,GammaQCH,GammaQCH,Gamma,QCH,,,4,transformer_encoder.7.deepnorm_alpha.tensor,transformer_encoder.7.deepnorm_alpha,transformer_norm_deepnorm,Transformer norm/deepnorm,3,7.0,deepnorm_alpha,Norm/deepnorm,scalar,1,2.44921875,0.0,2.44921875,0.0,0.0,0.0,0.0,0.0,0.0,2.44921875,2.44921875,0.0,0.9999999999998332,0.0,0.0,0.0,0.0,0.0,0.0,0.0,0.0,0.0,0.0,0.0,0.0,0.0
GammaQCH,GammaQCH,GammaQCH,Gamma,QCH,,,4,transformer_encoder.7.norm1.weight.tensor,transformer_encoder.7.norm1.weight,transformer_norm_deepnorm,Transformer norm/deepnorm,3,7.0,norm1_weight,Norm/deepnorm,512,512,0.3905153274536133,0.037597835063934326,0.39153623580932617,0.03751836344599724,0.0010209083557128906,0.000632099574431777,0.532470703125,0.02716990109557289,0.002685546875,8.87721160411634,8.900034666529658,0.0030606346122211635,0.9999987578968307,0.0,0.0009765625,0.002197265625,0.002685546875,0.002685546875,0.02597389556467533,0.05844126269221306,0.07142820954322815,0.07142820954322815,0.0,0.0,0.0,0.0
GammaQCH,GammaQCH,GammaQCH,Gamma,QCH,,,4,transformer_encoder.7.norm2.weight.tensor,transformer_encoder.7.norm2.weight,transformer_norm_deepnorm,Transformer norm/deepnorm,3,7.0,norm2_weight,Norm/deepnorm,512,512,0.32169532775878906,0.04555841535329819,0.3220703601837158,0.04555349797010422,0.0003750324249267578,0.0006245470722205937,0.2962646484375,0.016484012690173834,0.002685546875,7.351766942229029,7.36015377257216,0.0022421837933254314,0.9999982882523308,0.0,0.00048828125,0.00146484375,0.0019262731075286865,0.0023112893104553223,0.010717693716287613,0.03215308114886284,0.0422813817858696,0.05073242262005806,0.0,0.0,0.0,0.0
GammaQCH,GammaQCH,GammaQCH,Gamma,QCH,,,4,transformer_encoder.8.deepnorm_alpha.tensor,transformer_encoder.8.deepnorm_alpha,transformer_norm_deepnorm,Transformer norm/deepnorm,3,8.0,deepnorm_alpha,Norm/deepnorm,scalar,1,2.44921875,0.0,2.44921875,0.0,0.0,0.0,0.0,0.0,0.0,2.44921875,2.44921875,0.0,0.9999999999998332,0.0,0.0,0.0,0.0,0.0,0.0,0.0,0.0,0.0,0.0,0.0,0.0,0.0
GammaQCH,GammaQCH,GammaQCH,Gamma,QCH,,,4,transformer_encoder.8.norm1.weight.tensor,transformer_encoder.8.norm1.weight,transformer_norm_deepnorm,Transformer norm/deepnorm,3,8.0,norm1_weight,Norm/deepnorm,512,512,0.3574991226196289,0.035378359258174896,0.35837364196777344,0.035329606384038925,0.0008745193481445312,0.0006504750926978886,0.47314453125,0.02466182870932498,0.002685546875,8.12879456164262,8.148378512789849,0.0030338851009587367,0.9999984029828792,0.0,0.0008544921875,0.001953125,0.00244140625,0.002685546875,0.024152955040335655,0.05520675331354141,0.06900843977928162,0.07590928673744202,0.0,0.0,0.0,0.0
GammaQCH,GammaQCH,GammaQCH,Gamma,QCH,,,4,transformer_encoder.8.norm2.weight.tensor,transformer_encoder.8.norm2.weight,transformer_norm_deepnorm,Transformer norm/deepnorm,3,8.0,norm2_weight,Norm/deepnorm,512,512,0.2291562557220459,0.021944638341665268,0.23027515411376953,0.02179676480591297,0.0011188983917236328,0.0006879770080558956,0.5806884765625,0.029720799693314027,0.0030517578125,5.208934942467921,5.233821646065822,0.005705734477694786,0.9999953725988379,0.0,0.0010986328125,0.0023193359375,0.0026721209287643433,0.0029270052909851074,0.05006381496787071,0.10569027811288834,0.12176640331745148,0.13338129222393036,0.0,0.0,0.0,0.0
GammaQCH,GammaQCH,GammaQCH,Gamma,QCH,,,4,transformer_encoder.9.deepnorm_alpha.tensor,transformer_encoder.9.deepnorm_alpha,transformer_norm_deepnorm,Transformer norm/deepnorm,3,9.0,deepnorm_alpha,Norm/deepnorm,scalar,1,2.44921875,0.0,2.44921875,0.0,0.0,0.0,0.0,0.0,0.0,2.44921875,2.44921875,0.0,0.9999999999998332,0.0,0.0,0.0,0.0,0.0,0.0,0.0,0.0,0.0,0.0,0.0,0.0,0.0
GammaQCH,GammaQCH,GammaQCH,Gamma,QCH,,,4,transformer_encoder.9.norm1.weight.tensor,transformer_encoder.9.norm1.weight,transformer_norm_deepnorm,Transformer norm/deepnorm,3,9.0,norm1_weight,Norm/deepnorm,512,512,0.21958576142787933,0.03401067852973938,0.22015860676765442,0.03396710380911827,0.0005728453397750854,0.0006437636911869049,0.35970306396484375,0.019498787665067706,0.002685546875,5.027902946998241,5.040562322218616,0.003878115363524468,0.9999957862784203,0.0,0.0006103515625,0.0015869140625,0.0020751953125,0.0026231706142425537,0.017945874482393265,0.04665927216410637,0.06101597100496292,0.07712782919406891,0.0,0.0,0.0,0.0
GammaQCH,GammaQCH,GammaQCH,Gamma,QCH,,,4,transformer_encoder.9.norm2.weight.tensor,transformer_encoder.9.norm2.weight,transformer_norm_deepnorm,Transformer norm/deepnorm,3,9.0,norm2_weight,Norm/deepnorm,512,512,0.27030277252197266,0.03048752062022686,0.2703784704208374,0.0304507315158844,7.56978988647461e-05,0.0005972739891149104,0.24310302734375,0.013622877331844297,0.001953125,6.155034443861948,6.156643462799137,0.0022132901864468646,0.9999976684938578,0.0,0.00048828125,0.001220703125,0.0015734881162643433,0.0018907487392425537,0.01601576991379261,0.04003942385315895,0.05161087587475777,0.06201711669564247,0.0,0.0,0.0,0.0
GammaQCH,GammaQCH,GammaQCH,Gamma,QCH,,,4,transformer_encoder.10.deepnorm_alpha.tensor,transformer_encoder.10.deepnorm_alpha,transformer_norm_deepnorm,Transformer norm/deepnorm,3,10.0,deepnorm_alpha,Norm/deepnorm,scalar,1,2.44921875,0.0,2.44921875,0.0,0.0,0.0,0.0,0.0,0.0,2.44921875,2.44921875,0.0,0.9999999999998332,0.0,0.0,0.0,0.0,0.0,0.0,0.0,0.0,0.0,0.0,0.0,0.0,0.0
GammaQCH,GammaQCH,GammaQCH,Gamma,QCH,,,4,transformer_encoder.10.norm1.weight.tensor,transformer_encoder.10.norm1.weight,transformer_norm_deepnorm,Transformer norm/deepnorm,3,10.0,norm1_weight,Norm/deepnorm,512,512,0.2463228702545166,0.026740267872810364,0.24711203575134277,0.026668207719922066,0.0007891654968261719,0.0006144710350781679,0.426513671875,0.02263145405304157,0.0029296875,5.60639589730117,5.6239734984596925,0.0040367206432802855,0.9999969145796231,0.0,0.000732421875,0.0018310546875,0.002197265625,0.002742558717727661,0.027390211820602417,0.06847552955150604,0.08217063546180725,0.10256283730268478,0.0,0.0,0.0,0.0
GammaQCH,GammaQCH,GammaQCH,Gamma,QCH,,,4,transformer_encoder.10.norm2.weight.tensor,transformer_encoder.10.norm2.weight,transformer_norm_deepnorm,Transformer norm/deepnorm,3,10.0,norm2_weight,Norm/deepnorm,512,512,0.33830833435058594,0.027939941734075546,0.33857595920562744,0.027981704100966454,0.0002676248550415039,0.0006228899583220482,0.27520751953125,0.015340236727754258,0.00244140625,7.681105023995469,7.687217645189429,0.0019971393022006553,0.9999985074523452,0.0,0.00048828125,0.001220703125,0.001708984375,0.002191901206970215,0.017476094886660576,0.043690238147974014,0.06116633489727974,0.07845042645931244,0.0,0.0,0.0,0.0
GammaQCH,GammaQCH,GammaQCH,Gamma,QCH,,,4,transformer_encoder.11.deepnorm_alpha.tensor,transformer_encoder.11.deepnorm_alpha,transformer_norm_deepnorm,Transformer norm/deepnorm,3,11.0,deepnorm_alpha,Norm/deepnorm,scalar,1,2.44921875,0.0,2.44921875,0.0,0.0,0.0,0.0,0.0,0.0,2.44921875,2.44921875,0.0,0.9999999999998332,0.0,0.0,0.0,0.0,0.0,0.0,0.0,0.0,0.0,0.0,0.0,0.0,0.0
GammaQCH,GammaQCH,GammaQCH,Gamma,QCH,,,4,transformer_encoder.11.norm1.weight.tensor,transformer_encoder.11.norm1.weight,transformer_norm_deepnorm,Transformer norm/deepnorm,3,11.0,norm1_weight,Norm/deepnorm,512,512,0.25324106216430664,0.026536356657743454,0.2539505958557129,0.026484353467822075,0.00070953369140625,0.0005733224679715931,0.395263671875,0.020641075574070557,0.002197265625,5.761564484163635,5.777410108328337,0.003582547002780494,0.9999975257819833,0.0,0.000732421875,0.001708984375,0.001953125,0.002197265625,0.027600685134530067,0.06440159678459167,0.07360182702541351,0.08280205726623535,0.0,0.0,0.0,0.0
GammaQCH,GammaQCH,GammaQCH,Gamma,QCH,,,4,transformer_encoder.11.norm2.weight.tensor,transformer_encoder.11.norm2.weight,transformer_norm_deepnorm,Transformer norm/deepnorm,3,11.0,norm2_weight,Norm/deepnorm,512,512,0.3390350341796875,0.018608592450618744,0.3394739627838135,0.01861497387290001,0.00043892860412597656,0.0005577632691711187,0.2882080078125,0.016060018652053587,0.002197265625,7.683033211474052,7.69295797973883,0.0020903226902712103,0.9999988325046971,0.0,0.00048828125,0.00146484375,0.001708984375,0.002197265625,0.02623954601585865,0.0787186324596405,0.09183841198682785,0.11807795614004135,0.0,0.0,0.0,0.0
GammaQCH,GammaQCH,GammaQCH,Gamma,QCH,,,4,transformer_encoder.12.deepnorm_alpha.tensor,transformer_encoder.12.deepnorm_alpha,transformer_norm_deepnorm,Transformer norm/deepnorm,3,12.0,deepnorm_alpha,Norm/deepnorm,scalar,1,2.44921875,0.0,2.44921875,0.0,0.0,0.0,0.0,0.0,0.0,2.44921875,2.44921875,0.0,0.9999999999998332,0.0,0.0,0.0,0.0,0.0,0.0,0.0,0.0,0.0,0.0,0.0,0.0,0.0
GammaQCH,GammaQCH,GammaQCH,Gamma,QCH,,,4,transformer_encoder.12.norm1.weight.tensor,transformer_encoder.12.norm1.weight,transformer_norm_deepnorm,Transformer norm/deepnorm,3,12.0,norm1_weight,Norm/deepnorm,512,512,0.2584099769592285,0.020306674763560295,0.25929951667785645,0.02028212882578373,0.0008895397186279297,0.0005510302144102752,0.4671630859375,0.023676920941578167,0.00244140625,5.86517583949312,5.88519895257805,0.004036864637910044,0.9999979057622392,0.0,0.0009765625,0.001708984375,0.002197265625,0.0023790299892425537,0.04809069260954857,0.08415871113538742,0.10820405930280685,0.11715502291917801,0.0,0.0,0.0,0.0
GammaQCH,GammaQCH,GammaQCH,Gamma,QCH,,,4,transformer_encoder.12.norm2.weight.tensor,transformer_encoder.12.norm2.weight,transformer_norm_deepnorm,Transformer norm/deepnorm,3,12.0,norm2_weight,Norm/deepnorm,512,512,0.2992253303527832,0.017497792840003967,0.2996797561645508,0.017610393464565277,0.0004544258117675781,0.0006378788966685534,0.310791015625,0.017721649847616705,0.00341796875,6.782262207992182,6.792676168044947,0.0026129408306760824,0.9999979891220934,0.0,0.00048828125,0.00146484375,0.0021704137325286865,0.003168463706970215,0.027905290946364403,0.08371587097644806,0.12403922528028488,0.18107780814170837,0.0,0.0,0.0,0.0
GammaQCH,GammaQCH,GammaQCH,Gamma,QCH,,,4,transformer_encoder.13.deepnorm_alpha.tensor,transformer_encoder.13.deepnorm_alpha,transformer_norm_deepnorm,Transformer norm/deepnorm,3,13.0,deepnorm_alpha,Norm/deepnorm,scalar,1,2.44921875,0.0,2.44921875,0.0,0.0,0.0,0.0,0.0,0.0,2.44921875,2.44921875,0.0,0.9999999999998332,0.0,0.0,0.0,0.0,0.0,0.0,0.0,0.0,0.0,0.0,0.0,0.0,0.0
GammaQCH,GammaQCH,GammaQCH,Gamma,QCH,,,4,transformer_encoder.13.norm1.weight.tensor,transformer_encoder.13.norm1.weight,transformer_norm_deepnorm,Transformer norm/deepnorm,3,13.0,norm1_weight,Norm/deepnorm,512,512,0.29320549964904785,0.021444566547870636,0.2940328121185303,0.021472757682204247,0.0008273124694824219,0.0005917729577049613,0.446044921875,0.023016000530962893,0.00244140625,6.65220354327806,6.670919810045729,0.003459906237267306,0.9999981874251072,0.0,0.000732421875,0.001708984375,0.002197265625,0.00244140625,0.03415418043732643,0.07969308644533157,0.102462537586689,0.1138472631573677,0.0,0.0,0.0,0.0
GammaQCH,GammaQCH,GammaQCH,Gamma,QCH,,,4,transformer_encoder.13.norm2.weight.tensor,transformer_encoder.13.norm2.weight,transformer_norm_deepnorm,Transformer norm/deepnorm,3,13.0,norm2_weight,Norm/deepnorm,512,512,0.3176431655883789,0.018648406490683556,0.31842756271362305,0.018762711435556412,0.0007843971252441406,0.0007148701697587967,0.444580078125,0.02401405709583252,0.00390625,7.199819604944974,7.217689601414919,0.003335369274993483,0.9999976771020177,0.0,0.000732421875,0.001953125,0.002685546875,0.0035319924354553223,0.039275284856557846,0.10473410040140152,0.14400938153266907,0.18939906358718872,0.0,0.0,0.0,0.0
GammaQCH,GammaQCH,GammaQCH,Gamma,QCH,,,4,transformer_encoder.14.deepnorm_alpha.tensor,transformer_encoder.14.deepnorm_alpha,transformer_norm_deepnorm,Transformer norm/deepnorm,3,14.0,deepnorm_alpha,Norm/deepnorm,scalar,1,2.44921875,0.0,2.44921875,0.0,0.0,0.0,0.0,0.0,0.0,2.44921875,2.44921875,0.0,0.9999999999998332,0.0,0.0,0.0,0.0,0.0,0.0,0.0,0.0,0.0,0.0,0.0,0.0,0.0
GammaQCH,GammaQCH,GammaQCH,Gamma,QCH,,,4,transformer_encoder.14.norm1.weight.tensor,transformer_encoder.14.norm1.weight,transformer_norm_deepnorm,Transformer norm/deepnorm,3,14.0,norm1_weight,Norm/deepnorm,512,512,0.2626149654388428,0.021146051585674286,0.2634005546569824,0.02116250991821289,0.0007855892181396484,0.0006096806027926505,0.4332275390625,0.022501038951198715,0.0030517578125,5.961530383461906,5.9792790241738825,0.0037743729384682625,0.9999975160828265,0.0,0.000732421875,0.001708984375,0.002197265625,0.002864629030227661,0.034636326134204865,0.08081809431314468,0.1039089784026146,0.13546869158744812,0.0,0.0,0.0,0.0
GammaQCH,GammaQCH,GammaQCH,Gamma,QCH,,,4,transformer_encoder.14.norm2.weight.tensor,transformer_encoder.14.norm2.weight,transformer_norm_deepnorm,Transformer norm/deepnorm,3,14.0,norm2_weight,Norm/deepnorm,512,512,0.4210224151611328,0.024189021438360214,0.42239809036254883,0.024275870993733406,0.0013756752014160156,0.0007690718048252165,0.713623046875,0.03566208498633401,0.004638671875,9.542359128476376,9.57354856002987,0.003737239869741145,0.9999984342846936,0.0,0.001220703125,0.002685546875,0.003173828125,0.004389166831970215,0.05046515166759491,0.11102333664894104,0.13120940327644348,0.18145278096199036,0.0,0.0,0.0,0.0
GammaQCH,GammaQCH,GammaQCH,Gamma,QCH,,,4,transformer_encoder.15.deepnorm_alpha.tensor,transformer_encoder.15.deepnorm_alpha,transformer_norm_deepnorm,Transformer norm/deepnorm,3,15.0,deepnorm_alpha,Norm/deepnorm,scalar,1,2.44921875,0.0,2.44921875,0.0,0.0,0.0,0.0,0.0,0.0,2.44921875,2.44921875,0.0,0.9999999999998332,0.0,0.0,0.0,0.0,0.0,0.0,0.0,0.0,0.0,0.0,0.0,0.0,0.0
GammaQCH,GammaQCH,GammaQCH,Gamma,QCH,,,4,transformer_encoder.15.norm1.weight.tensor,transformer_encoder.15.norm1.weight,transformer_norm_deepnorm,Transformer norm/deepnorm,3,15.0,norm1_weight,Norm/deepnorm,512,512,0.25661516189575195,0.0307583287358284,0.2572207450866699,0.03084780089557171,0.0006055831909179688,0.000642484228592366,0.3662109375,0.019977805220194125,0.0025634765625,5.848099828700371,5.861946050504341,0.00341611904813027,0.9999971211480088,0.0,0.0006103515625,0.001708984375,0.0020751953125,0.002376347780227661,0.01984344981610775,0.05556166172027588,0.06746773421764374,0.0772586539387703,0.0,0.0,0.0,0.0
GammaQCH,GammaQCH,GammaQCH,Gamma,QCH,,,4,transformer_encoder.15.norm2.weight.tensor,transformer_encoder.15.norm2.weight,transformer_norm_deepnorm,Transformer norm/deepnorm,3,15.0,norm2_weight,Norm/deepnorm,512,512,0.5345916748046875,0.02535323053598404,0.5354137420654297,0.02542027272284031,0.0008220672607421875,0.0007575008203275502,0.46435546875,0.025294194136580888,0.0029296875,12.110023924144798,12.128675395347306,0.0020886989402347576,0.9999993142666805,0.0,0.0009765625,0.001953125,0.00244140625,0.002680182456970215,0.03851825371384621,0.07703650742769241,0.09629563242197037,0.1057136058807373,0.0,0.0,0.0,0.0
GammaQCH,GammaQCH,GammaQCH,Gamma,QCH,,,4,transformer_encoder.16.deepnorm_alpha.tensor,transformer_encoder.16.deepnorm_alpha,transformer_norm_deepnorm,Transformer norm/deepnorm,3,16.0,deepnorm_alpha,Norm/deepnorm,scalar,1,2.44921875,0.0,2.44921875,0.0,0.0,0.0,0.0,0.0,0.0,2.44921875,2.44921875,0.0,0.9999999999998332,0.0,0.0,0.0,0.0,0.0,0.0,0.0,0.0,0.0,0.0,0.0,0.0,0.0
GammaQCH,GammaQCH,GammaQCH,Gamma,QCH,,,4,transformer_encoder.16.norm1.weight.tensor,transformer_encoder.16.norm1.weight,transformer_norm_deepnorm,Transformer norm/deepnorm,3,16.0,norm1_weight,Norm/deepnorm,512,512,0.255903959274292,0.03497700020670891,0.25685787200927734,0.03505340963602066,0.0009539127349853516,0.0007419242756441236,0.5220947265625,0.027344567422910197,0.00341796875,5.8442819934567645,5.865901963651282,0.00467885831886969,0.9999960237401865,0.0,0.0009765625,0.002197265625,0.0028076171875,0.0032932162284851074,0.027920125052332878,0.06282027810811996,0.08027035742998123,0.0941537395119667,0.0,0.0,0.0,0.0
GammaQCH,GammaQCH,GammaQCH,Gamma,QCH,,,4,transformer_encoder.16.norm2.weight.tensor,transformer_encoder.16.norm2.weight,transformer_norm_deepnorm,Transformer norm/deepnorm,3,16.0,norm2_weight,Norm/deepnorm,512,512,0.39286327362060547,0.027819156646728516,0.3937530517578125,0.028005216270685196,0.0008897781372070312,0.0008380746585316956,0.50048828125,0.027658018928465634,0.00537109375,8.911739330814756,8.932120458150251,0.0031035489147250334,0.9999979127684008,0.0,0.000732421875,0.00244140625,0.003173828125,0.004996836185455322,0.026327960193157196,0.08775986731052399,0.11408782750368118,0.1796184778213501,0.0,0.0,0.0,0.0
GammaQCH,GammaQCH,GammaQCH,Gamma,QCH,,,4,transformer_encoder.17.deepnorm_alpha.tensor,transformer_encoder.17.deepnorm_alpha,transformer_norm_deepnorm,Transformer norm/deepnorm,3,17.0,deepnorm_alpha,Norm/deepnorm,scalar,1,2.44921875,0.0,2.44921875,0.0,0.0,0.0,0.0,0.0,0.0,2.44921875,2.44921875,0.0,0.9999999999998332,0.0,0.0,0.0,0.0,0.0,0.0,0.0,0.0,0.0,0.0,0.0,0.0,0.0
GammaQCH,GammaQCH,GammaQCH,Gamma,QCH,,,4,transformer_encoder.17.norm1.weight.tensor,transformer_encoder.17.norm1.weight,transformer_norm_deepnorm,Transformer norm/deepnorm,3,17.0,norm1_weight,Norm/deepnorm,512,512,0.27333498001098633,0.019559422507882118,0.2739524841308594,0.01962157152593136,0.0006175041198730469,0.0007556229247711599,0.394775390625,0.022080896591005886,0.00341796875,6.2006788066770735,6.214716077412673,0.00356104505320046,0.999996518166505,0.0,0.000732421875,0.001953125,0.00244140625,0.0030437111854553223,0.03744596987962723,0.09985591471195221,0.12481989711523056,0.1556134819984436,0.0,0.0,0.0,0.0
GammaQCH,GammaQCH,GammaQCH,Gamma,QCH,,,4,transformer_encoder.17.norm2.weight.tensor,transformer_encoder.17.norm2.weight,transformer_norm_deepnorm,Transformer norm/deepnorm,3,17.0,norm2_weight,Norm/deepnorm,512,512,0.24103976786136627,0.018107499927282333,0.2449282854795456,0.018472736701369286,0.0038885120302438736,0.0007828824454918504,1.9909181594848633,0.08975252931618384,0.00732421875,5.469475223955573,5.557834168553574,0.01640971494359519,0.9999960870775966,0.0,0.00390625,0.005059812217950821,0.0058325231075286865,0.006949961185455322,0.21572542190551758,0.27943170070648193,0.3221052289009094,0.38381654024124146,0.0,0.0,0.0,0.0
GammaQCH,GammaQCH,GammaQCH,Gamma,QCH,,,4,upsample.linear.bias.tensor,upsample.linear.bias,upsample,Upsample,4,,linear_bias,Upsample,1024,1024,0.0006987148080952466,0.0231142770498991,0.0007070645224303007,0.02321884222328663,8.34971433505416e-06,0.000555189442820847,0.4482157826423645,0.017768070372113205,0.002197265625,0.73999470476885,0.7433473859693172,0.0240110777247242,0.9997232861294113,0.0078125,0.0003662109375,0.0010658260434865952,0.0015869140625,0.0020747226662933826,0.01584348827600479,0.04611114040017128,0.0686551183462143,0.08975931257009506,0.0,0.0,0.0,0.0
GammaQCH,GammaQCH,GammaQCH,Gamma,QCH,,,4,upsample.linear.weight.tensor,upsample.linear.weight,upsample,Upsample,4,,linear_weight,Upsample,1024x512,524288,2.0732361008413136e-05,0.06463779509067535,2.0410356228239834e-05,0.06462807953357697,-3.220105782020255e-07,0.0009125519427470863,378.48394775390625,0.6607578177637292,0.006561279296875,46.802790736270474,46.795755934032094,0.014117914922787961,0.9998991857927678,0.0046977996826171875,0.0006103515625,0.0017852783203125,0.002410888671875,0.00341796875,0.009442641399800777,0.027619725093245506,0.03729843348264694,0.052878789603710175,0.0,0.0,0.0,0.0
GammaQCH,GammaQCH,GammaQCH,Gamma,QCH,,,4,crf.linear.weight.tensor,crf.linear.weight,crf,CRF head,5,,linear_weight,CRF,4096x512,2097152,-0.00031572766602039337,0.03356962278485298,-0.00031949084950610995,0.033446259796619415,-3.7631209579558345e-06,0.001016906462609768,1713.5634765625,1.4726374698321754,0.005126953125,48.61623023021093,48.43764364898054,0.030291066642946406,0.9995429280009563,0.009849071502685547,0.000701904296875,0.0019683837890625,0.0025634765625,0.0032958984375,0.020908905193209648,0.05863584205508232,0.0763629600405693,0.09818094968795776,0.0,0.0,0.0,0.0
GammaQCL,GammaQCL,GammaQCL,Gamma,QCL,,,5,conv.0.conv.bias.tensor,conv.0.conv.bias,conv,Convolution front-end,0,0.0,conv_bias,Conv,64,64,-0.34886807203292847,0.4828624725341797,-0.3495270013809204,0.481454461812973,-0.0006589195691049099,0.020172497257590294,0.6462095975875854,0.16146605739781092,0.11514556407928467,4.765644611255755,4.7596137484745515,0.03388126278162199,0.9994260566951952,0.046875,0.0029295682907104492,0.03963243216276169,0.07346216589212418,0.11097724735736847,0.006067086011171341,0.08207809925079346,0.15213890373706818,0.2298320084810257,0.0,0.0,0.0,0.0
GammaQCL,GammaQCL,GammaQCL,Gamma,QCL,,,5,conv.0.conv.weight.tensor,conv.0.conv.weight,conv,Convolution front-end,0,0.0,conv_weight,Conv,64x1x5,320,-0.001664625247940421,0.7632753252983093,-0.0020551723428070545,0.9127532839775085,-0.00039054296212270856,0.15280775725841522,17.43138313293457,2.7335172343222776,1.0363163948059082,13.653916777224586,16.327868007845993,0.20020022671309382,0.9992776247250376,0.296875,0.0025243936106562614,0.2760944068431854,0.7909486889839172,1.0078210830688477,0.0033073171507567167,0.36172324419021606,1.036255955696106,1.320389986038208,0.01875000074505806,0.0,0.0,0.0
GammaQCL,GammaQCL,GammaQCL,Gamma,QCL,,,5,conv.1.conv.bias.tensor,conv.1.conv.bias,conv,Convolution front-end,0,1.0,conv_bias,Conv,64,64,-0.35623908042907715,3.126411199569702,-0.3847292959690094,3.0990915298461914,-0.028490237891674042,0.17333120107650757,6.35246467590332,1.4052563865745877,0.8475980758666992,25.173133406626448,24.983048452119238,0.05582365786075004,0.9984586450487881,0.0,0.05000472068786621,0.39622172713279724,0.63450026512146,0.8262884020805359,0.01599428802728653,0.1267337203025818,0.2029484361410141,0.26429295539855957,0.0,0.0,0.0,0.0
GammaQCL,GammaQCL,GammaQCL,Gamma,QCL,,,5,conv.1.conv.weight.tensor,conv.1.conv.weight,conv,Convolution front-end,0,1.0,conv_weight,Conv,64x64x5,20480,-0.005043329205363989,0.2731286585330963,-0.0054060956463217735,0.2722451686859131,-0.00036276603350415826,0.014462280087172985,107.89800262451172,2.0703241311952167,0.2642967700958252,39.093653202318215,38.96823626365453,0.05295806253973715,0.9985983269303994,0.08208008110523224,0.0014061089605093002,0.021203458309173584,0.05724043399095535,0.21073079109191895,0.005148156080394983,0.07763175666332245,0.2095731496810913,0.7715440392494202,0.0,0.0,0.0,0.0
GammaQCL,GammaQCL,GammaQCL,Gamma,QCL,,,5,conv.2.conv.bias.tensor,conv.2.conv.bias,conv,Convolution front-end,0,2.0,conv_bias,Conv,128,128,-0.23985695838928223,0.8994260430335999,-0.24251973628997803,0.9062648415565491,-0.0026627795305103064,0.04795666038990021,3.5706026554107666,0.5434034240550896,0.22156643867492676,10.53146805806331,10.613993969329218,0.05159806980936401,0.9987096640335194,0.0078125,0.012998029589653015,0.10640130192041397,0.19580714404582977,0.2188974767923355,0.014451471157371998,0.11829911917448044,0.21770232915878296,0.24337463080883026,0.0,0.0,0.0,0.0
GammaQCL,GammaQCL,GammaQCL,Gamma,QCL,,,5,conv.2.conv.weight.tensor,conv.2.conv.weight,conv,Convolution front-end,0,2.0,conv_weight,Conv,128x64x9,73728,0.0019348718924447894,0.13461939990520477,0.0019425079226493835,0.13616618514060974,7.636036571057048e-06,0.006307271774858236,237.8227081298828,1.71260846205232,0.2045748233795166,36.55684384668964,36.976829078111535,0.04684782059508555,0.998980410150249,0.02730306051671505,0.0013969969004392624,0.012409166432917118,0.02462538331747055,0.05243446305394173,0.01037738099694252,0.09217961877584457,0.18292593955993652,0.38950151205062866,5.425347262644209e-05,0.0,0.0,0.0
GammaQCL,GammaQCL,GammaQCL,Gamma,QCL,,,5,conv.3.conv.bias.tensor,conv.3.conv.bias,conv,Convolution front-end,0,3.0,conv_bias,Conv,128,128,-0.27887842059135437,0.6861683130264282,-0.2887343466281891,0.7106606960296631,-0.00985594280064106,0.03652496263384819,2.6285834312438965,0.4280130880507153,0.21393895149230957,8.379785792997541,8.678478359326638,0.05107685311101004,0.9993539105748581,0.0078125,0.008084867149591446,0.09609127044677734,0.12293753772974014,0.20273718237876892,0.011782629415392876,0.14004038274288177,0.17916527390480042,0.2954627573490143,0.0,0.0,0.0,0.0
GammaQCL,GammaQCL,GammaQCL,Gamma,QCL,,,5,conv.3.conv.weight.tensor,conv.3.conv.weight,conv,Convolution front-end,0,3.0,conv_weight,Conv,128x128x9,147456,2.159507403121097e-06,0.045519500970840454,-3.6336787161417305e-05,0.04686393961310387,-3.849628410534933e-05,0.002891381038352847,190.15892028808594,1.1103886553658908,0.1359243392944336,17.479488886643146,17.995757556687145,0.06352523592462275,0.9984639065263063,0.0060017905198037624,0.0005250871181488037,0.004914973862469196,0.011585766449570656,0.027705088257789612,0.011535429395735264,0.10797509551048279,0.25452306866645813,0.608642041683197,0.00022379557776730508,4.747178900288418e-05,0.0,0.0
GammaQCL,GammaQCL,GammaQCL,Gamma,QCL,,,5,conv.4.conv.bias.tensor,conv.4.conv.bias,conv,Convolution front-end,0,4.0,conv_bias,Conv,512,512,0.018486348912119865,0.1553741842508316,0.01808757707476616,0.15683989226818085,-0.00039877044036984444,0.006734978873282671,1.8217438459396362,0.15266206693157608,0.0765155553817749,3.5405137074041804,3.572403510401014,0.04311862050195567,0.9991188851849957,0.033203125,0.001892782747745514,0.012844824232161045,0.02579432539641857,0.05811428278684616,0.012182092294096947,0.08267024904489517,0.16601420938968658,0.37402790784835815,0.0,0.0,0.0,0.0
GammaQCL,GammaQCL,GammaQCL,Gamma,QCL,,,5,conv.4.conv.weight.tensor,conv.4.conv.weight,conv,Convolution front-end,0,4.0,conv_weight,Conv,512x128x5,327680,0.0007904483936727047,0.04287688806653023,0.0007873958093114197,0.04273626208305359,-3.0525989132001996e-06,0.0019126883707940578,317.67840576171875,1.0948880950148119,0.05267176032066345,24.54832830078825,24.467810835664146,0.04460133014351166,0.9990075255076538,0.02373657189309597,0.00046416930854320526,0.0035297528374940157,0.007732869125902653,0.01785905659198761,0.01082562655210495,0.08232294768095016,0.18035048246383667,0.41651928424835205,1.220703143189894e-05,0.0,0.0,0.0
GammaQCL,GammaQCL,GammaQCL,Gamma,QCL,,,5,transformer_encoder.0.self_attn.Wqkv.weight.tensor,transformer_encoder.0.self_attn.Wqkv.weight,transformer_self_attn,Transformer self-attention,1,0.0,self_attn_Wqkv_weight,Self-attention,1536x512,786432,-5.857439828105271e-05,0.08021117746829987,-5.9912792494287714e-05,0.08017757534980774,-1.3383929626797908e-06,0.000693088979460299,420.87542724609375,0.6146386304860273,0.003662109375,71.13212906385026,71.10233464653253,0.00864080182296106,0.9999614223237991,0.0058695473708212376,0.00042724609375,0.00140380859375,0.0019073486328125,0.00250244140625,0.0053265150636434555,0.017501406371593475,0.023779084905982018,0.031198160722851753,0.0,0.0,0.0,0.0
GammaQCL,GammaQCL,GammaQCL,Gamma,QCL,,,5,transformer_encoder.0.self_attn.out_proj.bias.tensor,transformer_encoder.0.self_attn.out_proj.bias,transformer_self_attn,Transformer self-attention,1,0.0,self_attn_out_proj_bias,Self-attention,512,512,-0.0022732503712177277,0.02975558303296566,-0.0022415253333747387,0.029727481305599213,3.172503784298897e-05,0.00035995955113321543,0.1430799961090088,0.008176527959664134,0.0013875961303710938,0.6752539766188196,0.6745655834163224,0.012108818670856447,0.99992720892313,0.048828125,0.00022292137145996094,0.0007422176422551274,0.001037687063217163,0.0012828843900933862,0.0074917469173669815,0.024943804368376732,0.03487367928028107,0.043114062398672104,0.0,0.0,0.0,0.0
GammaQCL,GammaQCL,GammaQCL,Gamma,QCL,,,5,transformer_encoder.0.self_attn.out_proj.weight.tensor,transformer_encoder.0.self_attn.out_proj.weight,transformer_self_attn,Transformer self-attention,1,0.0,self_attn_out_proj_weight,Self-attention,512x512,262144,-1.71788597072009e-05,0.029549462720751762,-1.976250860025175e-05,0.029541296884417534,-2.5836477561824722e-06,0.0007371364044956863,150.24905395507812,0.37741602014048403,0.00384521484375,15.129331866915267,15.125150821658925,0.024945980659317163,0.9996883055965814,0.012950897216796875,0.000457763671875,0.0014801025390625,0.0019989013671875,0.00262451171875,0.015491433441638947,0.05008896812796593,0.06764592230319977,0.0888175517320633,0.0,0.0,0.0,0.0
GammaQCL,GammaQCL,GammaQCL,Gamma,QCL,,,5,transformer_encoder.1.self_attn.Wqkv.weight.tensor,transformer_encoder.1.self_attn.Wqkv.weight,transformer_self_attn,Transformer self-attention,1,1.0,self_attn_Wqkv_weight,Self-attention,1536x512,786432,0.00025529079721309245,0.06557293981313705,0.0002568555064499378,0.06552070379257202,1.5646593283236143e-06,0.0007305970066227019,445.77008056640625,0.6479014513451379,0.003875732421875,58.15122896111053,58.10490033860634,0.011141663949671985,0.9999366970130907,0.00449371337890625,0.000457763671875,0.00146484375,0.001983642578125,0.00257110595703125,0.006980983540415764,0.022339148446917534,0.030250929296016693,0.03920985758304596,0.0,0.0,0.0,0.0
GammaQCL,GammaQCL,GammaQCL,Gamma,QCL,,,5,transformer_encoder.1.self_attn.out_proj.bias.tensor,transformer_encoder.1.self_attn.out_proj.bias,transformer_self_attn,Transformer self-attention,1,1.0,self_attn_out_proj_bias,Self-attention,512,512,-0.00044205912854522467,0.029170624911785126,-0.00047545135021209717,0.029239647090435028,-3.33922216668725e-05,0.0003702984831761569,0.14662307500839233,0.008412896887292961,0.001739501953125,0.6601316910187729,0.6617051412540915,0.012744270577733814,0.9999217804331902,0.0078125,0.0002384185791015625,0.0007205961737781763,0.0010362340835854411,0.001451011747121811,0.008173239417374134,0.02470279484987259,0.0355231948196888,0.0497422069311142,0.0,0.0,0.0,0.0
GammaQCL,GammaQCL,GammaQCL,Gamma,QCL,,,5,transformer_encoder.1.self_attn.out_proj.weight.tensor,transformer_encoder.1.self_attn.out_proj.weight,transformer_self_attn,Transformer self-attention,1,1.0,self_attn_out_proj_weight,Self-attention,512x512,262144,-6.949186354177073e-05,0.046070944517850876,-6.808246689615771e-05,0.046052124351263046,1.4093800473347073e-06,0.0007912584114819765,164.53492736816406,0.4051248484843394,0.0043792724609375,23.588355654028483,23.578720378500186,0.017174781253356843,0.9998519354136738,0.00862884521484375,0.000518798828125,0.001556396484375,0.0020751953125,0.002685546875,0.0112608652561903,0.03378259763121605,0.0450434610247612,0.058291539549827576,0.0,0.0,0.0,0.0
GammaQCL,GammaQCL,GammaQCL,Gamma,QCL,,,5,transformer_encoder.2.self_attn.Wqkv.weight.tensor,transformer_encoder.2.self_attn.Wqkv.weight,transformer_self_attn,Transformer self-attention,1,2.0,self_attn_Wqkv_weight,Self-attention,1536x512,786432,-0.00013327761553227901,0.07562576979398727,-0.00013165628479328007,0.07558038830757141,1.621343585611612e-06,0.0007896145689301193,492.2734375,0.7002389806434031,0.004119873046875,67.06584189017163,67.02559343848624,0.010441067477988543,0.9999440756069765,0.0040842690505087376,0.000518798828125,0.001556396484375,0.0020751953125,0.002685546875,0.0068600792437791824,0.020580237731337547,0.02744031697511673,0.03551099821925163,0.0,0.0,0.0,0.0
GammaQCL,GammaQCL,GammaQCL,Gamma,QCL,,,5,transformer_encoder.2.self_attn.out_proj.bias.tensor,transformer_encoder.2.self_attn.out_proj.bias,transformer_self_attn,Transformer self-attention,1,2.0,self_attn_out_proj_bias,Self-attention,512,512,-0.0003780202241614461,0.041862670332193375,-0.00039700022898614407,0.041885945945978165,-1.898000482469797e-05,0.0003594786976464093,0.1411101222038269,0.008145404634913006,0.002197265625,0.9472827083974211,0.947813335837157,0.008598705077900674,0.9999632128900413,0.001953125,0.00023651123046875,0.0007240292616188526,0.0009146882221102715,0.0018230080604553223,0.0056496914476156235,0.017295340076088905,0.021849729120731354,0.04354733228683472,0.0,0.0,0.0,0.0
GammaQCL,GammaQCL,GammaQCL,Gamma,QCL,,,5,transformer_encoder.2.self_attn.out_proj.weight.tensor,transformer_encoder.2.self_attn.out_proj.weight,transformer_self_attn,Transformer self-attention,1,2.0,self_attn_out_proj_weight,Self-attention,512x512,262144,-8.489452739013359e-05,0.05466361343860626,-8.627025090390816e-05,0.05463235825300217,-1.3757201031694422e-06,0.0007885635131970048,164.04261779785156,0.4037450442881014,0.00506591796875,27.987814295214935,27.97181154682223,0.014425744005208548,0.9998952248901314,0.00571441650390625,0.000518798828125,0.001552581787109375,0.0020751953125,0.002716064453125,0.00949075073003769,0.02840246632695198,0.03796300292015076,0.049686871469020844,0.0,0.0,0.0,0.0
GammaQCL,GammaQCL,GammaQCL,Gamma,QCL,,,5,transformer_encoder.3.self_attn.Wqkv.weight.tensor,transformer_encoder.3.self_attn.Wqkv.weight,transformer_self_attn,Transformer self-attention,1,3.0,self_attn_Wqkv_weight,Self-attention,1536x512,786432,-0.00014777800242882222,0.079198457300663,-0.0001489269925514236,0.07916224747896194,-1.1489744338177843e-06,0.0008003931143321097,498.8728332519531,0.7097967868445215,0.003944873809814453,70.23416122047554,70.20205214236974,0.010106147414736729,0.9999472714301594,0.0039240517653524876,0.0005340576171875,0.0015869140625,0.0020904541015625,0.002685546875,0.006743282545357943,0.020037181675434113,0.02639513462781906,0.03390907868742943,0.0,0.0,0.0,0.0
GammaQCL,GammaQCL,GammaQCL,Gamma,QCL,,,5,transformer_encoder.3.self_attn.out_proj.bias.tensor,transformer_encoder.3.self_attn.out_proj.bias,transformer_self_attn,Transformer self-attention,1,3.0,self_attn_out_proj_bias,Self-attention,512,512,0.0031509939581155777,0.04125424474477768,0.0031248079612851143,0.04124459996819496,-2.6186229661107063e-05,0.0003480341983959079,0.1413201093673706,0.007897374653294752,0.00103759765625,0.9361959288482714,0.9359333936190437,0.008435600294696687,0.999964462265992,0.0078125,0.0002288818359375,0.000701904296875,0.0009113317355513573,0.0010064095258712769,0.00554807810112834,0.01701410673558712,0.02209061197936535,0.02439529076218605,0.0,0.0,0.0,0.0
GammaQCL,GammaQCL,GammaQCL,Gamma,QCL,,,5,transformer_encoder.3.self_attn.out_proj.weight.tensor,transformer_encoder.3.self_attn.out_proj.weight,transformer_self_attn,Transformer self-attention,1,3.0,self_attn_out_proj_weight,Self-attention,512x512,262144,-5.6098444474628195e-05,0.06004486232995987,-5.549097841139883e-05,0.060043368488550186,6.074606062611565e-07,0.0007800215971656144,162.46829223632812,0.3993711191982786,0.003692626953125,30.742993556776984,30.74223018580264,0.012990638613663187,0.9999148514810613,0.0051727294921875,0.000518798828125,0.00152587890625,0.0020239949226379395,0.00262451171875,0.008640184998512268,0.025412309914827347,0.033708035945892334,0.043709173798561096,0.0,0.0,0.0,0.0
GammaQCL,GammaQCL,GammaQCL,Gamma,QCL,,,5,transformer_encoder.4.self_attn.Wqkv.weight.tensor,transformer_encoder.4.self_attn.Wqkv.weight,transformer_self_attn,Transformer self-attention,1,4.0,self_attn_Wqkv_weight,Self-attention,1536x512,786432,8.962970605352893e-05,0.08053357899188995,9.218440391123295e-05,0.08050227165222168,2.554713546487619e-06,0.0007877572206780314,491.2076721191406,0.6985941393362047,0.0045166015625,71.41809256282683,71.39032234834075,0.009781752974173014,0.9999503718022131,0.0034421284217387438,0.000518798828125,0.001556396484375,0.0020751953125,0.002681136131286621,0.006442018318921328,0.01932605542242527,0.02576807327568531,0.033292148262262344,0.0,0.0,0.0,0.0
GammaQCL,GammaQCL,GammaQCL,Gamma,QCL,,,5,transformer_encoder.4.self_attn.out_proj.bias.tensor,transformer_encoder.4.self_attn.out_proj.bias,transformer_self_attn,Transformer self-attention,1,4.0,self_attn_out_proj_bias,Self-attention,512,512,0.005694971419870853,0.0415608175098896,0.005705777555704117,0.041557054966688156,1.0806368663907051e-05,0.000308167131152004,0.12585985660552979,0.006977312283371029,0.00091552734375,0.9492017642412698,0.9491506167476266,0.0073507156710153065,0.9999729756547715,0.001953125,0.000213623046875,0.0006103515625,0.0008231354877352715,0.0009038317948579788,0.005140009336173534,0.014685740694403648,0.019805559888482094,0.021747203543782234,0.0,0.0,0.0,0.0
GammaQCL,GammaQCL,GammaQCL,Gamma,QCL,,,5,transformer_encoder.4.self_attn.out_proj.weight.tensor,transformer_encoder.4.self_attn.out_proj.weight,transformer_self_attn,Transformer self-attention,1,4.0,self_attn_out_proj_weight,Self-attention,512x512,262144,0.0001113375328714028,0.06491848826408386,0.00011270147660980001,0.06491026282310486,1.363899173156824e-06,0.0007492720615118742,156.1400146484375,0.38362787953374655,0.003448486328125,33.23832692770689,33.234119724572025,0.011541732541716757,0.9999326544711558,0.004085540771484375,0.00048828125,0.00146484375,0.001953125,0.0025177001953125,0.007521450519561768,0.022564351558685303,0.03008580207824707,0.038782477378845215,0.0,0.0,0.0,0.0
GammaQCL,GammaQCL,GammaQCL,Gamma,QCL,,,5,transformer_encoder.5.self_attn.Wqkv.weight.tensor,transformer_encoder.5.self_attn.Wqkv.weight,transformer_self_attn,Transformer self-attention,1,5.0,self_attn_Wqkv_weight,Self-attention,1536x512,786432,-0.00015342856931965798,0.08280777931213379,-0.00015331350732594728,0.0827815905213356,1.1504062058520503e-07,0.0008050844771787524,502.1334228515625,0.7139564385308742,0.0045166015625,73.43495008870946,73.41172419988513,0.009722297593562804,0.9999510949796803,0.0036633808631449938,0.00054168701171875,0.0015869140625,0.002105712890625,0.0027190446853637695,0.0065414984710514545,0.01916382648050785,0.025428922846913338,0.032835617661476135,0.0,0.0,0.0,0.0
GammaQCL,GammaQCL,GammaQCL,Gamma,QCL,,,5,transformer_encoder.5.self_attn.out_proj.bias.tensor,transformer_encoder.5.self_attn.out_proj.bias,transformer_self_attn,Transformer self-attention,1,5.0,self_attn_out_proj_bias,Self-attention,512,512,0.0076002441346645355,0.05128750950098038,0.007612320128828287,0.05122102051973343,1.2075528502464294e-05,0.00031766854226589203,0.1294713020324707,0.007193210276457548,0.000946044921875,1.1731769704307082,1.1717289134204252,0.006131394033255336,0.9999820311671597,0.00390625,0.000213623046875,0.000640869140625,0.0007926179096102715,0.0009304508566856384,0.004165205173194408,0.012495615519583225,0.015454400330781937,0.0181418564170599,0.0,0.0,0.0,0.0
GammaQCL,GammaQCL,GammaQCL,Gamma,QCL,,,5,transformer_encoder.5.self_attn.out_proj.weight.tensor,transformer_encoder.5.self_attn.out_proj.weight,transformer_self_attn,Transformer self-attention,1,5.0,self_attn_out_proj_weight,Self-attention,512x512,262144,-3.0022030841792002e-05,0.05985739827156067,-3.2058280339697376e-05,0.059850819408893585,-2.0362397208373295e-06,0.0007771507371217012,161.90811157226562,0.3979024660695562,0.0039348602294921875,30.647003614813737,30.643636708183397,0.012983405199104375,0.9999149006115265,0.0052337646484375,0.000518798828125,0.00152587890625,0.00201416015625,0.00262451171875,0.00866724457591772,0.025491897016763687,0.03364930301904678,0.04384606331586838,0.0,0.0,0.0,0.0
GammaQCL,GammaQCL,GammaQCL,Gamma,QCL,,,5,transformer_encoder.6.self_attn.Wqkv.weight.tensor,transformer_encoder.6.self_attn.Wqkv.weight,transformer_self_attn,Transformer self-attention,1,6.0,self_attn_Wqkv_weight,Self-attention,1536x512,786432,-5.458114901557565e-05,0.08206424862146378,-5.369793507270515e-05,0.08203593641519547,8.831812010612339e-07,0.0007756497361697257,483.3950500488281,0.6878538738183521,0.00396728515625,72.77547341824717,72.75035572292757,0.009451726543435653,0.9999535780502965,0.0033098857384175062,0.0005035400390625,0.00152587890625,0.0020294189453125,0.002655029296875,0.006135923787951469,0.01859370991587639,0.024729633703827858,0.032353054732084274,0.0,0.0,0.0,0.0
GammaQCL,GammaQCL,GammaQCL,Gamma,QCL,,,5,transformer_encoder.6.self_attn.out_proj.bias.tensor,transformer_encoder.6.self_attn.out_proj.bias,transformer_self_attn,Transformer self-attention,1,6.0,self_attn_out_proj_bias,Self-attention,512,512,0.013186391443014145,0.06983010470867157,0.013181925751268864,0.0697537437081337,-4.465924575924873e-06,0.0003188439295627177,0.13037121295928955,0.007215322401065883,0.001861572265625,1.607999788132459,1.6062832365048403,0.004487141387898637,0.9999905089930246,0.0,0.000244140625,0.000579833984375,0.0007867440581321716,0.0013781562447547913,0.0034962084610015154,0.00830349512398243,0.011266544461250305,0.019735844805836678,0.0,0.0,0.0,0.0
GammaQCL,GammaQCL,GammaQCL,Gamma,QCL,,,5,transformer_encoder.6.self_attn.out_proj.weight.tensor,transformer_encoder.6.self_attn.out_proj.weight,transformer_self_attn,Transformer self-attention,1,6.0,self_attn_out_proj_weight,Self-attention,512x512,262144,6.82807803968899e-05,0.0660417228937149,6.763174314983189e-05,0.0660412535071373,-6.490131454484072e-07,0.0007288504275493324,151.73440551757812,0.3731715009138244,0.003662109375,33.81339171074642,33.81315163708956,0.01103620435672573,0.9999383422773781,0.0040283203125,0.00048828125,0.001434326171875,0.00189208984375,0.00244140625,0.007393525913357735,0.021718483418226242,0.028649913147091866,0.03696763142943382,0.0,0.0,0.0,0.0
GammaQCL,GammaQCL,GammaQCL,Gamma,QCL,,,5,transformer_encoder.7.self_attn.Wqkv.weight.tensor,transformer_encoder.7.self_attn.Wqkv.weight,transformer_self_attn,Transformer self-attention,1,7.0,self_attn_Wqkv_weight,Self-attention,1536x512,786432,5.859726297785528e-05,0.08321157097816467,5.8990379329770803e-05,0.08318492770195007,3.931296248538274e-07,0.0007869999972172081,490.8462829589844,0.6979189678173181,0.00408935546875,73.79294300608969,73.76930692728006,0.009457800968308226,0.9999533638533399,0.003520965576171875,0.000518798828125,0.001556396484375,0.0020751953125,0.002655029296875,0.006234695203602314,0.018704084679484367,0.024938780814409256,0.03190696984529495,0.0,0.0,0.0,0.0
GammaQCL,GammaQCL,GammaQCL,Gamma,QCL,,,5,transformer_encoder.7.self_attn.out_proj.bias.tensor,transformer_encoder.7.self_attn.out_proj.bias,transformer_self_attn,Transformer self-attention,1,7.0,self_attn_out_proj_bias,Self-attention,512,512,0.02039126306772232,0.06323306262493134,0.020365042611956596,0.0631423220038414,-2.6219990104436874e-05,0.00033545366022735834,0.13500630855560303,0.007613601073334938,0.0020751953125,1.503357150417094,1.5012208420894084,0.005064399415147321,0.9999882285068983,0.001953125,0.000213623046875,0.0006103515625,0.0008816532790660858,0.0015372000634670258,0.0033783437684178352,0.009652410633862019,0.013942914083600044,0.024310065433382988,0.0,0.0,0.0,0.0
GammaQCL,GammaQCL,GammaQCL,Gamma,QCL,,,5,transformer_encoder.7.self_attn.out_proj.weight.tensor,transformer_encoder.7.self_attn.out_proj.weight,transformer_self_attn,Transformer self-attention,1,7.0,self_attn_out_proj_weight,Self-attention,512x512,262144,6.614855374209583e-05,0.0642695426940918,6.964353087823838e-05,0.06426746398210526,3.494998736641719e-06,0.0007591067114844918,158.11322021484375,0.3886666800760416,0.00347900390625,32.906036695058894,32.90497385939548,0.011811409671660373,0.999929595218729,0.00473785400390625,0.0004940032958984375,0.001495361328125,0.001983642578125,0.0025634765625,0.007686428260058165,0.023267026990652084,0.030864423140883446,0.03988633304834366,0.0,0.0,0.0,0.0
GammaQCL,GammaQCL,GammaQCL,Gamma,QCL,,,5,transformer_encoder.8.self_attn.Wqkv.weight.tensor,transformer_encoder.8.self_attn.Wqkv.weight,transformer_self_attn,Transformer self-attention,1,8.0,self_attn_Wqkv_weight,Self-attention,1536x512,786432,-4.0591752622276545e-05,0.08352092653512955,-3.979351095040329e-05,0.08349723368883133,7.982205261214403e-07,0.0007815384306013584,487.46075439453125,0.6930759764138642,0.00457763671875,74.06725986814283,74.04624360091638,0.009357386484226545,0.9999545899954608,0.003284454345703125,0.000518798828125,0.00152587890625,0.0020599365234375,0.0026702880859375,0.006211602129042149,0.01826941780745983,0.024663714691996574,0.031971484422683716,0.0,0.0,0.0,0.0
GammaQCL,GammaQCL,GammaQCL,Gamma,QCL,,,5,transformer_encoder.8.self_attn.out_proj.bias.tensor,transformer_encoder.8.self_attn.out_proj.bias,transformer_self_attn,Transformer self-attention,1,8.0,self_attn_out_proj_bias,Self-attention,512,512,0.024965673685073853,0.06420286744832993,0.024978376924991608,0.06414321064949036,1.2703356333076954e-05,0.0003610870335251093,0.14551204442977905,0.0081755210221177,0.001953125,1.558714132989936,1.5575605519680045,0.005245041954184449,0.9999865255210225,0.0,0.000244140625,0.000732421875,0.0009223176166415215,0.0014853030443191528,0.003802643157541752,0.011407929472625256,0.014365673996508121,0.02313452586531639,0.0,0.0,0.0,0.0
GammaQCL,GammaQCL,GammaQCL,Gamma,QCL,,,5,transformer_encoder.8.self_attn.out_proj.weight.tensor,transformer_encoder.8.self_attn.out_proj.weight,transformer_self_attn,Transformer self-attention,1,8.0,self_attn_out_proj_weight,Self-attention,512x512,262144,1.4349880075315014e-06,0.07153227180242538,3.6641067708842456e-06,0.07153862714767456,2.2291264940577094e-06,0.0007621756521984935,158.82223510742188,0.3902355541558918,0.00390625,36.62453504664342,36.6277879298329,0.010655030941932615,0.9999425848143147,0.004436492919921875,0.000499725341796875,0.001495361328125,0.001983642578125,0.0025634765625,0.006986011750996113,0.02090470679104328,0.027730733156204224,0.03583664074540138,0.0,0.0,0.0,0.0
GammaQCL,GammaQCL,GammaQCL,Gamma,QCL,,,5,transformer_encoder.9.self_attn.Wqkv.weight.tensor,transformer_encoder.9.self_attn.Wqkv.weight,transformer_self_attn,Transformer self-attention,1,9.0,self_attn_Wqkv_weight,Self-attention,1536x512,786432,0.000242539681494236,0.08460711687803268,0.0002437800430925563,0.08448849618434906,1.2403647815517616e-06,0.0008183481404557824,511.59771728515625,0.7257195782200264,0.0042724609375,75.03080096700288,74.9256141533054,0.009672288831611628,0.9999523446657423,0.0035807292442768812,0.00054931640625,0.0015869140625,0.00213623046875,0.0027533769607543945,0.006492555141448975,0.01875627040863037,0.025248825550079346,0.032543085515499115,0.0,0.0,0.0,0.0
GammaQCL,GammaQCL,GammaQCL,Gamma,QCL,,,5,transformer_encoder.9.self_attn.out_proj.bias.tensor,transformer_encoder.9.self_attn.out_proj.bias,transformer_self_attn,Transformer self-attention,1,9.0,self_attn_out_proj_bias,Self-attention,512,512,0.003501572646200657,0.055311933159828186,0.0035906105767935514,0.05529548600316048,8.903781417757273e-05,0.00041024896199814975,0.17055732011795044,0.009498986845141106,0.001190185546875,1.2540716139469108,1.2538291455861963,0.0075745170686366044,0.9999711714677536,0.005859375,0.0002593994140625,0.0008544921875,0.001051178202033043,0.0011589974164962769,0.004689753986895084,0.01544860191643238,0.019004544243216515,0.020953835919499397,0.0,0.0,0.0,0.0
GammaQCL,GammaQCL,GammaQCL,Gamma,QCL,,,5,transformer_encoder.9.self_attn.out_proj.weight.tensor,transformer_encoder.9.self_attn.out_proj.weight,transformer_self_attn,Transformer self-attention,1,9.0,self_attn_out_proj_weight,Self-attention,512x512,262144,2.3092787159839645e-05,0.06191784515976906,2.031346593867056e-05,0.06188435107469559,-2.7793357730843127e-06,0.0008033851627260447,167.29873657226562,0.4113356028979292,0.0078125,31.701952525756397,31.684798447153153,0.012975087340873555,0.9999150471321712,0.00493621826171875,0.00054931640625,0.0015869140625,0.0020751953125,0.002716064453125,0.008871695958077908,0.02562934346497059,0.03351529687643051,0.04386560991406441,0.0,0.0,0.0,0.0
GammaQCL,GammaQCL,GammaQCL,Gamma,QCL,,,5,transformer_encoder.10.self_attn.Wqkv.weight.tensor,transformer_encoder.10.self_attn.Wqkv.weight,transformer_self_attn,Transformer self-attention,1,10.0,self_attn_Wqkv_weight,Self-attention,1536x512,786432,0.0001790486858226359,0.0850459486246109,0.0001794739655451849,0.08501937240362167,4.2527130972302984e-07,0.0008034291095100343,501.6986389160156,0.7124885574894345,0.00396728515625,75.41982433249066,75.39624817112089,0.009446966547527304,0.999953508048812,0.0035374958533793688,0.000545501708984375,0.0015869140625,0.0020771026611328125,0.00270843505859375,0.006414199247956276,0.01865948922932148,0.024423297494649887,0.031846724450588226,0.0,0.0,0.0,0.0
GammaQCL,GammaQCL,GammaQCL,Gamma,QCL,,,5,transformer_encoder.10.self_attn.out_proj.bias.tensor,transformer_encoder.10.self_attn.out_proj.bias,transformer_self_attn,Transformer self-attention,1,10.0,self_attn_out_proj_bias,Self-attention,512,512,0.0012445800239220262,0.05663425475358963,0.0012357954401522875,0.05692748725414276,-8.784583769738674e-06,0.000525479787029326,0.2122785449028015,0.01189191109357117,0.001953125,1.2817963156504482,1.2884254499783747,0.009277535711691709,0.9999704283150163,0.0,0.000335693359375,0.001025008736178279,0.0013360604643821716,0.0018283724784851074,0.005927389487624168,0.01809873804450035,0.023591026663780212,0.032283853739500046,0.0,0.0,0.0,0.0
GammaQCL,GammaQCL,GammaQCL,Gamma,QCL,,,5,transformer_encoder.10.self_attn.out_proj.weight.tensor,transformer_encoder.10.self_attn.out_proj.weight,transformer_self_attn,Transformer self-attention,1,10.0,self_attn_out_proj_weight,Self-attention,512x512,262144,-7.101225492078811e-05,0.06041784957051277,-7.057408220134676e-05,0.06039886549115181,4.3816089601023123e-07,0.0007637219969183207,158.87631225585938,0.3910256429297827,0.003814697265625,30.93397135021777,30.924250437750608,0.012640654460521355,0.9999194654413236,0.004863739013671875,0.0005035400390625,0.0015106201171875,0.00201416015625,0.002593994140625,0.00833429116755724,0.025002872571349144,0.03333716467022896,0.04293422773480415,0.0,0.0,0.0,0.0
GammaQCL,GammaQCL,GammaQCL,Gamma,QCL,,,5,transformer_encoder.11.self_attn.Wqkv.weight.tensor,transformer_encoder.11.self_attn.Wqkv.weight,transformer_self_attn,Transformer self-attention,1,11.0,self_attn_Wqkv_weight,Self-attention,1536x512,786432,-0.00019976306066382676,0.08163049817085266,-0.0001982511457754299,0.08159417659044266,1.511928871877899e-06,0.0007933040033094585,495.1906433105469,0.7035106449067425,0.00738525390625,72.3910179004015,72.358809852576,0.009718203519042257,0.9999508805768443,0.00356292724609375,0.00052642822265625,0.0015716552734375,0.0020751953125,0.002685546875,0.0064489152282476425,0.019253283739089966,0.025421811267733574,0.03289881348609924,0.0,0.0,0.0,0.0
GammaQCL,GammaQCL,GammaQCL,Gamma,QCL,,,5,transformer_encoder.11.self_attn.out_proj.bias.tensor,transformer_encoder.11.self_attn.out_proj.bias,transformer_self_attn,Transformer self-attention,1,11.0,self_attn_out_proj_bias,Self-attention,512,512,-0.012231702916324139,0.06654907763004303,-0.012323756702244282,0.06683432310819626,-9.205425158143044e-05,0.000533296843059361,0.21505451202392578,0.012245583453261858,0.00244140625,1.5310577739028002,1.5377825531643445,0.007998119771822063,0.9999777563025473,0.005859375,0.00034046173095703125,0.0010986328125,0.00140380859375,0.002004772424697876,0.005115949083119631,0.01650860905647278,0.02109433338046074,0.030124718323349953,0.0,0.0,0.0,0.0
GammaQCL,GammaQCL,GammaQCL,Gamma,QCL,,,5,transformer_encoder.11.self_attn.out_proj.weight.tensor,transformer_encoder.11.self_attn.out_proj.weight,transformer_self_attn,Transformer self-attention,1,11.0,self_attn_out_proj_weight,Self-attention,512x512,262144,0.00012059643631801009,0.061377786099910736,0.0001237155811395496,0.06134628504514694,3.119137545581907e-06,0.0007463174406439066,155.20480346679688,0.38211778936049945,0.00360870361328125,31.425498415834134,31.409373872935507,0.012159482223771268,0.999925372460112,0.004444122314453125,0.00048828125,0.00146484375,0.001953125,0.00250244140625,0.0079553397372365,0.023866020143032074,0.031821358948946,0.04077111929655075,0.0,0.0,0.0,0.0
GammaQCL,GammaQCL,GammaQCL,Gamma,QCL,,,5,transformer_encoder.12.self_attn.Wqkv.weight.tensor,transformer_encoder.12.self_attn.Wqkv.weight,transformer_self_attn,Transformer self-attention,1,12.0,self_attn_Wqkv_weight,Self-attention,1536x512,786432,-7.939530769363046e-05,0.0797630101442337,-8.217707363655791e-05,0.07971792668104172,-2.7817416139441775e-06,0.0008084815926849842,502.58172607421875,0.7169732232886405,0.00445556640625,70.73472187622038,70.69475261202206,0.010136085988197867,0.9999471872979334,0.0036773681640625,0.0005340576171875,0.0015869140625,0.00213623046875,0.002777099609375,0.0066955541260540485,0.019895361736416817,0.026782216504216194,0.03481688350439072,0.0,0.0,0.0,0.0
GammaQCL,GammaQCL,GammaQCL,Gamma,QCL,,,5,transformer_encoder.12.self_attn.out_proj.bias.tensor,transformer_encoder.12.self_attn.out_proj.bias,transformer_self_attn,Transformer self-attention,1,12.0,self_attn_out_proj_bias,Self-attention,512,512,7.303804159164429e-05,0.06083318218588829,-5.398690700531006e-05,0.061196185648441315,-0.00012702494859695435,0.0005544621963053942,0.22710466384887695,0.012871075747394852,0.002197265625,1.3764987493468457,1.3847121644024143,0.00935059022283375,0.9999742605693872,0.001953125,0.0003662109375,0.0011260975152254105,0.0015191659331321716,0.0018853843212127686,0.006019919645041227,0.01851123385131359,0.024972647428512573,0.030992690473794937,0.0,0.0,0.0,0.0
GammaQCL,GammaQCL,GammaQCL,Gamma,QCL,,,5,transformer_encoder.12.self_attn.out_proj.weight.tensor,transformer_encoder.12.self_attn.out_proj.weight,transformer_self_attn,Transformer self-attention,1,12.0,self_attn_out_proj_weight,Self-attention,512x512,262144,0.00010403731721453369,0.06129160895943642,0.00010484585800440982,0.06127232313156128,8.08555569165037e-07,0.0007421051850542426,154.128173828125,0.3799580006855065,0.003509521484375,31.381360628912745,31.3714874854665,0.012107760564576216,0.9999259316668562,0.00452423095703125,0.00048828125,0.00146484375,0.001953125,0.002532958984375,0.007966525852680206,0.02389957569539547,0.031866103410720825,0.04132635146379471,0.0,0.0,0.0,0.0
GammaQCL,GammaQCL,GammaQCL,Gamma,QCL,,,5,transformer_encoder.13.self_attn.Wqkv.weight.tensor,transformer_encoder.13.self_attn.Wqkv.weight,transformer_self_attn,Transformer self-attention,1,13.0,self_attn_Wqkv_weight,Self-attention,1536x512,786432,-0.00021033840312156826,0.07851918786764145,-0.00021033392113167793,0.07849117368459702,4.5039691976000995e-09,0.0008150475914590061,507.87701416015625,0.7227917930714483,0.007080078125,69.63190747827105,69.60706190040095,0.010380180857417822,0.9999444039966836,0.0037066142540425062,0.00054931640625,0.0015869140625,0.00213623046875,0.00278472900390625,0.006995950359851122,0.020210523158311844,0.027206474915146828,0.035465583205223083,0.0,0.0,0.0,0.0
GammaQCL,GammaQCL,GammaQCL,Gamma,QCL,,,5,transformer_encoder.13.self_attn.out_proj.bias.tensor,transformer_encoder.13.self_attn.out_proj.bias,transformer_self_attn,Transformer self-attention,1,13.0,self_attn_out_proj_bias,Self-attention,512,512,-0.01542249321937561,0.0852852538228035,-0.015528591349720955,0.0855109840631485,-0.00010609859600663185,0.00046703239786438644,0.19446825981140137,0.010837001712566989,0.0015869140625,1.9610840640065546,1.9665381101304853,0.005526026095189993,0.9999886484808775,0.0,0.00032520294189453125,0.0009529110975563526,0.0012139901518821716,0.0014621615409851074,0.0038131200708448887,0.011173221282660961,0.014234466478228569,0.01714436337351799,0.0,0.0,0.0,0.0
GammaQCL,GammaQCL,GammaQCL,Gamma,QCL,,,5,transformer_encoder.13.self_attn.out_proj.weight.tensor,transformer_encoder.13.self_attn.out_proj.weight,transformer_self_attn,Transformer self-attention,1,13.0,self_attn_out_proj_weight,Self-attention,512x512,262144,-8.232514664996415e-05,0.058098554611206055,-8.059730316745117e-05,0.0580705925822258,1.7278673567489022e-06,0.0007236485835164785,150.4184112548828,0.3705090584580662,0.003662109375,29.74650078718556,29.732182656960706,0.012455551027960393,0.9999217540776593,0.00437164306640625,0.00048828125,0.001434326171875,0.00189208984375,0.002471923828125,0.00840436015278101,0.024687806144356728,0.032566893845796585,0.0425470732152462,0.0,0.0,0.0,0.0
GammaQCL,GammaQCL,GammaQCL,Gamma,QCL,,,5,transformer_encoder.14.self_attn.Wqkv.weight.tensor,transformer_encoder.14.self_attn.Wqkv.weight,transformer_self_attn,Transformer self-attention,1,14.0,self_attn_Wqkv_weight,Self-attention,1536x512,786432,-3.622034682848607e-06,0.0795673355460167,4.3625186663120985e-07,0.07954002171754837,4.058263584738597e-06,0.0008043324924074113,500.1894226074219,0.7132986077059088,0.00439453125,70.56116445813164,70.53694732195319,0.010108940423299611,0.9999470826422147,0.0034840900916606188,0.00052642822265625,0.0015869140625,0.00213623046875,0.00274658203125,0.006616134196519852,0.019944287836551666,0.02684808149933815,0.03451896086335182,0.0,0.0,0.0,0.0
GammaQCL,GammaQCL,GammaQCL,Gamma,QCL,,,5,transformer_encoder.14.self_attn.out_proj.bias.tensor,transformer_encoder.14.self_attn.out_proj.bias,transformer_self_attn,Transformer self-attention,1,14.0,self_attn_out_proj_bias,Self-attention,512,512,0.0021043310407549143,0.0782407820224762,0.002065723529085517,0.07830838114023209,-3.860774450004101e-05,0.00042241677874699235,0.17042982578277588,0.00959803947796928,0.00146484375,1.7710269896886288,1.7725326985946634,0.0054194766843453515,0.9999858169173172,0.0,0.000274658203125,0.0008613583631813526,0.0011529549956321716,0.0013868734240531921,0.003510422073304653,0.011009070090949535,0.014735983684659004,0.017725707963109016,0.0,0.0,0.0,0.0
GammaQCL,GammaQCL,GammaQCL,Gamma,QCL,,,5,transformer_encoder.14.self_attn.out_proj.weight.tensor,transformer_encoder.14.self_attn.out_proj.weight,transformer_self_attn,Transformer self-attention,1,14.0,self_attn_out_proj_weight,Self-attention,512x512,262144,0.00011341196659486741,0.0629572793841362,0.00011065740545745939,0.06294138729572296,-2.754538400040474e-06,0.00072598917176947,150.56427001953125,0.3717090725370601,0.0035457611083984375,32.23419133188101,32.22605018532173,0.01153151536236655,0.9999327556654104,0.003849029541015625,0.00048828125,0.001434326171875,0.001922607421875,0.00250244140625,0.007755754515528679,0.022782528772950172,0.03053828328847885,0.039748240262269974,0.0,0.0,0.0,0.0
GammaQCL,GammaQCL,GammaQCL,Gamma,QCL,,,5,transformer_encoder.15.self_attn.Wqkv.weight.tensor,transformer_encoder.15.self_attn.Wqkv.weight,transformer_self_attn,Transformer self-attention,1,15.0,self_attn_Wqkv_weight,Self-attention,1536x512,786432,-5.524737935047597e-05,0.07840512692928314,-5.508165850187652e-05,0.07839702814817429,1.657068224858449e-07,0.0008611463126726449,529.8356323242188,0.7636726555003205,0.0167236328125,69.53053019290338,69.52334575859213,0.01098327099450557,0.999937884264459,0.0036799113731831312,0.00054931640625,0.001708984375,0.0023193359375,0.003387451171875,0.00700612785294652,0.02179684303700924,0.029581429436802864,0.04320445656776428,0.0,0.0,0.0,0.0
GammaQCL,GammaQCL,GammaQCL,Gamma,QCL,,,5,transformer_encoder.15.self_attn.out_proj.bias.tensor,transformer_encoder.15.self_attn.out_proj.bias,transformer_self_attn,Transformer self-attention,1,15.0,self_attn_out_proj_bias,Self-attention,512,512,-0.010012953542172909,0.09045206010341644,-0.010016229003667831,0.09051141887903214,-3.275345079600811e-06,0.0004578729276545346,0.18475109338760376,0.010360746566215587,0.002197265625,2.0591986851330097,2.060541668202841,0.005031445795402363,0.9999875697441966,0.0,0.00030517578125,0.00091552734375,0.00115673104301095,0.0018230080604553223,0.0033738950733095407,0.010121685452759266,0.012788331136107445,0.020154409110546112,0.0,0.0,0.0,0.0
GammaQCL,GammaQCL,GammaQCL,Gamma,QCL,,,5,transformer_encoder.15.self_attn.out_proj.weight.tensor,transformer_encoder.15.self_attn.out_proj.weight,transformer_self_attn,Transformer self-attention,1,15.0,self_attn_out_proj_weight,Self-attention,512x512,262144,2.0031939129694365e-05,0.06572773307561874,2.1322910470189527e-05,0.0656871572136879,1.2909647466585739e-06,0.0007721214205957949,160.52053833007812,0.39532666237532915,0.00384521484375,33.6526137630636,33.63184068717935,0.011747279577113252,0.9999304083959668,0.0039825439453125,0.00051116943359375,0.00152587890625,0.00201416015625,0.00262451171875,0.0077770729549229145,0.023215143010020256,0.030643988400697708,0.03993004560470581,0.0,0.0,0.0,0.0
GammaQCL,GammaQCL,GammaQCL,Gamma,QCL,,,5,transformer_encoder.16.self_attn.Wqkv.weight.tensor,transformer_encoder.16.self_attn.Wqkv.weight,transformer_self_attn,Transformer self-attention,1,16.0,self_attn_Wqkv_weight,Self-attention,1536x512,786432,-6.306452269200236e-05,0.06916620582342148,-6.32080773357302e-05,0.06919015198945999,-1.4353675226175255e-07,0.0009127247030846775,558.0499877929688,0.8094127395845144,0.01220703125,61.33735798332856,61.35860110601854,0.013196080923545793,0.9999113186834698,0.004375457763671875,0.00058746337890625,0.00177001953125,0.002471923828125,0.00408935546875,0.00849350169301033,0.025590810924768448,0.03573889285326004,0.05912359803915024,0.0,0.0,0.0,0.0
GammaQCL,GammaQCL,GammaQCL,Gamma,QCL,,,5,transformer_encoder.16.self_attn.out_proj.bias.tensor,transformer_encoder.16.self_attn.out_proj.bias,transformer_self_attn,Transformer self-attention,1,16.0,self_attn_out_proj_bias,Self-attention,512,512,0.002451110165566206,0.06382599472999573,0.002411826513707638,0.06372550874948502,-3.9283535443246365e-05,0.0005261715268716216,0.21274250745773315,0.011939037149915628,0.0029296875,1.445281982099681,1.4429760993146628,0.008260697426368339,0.9999672069294622,0.001953125,0.0003662109375,0.001032614498399198,0.0013421440962702036,0.002165578305721283,0.005737645085901022,0.016178587451577187,0.021028170362114906,0.033929407596588135,0.0,0.0,0.0,0.0
GammaQCL,GammaQCL,GammaQCL,Gamma,QCL,,,5,transformer_encoder.16.self_attn.out_proj.weight.tensor,transformer_encoder.16.self_attn.out_proj.weight,transformer_self_attn,Transformer self-attention,1,16.0,self_attn_out_proj_weight,Self-attention,512x512,262144,1.39124977067695e-05,0.06549250334501266,1.8476366676623002e-05,0.06548116356134415,4.563878974295221e-06,0.000829322321806103,172.7789764404297,0.4246194018853157,0.0037841796875,33.532176492908455,33.52636956269926,0.012663043270546532,0.9999190120889481,0.004364013671875,0.00054931640625,0.0016326904296875,0.002166748046875,0.002777099609375,0.008387468755245209,0.02492942102253437,0.03308390453457832,0.042403314262628555,0.0,0.0,0.0,0.0
GammaQCL,GammaQCL,GammaQCL,Gamma,QCL,,,5,transformer_encoder.17.self_attn.Wqkv.weight.tensor,transformer_encoder.17.self_attn.Wqkv.weight,transformer_self_attn,Transformer self-attention,1,17.0,self_attn_Wqkv_weight,Self-attention,1536x512,786432,-7.111241575330496e-05,0.09043940156698227,-7.054411253193393e-05,0.09052955359220505,5.6830845096556e-07,0.0009396309615112841,575.2080688476562,0.8332737345046317,0.01220703125,80.20265774021301,80.28260022219945,0.010389602514217234,0.9999449483868974,0.0037091572303324938,0.0006103515625,0.0018310546875,0.0025634765625,0.004128456115722656,0.006748734507709742,0.020246203988790512,0.028344685211777687,0.045648861676454544,0.0,0.0,0.0,0.0
GammaQCL,GammaQCL,GammaQCL,Gamma,QCL,,,5,transformer_encoder.17.self_attn.out_proj.bias.tensor,transformer_encoder.17.self_attn.out_proj.bias,transformer_self_attn,Transformer self-attention,1,17.0,self_attn_out_proj_bias,Self-attention,512,512,-0.0052572558633983135,0.03579435124993324,-0.005271281581372023,0.03582494705915451,-1.4025485143065453e-05,0.0004342260945122689,0.17080438137054443,0.009830539245749845,0.001861572265625,0.8186230655728276,0.8193540878013283,0.012008627241475249,0.9999283743112424,0.00390625,0.000274658203125,0.00091552734375,0.0012105563655495644,0.0016471538692712784,0.007673225365579128,0.025577416643500328,0.03381974995136261,0.046017132699489594,0.0,0.0,0.0,0.0
GammaQCL,GammaQCL,GammaQCL,Gamma,QCL,,,5,transformer_encoder.17.self_attn.out_proj.weight.tensor,transformer_encoder.17.self_attn.out_proj.weight,transformer_self_attn,Transformer self-attention,1,17.0,self_attn_out_proj_weight,Self-attention,512x512,262144,-0.00015262558008544147,0.068601094186306,-0.00015325687127187848,0.06856150925159454,-6.312664027063875e-07,0.000834193779155612,173.2724151611328,0.4271072598089744,0.0041961669921875,35.1238600793677,35.10359424762032,0.012160031922569115,0.999925467431802,0.00391387939453125,0.00054931640625,0.00164794921875,0.002197265625,0.00286865234375,0.008007398806512356,0.024022197350859642,0.03202959522604942,0.04181641712784767,0.0,0.0,0.0,0.0
GammaQCL,GammaQCL,GammaQCL,Gamma,QCL,,,5,transformer_encoder.0.ff.fc1.weight.tensor,transformer_encoder.0.ff.fc1.weight,transformer_ffn,Transformer FFN,2,0.0,ff_fc1_weight,Feed-forward,4096x512,2097152,0.00048342556692659855,0.05654734745621681,0.00048326223623007536,0.0564856193959713,-1.633528086131264e-07,0.0007157618529163301,1119.1708984375,1.0365302989007343,0.003997802734375,81.89238842071954,81.80300388929798,0.012657223936070595,0.9999174308810084,0.004742622375488281,0.00042724609375,0.00146484375,0.001983642578125,0.0025787353515625,0.007555544842034578,0.02590472437441349,0.035079315304756165,0.045603107661008835,0.0,0.0,0.0,0.0
GammaQCL,GammaQCL,GammaQCL,Gamma,QCL,,,5,transformer_encoder.0.ff.fc2.weight.tensor,transformer_encoder.0.ff.fc2.weight,transformer_ffn,Transformer FFN,2,0.0,ff_fc2_weight,Feed-forward,512x2048,1048576,-7.165218994487077e-05,0.056143082678318024,-7.073775486787781e-05,0.05606364458799362,9.144447403741651e-07,0.0007909720879979432,659.4984741210938,0.8099548015817403,0.00408935546875,57.49062423560906,57.40928220761648,0.01408846768235383,0.9998994403057724,0.0051937103271484375,0.00052642822265625,0.001556396484375,0.00206756591796875,0.0026397705078125,0.009376544505357742,0.027721958234906197,0.0368267185986042,0.047018613666296005,0.0,0.0,0.0,0.0
GammaQCL,GammaQCL,GammaQCL,Gamma,QCL,,,5,transformer_encoder.1.ff.fc1.weight.tensor,transformer_encoder.1.ff.fc1.weight,transformer_ffn,Transformer FFN,2,1.0,ff_fc1_weight,Feed-forward,4096x512,2097152,-0.00020184538152534515,0.06706023961305618,-0.00019940899801440537,0.06698322296142578,2.4363603188248817e-06,0.0007736946572549641,1265.6575927734375,1.1204307270314542,0.004150390625,97.11417551489329,97.00263768965254,0.011537252116809817,0.9999306343255988,0.0038504600524902344,0.00048828125,0.0015411376953125,0.0020599365234375,0.002655029296875,0.007281232625246048,0.022981390357017517,0.030717698857188225,0.039591699838638306,0.0,0.0,0.0,0.0
GammaQCL,GammaQCL,GammaQCL,Gamma,QCL,,,5,transformer_encoder.1.ff.fc2.weight.tensor,transformer_encoder.1.ff.fc2.weight,transformer_ffn,Transformer FFN,2,1.0,ff_fc2_weight,Feed-forward,512x2048,1048576,8.975168748293072e-05,0.06665235012769699,9.039173892233521e-05,0.06656288355588913,6.40054963696457e-07,0.0008066932787187397,673.8600463867188,0.8260531870041448,0.00445556640625,68.25213910338269,68.16052327846192,0.012102964066121002,0.9999254888683677,0.004267692565917969,0.00054931640625,0.0015869140625,0.0020751953125,0.0026702880859375,0.008241514675319195,0.02380882203578949,0.03113461285829544,0.04006291925907135,0.0,0.0,0.0,0.0
GammaQCL,GammaQCL,GammaQCL,Gamma,QCL,,,5,transformer_encoder.2.ff.fc1.weight.tensor,transformer_encoder.2.ff.fc1.weight,transformer_ffn,Transformer FFN,2,2.0,ff_fc1_weight,Feed-forward,4096x512,2097152,-0.0003498551668599248,0.07062771916389465,-0.00034872425021603703,0.07054783403873444,1.130931877924013e-06,0.0008065737201832235,1346.61279296875,1.1680399895315123,0.004302978515625,102.28127386953587,102.16559398226978,0.011419881131138294,0.9999317644890439,0.003795146942138672,0.00054931640625,0.0015869140625,0.0020751953125,0.002685546875,0.0077776312828063965,0.02246871218085289,0.029382161796092987,0.03802397474646568,0.0,0.0,0.0,0.0
GammaQCL,GammaQCL,GammaQCL,Gamma,QCL,,,5,transformer_encoder.2.ff.fc2.weight.tensor,transformer_encoder.2.ff.fc2.weight,transformer_ffn,Transformer FFN,2,2.0,ff_fc2_weight,Feed-forward,512x2048,1048576,8.055991202127188e-06,0.06815996021032333,8.077044185483828e-06,0.06807634979486465,2.105008434227784e-08,0.0008045996073633432,671.6743774414062,0.8239091047457818,0.00396728515625,69.7958693541835,69.71025763495105,0.011804553942365728,0.9999285971863355,0.004168510437011719,0.00054931640625,0.0015869140625,0.0020751953125,0.002685546875,0.008059223182499409,0.02328220009803772,0.03044595569372177,0.039400648325681686,0.0,0.0,0.0,0.0
GammaQCL,GammaQCL,GammaQCL,Gamma,QCL,,,5,transformer_encoder.3.ff.fc1.weight.tensor,transformer_encoder.3.ff.fc1.weight,transformer_ffn,Transformer FFN,2,3.0,ff_fc1_weight,Feed-forward,4096x512,2097152,-0.0007111746817827225,0.07065483182668686,-0.0007088372367434204,0.07058222591876984,2.3374045667878818e-06,0.0007969875587150455,1330.3232421875,1.1541617325678457,0.004150390625,102.32447814733774,102.21928500318568,0.011279429452901278,0.999933258937149,0.0037560462951660156,0.000545501708984375,0.0015745162963867188,0.0020751953125,0.002655029296875,0.007720656227320433,0.022284621372818947,0.029370887205004692,0.03757745772600174,0.0,0.0,0.0,0.0
GammaQCL,GammaQCL,GammaQCL,Gamma,QCL,,,5,transformer_encoder.3.ff.fc2.weight.tensor,transformer_encoder.3.ff.fc2.weight,transformer_ffn,Transformer FFN,2,3.0,ff_fc2_weight,Feed-forward,512x2048,1048576,-2.885437606892083e-05,0.06670832633972168,-2.9001188522670418e-05,0.06663817167282104,-1.4680801996291848e-07,0.0007913205190561712,660.4482421875,0.8103113038936545,0.00384521484375,68.30940137643024,68.23757184233258,0.011862368686680305,0.9999278025614572,0.004055023193359375,0.0005340576171875,0.001556396484375,0.0020599365234375,0.00262451171875,0.008005860261619091,0.02333136461675167,0.03087974712252617,0.03934308513998985,0.0,0.0,0.0,0.0
GammaQCL,GammaQCL,GammaQCL,Gamma,QCL,,,5,transformer_encoder.4.ff.fc1.weight.tensor,transformer_encoder.4.ff.fc1.weight,transformer_ffn,Transformer FFN,2,4.0,ff_fc1_weight,Feed-forward,4096x512,2097152,-0.001038560178130865,0.07028269022703171,-0.0010364248882979155,0.07021305710077286,2.135381464540842e-06,0.0007961774826981127,1329.6563720703125,1.1529877495689744,0.004638671875,101.79146786291815,101.69059710249763,0.0113269586712482,0.9999331308621606,0.003787994384765625,0.00054931640625,0.0015716552734375,0.0020751953125,0.0026397705078125,0.007815812714397907,0.022361908107995987,0.029526403173804283,0.03755932301282883,0.0,0.0,0.0,0.0
GammaQCL,GammaQCL,GammaQCL,Gamma,QCL,,,5,transformer_encoder.4.ff.fc2.weight.tensor,transformer_encoder.4.ff.fc2.weight,transformer_ffn,Transformer FFN,2,4.0,ff_fc2_weight,Feed-forward,512x2048,1048576,1.6859914467204362e-05,0.06677135825157166,1.593789056641981e-05,0.06670351326465607,-9.22031290429004e-07,0.0007889141561463475,658.4957275390625,0.8078477154550645,0.004364013671875,68.37394666121921,68.30446544699694,0.011815139463248992,0.9999284285857535,0.0040111541748046875,0.0005340576171875,0.001556396484375,0.0020506083965301514,0.00262451171875,0.007998302578926086,0.023309340700507164,0.030710894614458084,0.039305947721004486,0.0,0.0,0.0,0.0
GammaQCL,GammaQCL,GammaQCL,Gamma,QCL,,,5,transformer_encoder.5.ff.fc1.weight.tensor,transformer_encoder.5.ff.fc1.weight,transformer_ffn,Transformer FFN,2,5.0,ff_fc1_weight,Feed-forward,4096x512,2097152,-0.0008525169687345624,0.06985998153686523,-0.0008498724782839417,0.06979263573884964,2.6443703973200172e-06,0.0007932010921649635,1323.5260009765625,1.148679798542293,0.00437164306640625,101.17574437581371,101.07818176107543,0.0113533120574389,0.9999325706841984,0.0038909912109375,0.0005340576171875,0.001556396484375,0.0020751953125,0.002655029296875,0.007644684985280037,0.0222787968814373,0.02970506250858307,0.038005005568265915,0.0,0.0,0.0,0.0
GammaQCL,GammaQCL,GammaQCL,Gamma,QCL,,,5,transformer_encoder.5.ff.fc2.weight.tensor,transformer_encoder.5.ff.fc2.weight,transformer_ffn,Transformer FFN,2,5.0,ff_fc2_weight,Feed-forward,512x2048,1048576,3.536560325301252e-05,0.06654928624629974,3.538268356351182e-05,0.06649421900510788,1.7074683000828372e-08,0.000781083304900676,651.846435546875,0.799828385781006,0.004150390625,68.14655264001804,68.09016454534752,0.011736886970732942,0.9999291541669791,0.0039386749267578125,0.000518798828125,0.00152587890625,0.00201416015625,0.0026092529296875,0.007795707322657108,0.022928550839424133,0.03026568703353405,0.039207823574543,0.0,0.0,0.0,0.0
GammaQCL,GammaQCL,GammaQCL,Gamma,QCL,,,5,transformer_encoder.6.ff.fc1.weight.tensor,transformer_encoder.6.ff.fc1.weight,transformer_ffn,Transformer FFN,2,6.0,ff_fc1_weight,Feed-forward,4096x512,2097152,-0.0011859332444146276,0.06967145204544067,-0.0011812712764367461,0.0696047842502594,4.661897946789395e-06,0.000780997215770185,1302.9571533203125,1.1310206481101113,0.00439453125,100.90981625008045,100.81314902146941,0.011208232163530457,0.9999342226031763,0.003871917724609375,0.000518798828125,0.00152587890625,0.00201416015625,0.0026149749755859375,0.007446360774338245,0.02190106175839901,0.02890940010547638,0.03753294423222542,0.0,0.0,0.0,0.0
GammaQCL,GammaQCL,GammaQCL,Gamma,QCL,,,5,transformer_encoder.6.ff.fc2.weight.tensor,transformer_encoder.6.ff.fc2.weight,transformer_ffn,Transformer FFN,2,6.0,ff_fc2_weight,Feed-forward,512x2048,1048576,-8.750530105317011e-05,0.06490107625722885,-8.666599751450121e-05,0.06484390795230865,8.393221264668682e-07,0.000776629603933543,648.1077880859375,0.7952682902521198,0.00372314453125,66.45883212325883,66.40028649693464,0.011966329603522856,0.9999265854962549,0.004267692565917969,0.000518798828125,0.00152587890625,0.00201416015625,0.0026092529296875,0.007993685081601143,0.02351083792746067,0.031034307554364204,0.040203534066677094,0.0,0.0,0.0,0.0
GammaQCL,GammaQCL,GammaQCL,Gamma,QCL,,,5,transformer_encoder.7.ff.fc1.weight.tensor,transformer_encoder.7.ff.fc1.weight,transformer_ffn,Transformer FFN,2,7.0,ff_fc1_weight,Feed-forward,4096x512,2097152,-0.0017821099609136581,0.06979400664567947,-0.001777934143319726,0.0697297677397728,4.175877165835118e-06,0.0007960025686770678,1328.9442138671875,1.1527460979924276,0.0040283203125,101.10562140498173,101.01246732303642,0.011401404610086471,0.9999316738963603,0.003933906555175781,0.00054168701171875,0.0015716552734375,0.0020751953125,0.00266265869140625,0.007761224638670683,0.02251848205924034,0.029733141884207726,0.03815024346113205,0.0,0.0,0.0,0.0
GammaQCL,GammaQCL,GammaQCL,Gamma,QCL,,,5,transformer_encoder.7.ff.fc2.weight.tensor,transformer_encoder.7.ff.fc2.weight,transformer_ffn,Transformer FFN,2,7.0,ff_fc2_weight,Feed-forward,512x2048,1048576,-0.00010145736450795084,0.0664454996585846,-0.00010140091762878001,0.06640000641345978,5.645733835990541e-08,0.0007891200366429985,658.6249389648438,0.8080580037632393,0.00390625,68.04034304183071,67.99375617588905,0.011876160049140836,0.9999274618134903,0.0043582916259765625,0.0005321502685546875,0.001556396484375,0.002044677734375,0.0026363730430603027,0.008008822798728943,0.023423653095960617,0.030772250145673752,0.039677221328020096,0.0,0.0,0.0,0.0
GammaQCL,GammaQCL,GammaQCL,Gamma,QCL,,,5,transformer_encoder.8.ff.fc1.weight.tensor,transformer_encoder.8.ff.fc1.weight,transformer_ffn,Transformer FFN,2,8.0,ff_fc1_weight,Feed-forward,4096x512,2097152,-0.001965048024430871,0.07154137641191483,-0.001962829614058137,0.07147760689258575,2.2183389773999806e-06,0.0008193375542759895,1368.532958984375,1.1865269539235443,0.004199981689453125,103.64221622666605,103.5498068564109,0.011448297779821617,0.9999315151823723,0.0040531158447265625,0.00054931640625,0.0015988349914550781,0.00212860107421875,0.002716064453125,0.007678302936255932,0.022348392754793167,0.029753422364592552,0.03796494007110596,0.0,0.0,0.0,0.0
GammaQCL,GammaQCL,GammaQCL,Gamma,QCL,,,5,transformer_encoder.8.ff.fc2.weight.tensor,transformer_encoder.8.ff.fc2.weight,transformer_ffn,Transformer FFN,2,8.0,ff_fc2_weight,Feed-forward,512x2048,1048576,3.0415469154831953e-05,0.07051945477724075,2.905603832914494e-05,0.07047024369239807,-1.359428210889746e-06,0.0008022897527553141,669.4166259765625,0.8215449203403822,0.0078125,72.2120020646672,72.16160926394657,0.011376847294784349,0.999933339574663,0.004830360412597656,0.00054931640625,0.0015869140625,0.0020751953125,0.002685546875,0.0077895717695355415,0.022503206506371498,0.029427271336317062,0.03808235004544258,0.0,0.0,0.0,0.0
GammaQCL,GammaQCL,GammaQCL,Gamma,QCL,,,5,transformer_encoder.9.ff.fc1.weight.tensor,transformer_encoder.9.ff.fc1.weight,transformer_ffn,Transformer FFN,2,9.0,ff_fc1_weight,Feed-forward,4096x512,2097152,-0.0007123917457647622,0.07014453411102295,-0.0007086954428814352,0.07007542997598648,3.696332896652166e-06,0.0008367383270524442,1398.20458984375,1.2117331567297671,0.0045166015625,101.58553104250379,101.48540824146839,0.011928206155882193,0.9999256534388287,0.004085063934326172,0.00054931640625,0.00164794921875,0.002166748046875,0.002777099609375,0.007831206545233727,0.02349361963570118,0.030889760702848434,0.03959110006690025,0.0,0.0,0.0,0.0
GammaQCL,GammaQCL,GammaQCL,Gamma,QCL,,,5,transformer_encoder.9.ff.fc2.weight.tensor,transformer_encoder.9.ff.fc2.weight,transformer_ffn,Transformer FFN,2,9.0,ff_fc2_weight,Feed-forward,512x2048,1048576,-1.7453397958888672e-05,0.0699407085776329,-1.8053648091154173e-05,0.06987277418375015,-6.002559871376434e-07,0.0008229025988839567,686.9832153320312,0.8426516412842023,0.00433349609375,71.61935855291675,71.54979417772633,0.011765696570175063,0.9999290549689361,0.00428009033203125,0.00054931640625,0.001617431640625,0.00213623046875,0.00274658203125,0.007854028604924679,0.023125750944018364,0.03054344654083252,0.03927014395594597,0.0,0.0,0.0,0.0
GammaQCL,GammaQCL,GammaQCL,Gamma,QCL,,,5,transformer_encoder.10.ff.fc1.weight.tensor,transformer_encoder.10.ff.fc1.weight,transformer_ffn,Transformer FFN,2,10.0,ff_fc1_weight,Feed-forward,4096x512,2097152,-0.0010418423917144537,0.0677933469414711,-0.001036057248711586,0.06773725897073746,5.785087978438241e-06,0.0008193404646590352,1367.77294921875,1.1865562905366869,0.004364013671875,98.18698281213248,98.10564598144951,0.012084659865829565,0.9999240549751847,0.004176616668701172,0.00054931640625,0.0016021728515625,0.00213623046875,0.002740621566772461,0.00810280628502369,0.023633183911442757,0.031510911881923676,0.0404261089861393,0.0,0.0,0.0,0.0
GammaQCL,GammaQCL,GammaQCL,Gamma,QCL,,,5,transformer_encoder.10.ff.fc2.weight.tensor,transformer_encoder.10.ff.fc2.weight,transformer_ffn,Transformer FFN,2,10.0,ff_fc2_weight,Feed-forward,512x2048,1048576,-3.444885805947706e-05,0.06464735418558121,-3.5481047234497964e-05,0.06458840519189835,-1.0321955414838158e-06,0.0008145542815327644,679.6349487304688,0.8341032921658763,0.009765625,66.19897430639503,66.13861140036695,0.012599942837562769,0.9999186698841692,0.004401206970214844,0.00054931640625,0.0015869140625,0.00211334228515625,0.002716064453125,0.008497119881212711,0.024547236040234566,0.03269030898809433,0.042013540863990784,0.0,0.0,0.0,0.0
GammaQCL,GammaQCL,GammaQCL,Gamma,QCL,,,5,transformer_encoder.11.ff.fc1.weight.tensor,transformer_encoder.11.ff.fc1.weight,transformer_ffn,Transformer FFN,2,11.0,ff_fc1_weight,Feed-forward,4096x512,2097152,-0.0010969180148094893,0.0668487623333931,-0.001092048129066825,0.0667903795838356,4.869961230724584e-06,0.0008138957782648504,1357.381103515625,1.1786630489605263,0.0049285888671875,96.82051391137365,96.73586278334163,0.012173691311320905,0.9999229124704948,0.004181861877441406,0.00054931640625,0.0015869140625,0.0021209716796875,0.0027313232421875,0.008217300288379192,0.023738866671919823,0.03172791004180908,0.04085824266076088,0.0,0.0,0.0,0.0
GammaQCL,GammaQCL,GammaQCL,Gamma,QCL,,,5,transformer_encoder.11.ff.fc2.weight.tensor,transformer_encoder.11.ff.fc2.weight,transformer_ffn,Transformer FFN,2,11.0,ff_fc2_weight,Feed-forward,512x2048,1048576,-9.978565503843129e-05,0.06456754356622696,-9.969569509848952e-05,0.06450789421796799,8.996795486382325e-08,0.0008014199556782842,668.9638671875,0.8206531362365915,0.0040283203125,66.11731627734711,66.05623565971081,0.01241207572300917,0.9999211610628375,0.0042438507080078125,0.00054931640625,0.0015869140625,0.0020751953125,0.002685546875,0.008507623337209225,0.024577578529715538,0.032139912247657776,0.04159282520413399,0.0,0.0,0.0,0.0
GammaQCL,GammaQCL,GammaQCL,Gamma,QCL,,,5,transformer_encoder.12.ff.fc1.weight.tensor,transformer_encoder.12.ff.fc1.weight,transformer_ffn,Transformer FFN,2,12.0,ff_fc1_weight,Feed-forward,4096x512,2097152,-0.001224516425281763,0.06746090948581696,-0.0012177309254184365,0.06741739064455032,6.7855771703762e-06,0.0008371757576242089,1397.0157470703125,1.2123944777357596,0.005084991455078125,97.71007016935357,97.64687454995679,0.012408081128530502,0.9999199642053509,0.004197597503662109,0.00054931640625,0.00164794921875,0.0021820068359375,0.0028076171875,0.008142735809087753,0.02442820742726326,0.0323447547852993,0.04161842539906502,0.0,0.0,0.0,0.0
GammaQCL,GammaQCL,GammaQCL,Gamma,QCL,,,5,transformer_encoder.12.ff.fc2.weight.tensor,transformer_encoder.12.ff.fc2.weight,transformer_ffn,Transformer FFN,2,12.0,ff_fc2_weight,Feed-forward,512x2048,1048576,-3.34338765242137e-05,0.06491831690073013,-3.388934783288278e-05,0.06487561017274857,-4.554770498543803e-07,0.0008142447331920266,679.7976684570312,0.8337858084291004,0.00830078125,66.47643350043307,66.43270428951955,0.01254257733943648,0.9999194482618173,0.004246711730957031,0.00054931640625,0.0015869140625,0.002105712890625,0.002722274512052536,0.00846165418624878,0.024444779381155968,0.03243634104728699,0.04193383827805519,0.0,0.0,0.0,0.0
GammaQCL,GammaQCL,GammaQCL,Gamma,QCL,,,5,transformer_encoder.13.ff.fc1.weight.tensor,transformer_encoder.13.ff.fc1.weight,transformer_ffn,Transformer FFN,2,13.0,ff_fc1_weight,Feed-forward,4096x512,2097152,-0.0013571280287578702,0.06774163991212845,-0.0013546028640121222,0.06769672781229019,2.525162699384964e-06,0.0008397866040468216,1401.81396484375,1.2161410846930623,0.0052204132080078125,98.12019793186059,98.05509552191819,0.012394401054282392,0.9999201357608033,0.004200458526611328,0.00054931640625,0.00164794921875,0.002193927764892578,0.0028076171875,0.00810899119824171,0.024326972663402557,0.03238669037818909,0.041445955634117126,0.0,0.0,0.0,0.0
GammaQCL,GammaQCL,GammaQCL,Gamma,QCL,,,5,transformer_encoder.13.ff.fc2.weight.tensor,transformer_encoder.13.ff.fc2.weight,transformer_ffn,Transformer FFN,2,13.0,ff_fc2_weight,Feed-forward,512x2048,1048576,4.59549373772461e-05,0.06497791409492493,4.5520453568315133e-05,0.06494057178497314,-4.3448324049677467e-07,0.0008105345186777413,675.9578857421875,0.829986567216204,0.0072021484375,66.537469618864,66.49923269646612,0.012473972514591728,0.9999200483870287,0.004227638244628906,0.00054931640625,0.0015869140625,0.002105712890625,0.002716064453125,0.008453893475234509,0.024422358721494675,0.03240659087896347,0.04179980605840683,0.0,0.0,0.0,0.0
GammaQCL,GammaQCL,GammaQCL,Gamma,QCL,,,5,transformer_encoder.14.ff.fc1.weight.tensor,transformer_encoder.14.ff.fc1.weight,transformer_ffn,Transformer FFN,2,14.0,ff_fc1_weight,Feed-forward,4096x512,2097152,-0.0012365194270387292,0.06819237023591995,-0.0012303004041314125,0.0681445300579071,6.219012448127614e-06,0.0008483538404107094,1416.769287109375,1.228575154667967,0.0045928955078125,98.76948482609646,98.70004670085015,0.012438813028448091,0.9999192557117337,0.0041408538818359375,0.0005645751953125,0.0016632080078125,0.002197265625,0.0028076171875,0.00827915407717228,0.02438993938267231,0.03222157061100006,0.04117200896143913,0.0,0.0,0.0,0.0
GammaQCL,GammaQCL,GammaQCL,Gamma,QCL,,,5,transformer_encoder.14.ff.fc2.weight.tensor,transformer_encoder.14.ff.fc2.weight,transformer_ffn,Transformer FFN,2,14.0,ff_fc2_weight,Feed-forward,512x2048,1048576,5.758010229328647e-05,0.06619220972061157,5.5995646107476205e-05,0.06614742428064346,-1.5844473182369256e-06,0.0008176850969903171,682.0457763671875,0.8373103055060316,0.0068359375,67.78092222719273,67.73506163146786,0.012353185498117971,0.999921634308875,0.004088401794433594,0.00054931640625,0.001598358154296875,0.00213623046875,0.00274658203125,0.008298806846141815,0.024147221818566322,0.03227313607931137,0.041494034230709076,0.0,0.0,0.0,0.0
GammaQCL,GammaQCL,GammaQCL,Gamma,QCL,,,5,transformer_encoder.15.ff.fc1.weight.tensor,transformer_encoder.15.ff.fc1.weight,transformer_ffn,Transformer FFN,2,15.0,ff_fc1_weight,Feed-forward,4096x512,2097152,-0.0012952552642673254,0.06821955740451813,-0.001289124134927988,0.06816331297159195,6.131234840722755e-06,0.0008770678541623056,1462.6639404296875,1.2701552515428383,0.00748443603515625,98.81042455125876,98.72881992008463,0.012854466088078808,0.9999143015485509,0.004272937774658203,0.0005950927734375,0.001708984375,0.002283811569213867,0.00299072265625,0.008723198436200619,0.025051236152648926,0.03347736969590187,0.04383966326713562,0.0,0.0,0.0,0.0
GammaQCL,GammaQCL,GammaQCL,Gamma,QCL,,,5,transformer_encoder.15.ff.fc2.weight.tensor,transformer_encoder.15.ff.fc2.weight,transformer_ffn,Transformer FFN,2,15.0,ff_fc2_weight,Feed-forward,512x2048,1048576,-6.418526027118787e-05,0.06722520291805267,-6.253956235013902e-05,0.067174531519413,1.6457017864013324e-06,0.0008387662237510085,698.6820068359375,0.8588974059081401,0.0076904296875,68.83871406910141,68.78682252528459,0.012476953085526156,0.9999202652115465,0.0040378570556640625,0.00054931640625,0.00164794921875,0.002197265625,0.00286865234375,0.00817128550261259,0.024513857439160347,0.03268514201045036,0.04267226904630661,0.0,0.0,0.0,0.0
GammaQCL,GammaQCL,GammaQCL,Gamma,QCL,,,5,transformer_encoder.16.ff.fc1.weight.tensor,transformer_encoder.16.ff.fc1.weight,transformer_ffn,Transformer FFN,2,16.0,ff_fc1_weight,Feed-forward,4096x512,2097152,-0.0005580946453846991,0.0698450431227684,-0.0005505331791937351,0.0697893276810646,7.561450729554053e-06,0.0008985158638097346,1499.8323974609375,1.3012303673896597,0.0059814453125,101.14981057662689,101.0690367783947,0.012864387584827842,0.9999139645412162,0.004276275634765625,0.0006103515625,0.00177001953125,0.0023193359375,0.0030059814453125,0.008738651871681213,0.02534209005534649,0.03320687636733055,0.04303785786032677,0.0,0.0,0.0,0.0
GammaQCL,GammaQCL,GammaQCL,Gamma,QCL,,,5,transformer_encoder.16.ff.fc2.weight.tensor,transformer_encoder.16.ff.fc2.weight,transformer_ffn,Transformer FFN,2,16.0,ff_fc2_weight,Feed-forward,512x2048,1048576,-1.4280323739512824e-05,0.0670946016907692,-1.4403661225514952e-05,0.06702597439289093,-1.233184434568102e-07,0.000863668683450669,720.4837646484375,0.8843958673610086,0.0046234130859375,68.70494262151014,68.63466888852528,0.012872376187446362,0.9999153042522568,0.004033088684082031,0.000579833984375,0.001708984375,0.00225830078125,0.002899169921875,0.008642035536468029,0.025471262633800507,0.033658452332019806,0.04321017861366272,0.0,0.0,0.0,0.0
GammaQCL,GammaQCL,GammaQCL,Gamma,QCL,,,5,transformer_encoder.17.ff.fc1.weight.tensor,transformer_encoder.17.ff.fc1.weight,transformer_ffn,Transformer FFN,2,17.0,ff_fc1_weight,Feed-forward,4096x512,2097152,-2.1685345927835442e-06,0.07129102200269699,2.9399861887213774e-06,0.07120967656373978,5.108524419483729e-06,0.0009486352209933102,1583.183837890625,1.3737844816536802,0.005218505859375,103.24059335933468,103.12279353700131,0.013306631015497295,0.9999086958807106,0.004330635070800781,0.0006307363510131836,0.001861572265625,0.0024547576904296875,0.003173828125,0.008847344666719437,0.02611229382455349,0.03443291038274765,0.044519320130348206,0.0,0.0,0.0,0.0
GammaQCL,GammaQCL,GammaQCL,Gamma,QCL,,,5,transformer_encoder.17.ff.fc2.weight.tensor,transformer_encoder.17.ff.fc2.weight,transformer_ffn,Transformer FFN,2,17.0,ff_fc2_weight,Feed-forward,512x2048,1048576,-1.5033847375889309e-05,0.06867311894893646,-1.4862829630146734e-05,0.0685751736164093,1.7101700677812914e-07,0.0008991166250780225,745.39990234375,0.9206945652780303,0.007080078125,70.32134666568182,70.22104816555184,0.01309267539563963,0.999912964521509,0.004254341125488281,0.0006103515625,0.00177001953125,0.00238037109375,0.00315093994140625,0.008887778967618942,0.025774559006094933,0.034662336111068726,0.04588316008448601,0.0,0.0,0.0,0.0
GammaQCL,GammaQCL,GammaQCL,Gamma,QCL,,,5,transformer_encoder.0.deepnorm_alpha.tensor,transformer_encoder.0.deepnorm_alpha,transformer_norm_deepnorm,Transformer norm/deepnorm,3,0.0,deepnorm_alpha,Norm/deepnorm,scalar,1,2.44921875,0.0,2.44921875,0.0,0.0,0.0,0.0,0.0,0.0,2.44921875,2.44921875,0.0,0.9999999999998332,0.0,0.0,0.0,0.0,0.0,0.0,0.0,0.0,0.0,0.0,0.0,0.0,0.0
GammaQCL,GammaQCL,GammaQCL,Gamma,QCL,,,5,transformer_encoder.0.norm1.weight.tensor,transformer_encoder.0.norm1.weight,transformer_norm_deepnorm,Transformer norm/deepnorm,3,0.0,norm1_weight,Norm/deepnorm,512,512,0.1100592315196991,0.06435622274875641,0.11041570454835892,0.0645110011100769,0.00035647826734930277,0.0006346703157760203,0.2946476340293884,0.016471193131248934,0.0023391246795654297,2.8848631473656288,2.893594072725966,0.0057095232216766425,0.9999884573666181,0.037109375,0.00048828125,0.00146484375,0.001837632735259831,0.002266636583954096,0.007587163709104061,0.02276149019598961,0.028554078191518784,0.035220157355070114,0.0,0.0,0.0,0.0
GammaQCL,GammaQCL,GammaQCL,Gamma,QCL,,,5,transformer_encoder.0.norm2.weight.tensor,transformer_encoder.0.norm2.weight,transformer_norm_deepnorm,Transformer norm/deepnorm,3,0.0,norm2_weight,Norm/deepnorm,512,512,0.1267099678516388,0.07354135066270828,0.12689146399497986,0.07361520081758499,0.0001814994029700756,0.000690697634126991,0.2863081693649292,0.016159291756494283,0.0020751953125,3.315031703607501,3.319422703613704,0.004874551196268941,0.9999891328132756,0.025390625,0.00048828125,0.00146484375,0.0018887720070779324,0.0020483320113271475,0.006639546249061823,0.019918639212846756,0.025683127343654633,0.027852792292833328,0.0,0.0,0.0,0.0
GammaQCL,GammaQCL,GammaQCL,Gamma,QCL,,,5,transformer_encoder.1.deepnorm_alpha.tensor,transformer_encoder.1.deepnorm_alpha,transformer_norm_deepnorm,Transformer norm/deepnorm,3,1.0,deepnorm_alpha,Norm/deepnorm,scalar,1,2.44921875,0.0,2.44921875,0.0,0.0,0.0,0.0,0.0,0.0,2.44921875,2.44921875,0.0,0.9999999999998332,0.0,0.0,0.0,0.0,0.0,0.0,0.0,0.0,0.0,0.0,0.0,0.0,0.0
GammaQCL,GammaQCL,GammaQCL,Gamma,QCL,,,5,transformer_encoder.1.norm1.weight.tensor,transformer_encoder.1.norm1.weight,transformer_norm_deepnorm,Transformer norm/deepnorm,3,1.0,norm1_weight,Norm/deepnorm,512,512,0.18544712662696838,0.0805526152253151,0.1860833466053009,0.08077935874462128,0.0006362077547237277,0.0007574301562272012,0.40492504835128784,0.02238240195025989,0.0037841796875,4.5749571584561295,4.590205271666525,0.004892374108659017,0.9999936376075433,0.01171875,0.000732421875,0.001885984092950821,0.0025634765625,0.003347545862197876,0.009092465043067932,0.023413067683577538,0.03182362765073776,0.04155725613236427,0.0,0.0,0.0,0.0
GammaQCL,GammaQCL,GammaQCL,Gamma,QCL,,,5,transformer_encoder.1.norm2.weight.tensor,transformer_encoder.1.norm2.weight,transformer_norm_deepnorm,Transformer norm/deepnorm,3,1.0,norm2_weight,Norm/deepnorm,512,512,0.1759711056947708,0.05737118050456047,0.17615912854671478,0.05751371011137962,0.0001880270428955555,0.0006755147478543222,0.2813762426376343,0.015866229817387487,0.0020751953125,4.188045636967703,4.193090550157057,0.0037884567630622626,0.9999936647680184,0.001953125,0.00048828125,0.0013427734375,0.0019396990537643433,0.0020751953125,0.008510913699865341,0.023405011743307114,0.033809635788202286,0.036171384155750275,0.0,0.0,0.0,0.0
GammaQCL,GammaQCL,GammaQCL,Gamma,QCL,,,5,transformer_encoder.2.deepnorm_alpha.tensor,transformer_encoder.2.deepnorm_alpha,transformer_norm_deepnorm,Transformer norm/deepnorm,3,2.0,deepnorm_alpha,Norm/deepnorm,scalar,1,2.44921875,0.0,2.44921875,0.0,0.0,0.0,0.0,0.0,0.0,2.44921875,2.44921875,0.0,0.9999999999998332,0.0,0.0,0.0,0.0,0.0,0.0,0.0,0.0,0.0,0.0,0.0,0.0,0.0
GammaQCL,GammaQCL,GammaQCL,Gamma,QCL,,,5,transformer_encoder.2.norm1.weight.tensor,transformer_encoder.2.norm1.weight,transformer_norm_deepnorm,Transformer norm/deepnorm,3,2.0,norm1_weight,Norm/deepnorm,512,512,0.23824788630008698,0.0376431904733181,0.23888814449310303,0.03777353838086128,0.0006402544677257538,0.00067748042056337,0.39191627502441406,0.02109216939668884,0.003173828125,5.457808704740754,5.472578877263542,0.0038645856858933007,0.9999963401846481,0.0,0.000732421875,0.001708984375,0.0024162326008081436,0.002924323081970215,0.019456949084997177,0.04539955034852028,0.06418775767087936,0.07768528908491135,0.0,0.0,0.0,0.0
GammaQCL,GammaQCL,GammaQCL,Gamma,QCL,,,5,transformer_encoder.2.norm2.weight.tensor,transformer_encoder.2.norm2.weight,transformer_norm_deepnorm,Transformer norm/deepnorm,3,2.0,norm2_weight,Norm/deepnorm,512,512,0.21235376596450806,0.03058166429400444,0.21261844038963318,0.030644621700048447,0.00026465801056474447,0.0006792848580516875,0.2875717282295227,0.016495865176360907,0.0025634765625,4.85458854621099,4.860718961368898,0.0033979944992933633,0.9999951381773794,0.001953125,0.00048828125,0.00146484375,0.001953125,0.002376347780227661,0.015966465696692467,0.04789939895272255,0.06386586278676987,0.07770496606826782,0.0,0.0,0.0,0.0
GammaQCL,GammaQCL,GammaQCL,Gamma,QCL,,,5,transformer_encoder.3.deepnorm_alpha.tensor,transformer_encoder.3.deepnorm_alpha,transformer_norm_deepnorm,Transformer norm/deepnorm,3,3.0,deepnorm_alpha,Norm/deepnorm,scalar,1,2.44921875,0.0,2.44921875,0.0,0.0,0.0,0.0,0.0,0.0,2.44921875,2.44921875,0.0,0.9999999999998332,0.0,0.0,0.0,0.0,0.0,0.0,0.0,0.0,0.0,0.0,0.0,0.0,0.0
GammaQCL,GammaQCL,GammaQCL,Gamma,QCL,,,5,transformer_encoder.3.norm1.weight.tensor,transformer_encoder.3.norm1.weight,transformer_norm_deepnorm,Transformer norm/deepnorm,3,3.0,norm1_weight,Norm/deepnorm,512,512,0.29953742027282715,0.029441900551319122,0.30019044876098633,0.029399724677205086,0.0006530284881591797,0.0006920163868926466,0.3878173828125,0.021529756646488575,0.002685546875,6.81041944738475,6.8250320377925355,0.003161296717892023,0.9999973727529889,0.0,0.000732421875,0.001708984375,0.0024145543575286865,0.002685546875,0.024876846000552177,0.05804597586393356,0.08201079070568085,0.0912151038646698,0.0,0.0,0.0,0.0
GammaQCL,GammaQCL,GammaQCL,Gamma,QCL,,,5,transformer_encoder.3.norm2.weight.tensor,transformer_encoder.3.norm2.weight,transformer_norm_deepnorm,Transformer norm/deepnorm,3,3.0,norm2_weight,Norm/deepnorm,512,512,0.22906064987182617,0.025176841765642166,0.22936272621154785,0.025110339745879173,0.0003020763397216797,0.0006436259136535227,0.2869873046875,0.016087829834254833,0.00244140625,5.214264363881574,5.220894926681557,0.0030853498617541774,0.9999962533516817,0.0,0.00048828125,0.001397702842950821,0.0018042027950286865,0.00244140625,0.019394055008888245,0.05551539361476898,0.07166118174791336,0.09697027504444122,0.0,0.0,0.0,0.0
GammaQCL,GammaQCL,GammaQCL,Gamma,QCL,,,5,transformer_encoder.4.deepnorm_alpha.tensor,transformer_encoder.4.deepnorm_alpha,transformer_norm_deepnorm,Transformer norm/deepnorm,3,4.0,deepnorm_alpha,Norm/deepnorm,scalar,1,2.44921875,0.0,2.44921875,0.0,0.0,0.0,0.0,0.0,0.0,2.44921875,2.44921875,0.0,0.9999999999998332,0.0,0.0,0.0,0.0,0.0,0.0,0.0,0.0,0.0,0.0,0.0,0.0,0.0
GammaQCL,GammaQCL,GammaQCL,Gamma,QCL,,,5,transformer_encoder.4.norm1.weight.tensor,transformer_encoder.4.norm1.weight,transformer_norm_deepnorm,Transformer norm/deepnorm,3,4.0,norm1_weight,Norm/deepnorm,512,512,0.2992434501647949,0.024999048560857773,0.29996466636657715,0.02494228631258011,0.0007212162017822266,0.000609986309427768,0.3985595703125,0.021373462487856,0.00244140625,6.794692537538951,6.810848770911347,0.0031456114268261447,0.9999980804296111,0.0,0.000732421875,0.001708984375,0.002197265625,0.00244140625,0.029297979548573494,0.06836195290088654,0.08789394050836563,0.09765993058681488,0.0,0.0,0.0,0.0
GammaQCL,GammaQCL,GammaQCL,Gamma,QCL,,,5,transformer_encoder.4.norm2.weight.tensor,transformer_encoder.4.norm2.weight,transformer_norm_deepnorm,Transformer norm/deepnorm,3,4.0,norm2_weight,Norm/deepnorm,512,512,0.26636767387390137,0.023428261280059814,0.2666308879852295,0.02334383875131607,0.000263214111328125,0.0006213039741851389,0.27001953125,0.015268063587650947,0.001953125,6.0504805192778,6.056246019171163,0.0025234464500797794,0.9999974345654613,0.0,0.00048828125,0.001220703125,0.0019262731075286865,0.001953125,0.02084154076874256,0.05210385099053383,0.08222003281116486,0.08336616307497025,0.0,0.0,0.0,0.0
GammaQCL,GammaQCL,GammaQCL,Gamma,QCL,,,5,transformer_encoder.5.deepnorm_alpha.tensor,transformer_encoder.5.deepnorm_alpha,transformer_norm_deepnorm,Transformer norm/deepnorm,3,5.0,deepnorm_alpha,Norm/deepnorm,scalar,1,2.44921875,0.0,2.44921875,0.0,0.0,0.0,0.0,0.0,0.0,2.44921875,2.44921875,0.0,0.9999999999998332,0.0,0.0,0.0,0.0,0.0,0.0,0.0,0.0,0.0,0.0,0.0,0.0,0.0
GammaQCL,GammaQCL,GammaQCL,Gamma,QCL,,,5,transformer_encoder.5.norm1.weight.tensor,transformer_encoder.5.norm1.weight,transformer_norm_deepnorm,Transformer norm/deepnorm,3,5.0,norm1_weight,Norm/deepnorm,512,512,0.3453552722930908,0.03312533721327782,0.34623217582702637,0.03313426300883293,0.0008769035339355469,0.0006137453601695597,0.466064453125,0.02421919299305035,0.002685546875,7.850361624971315,7.870132395152977,0.0030851053938723188,0.99999859434828,0.0,0.0008544921875,0.001953125,0.00244140625,0.0025607943534851074,0.025795720517635345,0.058961644768714905,0.07370205223560333,0.07730618864297867,0.0,0.0,0.0,0.0
GammaQCL,GammaQCL,GammaQCL,Gamma,QCL,,,5,transformer_encoder.5.norm2.weight.tensor,transformer_encoder.5.norm2.weight,transformer_norm_deepnorm,Transformer norm/deepnorm,3,5.0,norm2_weight,Norm/deepnorm,512,512,0.2933690547943115,0.026023084297776222,0.29364824295043945,0.02600502222776413,0.0002791881561279297,0.0006149309920147061,0.2752685546875,0.015281233493039318,0.001953125,6.664248250360399,6.67050492738954,0.0022930168443545938,0.9999979946446148,0.0,0.00048828125,0.001220703125,0.001708984375,0.0018283724784851074,0.018763381987810135,0.046908456832170486,0.06567183881998062,0.07025961577892303,0.0,0.0,0.0,0.0
GammaQCL,GammaQCL,GammaQCL,Gamma,QCL,,,5,transformer_encoder.6.deepnorm_alpha.tensor,transformer_encoder.6.deepnorm_alpha,transformer_norm_deepnorm,Transformer norm/deepnorm,3,6.0,deepnorm_alpha,Norm/deepnorm,scalar,1,2.44921875,0.0,2.44921875,0.0,0.0,0.0,0.0,0.0,0.0,2.44921875,2.44921875,0.0,0.9999999999998332,0.0,0.0,0.0,0.0,0.0,0.0,0.0,0.0,0.0,0.0,0.0,0.0,0.0
GammaQCL,GammaQCL,GammaQCL,Gamma,QCL,,,5,transformer_encoder.6.norm1.weight.tensor,transformer_encoder.6.norm1.weight,transformer_norm_deepnorm,Transformer norm/deepnorm,3,6.0,norm1_weight,Norm/deepnorm,512,512,0.37731361389160156,0.03207424655556679,0.37831830978393555,0.0320252887904644,0.0010046958923339844,0.0006315554492175579,0.529541015625,0.026852139353278733,0.0029296875,8.56842326202818,8.590982331316495,0.003133848379348103,0.9999987927518624,0.0,0.0009765625,0.002062983810901642,0.00244140625,0.0028049349784851074,0.03044692426919937,0.06431898474693298,0.07611731439828873,0.08745128661394119,0.0,0.0,0.0,0.0
GammaQCL,GammaQCL,GammaQCL,Gamma,QCL,,,5,transformer_encoder.6.norm2.weight.tensor,transformer_encoder.6.norm2.weight,transformer_norm_deepnorm,Transformer norm/deepnorm,3,6.0,norm2_weight,Norm/deepnorm,512,512,0.3220500946044922,0.03167623281478882,0.3224034309387207,0.031630728393793106,0.0003533363342285156,0.0006067720241844654,0.277099609375,0.015887909573753852,0.002685546875,7.322325276080711,7.330181427046535,0.0021697901929666414,0.9999983717236163,0.0,0.00048828125,0.00146484375,0.0019262731075286865,0.002436041831970215,0.015414745546877384,0.04624423757195473,0.06081128492951393,0.07690437883138657,0.0,0.0,0.0,0.0
GammaQCL,GammaQCL,GammaQCL,Gamma,QCL,,,5,transformer_encoder.7.deepnorm_alpha.tensor,transformer_encoder.7.deepnorm_alpha,transformer_norm_deepnorm,Transformer norm/deepnorm,3,7.0,deepnorm_alpha,Norm/deepnorm,scalar,1,2.44921875,0.0,2.44921875,0.0,0.0,0.0,0.0,0.0,0.0,2.44921875,2.44921875,0.0,0.9999999999998332,0.0,0.0,0.0,0.0,0.0,0.0,0.0,0.0,0.0,0.0,0.0,0.0,0.0
GammaQCL,GammaQCL,GammaQCL,Gamma,QCL,,,5,transformer_encoder.7.norm1.weight.tensor,transformer_encoder.7.norm1.weight,transformer_norm_deepnorm,Transformer norm/deepnorm,3,7.0,norm1_weight,Norm/deepnorm,512,512,0.3905153274536133,0.037597835063934326,0.3915395736694336,0.03752036765217781,0.0010242462158203125,0.0006359885446727276,0.53564453125,0.027280461775151962,0.002685546875,8.87721160411634,8.900113531524383,0.003073089050000679,0.9999988772934975,0.0,0.0009765625,0.002197265625,0.002685546875,0.002685546875,0.02597389556467533,0.05844126269221306,0.07142820954322815,0.07142820954322815,0.0,0.0,0.0,0.0
GammaQCL,GammaQCL,GammaQCL,Gamma,QCL,,,5,transformer_encoder.7.norm2.weight.tensor,transformer_encoder.7.norm2.weight,transformer_norm_deepnorm,Transformer norm/deepnorm,3,7.0,norm2_weight,Norm/deepnorm,512,512,0.32169532775878906,0.04555841535329819,0.3220703601837158,0.0455632321536541,0.0003750324249267578,0.0006105023785494268,0.2901611328125,0.01621238977752135,0.002685546875,7.351766942229029,7.360184610788157,0.002205237176983144,0.9999983987957489,0.0,0.00048828125,0.00146484375,0.0019262731075286865,0.0023112893104553223,0.010717693716287613,0.03215308114886284,0.0422813817858696,0.05073242262005806,0.0,0.0,0.0,0.0
GammaQCL,GammaQCL,GammaQCL,Gamma,QCL,,,5,transformer_encoder.8.deepnorm_alpha.tensor,transformer_encoder.8.deepnorm_alpha,transformer_norm_deepnorm,Transformer norm/deepnorm,3,8.0,deepnorm_alpha,Norm/deepnorm,scalar,1,2.44921875,0.0,2.44921875,0.0,0.0,0.0,0.0,0.0,0.0,2.44921875,2.44921875,0.0,0.9999999999998332,0.0,0.0,0.0,0.0,0.0,0.0,0.0,0.0,0.0,0.0,0.0,0.0,0.0
GammaQCL,GammaQCL,GammaQCL,Gamma,QCL,,,5,transformer_encoder.8.norm1.weight.tensor,transformer_encoder.8.norm1.weight,transformer_norm_deepnorm,Transformer norm/deepnorm,3,8.0,norm1_weight,Norm/deepnorm,512,512,0.3574991226196289,0.035378359258174896,0.35837268829345703,0.03533224016427994,0.000873565673828125,0.0006389475311152637,0.47119140625,0.02448962914643626,0.002685546875,8.12879456164262,8.148362595532998,0.0030127012019706555,0.9999985134598314,0.0,0.000732421875,0.001953125,0.0024145543575286865,0.002685546875,0.020702533423900604,0.05520675331354141,0.06824944913387299,0.07590928673744202,0.0,0.0,0.0,0.0
GammaQCL,GammaQCL,GammaQCL,Gamma,QCL,,,5,transformer_encoder.8.norm2.weight.tensor,transformer_encoder.8.norm2.weight,transformer_norm_deepnorm,Transformer norm/deepnorm,3,8.0,norm2_weight,Norm/deepnorm,512,512,0.2291562557220459,0.021944638341665268,0.23027348518371582,0.021797947585582733,0.0011172294616699219,0.0006756240618415177,0.578125,0.029543033247214898,0.0030517578125,5.208934942467921,5.233786660907153,0.005671607262042737,0.9999954106164007,0.0,0.0010986328125,0.002197265625,0.0025634765625,0.0030517578125,0.05006381496787071,0.10012762993574142,0.11681557446718216,0.1390661597251892,0.0,0.0,0.0,0.0
GammaQCL,GammaQCL,GammaQCL,Gamma,QCL,,,5,transformer_encoder.9.deepnorm_alpha.tensor,transformer_encoder.9.deepnorm_alpha,transformer_norm_deepnorm,Transformer norm/deepnorm,3,9.0,deepnorm_alpha,Norm/deepnorm,scalar,1,2.44921875,0.0,2.44921875,0.0,0.0,0.0,0.0,0.0,0.0,2.44921875,2.44921875,0.0,0.9999999999998332,0.0,0.0,0.0,0.0,0.0,0.0,0.0,0.0,0.0,0.0,0.0,0.0,0.0
GammaQCL,GammaQCL,GammaQCL,Gamma,QCL,,,5,transformer_encoder.9.norm1.weight.tensor,transformer_encoder.9.norm1.weight,transformer_norm_deepnorm,Transformer norm/deepnorm,3,9.0,norm1_weight,Norm/deepnorm,512,512,0.21958576142787933,0.03401067852973938,0.2201618254184723,0.03397272154688835,0.0005760639905929565,0.0006354567012749612,0.35817718505859375,0.019407609660148418,0.0025634765625,5.027902946998241,5.040653515786513,0.003859980963182929,0.9999959825875033,0.0,0.0006103515625,0.0015869140625,0.0020617693662643433,0.0025011003017425537,0.017945874482393265,0.04665927216410637,0.06062121316790581,0.0735386535525322,0.0,0.0,0.0,0.0
GammaQCL,GammaQCL,GammaQCL,Gamma,QCL,,,5,transformer_encoder.9.norm2.weight.tensor,transformer_encoder.9.norm2.weight,transformer_norm_deepnorm,Transformer norm/deepnorm,3,9.0,norm2_weight,Norm/deepnorm,512,512,0.27030277252197266,0.03048752062022686,0.27037036418914795,0.030451633036136627,6.759166717529297e-05,0.0006049939547665417,0.24530029296875,0.013774621982891606,0.001953125,6.155034443861948,6.156463154622039,0.002237943931674661,0.9999977618679198,0.0,0.00048828125,0.001220703125,0.0015734881162643433,0.0018907487392425537,0.01601576991379261,0.04003942385315895,0.05161087587475777,0.06201711669564247,0.0,0.0,0.0,0.0
GammaQCL,GammaQCL,GammaQCL,Gamma,QCL,,,5,transformer_encoder.10.deepnorm_alpha.tensor,transformer_encoder.10.deepnorm_alpha,transformer_norm_deepnorm,Transformer norm/deepnorm,3,10.0,deepnorm_alpha,Norm/deepnorm,scalar,1,2.44921875,0.0,2.44921875,0.0,0.0,0.0,0.0,0.0,0.0,2.44921875,2.44921875,0.0,0.9999999999998332,0.0,0.0,0.0,0.0,0.0,0.0,0.0,0.0,0.0,0.0,0.0,0.0,0.0
GammaQCL,GammaQCL,GammaQCL,Gamma,QCL,,,5,transformer_encoder.10.norm1.weight.tensor,transformer_encoder.10.norm1.weight,transformer_norm_deepnorm,Transformer norm/deepnorm,3,10.0,norm1_weight,Norm/deepnorm,512,512,0.2463228702545166,0.026740267872810364,0.2471158504486084,0.026672283187508583,0.0007929801940917969,0.0006094924756325781,0.428466796875,0.022630795616428157,0.0029296875,5.60639589730117,5.624069306414572,0.004036603199449084,0.9999969379424155,0.0,0.000732421875,0.0018310546875,0.002197265625,0.002680182456970215,0.027390211820602417,0.06847552955150604,0.08217063546180725,0.10023016482591629,0.0,0.0,0.0,0.0
GammaQCL,GammaQCL,GammaQCL,Gamma,QCL,,,5,transformer_encoder.10.norm2.weight.tensor,transformer_encoder.10.norm2.weight,transformer_norm_deepnorm,Transformer norm/deepnorm,3,10.0,norm2_weight,Norm/deepnorm,512,512,0.33830833435058594,0.027939941734075546,0.33859503269195557,0.02798251248896122,0.0002866983413696289,0.0006194396410137415,0.27569580078125,0.015444789208060165,0.00244140625,7.681105023995469,7.687649361004565,0.002010750947918202,0.9999984892025584,0.0,0.00048828125,0.001220703125,0.001708984375,0.002191901206970215,0.017476094886660576,0.043690238147974014,0.06116633489727974,0.07845042645931244,0.0,0.0,0.0,0.0
GammaQCL,GammaQCL,GammaQCL,Gamma,QCL,,,5,transformer_encoder.11.deepnorm_alpha.tensor,transformer_encoder.11.deepnorm_alpha,transformer_norm_deepnorm,Transformer norm/deepnorm,3,11.0,deepnorm_alpha,Norm/deepnorm,scalar,1,2.44921875,0.0,2.44921875,0.0,0.0,0.0,0.0,0.0,0.0,2.44921875,2.44921875,0.0,0.9999999999998332,0.0,0.0,0.0,0.0,0.0,0.0,0.0,0.0,0.0,0.0,0.0,0.0,0.0
GammaQCL,GammaQCL,GammaQCL,Gamma,QCL,,,5,transformer_encoder.11.norm1.weight.tensor,transformer_encoder.11.norm1.weight,transformer_norm_deepnorm,Transformer norm/deepnorm,3,11.0,norm1_weight,Norm/deepnorm,512,512,0.25324106216430664,0.026536356657743454,0.25395822525024414,0.026481520384550095,0.0007171630859375,0.000571441138163209,0.3984375,0.020749080683554307,0.00244140625,5.761564484163635,5.777575175490775,0.0036012927982637514,0.999997490239658,0.0,0.000732421875,0.001641843467950821,0.001953125,0.0023166537284851074,0.027600685134530067,0.061871450394392014,0.07360182702541351,0.0873010903596878,0.0,0.0,0.0,0.0
GammaQCL,GammaQCL,GammaQCL,Gamma,QCL,,,5,transformer_encoder.11.norm2.weight.tensor,transformer_encoder.11.norm2.weight,transformer_norm_deepnorm,Transformer norm/deepnorm,3,11.0,norm2_weight,Norm/deepnorm,512,512,0.3390350341796875,0.018608592450618744,0.3394656181335449,0.018612129613757133,0.0004305839538574219,0.0005504177534021437,0.281982421875,0.01581270011202273,0.002197265625,7.683033211474052,7.692765828208115,0.0020581324688803315,0.9999988973351414,0.0,0.00048828125,0.00146484375,0.001708984375,0.0020725131034851074,0.02623954601585865,0.0787186324596405,0.09183841198682785,0.11137393116950989,0.0,0.0,0.0,0.0
GammaQCL,GammaQCL,GammaQCL,Gamma,QCL,,,5,transformer_encoder.12.deepnorm_alpha.tensor,transformer_encoder.12.deepnorm_alpha,transformer_norm_deepnorm,Transformer norm/deepnorm,3,12.0,deepnorm_alpha,Norm/deepnorm,scalar,1,2.44921875,0.0,2.44921875,0.0,0.0,0.0,0.0,0.0,0.0,2.44921875,2.44921875,0.0,0.9999999999998332,0.0,0.0,0.0,0.0,0.0,0.0,0.0,0.0,0.0,0.0,0.0,0.0,0.0
GammaQCL,GammaQCL,GammaQCL,Gamma,QCL,,,5,transformer_encoder.12.norm1.weight.tensor,transformer_encoder.12.norm1.weight,transformer_norm_deepnorm,Transformer norm/deepnorm,3,12.0,norm1_weight,Norm/deepnorm,512,512,0.2584099769592285,0.020306674763560295,0.25929689407348633,0.020287640392780304,0.0008869171142578125,0.0005496309022419155,0.464599609375,0.023609799616673012,0.00244140625,5.86517583949312,5.885149690317266,0.004025420594842625,0.9999978772034703,0.0,0.0009765625,0.001708984375,0.002197265625,0.0023790299892425537,0.04809069260954857,0.08415871113538742,0.10820405930280685,0.11715502291917801,0.0,0.0,0.0,0.0
GammaQCL,GammaQCL,GammaQCL,Gamma,QCL,,,5,transformer_encoder.12.norm2.weight.tensor,transformer_encoder.12.norm2.weight,transformer_norm_deepnorm,Transformer norm/deepnorm,3,12.0,norm2_weight,Norm/deepnorm,512,512,0.2992253303527832,0.017497792840003967,0.29967784881591797,0.017603443935513496,0.0004525184631347656,0.0006267271237447858,0.305908203125,0.017491444812595673,0.00341796875,6.782262207992182,6.792623939998031,0.002578998610814732,0.9999980601334617,0.0,0.00048828125,0.00146484375,0.001953125,0.003168463706970215,0.027905290946364403,0.08371587097644806,0.11162116378545761,0.18107780814170837,0.0,0.0,0.0,0.0
GammaQCL,GammaQCL,GammaQCL,Gamma,QCL,,,5,transformer_encoder.13.deepnorm_alpha.tensor,transformer_encoder.13.deepnorm_alpha,transformer_norm_deepnorm,Transformer norm/deepnorm,3,13.0,deepnorm_alpha,Norm/deepnorm,scalar,1,2.44921875,0.0,2.44921875,0.0,0.0,0.0,0.0,0.0,0.0,2.44921875,2.44921875,0.0,0.9999999999998332,0.0,0.0,0.0,0.0,0.0,0.0,0.0,0.0,0.0,0.0,0.0,0.0,0.0
GammaQCL,GammaQCL,GammaQCL,Gamma,QCL,,,5,transformer_encoder.13.norm1.weight.tensor,transformer_encoder.13.norm1.weight,transformer_norm_deepnorm,Transformer norm/deepnorm,3,13.0,norm1_weight,Norm/deepnorm,512,512,0.29320549964904785,0.021444566547870636,0.29402613639831543,0.021474217996001244,0.0008206367492675781,0.0005802508676424623,0.440673828125,0.022741800779974845,0.00244140625,6.65220354327806,6.670771701900534,0.00341868685045749,0.9999982970929119,0.0,0.000732421875,0.001708984375,0.0021704137325286865,0.00244140625,0.03415418043732643,0.07969308644533157,0.10121038556098938,0.1138472631573677,0.0,0.0,0.0,0.0
GammaQCL,GammaQCL,GammaQCL,Gamma,QCL,,,5,transformer_encoder.13.norm2.weight.tensor,transformer_encoder.13.norm2.weight,transformer_norm_deepnorm,Transformer norm/deepnorm,3,13.0,norm2_weight,Norm/deepnorm,512,512,0.3176431655883789,0.018648406490683556,0.318418025970459,0.018765635788440704,0.0007748603820800781,0.000705669866874814,0.439208984375,0.023714337929948846,0.00390625,7.199819604944974,7.217478190099403,0.0032937405700634624,0.9999978249910172,0.0,0.000732421875,0.001953125,0.002685546875,0.0034072399139404297,0.039275284856557846,0.10473410040140152,0.14400938153266907,0.18270935118198395,0.0,0.0,0.0,0.0
GammaQCL,GammaQCL,GammaQCL,Gamma,QCL,,,5,transformer_encoder.14.deepnorm_alpha.tensor,transformer_encoder.14.deepnorm_alpha,transformer_norm_deepnorm,Transformer norm/deepnorm,3,14.0,deepnorm_alpha,Norm/deepnorm,scalar,1,2.44921875,0.0,2.44921875,0.0,0.0,0.0,0.0,0.0,0.0,2.44921875,2.44921875,0.0,0.9999999999998332,0.0,0.0,0.0,0.0,0.0,0.0,0.0,0.0,0.0,0.0,0.0,0.0,0.0
GammaQCL,GammaQCL,GammaQCL,Gamma,QCL,,,5,transformer_encoder.14.norm1.weight.tensor,transformer_encoder.14.norm1.weight,transformer_norm_deepnorm,Transformer norm/deepnorm,3,14.0,norm1_weight,Norm/deepnorm,512,512,0.2626149654388428,0.021146051585674286,0.2633988857269287,0.02116290293633938,0.0007839202880859375,0.0005941842682659626,0.431640625,0.022257672947787223,0.0030517578125,5.961530383461906,5.97924202086209,0.0037335501987089247,0.9999977116975838,0.0,0.000732421875,0.001708984375,0.0021704137325286865,0.002864629030227661,0.034636326134204865,0.08081809431314468,0.10263914614915848,0.13546869158744812,0.0,0.0,0.0,0.0
GammaQCL,GammaQCL,GammaQCL,Gamma,QCL,,,5,transformer_encoder.14.norm2.weight.tensor,transformer_encoder.14.norm2.weight,transformer_norm_deepnorm,Transformer norm/deepnorm,3,14.0,norm2_weight,Norm/deepnorm,512,512,0.4210224151611328,0.024189021438360214,0.42238378524780273,0.024284306913614273,0.0013613700866699219,0.000762712792493403,0.705322265625,0.03530935222808322,0.004638671875,9.542359128476376,9.573236160564383,0.0037002749270575136,0.999998578658745,0.0,0.001220703125,0.002685546875,0.003173828125,0.004389166831970215,0.05046515166759491,0.11102333664894104,0.13120940327644348,0.18145278096199036,0.0,0.0,0.0,0.0
GammaQCL,GammaQCL,GammaQCL,Gamma,QCL,,,5,transformer_encoder.15.deepnorm_alpha.tensor,transformer_encoder.15.deepnorm_alpha,transformer_norm_deepnorm,Transformer norm/deepnorm,3,15.0,deepnorm_alpha,Norm/deepnorm,scalar,1,2.44921875,0.0,2.44921875,0.0,0.0,0.0,0.0,0.0,0.0,2.44921875,2.44921875,0.0,0.9999999999998332,0.0,0.0,0.0,0.0,0.0,0.0,0.0,0.0,0.0,0.0,0.0,0.0,0.0
GammaQCL,GammaQCL,GammaQCL,Gamma,QCL,,,5,transformer_encoder.15.norm1.weight.tensor,transformer_encoder.15.norm1.weight,transformer_norm_deepnorm,Transformer norm/deepnorm,3,15.0,norm1_weight,Norm/deepnorm,512,512,0.25661516189575195,0.0307583287358284,0.2572207450866699,0.030858168378472328,0.0006055831909179688,0.0006341403350234032,0.364013671875,0.019840838601709036,0.0025634765625,5.848099828700371,5.861974032950699,0.0033926983435429645,0.9999971324752495,0.0,0.0006103515625,0.001708984375,0.002197265625,0.002376347780227661,0.01984344981610775,0.05556166172027588,0.07143642008304596,0.0772586539387703,0.0,0.0,0.0,0.0
GammaQCL,GammaQCL,GammaQCL,Gamma,QCL,,,5,transformer_encoder.15.norm2.weight.tensor,transformer_encoder.15.norm2.weight,transformer_norm_deepnorm,Transformer norm/deepnorm,3,15.0,norm2_weight,Norm/deepnorm,512,512,0.5345916748046875,0.02535323053598404,0.5353941917419434,0.025425530970096588,0.0008025169372558594,0.0007471195422112942,0.457763671875,0.024810021495263946,0.0029296875,12.110023924144798,12.128239464360968,0.002048717793678014,0.9999993114754179,0.0,0.0009765625,0.001953125,0.00244140625,0.002680182456970215,0.03851825371384621,0.07703650742769241,0.09629563242197037,0.1057136058807373,0.0,0.0,0.0,0.0
GammaQCL,GammaQCL,GammaQCL,Gamma,QCL,,,5,transformer_encoder.16.deepnorm_alpha.tensor,transformer_encoder.16.deepnorm_alpha,transformer_norm_deepnorm,Transformer norm/deepnorm,3,16.0,deepnorm_alpha,Norm/deepnorm,scalar,1,2.44921875,0.0,2.44921875,0.0,0.0,0.0,0.0,0.0,0.0,2.44921875,2.44921875,0.0,0.9999999999998332,0.0,0.0,0.0,0.0,0.0,0.0,0.0,0.0,0.0,0.0,0.0,0.0,0.0
GammaQCL,GammaQCL,GammaQCL,Gamma,QCL,,,5,transformer_encoder.16.norm1.weight.tensor,transformer_encoder.16.norm1.weight,transformer_norm_deepnorm,Transformer norm/deepnorm,3,16.0,norm1_weight,Norm/deepnorm,512,512,0.255903959274292,0.03497700020670891,0.25684356689453125,0.03505999967455864,0.0009396076202392578,0.0007091659936122596,0.5089111328125,0.026636793918282584,0.00341796875,5.8442819934567645,5.865601509384569,0.004557753022201953,0.9999963917607223,0.0,0.0009765625,0.002197265625,0.0026721209287643433,0.003230839967727661,0.027920125052332878,0.06282027810811996,0.07639648765325546,0.09237038344144821,0.0,0.0,0.0,0.0
GammaQCL,GammaQCL,GammaQCL,Gamma,QCL,,,5,transformer_encoder.16.norm2.weight.tensor,transformer_encoder.16.norm2.weight,transformer_norm_deepnorm,Transformer norm/deepnorm,3,16.0,norm2_weight,Norm/deepnorm,512,512,0.39286327362060547,0.027819156646728516,0.3937530517578125,0.028002213686704636,0.0008897781372070312,0.0008412634488195181,0.49365234375,0.027707540935763882,0.005859375,8.911739330814756,8.932115760309335,0.0031091058554590387,0.9999979594875151,0.0,0.000732421875,0.002197265625,0.003173828125,0.005235612392425537,0.026327960193157196,0.07898388057947159,0.11408782750368118,0.1882016360759735,0.0,0.0,0.0,0.0
GammaQCL,GammaQCL,GammaQCL,Gamma,QCL,,,5,transformer_encoder.17.deepnorm_alpha.tensor,transformer_encoder.17.deepnorm_alpha,transformer_norm_deepnorm,Transformer norm/deepnorm,3,17.0,deepnorm_alpha,Norm/deepnorm,scalar,1,2.44921875,0.0,2.44921875,0.0,0.0,0.0,0.0,0.0,0.0,2.44921875,2.44921875,0.0,0.9999999999998332,0.0,0.0,0.0,0.0,0.0,0.0,0.0,0.0,0.0,0.0,0.0,0.0,0.0
GammaQCL,GammaQCL,GammaQCL,Gamma,QCL,,,5,transformer_encoder.17.norm1.weight.tensor,transformer_encoder.17.norm1.weight,transformer_norm_deepnorm,Transformer norm/deepnorm,3,17.0,norm1_weight,Norm/deepnorm,512,512,0.27333498001098633,0.019559422507882118,0.2739522457122803,0.01963639259338379,0.0006172657012939453,0.000760940951295197,0.3946533203125,0.0221708052244715,0.00341796875,6.2006788066770735,6.2147347987975134,0.0035755448581845178,0.9999963765137749,0.0,0.000732421875,0.001953125,0.0026586949825286865,0.0032932162284851074,0.03744596987962723,0.09985591471195221,0.13592904806137085,0.16836972534656525,0.0,0.0,0.0,0.0
GammaQCL,GammaQCL,GammaQCL,Gamma,QCL,,,5,transformer_encoder.17.norm2.weight.tensor,transformer_encoder.17.norm2.weight,transformer_norm_deepnorm,Transformer norm/deepnorm,3,17.0,norm2_weight,Norm/deepnorm,512,512,0.24103976786136627,0.018107499927282333,0.24496659636497498,0.018466683104634285,0.003926821518689394,0.0007838507299311459,2.0105326175689697,0.09060677168300517,0.007080078125,5.469475223955573,5.55868845448136,0.016565898550219775,0.9999959789314203,0.0,0.00390625,0.005126953125,0.005845949053764343,0.006830573081970215,0.21572542190551758,0.2831396162509918,0.3228466808795929,0.3772232234477997,0.0,0.0,0.0,0.0
GammaQCL,GammaQCL,GammaQCL,Gamma,QCL,,,5,upsample.linear.bias.tensor,upsample.linear.bias,upsample,Upsample,4,,linear_bias,Upsample,1024,1024,0.0006987148080952466,0.0231142770498991,0.0006958923768252134,0.023221271112561226,-2.822431270033121e-06,0.0005688105011358857,0.4662286639213562,0.018202159682298585,0.002197265625,0.73999470476885,0.7434142965934588,0.024597689098275026,0.9997095834820867,0.0087890625,0.00037384033203125,0.0011138916015625,0.0016033947467803955,0.0017788640689104795,0.01617356203496456,0.048190612345933914,0.06936812400817871,0.0769595056772232,0.0,0.0,0.0,0.0
GammaQCL,GammaQCL,GammaQCL,Gamma,QCL,,,5,upsample.linear.weight.tensor,upsample.linear.weight,upsample,Upsample,4,,linear_weight,Upsample,1024x512,524288,2.0732361008413136e-05,0.06463779509067535,2.0012383174616843e-05,0.06463103741407394,-7.199796527856961e-07,0.0009194690501317382,381.805908203125,0.6657664932159011,0.0064849853515625,46.802790736270474,46.797897526391345,0.014224931521015944,0.9998976797854138,0.004726409912109375,0.0006103515625,0.001800537109375,0.0024261474609375,0.00341796875,0.009442641399800777,0.02785579115152359,0.03753449767827988,0.052878789603710175,0.0,0.0,0.0,0.0
GammaQCL,GammaQCL,GammaQCL,Gamma,QCL,,,5,crf.linear.weight.tensor,crf.linear.weight,crf,CRF head,5,,linear_weight,CRF,4096x512,2097152,-0.00031572766602039337,0.03356962278485298,-0.00031902140472084284,0.033448752015829086,-3.293722329544835e-06,0.00098006846383214,1652.752685546875,1.4192885464837415,0.00469970703125,48.61623023021093,48.44124733488368,0.0291937186359987,0.99957565781448,0.009532451629638672,0.00067138671875,0.00189208984375,0.002471923828125,0.003143310546875,0.019999822601675987,0.05636313557624817,0.07363571226596832,0.09363552927970886,0.0,0.0,0.0,0.0
Beta,Beta,Beta,Beta,base,,,6,conv.0.conv.bias.tensor,conv.0.conv.bias,conv,Convolution front-end,0,0.0,conv_bias,Conv,64,64,-0.34886807203292847,0.4828624725341797,-0.3488350510597229,0.4814544916152954,3.303244011476636e-05,0.01067943312227726,0.36019280552864075,0.08543586626632602,0.06060180068016052,4.765644611255755,4.756363872112345,0.017927452262076166,0.9998408445332078,0.046875,0.002926468849182129,0.020234040915966034,0.03876928612589836,0.05841856077313423,0.006060667335987091,0.041904352605342865,0.0802905336022377,0.12098384648561478,0.0,0.0,0.0,0.0
Beta,Beta,Beta,Beta,base,,,6,conv.0.conv.weight.tensor,conv.0.conv.weight,conv,Convolution front-end,0,0.0,conv_weight,Conv,64x1x5,320,-0.001664625247940421,0.7632753252983093,-0.0020288664381951094,0.8815062046051025,-0.00036423481651581824,0.12100082635879517,13.904728889465332,2.1645383896872072,0.812983512878418,13.653916777224586,15.768903741075741,0.15852875222570617,0.9995075844501703,0.29374998807907104,0.002411959692835808,0.2168242633342743,0.628566563129425,0.7909379005432129,0.0031600126530975103,0.28407084941864014,0.8235121965408325,1.036241888999939,0.0031250000465661287,0.0,0.0,0.0
Beta,Beta,Beta,Beta,base,,,6,conv.1.conv.bias.tensor,conv.1.conv.bias,conv,Convolution front-end,0,1.0,conv_bias,Conv,64,64,-0.35623908042907715,3.126411199569702,-0.3794979155063629,3.095188856124878,-0.023258931934833527,0.1575160175561905,5.445532321929932,1.273791772908017,0.8750648498535156,25.173133406626448,24.946935871465257,0.05060124031173092,0.998748778666071,0.0,0.039396047592163086,0.3133269250392914,0.6098854541778564,0.848547101020813,0.012601044028997421,0.10021936148405075,0.19507525861263275,0.2714124917984009,0.0,0.0,0.0,0.0
Beta,Beta,Beta,Beta,base,,,6,conv.1.conv.weight.tensor,conv.1.conv.weight,conv,Convolution front-end,0,1.0,conv_weight,Conv,64x64x5,20480,-0.005043329205363989,0.2731286585330963,-0.005382670555263758,0.2719134986400604,-0.00033934167004190385,0.012628162279725075,93.03108978271484,1.807847794012684,0.27469420433044434,39.093653202318215,38.92071455516169,0.046244022902045746,0.9989358231532481,0.08188476413488388,0.0012438129633665085,0.01818808913230896,0.051457058638334274,0.13733333349227905,0.004553945269435644,0.06659165024757385,0.18839861452579498,0.5028154850006104,0.00019531250291038305,0.0,0.0,0.0
Beta,Beta,Beta,Beta,base,,,6,conv.2.conv.bias.tensor,conv.2.conv.bias,conv,Convolution front-end,0,2.0,conv_bias,Conv,128,128,-0.23985695838928223,0.8994260430335999,-0.24361327290534973,0.8929002285003662,-0.0037563154473900795,0.04591689631342888,3.3311500549316406,0.5212257686993006,0.2341616153717041,10.53146805806331,10.471253053141716,0.049492223289817595,0.9987845582955048,0.0078125,0.013084113597869873,0.08974511921405792,0.18326231837272644,0.2279820591211319,0.014547180384397507,0.09978043287992477,0.2037547379732132,0.25347504019737244,0.0,0.0,0.0,0.0
Beta,Beta,Beta,Beta,base,,,6,conv.2.conv.weight.tensor,conv.2.conv.weight,conv,Convolution front-end,0,2.0,conv_weight,Conv,128x64x9,73728,0.0019348718924447894,0.13461939990520477,0.0019134501926600933,0.13390406966209412,-2.142182711395435e-05,0.005777121987193823,213.42880249023438,1.5686668769121874,0.24721121788024902,36.55684384668964,36.36254753563411,0.04291034760798129,0.9990886397526179,0.0272352434694767,0.0013285009190440178,0.010977367870509624,0.021796829998493195,0.04653020203113556,0.009868567809462547,0.08154372125864029,0.16191446781158447,0.3456425666809082,0.00010850694525288418,0.0,0.0,0.0
Beta,Beta,Beta,Beta,base,,,6,conv.3.conv.bias.tensor,conv.3.conv.bias,conv,Convolution front-end,0,3.0,conv_bias,Conv,128,128,-0.27887842059135437,0.6861683130264282,-0.2884592115879059,0.7092969417572021,-0.009580793790519238,0.033757373690605164,2.4926445484161377,0.3970050868902357,0.19052767753601074,8.379785792997541,8.663012785823634,0.04737651972225119,0.9994668598135205,0.0078125,0.008758783340454102,0.08840561658143997,0.11134717613458633,0.18081800639629364,0.01276477426290512,0.12883955240249634,0.1622738540172577,0.26351845264434814,0.0,0.0,0.0,0.0
Beta,Beta,Beta,Beta,base,,,6,conv.3.conv.weight.tensor,conv.3.conv.weight,conv,Convolution front-end,0,3.0,conv_weight,Conv,128x128x9,147456,2.159507403121097e-06,0.045519500970840454,-3.595153975766152e-05,0.046747684478759766,-3.811104397755116e-05,0.0026378296315670013,177.01976013183594,1.013032215253864,0.12351584434509277,17.479488886643146,17.951115667582823,0.05795548267020033,0.9987192273717812,0.0059814453125,0.0005113566294312477,0.004503393545746803,0.010523485951125622,0.025593820959329605,0.011233789846301079,0.09893324971199036,0.23118627071380615,0.5622604489326477,0.00016954209422692657,2.0345052689663135e-05,0.0,0.0
Beta,Beta,Beta,Beta,base,,,6,conv.4.conv.bias.tensor,conv.4.conv.bias,conv,Convolution front-end,0,4.0,conv_bias,Conv,512,512,0.018486348912119865,0.1553741842508316,0.018163064494729042,0.15647591650485992,-0.00032328153611160815,0.006215226370841265,1.7159603834152222,0.14082463320004265,0.06661355495452881,3.5405137074041804,3.5644184769292053,0.03977519784925564,0.9992369468959699,0.033203125,0.0018918737769126892,0.012054149061441422,0.02624092809855938,0.0511091873049736,0.012176241725683212,0.07758140563964844,0.16888858377933502,0.32894256711006165,0.0,0.0,0.0,0.0
Beta,Beta,Beta,Beta,base,,,6,conv.4.conv.weight.tensor,conv.4.conv.weight,conv,Convolution front-end,0,4.0,conv_weight,Conv,512x128x5,327680,0.0007904483936727047,0.04287688806653023,0.000788252626080066,0.04269963130354881,-2.1957625904178713e-06,0.0017891195602715015,295.09185791015625,1.024152375026609,0.05885505676269531,24.54832830078825,24.446855476232138,0.04171984187590003,0.9991347438304328,0.02374877966940403,0.0004416452720761299,0.0032346525695174932,0.006973674520850182,0.01686512865126133,0.010300308465957642,0.07544045150279999,0.16264410316944122,0.3933383524417877,2.441406286379788e-05,0.0,0.0,0.0
Beta,Beta,Beta,Beta,base,,,6,transformer_encoder.0.self_attn.Wqkv.weight.tensor,transformer_encoder.0.self_attn.Wqkv.weight,transformer_self_attn,Transformer self-attention,1,0.0,self_attn_Wqkv_weight,Self-attention,1536x512,786432,-5.857439828105271e-05,0.08021117746829987,-5.9749247157014906e-05,0.08017917722463608,-1.1747999906219775e-06,0.0006919972947798669,420.1185302734375,0.6136702500485105,0.003662109375,71.13212906385026,71.10375959755046,0.008627187996828461,0.9999614631739845,0.0058644614182412624,0.00042724609375,0.00140380859375,0.0019073486328125,0.00250244140625,0.0053265150636434555,0.017501406371593475,0.023779084905982018,0.031198160722851753,0.0,0.0,0.0,0.0
Beta,Beta,Beta,Beta,base,,,6,transformer_encoder.0.self_attn.out_proj.bias.tensor,transformer_encoder.0.self_attn.out_proj.bias,transformer_self_attn,Transformer self-attention,1,0.0,self_attn_out_proj_bias,Self-attention,512,512,-0.0022732503712177277,0.02975558303296566,-0.0022410510573536158,0.029723217710852623,3.2199081033468246e-05,0.0003569827531464398,0.1425083875656128,0.008110389092167348,0.0013604164123535156,0.6752539766188196,0.674468557109875,0.012010872017024265,0.999928467865588,0.052734375,0.0002288818359375,0.000732421875,0.0010435215663164854,0.0012944461777806282,0.007692061364650726,0.024614594876766205,0.03506975993514061,0.04350261762738228,0.0,0.0,0.0,0.0
Beta,Beta,Beta,Beta,base,,,6,transformer_encoder.0.self_attn.out_proj.weight.tensor,transformer_encoder.0.self_attn.out_proj.weight,transformer_self_attn,Transformer self-attention,1,0.0,self_attn_out_proj_weight,Self-attention,512x512,262144,-1.71788597072009e-05,0.029549462720751762,-1.9787032215390354e-05,0.02954142540693283,-2.608167960715946e-06,0.0007368962978944182,150.2412109375,0.37729309247465603,0.00372314453125,15.129331866915267,15.125217909070765,0.024937855537407662,0.9996884724643539,0.013027191162109375,0.000457763671875,0.0014801025390625,0.0019918233156204224,0.00261688232421875,0.015491433441638947,0.05008896812796593,0.06740639358758926,0.0885593593120575,0.0,0.0,0.0,0.0
Beta,Beta,Beta,Beta,base,,,6,transformer_encoder.1.self_attn.Wqkv.weight.tensor,transformer_encoder.1.self_attn.Wqkv.weight,transformer_self_attn,Transformer self-attention,1,1.0,self_attn_Wqkv_weight,Self-attention,1536x512,786432,0.00025529079721309245,0.06557293981313705,0.00025691898190416396,0.06552183628082275,1.628145582799334e-06,0.0007304343744181097,445.6879577636719,0.6477573688563485,0.0038604736328125,58.15122896111053,58.10590664225755,0.011139186229228867,0.9999365038272087,0.0045026144944131374,0.000457763671875,0.00146484375,0.001983642578125,0.00257110595703125,0.006980983540415764,0.022339148446917534,0.030250929296016693,0.03920985758304596,0.0,0.0,0.0,0.0
Beta,Beta,Beta,Beta,base,,,6,transformer_encoder.1.self_attn.out_proj.bias.tensor,transformer_encoder.1.self_attn.out_proj.bias,transformer_self_attn,Transformer self-attention,1,1.0,self_attn_out_proj_bias,Self-attention,512,512,-0.00044205912854522467,0.029170624911785126,-0.0004752137465402484,0.02925264835357666,-3.315461799502373e-05,0.00037090005935169756,0.14580392837524414,0.008425973748918236,0.001861572265625,0.6601316910187729,0.6619992234867993,0.012764080051817802,0.9999226319976026,0.0078125,0.0002288818359375,0.0007253166986629367,0.0010749055072665215,0.0015652850270271301,0.007846309803426266,0.024864617735147476,0.03684889152646065,0.05365961417555809,0.0,0.0,0.0,0.0
Beta,Beta,Beta,Beta,base,,,6,transformer_encoder.1.self_attn.out_proj.weight.tensor,transformer_encoder.1.self_attn.out_proj.weight,transformer_self_attn,Transformer self-attention,1,1.0,self_attn_out_proj_weight,Self-attention,512x512,262144,-6.949186354177073e-05,0.046070944517850876,-6.800210394430906e-05,0.046053189784288406,1.4897455002937932e-06,0.0007900638156570494,164.28250122070312,0.4045132781184674,0.0043792724609375,23.588355654028483,23.579263971827555,0.01714885446240787,0.999852478359642,0.00859832763671875,0.000518798828125,0.001556396484375,0.0020751953125,0.0026848092675209045,0.0112608652561903,0.03378259763121605,0.0450434610247612,0.058275528252124786,0.0,0.0,0.0,0.0
Beta,Beta,Beta,Beta,base,,,6,transformer_encoder.2.self_attn.Wqkv.weight.tensor,transformer_encoder.2.self_attn.Wqkv.weight,transformer_self_attn,Transformer self-attention,1,2.0,self_attn_Wqkv_weight,Self-attention,1536x512,786432,-0.00013327761553227901,0.07562576979398727,-0.00013172044418752193,0.07558172941207886,1.5571810081382864e-06,0.000788642093539238,491.59307861328125,0.699376477401032,0.004150390625,67.06584189017163,67.02678816735329,0.010428206933513706,0.9999441746880252,0.0040880837477743626,0.000518798828125,0.001556396484375,0.0020751953125,0.002685546875,0.0068600792437791824,0.020580237731337547,0.02744031697511673,0.03551099821925163,0.0,0.0,0.0,0.0
Beta,Beta,Beta,Beta,base,,,6,transformer_encoder.2.self_attn.out_proj.bias.tensor,transformer_encoder.2.self_attn.out_proj.bias,transformer_self_attn,Transformer self-attention,1,2.0,self_attn_out_proj_bias,Self-attention,512,512,-0.0003780202241614461,0.041862670332193375,-0.00039799069054424763,0.041895247995853424,-1.9970466382801533e-05,0.00035169196780771017,0.13791555166244507,0.007970700168515596,0.00244140625,0.9472827083974211,0.9480240450115408,0.008414278121883726,0.999964896829957,0.001953125,0.00023651123046875,0.0006900785956531763,0.0009358981624245644,0.0019423961639404297,0.0056496914476156235,0.0164843387901783,0.022356383502483368,0.046399228274822235,0.0,0.0,0.0,0.0
Beta,Beta,Beta,Beta,base,,,6,transformer_encoder.2.self_attn.out_proj.weight.tensor,transformer_encoder.2.self_attn.out_proj.weight,transformer_self_attn,Transformer self-attention,1,2.0,self_attn_out_proj_weight,Self-attention,512x512,262144,-8.489452739013359e-05,0.05466361343860626,-8.633287507109344e-05,0.054633427411317825,-1.4383419966179645e-06,0.0007871350389905274,163.7540283203125,0.4030137270750113,0.00506591796875,27.987814295214935,27.972362502385167,0.01439961416150671,0.999895488752104,0.005702972412109375,0.000518798828125,0.00154876708984375,0.002054966986179352,0.002716064453125,0.00949075073003769,0.028332682326436043,0.03759295120835304,0.049686871469020844,0.0,0.0,0.0,0.0
Beta,Beta,Beta,Beta,base,,,6,transformer_encoder.3.self_attn.Wqkv.weight.tensor,transformer_encoder.3.self_attn.Wqkv.weight,transformer_self_attn,Transformer self-attention,1,3.0,self_attn_Wqkv_weight,Self-attention,1536x512,786432,-0.00014777800242882222,0.079198457300663,-0.00014878732326906174,0.07916419953107834,-1.0093186801896081e-06,0.0008001942187547684,498.76422119140625,0.7096202930390422,0.003936767578125,70.23416122047554,70.2037840081466,0.01010363448082519,0.9999473607857619,0.0039507546462118626,0.0005340576171875,0.0015869140625,0.0020973756909370422,0.002685546875,0.006743282545357943,0.020037181675434113,0.026482529938220978,0.03390907868742943,0.0,0.0,0.0,0.0
Beta,Beta,Beta,Beta,base,,,6,transformer_encoder.3.self_attn.out_proj.bias.tensor,transformer_encoder.3.self_attn.out_proj.bias,transformer_self_attn,Transformer self-attention,1,3.0,self_attn_out_proj_bias,Self-attention,512,512,0.0031509939581155777,0.04125424474477768,0.0031240773387253284,0.04123937711119652,-2.6916852220892906e-05,0.00034479520400054753,0.140846848487854,0.007825562055473113,0.00102996826171875,0.9361959288482714,0.9358142319448397,0.008358893490481134,0.999965181889158,0.0078125,0.0002288818359375,0.0006866455078125,0.0008138278499245644,0.0009948816150426865,0.00554807810112834,0.016644233837723732,0.019727125763893127,0.024115853011608124,0.0,0.0,0.0,0.0
Beta,Beta,Beta,Beta,base,,,6,transformer_encoder.3.self_attn.out_proj.weight.tensor,transformer_encoder.3.self_attn.out_proj.weight,transformer_self_attn,Transformer self-attention,1,3.0,self_attn_out_proj_weight,Self-attention,512x512,262144,-5.6098444474628195e-05,0.06004486232995987,-5.5611955758649856e-05,0.06004514545202255,4.864748461841373e-07,0.0007789754890836775,162.22027587890625,0.3988354696256974,0.0037841796875,30.742993556776984,30.743139478589367,0.012973215145399045,0.9999151120151454,0.005157470703125,0.000518798828125,0.00152587890625,0.00202178955078125,0.0026092529296875,0.008640184998512268,0.025412309914827347,0.0336713083088398,0.04345504939556122,0.0,0.0,0.0,0.0
Beta,Beta,Beta,Beta,base,,,6,transformer_encoder.4.self_attn.Wqkv.weight.tensor,transformer_encoder.4.self_attn.Wqkv.weight,transformer_self_attn,Transformer self-attention,1,4.0,self_attn_Wqkv_weight,Self-attention,1536x512,786432,8.962970605352893e-05,0.08053357899188995,9.205798414768651e-05,0.0805036649107933,2.4282944650622085e-06,0.0007870433037169278,490.7303771972656,0.6979606434266129,0.0045166015625,71.41809256282683,71.39156714469154,0.00977288273013738,0.9999502702728273,0.0034535725135356188,0.000518798828125,0.001556396484375,0.0020751953125,0.002655029296875,0.006442018318921328,0.01932605542242527,0.02576807327568531,0.03296797722578049,0.0,0.0,0.0,0.0
Beta,Beta,Beta,Beta,base,,,6,transformer_encoder.4.self_attn.out_proj.bias.tensor,transformer_encoder.4.self_attn.out_proj.bias,transformer_self_attn,Transformer self-attention,1,4.0,self_attn_out_proj_bias,Self-attention,512,512,0.005694971419870853,0.0415608175098896,0.005706204567104578,0.04155982285737991,1.123256515711546e-05,0.00030842339037917554,0.1252630352973938,0.006983451167182148,0.000965118408203125,0.9492017642412698,0.949213946294992,0.007357183088209816,0.9999730091654718,0.001953125,0.00020566582679748535,0.000579833984375,0.0008341986685991287,0.0009436765685677528,0.0049485499039292336,0.013951454311609268,0.02007175236940384,0.022705912590026855,0.0,0.0,0.0,0.0
Beta,Beta,Beta,Beta,base,,,6,transformer_encoder.4.self_attn.out_proj.weight.tensor,transformer_encoder.4.self_attn.out_proj.weight,transformer_self_attn,Transformer self-attention,1,4.0,self_attn_out_proj_weight,Self-attention,512x512,262144,0.0001113375328714028,0.06491848826408386,0.00011259450548095629,0.06491129845380783,1.2569200862344587e-06,0.0007481741486117244,155.93020629882812,0.38306564602499027,0.00341796875,33.23832692770689,33.23464496540564,0.01152481732483538,0.9999328746688783,0.004058837890625,0.00048828125,0.00146484375,0.001953125,0.00250244140625,0.007521450519561768,0.022564351558685303,0.03008580207824707,0.03854743391275406,0.0,0.0,0.0,0.0
Beta,Beta,Beta,Beta,base,,,6,transformer_encoder.5.self_attn.Wqkv.weight.tensor,transformer_encoder.5.self_attn.Wqkv.weight,transformer_self_attn,Transformer self-attention,1,5.0,self_attn_Wqkv_weight,Self-attention,1536x512,786432,-0.00015342856931965798,0.08280777931213379,-0.00015336823707912117,0.08278334140777588,6.032102106701132e-08,0.0008042242261581123,501.6468505859375,0.7131935207736942,0.0045166015625,73.43495008870946,73.41327725516516,0.00971190856550112,0.9999511348329677,0.0036214191932231188,0.00054168701171875,0.0015869140625,0.002105712890625,0.002716064453125,0.0065414984710514545,0.01916382648050785,0.025428922846913338,0.032799627631902695,0.0,0.0,0.0,0.0
Beta,Beta,Beta,Beta,base,,,6,transformer_encoder.5.self_attn.out_proj.bias.tensor,transformer_encoder.5.self_attn.out_proj.bias,transformer_self_attn,Transformer self-attention,1,5.0,self_attn_out_proj_bias,Self-attention,512,512,0.0076002441346645355,0.05128750950098038,0.0076154605485498905,0.051215026527643204,1.5216297470033169e-05,0.00031661137472838163,0.127873957157135,0.007172366368338999,0.000946044921875,1.1731769704307082,1.171605244424295,0.006113626971129254,0.9999822084857053,0.001953125,0.0002002716064453125,0.0006103515625,0.00079345703125,0.000946044921875,0.003904879791662097,0.011900586076080799,0.015470761805772781,0.018445909023284912,0.0,0.0,0.0,0.0
Beta,Beta,Beta,Beta,base,,,6,transformer_encoder.5.self_attn.out_proj.weight.tensor,transformer_encoder.5.self_attn.out_proj.weight,transformer_self_attn,Transformer self-attention,1,5.0,self_attn_out_proj_weight,Self-attention,512x512,262144,-3.0022030841792002e-05,0.05985739827156067,-3.2289397495333105e-05,0.059852056205272675,-2.2673459625366377e-06,0.0007760346052236855,161.7002410888672,0.397331347885121,0.0037994384765625,30.647003614813737,30.644269089461798,0.01296476983130094,0.9999151927659168,0.005229949951171875,0.000518798828125,0.00152587890625,0.00201416015625,0.00262451171875,0.00866724457591772,0.025491897016763687,0.03364930301904678,0.04384606331586838,0.0,0.0,0.0,0.0
Beta,Beta,Beta,Beta,base,,,6,transformer_encoder.6.self_attn.Wqkv.weight.tensor,transformer_encoder.6.self_attn.Wqkv.weight,transformer_self_attn,Transformer self-attention,1,6.0,self_attn_Wqkv_weight,Self-attention,1536x512,786432,-5.458114901557565e-05,0.08206424862146378,-5.393879837356508e-05,0.08203727751970291,6.423363174690166e-07,0.0007743119494989514,482.57318115234375,0.6866673499130196,0.00396728515625,72.77547341824717,72.75155375810712,0.009435422645300723,0.9999536193785834,0.0032958984375,0.0005035400390625,0.00152587890625,0.00201416015625,0.00262451171875,0.006135923787951469,0.01859370991587639,0.024543695151805878,0.03198118135333061,0.0,0.0,0.0,0.0
Beta,Beta,Beta,Beta,base,,,6,transformer_encoder.6.self_attn.out_proj.bias.tensor,transformer_encoder.6.self_attn.out_proj.bias,transformer_self_attn,Transformer self-attention,1,6.0,self_attn_out_proj_bias,Self-attention,512,512,0.013186391443014145,0.06983010470867157,0.013184353709220886,0.0697573646903038,-2.037966623902321e-06,0.0003095557913184166,0.1257539987564087,0.007004599897715356,0.00177001953125,1.607999788132459,1.606374072318551,0.004356095037702826,0.9999910045697226,0.0,0.00022602081298828125,0.0005976675893180072,0.000732421875,0.0013021975755691528,0.0032367240637540817,0.008558880537748337,0.01048862561583519,0.01864808052778244,0.0,0.0,0.0,0.0
Beta,Beta,Beta,Beta,base,,,6,transformer_encoder.6.self_attn.out_proj.weight.tensor,transformer_encoder.6.self_attn.out_proj.weight,transformer_self_attn,Transformer self-attention,1,6.0,self_attn_out_proj_weight,Self-attention,512x512,262144,6.82807803968899e-05,0.0660417228937149,6.747178122168407e-05,0.06604214757680893,-8.089732546068262e-07,0.0007270014029927552,151.3641815185547,0.37222489077092275,0.003662109375,33.81339171074642,33.81361012214146,0.01100820923127368,0.9999385566394937,0.004016876220703125,0.00048828125,0.001434326171875,0.00189208984375,0.00244140625,0.007393525913357735,0.021718483418226242,0.028649913147091866,0.03696763142943382,0.0,0.0,0.0,0.0
Beta,Beta,Beta,Beta,base,,,6,transformer_encoder.7.self_attn.Wqkv.weight.tensor,transformer_encoder.7.self_attn.Wqkv.weight,transformer_self_attn,Transformer self-attention,1,7.0,self_attn_Wqkv_weight,Self-attention,1536x512,786432,5.859726297785528e-05,0.08321157097816467,5.872093606740236e-05,0.0831870511174202,1.236666520298968e-07,0.0007851840928196907,489.703125,0.6963086011801584,0.004058837890625,73.79294300608969,73.77118339839751,0.009435978195403955,0.999953581453285,0.0035006206016987562,0.000518798828125,0.0015529468655586243,0.0020726919174194336,0.002655029296875,0.006234695203602314,0.018662629649043083,0.024908695369958878,0.03190696984529495,0.0,0.0,0.0,0.0
Beta,Beta,Beta,Beta,base,,,6,transformer_encoder.7.self_attn.out_proj.bias.tensor,transformer_encoder.7.self_attn.out_proj.bias,transformer_self_attn,Transformer self-attention,1,7.0,self_attn_out_proj_bias,Self-attention,512,512,0.02039126306772232,0.06323306262493134,0.020364956930279732,0.06314486265182495,-2.6304740458726883e-05,0.00032774967257864773,0.13169455528259277,0.007439975866612978,0.0020751953125,1.503357150417094,1.5012749181199294,0.004948907759239958,0.9999887593989982,0.001953125,0.0001983642578125,0.0006137846503406763,0.0008544921875,0.0015138089656829834,0.0031370334327220917,0.009706703014671803,0.013513375073671341,0.02394014596939087,0.0,0.0,0.0,0.0
Beta,Beta,Beta,Beta,base,,,6,transformer_encoder.7.self_attn.out_proj.weight.tensor,transformer_encoder.7.self_attn.out_proj.weight,transformer_self_attn,Transformer self-attention,1,7.0,self_attn_out_proj_weight,Self-attention,512x512,262144,6.614855374209583e-05,0.0642695426940918,6.918619328644127e-05,0.0642687976360321,3.0376288577826926e-06,0.0007560500525869429,157.5047607421875,0.38710068616922044,0.00347900390625,32.906036695058894,32.90565459753365,0.011763819804751356,0.9999301035345732,0.004627227783203125,0.00048828125,0.0014801025390625,0.0019683837890625,0.002556205727159977,0.007597396615892649,0.02302960865199566,0.03062700480222702,0.03977319970726967,0.0,0.0,0.0,0.0
Beta,Beta,Beta,Beta,base,,,6,transformer_encoder.8.self_attn.Wqkv.weight.tensor,transformer_encoder.8.self_attn.Wqkv.weight,transformer_self_attn,Transformer self-attention,1,8.0,self_attn_Wqkv_weight,Self-attention,1536x512,786432,-4.0591752622276545e-05,0.08352092653512955,-3.985089642810635e-05,0.08349909633398056,7.408450528600952e-07,0.0007794705452397466,486.013916015625,0.6912420476556045,0.00457763671875,74.06725986814283,74.04790204236039,0.009332626168244497,0.9999547184515819,0.00324249267578125,0.000518798828125,0.00152587890625,0.002044677734375,0.002655029296875,0.006211602129042149,0.01826941780745983,0.024481020867824554,0.03178878873586655,0.0,0.0,0.0,0.0
Beta,Beta,Beta,Beta,base,,,6,transformer_encoder.8.self_attn.out_proj.bias.tensor,transformer_encoder.8.self_attn.out_proj.bias,transformer_self_attn,Transformer self-attention,1,8.0,self_attn_out_proj_bias,Self-attention,512,512,0.024965673685073853,0.06420286744832993,0.024981511756777763,0.06415190547704697,1.583946868777275e-05,0.0003545325016602874,0.14295649528503418,0.00803015701828174,0.001953125,1.558714132989936,1.5577696339975884,0.005151783029562378,0.9999869279516233,0.0,0.000244140625,0.000701904296875,0.0008951951749622822,0.0014853030443191528,0.003802643157541752,0.010932599194347858,0.01394322607666254,0.02313452586531639,0.0,0.0,0.0,0.0
Beta,Beta,Beta,Beta,base,,,6,transformer_encoder.8.self_attn.out_proj.weight.tensor,transformer_encoder.8.self_attn.out_proj.weight,transformer_self_attn,Transformer self-attention,1,8.0,self_attn_out_proj_weight,Self-attention,512x512,262144,1.4349880075315014e-06,0.07153227180242538,3.7720583350164816e-06,0.07154025137424469,2.3370935195998754e-06,0.0007591868052259088,158.16372680664062,0.3887054390528464,0.003997802734375,36.62453504664342,36.62862276771234,0.0106132525247842,0.9999429978843266,0.00439453125,0.000492095947265625,0.001495361328125,0.001983642578125,0.0025634765625,0.006879355292767286,0.02090470679104328,0.027730733156204224,0.03583664074540138,0.0,0.0,0.0,0.0
Beta,Beta,Beta,Beta,base,,,6,transformer_encoder.9.self_attn.Wqkv.weight.tensor,transformer_encoder.9.self_attn.Wqkv.weight,transformer_self_attn,Transformer self-attention,1,9.0,self_attn_Wqkv_weight,Self-attention,1536x512,786432,0.000242539681494236,0.08460711687803268,0.00024335210036952049,0.08449052274227142,8.124713417601015e-07,0.0008158756536431611,510.0285949707031,0.7235265079722338,0.0042724609375,75.03080096700288,74.92741604900873,0.009643059898699702,0.9999527032294229,0.0035336811561137438,0.00054931640625,0.0015869140625,0.00213623046875,0.00274658203125,0.006492555141448975,0.01875627040863037,0.025248825550079346,0.03246277570724487,0.0,0.0,0.0,0.0
Beta,Beta,Beta,Beta,base,,,6,transformer_encoder.9.self_attn.out_proj.bias.tensor,transformer_encoder.9.self_attn.out_proj.bias,transformer_self_attn,Transformer self-attention,1,9.0,self_attn_out_proj_bias,Self-attention,512,512,0.003501572646200657,0.055311933159828186,0.003592908848077059,0.05531471222639084,9.133608546108007e-05,0.0004131032037548721,0.17237251996994019,0.009573203770438727,0.00128173828125,1.2540716139469108,1.254266419779019,0.0076336978398718145,0.9999710991056167,0.005859375,0.000274658203125,0.0008544921875,0.0010342411696910858,0.0011959709227085114,0.00496562197804451,0.01544860191643238,0.018698332831263542,0.021622290834784508,0.0,0.0,0.0,0.0
Beta,Beta,Beta,Beta,base,,,6,transformer_encoder.9.self_attn.out_proj.weight.tensor,transformer_encoder.9.self_attn.out_proj.weight,transformer_self_attn,Transformer self-attention,1,9.0,self_attn_out_proj_weight,Self-attention,512x512,262144,2.3092787159839645e-05,0.06191784515976906,2.016879807342775e-05,0.06188591942191124,-2.9240138701425167e-06,0.0008006219286471605,166.7006378173828,0.40992108824247103,0.0078125,31.701952525756397,31.685603639939444,0.01293046817571933,0.9999158257691878,0.0048370361328125,0.00054168701171875,0.0015869140625,0.0020751953125,0.002685546875,0.008748478256165981,0.02562934346497059,0.03351529687643051,0.043372735381126404,0.0,0.0,0.0,0.0
Beta,Beta,Beta,Beta,base,,,6,transformer_encoder.10.self_attn.Wqkv.weight.tensor,transformer_encoder.10.self_attn.Wqkv.weight,transformer_self_attn,Transformer self-attention,1,10.0,self_attn_Wqkv_weight,Self-attention,1536x512,786432,0.0001790486858226359,0.0850459486246109,0.00017917020886670798,0.08502219617366791,1.2150424311130337e-07,0.0008011092431843281,500.3723449707031,0.7104312225894049,0.0038604736328125,75.41982433249066,75.39875765720546,0.00941968811087967,0.9999538002761122,0.0035616557579487562,0.000537872314453125,0.0015869140625,0.0020751953125,0.002685546875,0.006324490066617727,0.01865948922932148,0.024400869384407997,0.031577594578266144,0.0,0.0,0.0,0.0
Beta,Beta,Beta,Beta,base,,,6,transformer_encoder.10.self_attn.out_proj.bias.tensor,transformer_encoder.10.self_attn.out_proj.bias,transformer_self_attn,Transformer self-attention,1,10.0,self_attn_out_proj_bias,Self-attention,512,512,0.0012445800239220262,0.05663425475358963,0.001233943970873952,0.05692461133003235,-1.0636053048074245e-05,0.0005288819666020572,0.21375101804733276,0.01196965201679031,0.001953125,1.2817963156504482,1.2883594792235116,0.009338185693494497,0.9999696579944113,0.0,0.000335693359375,0.001007080078125,0.0013970956206321716,0.0018283724784851074,0.005927389487624168,0.017782168462872505,0.024668734520673752,0.032283853739500046,0.0,0.0,0.0,0.0
Beta,Beta,Beta,Beta,base,,,6,transformer_encoder.10.self_attn.out_proj.weight.tensor,transformer_encoder.10.self_attn.out_proj.weight,transformer_self_attn,Transformer self-attention,1,10.0,self_attn_out_proj_weight,Self-attention,512x512,262144,-7.101225492078811e-05,0.06041784957051277,-7.04881822457537e-05,0.0604005828499794,5.240597147349035e-07,0.0007616752991452813,158.43289184570312,0.3899777772575286,0.004058837890625,30.93397135021777,30.92512970806974,0.012606780191343606,0.9999198739120583,0.00487518310546875,0.00049591064453125,0.001495361328125,0.0019989013671875,0.0025634765625,0.008208014070987701,0.024750318378210068,0.03308460861444473,0.042429119348526,0.0,0.0,0.0,0.0
Beta,Beta,Beta,Beta,base,,,6,transformer_encoder.11.self_attn.Wqkv.weight.tensor,transformer_encoder.11.self_attn.Wqkv.weight,transformer_self_attn,Transformer self-attention,1,11.0,self_attn_Wqkv_weight,Self-attention,1536x512,786432,-0.00019976306066382676,0.08163049817085266,-0.0001974777114810422,0.08159595727920532,2.285362370457733e-06,0.0007911502034403384,493.84149169921875,0.7016022617822334,0.00738525390625,72.3910179004015,72.36037875842345,0.009691841365561633,0.9999513849111616,0.003528594970703125,0.000518798828125,0.001556396484375,0.0020751953125,0.002685546875,0.0063554528169333935,0.019066357985138893,0.025421811267733574,0.03289881348609924,0.0,0.0,0.0,0.0
Beta,Beta,Beta,Beta,base,,,6,transformer_encoder.11.self_attn.out_proj.bias.tensor,transformer_encoder.11.self_attn.out_proj.bias,transformer_self_attn,Transformer self-attention,1,11.0,self_attn_out_proj_bias,Self-attention,512,512,-0.012231702916324139,0.06654907763004303,-0.012325952760875225,0.06684023886919022,-9.425007738173008e-05,0.0005363239324651659,0.21732556819915771,0.012321587907466038,0.00244140625,1.5310577739028002,1.537923245983921,0.008047761565554241,0.9999778099631284,0.00390625,0.000354766845703125,0.0010986328125,0.0014106761664152145,0.002035960555076599,0.0053309048525989056,0.01650860905647278,0.021197529509663582,0.03059336729347706,0.0,0.0,0.0,0.0
Beta,Beta,Beta,Beta,base,,,6,transformer_encoder.11.self_attn.out_proj.weight.tensor,transformer_encoder.11.self_attn.out_proj.weight,transformer_self_attn,Transformer self-attention,1,11.0,self_attn_out_proj_weight,Self-attention,512x512,262144,0.00012059643631801009,0.061377786099910736,0.00012450627400539815,0.06134779006242752,3.90983632314601e-06,0.0007442304631695151,154.82723999023438,0.38105119618547306,0.00365447998046875,31.425498415834134,31.410145319687814,0.01212554184959127,0.9999257948310022,0.004467010498046875,0.00048828125,0.00146484375,0.001953125,0.00250244140625,0.0079553397372365,0.023866020143032074,0.031821358948946,0.04077111929655075,0.0,0.0,0.0,0.0
Beta,Beta,Beta,Beta,base,,,6,transformer_encoder.12.self_attn.Wqkv.weight.tensor,transformer_encoder.12.self_attn.Wqkv.weight,transformer_self_attn,Transformer self-attention,1,12.0,self_attn_Wqkv_weight,Self-attention,1536x512,786432,-7.939530769363046e-05,0.0797630101442337,-8.229402737924829e-05,0.07971921563148499,-2.8987240057176678e-06,0.0008043503621593118,500.03900146484375,0.7133099720448095,0.00469970703125,70.73472187622038,70.69588533376607,0.01008429740196095,0.9999478627231613,0.0036252338904887438,0.00052642822265625,0.0015869140625,0.00213623046875,0.00274658203125,0.00659990357235074,0.019895361736416817,0.026782216504216194,0.034434277564287186,0.0,0.0,0.0,0.0
Beta,Beta,Beta,Beta,base,,,6,transformer_encoder.12.self_attn.out_proj.bias.tensor,transformer_encoder.12.self_attn.out_proj.bias,transformer_self_attn,Transformer self-attention,1,12.0,self_attn_out_proj_bias,Self-attention,512,512,7.303804159164429e-05,0.06083318218588829,-4.7413515858352184e-05,0.061194807291030884,-0.00012045155744999647,0.0005479287938214839,0.22319835424423218,0.012694253327128549,0.002197265625,1.3764987493468457,1.3846808274404703,0.009222132118276752,0.9999753135398588,0.001953125,0.0003509521484375,0.0011428827419877052,0.00146484375,0.0018853843212127686,0.005769089795649052,0.01878715679049492,0.02407967858016491,0.030992690473794937,0.0,0.0,0.0,0.0
Beta,Beta,Beta,Beta,base,,,6,transformer_encoder.12.self_attn.out_proj.weight.tensor,transformer_encoder.12.self_attn.out_proj.weight,transformer_self_attn,Transformer self-attention,1,12.0,self_attn_out_proj_weight,Self-attention,512x512,262144,0.00010403731721453369,0.06129160895943642,0.00010435418516863137,0.06127304956316948,3.168800049024867e-07,0.0007384853670373559,153.29351806640625,0.3781044922934345,0.00354766845703125,31.381360628912745,31.371860058269178,0.012048696573884741,0.9999267038383476,0.004436492919921875,0.00048828125,0.00146484375,0.001953125,0.002532958984375,0.007966525852680206,0.02389957569539547,0.031866103410720825,0.04132635146379471,0.0,0.0,0.0,0.0
Beta,Beta,Beta,Beta,base,,,6,transformer_encoder.13.self_attn.Wqkv.weight.tensor,transformer_encoder.13.self_attn.Wqkv.weight,transformer_self_attn,Transformer self-attention,1,13.0,self_attn_Wqkv_weight,Self-attention,1536x512,786432,-0.00021033840312156826,0.07851918786764145,-0.00021001668937969953,0.07849185168743134,3.217166977265151e-07,0.0008123284205794334,506.19049072265625,0.7203804679132221,0.007080078125,69.63190747827105,69.60766517260329,0.010345551256627715,0.9999449051268341,0.003696441650390625,0.00054931640625,0.0015869140625,0.00213623046875,0.002777099609375,0.006995950359851122,0.020210523158311844,0.027206474915146828,0.0353684164583683,0.0,0.0,0.0,0.0
Beta,Beta,Beta,Beta,base,,,6,transformer_encoder.13.self_attn.out_proj.bias.tensor,transformer_encoder.13.self_attn.out_proj.bias,transformer_self_attn,Transformer self-attention,1,13.0,self_attn_out_proj_bias,Self-attention,512,512,-0.01542249321937561,0.0852852538228035,-0.015526724979281425,0.08551367372274399,-0.00010423175990581512,0.00046795851085335016,0.19411563873291016,0.01084817542532602,0.0015869140625,1.9610840640065546,1.966590302272486,0.0055317238176711995,0.9999886920349935,0.0,0.000335693359375,0.0009361258707940578,0.0012696759076789021,0.0014621615409851074,0.003936124034225941,0.01097640860825777,0.014887401834130287,0.01714436337351799,0.0,0.0,0.0,0.0
Beta,Beta,Beta,Beta,base,,,6,transformer_encoder.13.self_attn.out_proj.weight.tensor,transformer_encoder.13.self_attn.out_proj.weight,transformer_self_attn,Transformer self-attention,1,13.0,self_attn_out_proj_weight,Self-attention,512x512,262144,-8.232514664996415e-05,0.058098554611206055,-8.075343794189394e-05,0.05807190015912056,1.57171461978578e-06,0.0007207563030533493,149.78872680664062,0.3690280439877335,0.003662109375,29.74650078718556,29.732853925229957,0.012405763172880287,0.9999222973062633,0.004291534423828125,0.00048828125,0.0014190673828125,0.00189208984375,0.0024446845054626465,0.00840436015278101,0.024425171315670013,0.032566893845796585,0.04207822307944298,0.0,0.0,0.0,0.0
Beta,Beta,Beta,Beta,base,,,6,transformer_encoder.14.self_attn.Wqkv.weight.tensor,transformer_encoder.14.self_attn.Wqkv.weight,transformer_self_attn,Transformer self-attention,1,14.0,self_attn_Wqkv_weight,Self-attention,1536x512,786432,-3.622034682848607e-06,0.0795673355460167,3.527384251356125e-07,0.07954097539186478,3.974753326474456e-06,0.0008021592511795461,498.81109619140625,0.7113710276335771,0.00439453125,70.56116445813164,70.53779184327364,0.01008162256244606,0.9999475697535105,0.0034929912071675062,0.000522613525390625,0.0015869140625,0.0021209716796875,0.00274658203125,0.006568191107362509,0.019944287836551666,0.02665630914270878,0.03451896086335182,0.0,0.0,0.0,0.0
Beta,Beta,Beta,Beta,base,,,6,transformer_encoder.14.self_attn.out_proj.bias.tensor,transformer_encoder.14.self_attn.out_proj.bias,transformer_self_attn,Transformer self-attention,1,14.0,self_attn_out_proj_bias,Self-attention,512,512,0.0021043310407549143,0.0782407820224762,0.0020748788956552744,0.07831216603517532,-2.9452377930283546e-05,0.00041772209806367755,0.16871559619903564,0.00947543733551143,0.00146484375,1.7710269896886288,1.7726238249448085,0.005350250103851885,0.9999861284821945,0.0,0.000274658203125,0.0008613583631813526,0.0010986328125,0.0013712793588638306,0.003510422073304653,0.011009070090949535,0.014041688293218613,0.017526399344205856,0.0,0.0,0.0,0.0
Beta,Beta,Beta,Beta,base,,,6,transformer_encoder.14.self_attn.out_proj.weight.tensor,transformer_encoder.14.self_attn.out_proj.weight,transformer_self_attn,Transformer self-attention,1,14.0,self_attn_out_proj_weight,Self-attention,512x512,262144,0.00011341196659486741,0.0629572793841362,0.00011051722685806453,0.06294199824333191,-2.8947224564035423e-06,0.000720555370207876,149.48390197753906,0.3689272632293445,0.003612518310546875,32.23419133188101,32.22636268877451,0.011445215405929791,0.9999337527668286,0.003810882568359375,0.00048828125,0.0014190673828125,0.00189208984375,0.00250244140625,0.007755754515528679,0.02254016138613224,0.030053548514842987,0.039748240262269974,0.0,0.0,0.0,0.0
Beta,Beta,Beta,Beta,base,,,6,transformer_encoder.15.self_attn.Wqkv.weight.tensor,transformer_encoder.15.self_attn.Wqkv.weight,transformer_self_attn,Transformer self-attention,1,15.0,self_attn_Wqkv_weight,Self-attention,1536x512,786432,-5.524737935047597e-05,0.07840512692928314,-5.488448005053215e-05,0.07839710265398026,3.6289407034928445e-07,0.0008573606610298157,527.357421875,0.7603155661135812,0.0167236328125,69.53053019290338,69.52341599125974,0.010934988759673973,0.9999383892722119,0.00365447998046875,0.00054931640625,0.0016937255859375,0.0023193359375,0.00335693359375,0.00700612785294652,0.02160222828388214,0.029581429436802864,0.042815227061510086,0.0,0.0,0.0,0.0
Beta,Beta,Beta,Beta,base,,,6,transformer_encoder.15.self_attn.out_proj.bias.tensor,transformer_encoder.15.self_attn.out_proj.bias,transformer_self_attn,Transformer self-attention,1,15.0,self_attn_out_proj_bias,Self-attention,512,512,-0.010012953542172909,0.09045206010341644,-0.010009927675127983,0.09051025658845901,3.0265655368566513e-06,0.00045613711699843407,0.18293464183807373,0.010321431685678718,0.0023193359375,2.0591986851330097,2.0605000133519034,0.005012353475258272,0.9999876688954666,0.001953125,0.00030517578125,0.0008766171522438526,0.00115966796875,0.0018982961773872375,0.0033738950733095407,0.0096915103495121,0.012820800766348839,0.020986763760447502,0.0,0.0,0.0,0.0
Beta,Beta,Beta,Beta,base,,,6,transformer_encoder.15.self_attn.out_proj.weight.tensor,transformer_encoder.15.self_attn.out_proj.weight,transformer_self_attn,Transformer self-attention,1,15.0,self_attn_out_proj_weight,Self-attention,512x512,262144,2.0031939129694365e-05,0.06572773307561874,2.0846884581260383e-05,0.06568820774555206,8.149418135872111e-07,0.0007637616363354027,158.72930908203125,0.3910461063298957,0.003803253173828125,33.6526137630636,33.63237604972328,0.01162008125381001,0.9999319636782571,0.004016876220703125,0.00049591064453125,0.00150299072265625,0.00201416015625,0.0026239752769470215,0.007544921711087227,0.02286691591143608,0.030643988400697708,0.03992188349366188,0.0,0.0,0.0,0.0
Beta,Beta,Beta,Beta,base,,,6,transformer_encoder.16.self_attn.Wqkv.weight.tensor,transformer_encoder.16.self_attn.Wqkv.weight,transformer_self_attn,Transformer self-attention,1,16.0,self_attn_Wqkv_weight,Self-attention,1536x512,786432,-6.306452269200236e-05,0.06916620582342148,-6.315146310953423e-05,0.06919147074222565,-8.695671027680874e-08,0.000903958163689822,552.423583984375,0.8016385211550783,0.011962890625,61.33735798332856,61.35976691687926,0.013069335679129672,0.9999129488320185,0.0043436684645712376,0.000579833984375,0.00177001953125,0.00244140625,0.004140697419643402,0.008383196778595448,0.025590810924768448,0.03529766947031021,0.05986589938402176,0.0,0.0,0.0,0.0
Beta,Beta,Beta,Beta,base,,,6,transformer_encoder.16.self_attn.out_proj.bias.tensor,transformer_encoder.16.self_attn.out_proj.bias,transformer_self_attn,Transformer self-attention,1,16.0,self_attn_out_proj_bias,Self-attention,512,512,0.002451110165566206,0.06382599472999573,0.0024122188333421946,0.06373006105422974,-3.8891215808689594e-05,0.0005226838984526694,0.2128424048423767,0.011859679687962366,0.0029296875,1.445281982099681,1.4430792798729588,0.008205789482495741,0.999967497848,0.001953125,0.0003662109375,0.001007080078125,0.0013394169509410858,0.0021811723709106445,0.005737645085901022,0.015778522938489914,0.020985443145036697,0.03417372703552246,0.0,0.0,0.0,0.0
Beta,Beta,Beta,Beta,base,,,6,transformer_encoder.16.self_attn.out_proj.weight.tensor,transformer_encoder.16.self_attn.out_proj.weight,transformer_self_attn,Transformer self-attention,1,16.0,self_attn_out_proj_weight,Self-attention,512x512,262144,1.39124977067695e-05,0.06549250334501266,1.880105264717713e-05,0.06548191606998444,4.888566763838753e-06,0.0008188714855350554,170.7587432861328,0.4192696229747417,0.003662109375,33.532176492908455,33.52675368851904,0.012503501616228171,0.9999211284423495,0.0044403076171875,0.00054931640625,0.0016021728515625,0.00213623046875,0.0027313232421875,0.008387468755245209,0.02446345053613186,0.03261793404817581,0.04170436039566994,0.0,0.0,0.0,0.0
Beta,Beta,Beta,Beta,base,,,6,transformer_encoder.17.self_attn.Wqkv.weight.tensor,transformer_encoder.17.self_attn.Wqkv.weight,transformer_self_attn,Transformer self-attention,1,17.0,self_attn_Wqkv_weight,Self-attention,1536x512,786432,-7.111241575330496e-05,0.09043940156698227,-7.081784860929474e-05,0.09053141623735428,2.9457373784680385e-07,0.0009243162930943072,564.9329223632812,0.8196924318375381,0.01220703125,80.20265774021301,80.28425147658942,0.010220265199846866,0.9999466764455565,0.0036328632850199938,0.0006103515625,0.001800537109375,0.00250244140625,0.004150390625,0.006748734507709742,0.019908767193555832,0.027669811621308327,0.04589139297604561,0.0,0.0,0.0,0.0
Beta,Beta,Beta,Beta,base,,,6,transformer_encoder.17.self_attn.out_proj.bias.tensor,transformer_encoder.17.self_attn.out_proj.bias,transformer_self_attn,Transformer self-attention,1,17.0,self_attn_out_proj_bias,Self-attention,512,512,-0.0052572558633983135,0.03579435124993324,-0.005273833405226469,0.03583531454205513,-1.6577192582190037e-05,0.0004300117725506425,0.17404741048812866,0.009737282841772416,0.00152587890625,0.8186230655728276,0.8195945868004781,0.011894708628747107,0.9999300774518565,0.005859375,0.00028824806213378906,0.0008596418192610145,0.0010829882230609655,0.0014635026454925537,0.008052890188992023,0.024016123265028,0.030255833640694618,0.04088640213012695,0.0,0.0,0.0,0.0
Beta,Beta,Beta,Beta,base,,,6,transformer_encoder.17.self_attn.out_proj.weight.tensor,transformer_encoder.17.self_attn.out_proj.weight,transformer_self_attn,Transformer self-attention,1,17.0,self_attn_out_proj_weight,Self-attention,512x512,262144,-0.00015262558008544147,0.068601094186306,-0.0001530245936010033,0.06856278330087662,-3.9900555748317856e-07,0.0008165626204572618,169.95425415039062,0.4180800566018643,0.0043487548828125,35.1238600793677,35.10424278243479,0.01190302135520233,0.9999284779103218,0.00384521484375,0.00054931640625,0.00159454345703125,0.00213623046875,0.0027765631675720215,0.008007398806512356,0.023243701085448265,0.031139886006712914,0.04047403112053871,0.0,0.0,0.0,0.0
Beta,Beta,Beta,Beta,base,,,6,transformer_encoder.0.ff.fc1.weight.tensor,transformer_encoder.0.ff.fc1.weight,transformer_ffn,Transformer FFN,2,0.0,ff_fc1_weight,Feed-forward,4096x512,2097152,0.00048342556692659855,0.05654734745621681,0.0004832920676562935,0.05648711323738098,-1.3347096228244482e-07,0.0007145292474888265,1117.085205078125,1.034745275139649,0.0040283203125,81.89238842071954,81.8051735881127,0.012635426748376975,0.9999176595750131,0.004729270935058594,0.00042724609375,0.00146484375,0.001983642578125,0.0025787353515625,0.007555544842034578,0.02590472437441349,0.035079315304756165,0.045603107661008835,0.0,0.0,0.0,0.0
Beta,Beta,Beta,Beta,base,,,6,transformer_encoder.0.ff.fc2.weight.tensor,transformer_encoder.0.ff.fc2.weight,transformer_ffn,Transformer FFN,2,0.0,ff_fc2_weight,Feed-forward,512x2048,1048576,-7.165218994487077e-05,0.056143082678318024,-7.070136052789167e-05,0.05606485903263092,9.508364087196242e-07,0.0007899111369624734,658.5773315429688,0.8088684721052385,0.00408935546875,57.49062423560906,57.410521836838626,0.014069571914723099,0.9998995970826481,0.005199432373046875,0.00052642822265625,0.001556396484375,0.0020599365234375,0.002629462629556656,0.009376544505357742,0.027721958234906197,0.03669082745909691,0.04683501645922661,0.0,0.0,0.0,0.0
Beta,Beta,Beta,Beta,base,,,6,transformer_encoder.1.ff.fc1.weight.tensor,transformer_encoder.1.ff.fc1.weight,transformer_ffn,Transformer FFN,2,1.0,ff_fc1_weight,Feed-forward,4096x512,2097152,-0.00020184538152534515,0.06706023961305618,-0.00019944088126067072,0.06698472797870636,2.4045148165896535e-06,0.0007725891191512346,1263.925048828125,1.118829654010383,0.004150390625,97.11417551489329,97.00482228670387,0.011520765615095909,0.9999310249280507,0.0038547515869140625,0.00048828125,0.0015411376953125,0.002048492431640625,0.0026397705078125,0.007281232625246048,0.022981390357017517,0.030547045171260834,0.03936416283249855,0.0,0.0,0.0,0.0
Beta,Beta,Beta,Beta,base,,,6,transformer_encoder.1.ff.fc2.weight.tensor,transformer_encoder.1.ff.fc2.weight,transformer_ffn,Transformer FFN,2,1.0,ff_fc2_weight,Feed-forward,512x2048,1048576,8.975168748293072e-05,0.06665235012769699,9.038731514010578e-05,0.06656430661678314,6.356235644489061e-07,0.0008054276695474982,672.78662109375,0.8247572960902323,0.00444793701171875,68.25213910338269,68.16199182026777,0.012083977248551085,0.9999254617854862,0.004276275634765625,0.00054931640625,0.0015869140625,0.0020751953125,0.0026702880859375,0.008241514675319195,0.02380882203578949,0.03113461285829544,0.04006291925907135,0.0,0.0,0.0,0.0
Beta,Beta,Beta,Beta,base,,,6,transformer_encoder.2.ff.fc1.weight.tensor,transformer_encoder.2.ff.fc1.weight,transformer_ffn,Transformer FFN,2,2.0,ff_fc1_weight,Feed-forward,4096x512,2097152,-0.0003498551668599248,0.07062771916389465,-0.00034876554855145514,0.07054924219846725,1.0896137609961443e-06,0.0008057447266764939,1345.13037109375,1.166839308680681,0.0042724609375,102.28127386953587,102.1676299488982,0.011408142121587408,0.9999318369613952,0.0037927627563476562,0.00054931640625,0.0015869140625,0.0020751953125,0.002685546875,0.0077776312828063965,0.02246871218085289,0.029382161796092987,0.03802397474646568,0.0,0.0,0.0,0.0
Beta,Beta,Beta,Beta,base,,,6,transformer_encoder.2.ff.fc2.weight.tensor,transformer_encoder.2.ff.fc2.weight,transformer_ffn,Transformer FFN,2,2.0,ff_fc2_weight,Feed-forward,512x2048,1048576,8.055991202127188e-06,0.06815996021032333,8.086080924840644e-06,0.06807766109704971,3.006806537086959e-08,0.0008033879566937685,670.6102905273438,0.8226682714614589,0.00384521484375,69.7958693541835,69.71160247427433,0.011786775909141066,0.9999288761491067,0.004151344299316406,0.00054931640625,0.0015869140625,0.0020751953125,0.002671957015991211,0.008059223182499409,0.02328220009803772,0.03044595569372177,0.039201267063617706,0.0,0.0,0.0,0.0
Beta,Beta,Beta,Beta,base,,,6,transformer_encoder.3.ff.fc1.weight.tensor,transformer_encoder.3.ff.fc1.weight,transformer_ffn,Transformer FFN,2,3.0,ff_fc1_weight,Feed-forward,4096x512,2097152,-0.0007111746817827225,0.07065483182668686,-0.0007087683188728988,0.07058367133140564,2.4063620003289543e-06,0.0007960193324834108,1328.5872802734375,1.1527599552926737,0.004058837890625,102.32447814733774,102.22138677430716,0.011265730118191224,0.9999333327470215,0.003749370574951172,0.00054168701171875,0.0015716552734375,0.0020751953125,0.002655029296875,0.007666665595024824,0.022244127467274666,0.029370887205004692,0.03757745772600174,0.0,0.0,0.0,0.0
Beta,Beta,Beta,Beta,base,,,6,transformer_encoder.3.ff.fc2.weight.tensor,transformer_encoder.3.ff.fc2.weight,transformer_ffn,Transformer FFN,2,3.0,ff_fc2_weight,Feed-forward,512x2048,1048576,-2.885437606892083e-05,0.06670832633972168,-2.904389111790806e-05,0.06663954257965088,-1.8951573110825848e-07,0.0007898698095232248,659.2399291992188,0.8088258050947763,0.0038909912109375,68.30940137643024,68.23896717144098,0.01184062206368339,0.9999282017481472,0.0040645599365234375,0.0005340576171875,0.001556396484375,0.002044677734375,0.00262451171875,0.008005860261619091,0.02333136461675167,0.03065100871026516,0.03934308513998985,0.0,0.0,0.0,0.0
Beta,Beta,Beta,Beta,base,,,6,transformer_encoder.4.ff.fc1.weight.tensor,transformer_encoder.4.ff.fc1.weight,transformer_ffn,Transformer FFN,2,4.0,ff_fc1_weight,Feed-forward,4096x512,2097152,-0.001038560178130865,0.07028269022703171,-0.001036428497172892,0.07021450996398926,2.1317835035006283e-06,0.0007949184509925544,1327.506591796875,1.1511645992218698,0.004638671875,101.79146786291815,101.69270499893294,0.011309048031138757,0.9999332534332127,0.0037841796875,0.00054168701171875,0.0015583038330078125,0.0020751953125,0.00262451171875,0.007707259617745876,0.02217194065451622,0.029526403173804283,0.037342216819524765,0.0,0.0,0.0,0.0
Beta,Beta,Beta,Beta,base,,,6,transformer_encoder.4.ff.fc2.weight.tensor,transformer_encoder.4.ff.fc2.weight,transformer_ffn,Transformer FFN,2,4.0,ff_fc2_weight,Feed-forward,512x2048,1048576,1.6859914467204362e-05,0.06677135825157166,1.602815609658137e-05,0.06670497357845306,-8.31763884434622e-07,0.0007873464492149651,657.1817016601562,0.8062422833332153,0.00445556640625,68.37394666121921,68.30597021056249,0.011791659289875299,0.9999286693913719,0.004002571105957031,0.00052642822265625,0.0015411376953125,0.002044677734375,0.00262451171875,0.007884041406214237,0.023080816492438316,0.030622074380517006,0.039305947721004486,0.0,0.0,0.0,0.0
Beta,Beta,Beta,Beta,base,,,6,transformer_encoder.5.ff.fc1.weight.tensor,transformer_encoder.5.ff.fc1.weight,transformer_ffn,Transformer FFN,2,5.0,ff_fc1_weight,Feed-forward,4096x512,2097152,-0.0008525169687345624,0.06985998153686523,-0.0008499486139044166,0.06979409605264664,2.5683839339762926e-06,0.0007914907764643431,1320.687255859375,1.1462026636630864,0.0043487548828125,101.17574437581371,101.08028793674363,0.01132882857185163,0.9999327431932042,0.0038928985595703125,0.0005340576171875,0.001556396484375,0.0020751953125,0.002655029296875,0.007644684985280037,0.0222787968814373,0.02970506250858307,0.038005005568265915,0.0,0.0,0.0,0.0
Beta,Beta,Beta,Beta,base,,,6,transformer_encoder.5.ff.fc2.weight.tensor,transformer_encoder.5.ff.fc2.weight,transformer_ffn,Transformer FFN,2,5.0,ff_fc2_weight,Feed-forward,512x2048,1048576,3.536560325301252e-05,0.06654928624629974,3.54677795257885e-05,0.0664956197142601,1.0218661827821052e-07,0.0007790196104906499,650.1265869140625,0.7977151368884583,0.004150390625,68.14655264001804,68.09159516439051,0.011705876614219226,0.9999294015618359,0.003941535949707031,0.000518798828125,0.00152587890625,0.00201416015625,0.002593994140625,0.007795707322657108,0.022928550839424133,0.03026568703353405,0.03897853568196297,0.0,0.0,0.0,0.0
Beta,Beta,Beta,Beta,base,,,6,transformer_encoder.6.ff.fc1.weight.tensor,transformer_encoder.6.ff.fc1.weight,transformer_ffn,Transformer FFN,2,6.0,ff_fc1_weight,Feed-forward,4096x512,2097152,-0.0011859332444146276,0.06967145204544067,-0.0011814197059720755,0.06960605829954147,4.5135029722587205e-06,0.0007787802605889738,1299.16357421875,1.127808931830753,0.0042724609375,100.90981625008045,100.81501372408526,0.011176404573324576,0.99993425426878,0.0038695335388183594,0.000518798828125,0.00152587890625,0.00201416015625,0.0026092529296875,0.007446360774338245,0.02190106175839901,0.02890940010547638,0.03745081648230553,0.0,0.0,0.0,0.0
Beta,Beta,Beta,Beta,base,,,6,transformer_encoder.6.ff.fc2.weight.tensor,transformer_encoder.6.ff.fc2.weight,transformer_ffn,Transformer FFN,2,6.0,ff_fc2_weight,Feed-forward,512x2048,1048576,-8.750530105317011e-05,0.06490107625722885,-8.665876521263272e-05,0.06484523415565491,8.465528935630573e-07,0.0007740047876723111,645.852783203125,0.7925804578089707,0.0038299560546875,66.45883212325883,66.40163954583501,0.01192588603331139,0.99992701183601,0.004268646240234375,0.000518798828125,0.00152587890625,0.00201416015625,0.002593994140625,0.007993685081601143,0.02351083792746067,0.031034307554364204,0.039968427270650864,0.0,0.0,0.0,0.0
Beta,Beta,Beta,Beta,base,,,6,transformer_encoder.7.ff.fc1.weight.tensor,transformer_encoder.7.ff.fc1.weight,transformer_ffn,Transformer FFN,2,7.0,ff_fc1_weight,Feed-forward,4096x512,2097152,-0.0017821099609136581,0.06979400664567947,-0.0017781169153749943,0.06973132491111755,3.992970505350968e-06,0.0007929860730655491,1323.782470703125,1.1483764113183659,0.0041351318359375,101.10562140498173,101.01472954939541,0.011358185582169531,0.9999323243699133,0.0039272308349609375,0.0005340576171875,0.001556396484375,0.0020751953125,0.0026549771428108215,0.007651911582797766,0.022299855947494507,0.029733141884207726,0.03804018348455429,0.0,0.0,0.0,0.0
Beta,Beta,Beta,Beta,base,,,6,transformer_encoder.7.ff.fc2.weight.tensor,transformer_encoder.7.ff.fc2.weight,transformer_ffn,Transformer FFN,2,7.0,ff_fc2_weight,Feed-forward,512x2048,1048576,-0.00010145736450795084,0.0664454996585846,-0.00010136234777746722,0.06640128791332245,9.501474096396123e-08,0.0007858775788918138,655.8038330078125,0.8047377561412228,0.003936767578125,68.04034304183071,67.99507392543228,0.011827361829238046,0.9999279250773759,0.004322052001953125,0.000522613525390625,0.0015411376953125,0.002044677734375,0.00262451171875,0.007865294814109802,0.02319400943815708,0.030772250145673752,0.0394987091422081,0.0,0.0,0.0,0.0
Beta,Beta,Beta,Beta,base,,,6,transformer_encoder.8.ff.fc1.weight.tensor,transformer_encoder.8.ff.fc1.weight,transformer_ffn,Transformer FFN,2,8.0,ff_fc1_weight,Feed-forward,4096x512,2097152,-0.001965048024430871,0.07154137641191483,-0.001962938578799367,0.0714789554476738,2.1093351278977934e-06,0.0008153657545335591,1361.860595703125,1.1807748696807396,0.004241943359375,103.64221622666605,103.55176373890258,0.011392798346750591,0.9999321822496446,0.004037380218505859,0.00054931640625,0.0015869140625,0.002105712890625,0.0027008056640625,0.007678302936255932,0.022181764245033264,0.029433494433760643,0.03775165602564812,0.0,0.0,0.0,0.0
Beta,Beta,Beta,Beta,base,,,6,transformer_encoder.8.ff.fc2.weight.tensor,transformer_encoder.8.ff.fc2.weight,transformer_ffn,Transformer FFN,2,8.0,ff_fc2_weight,Feed-forward,512x2048,1048576,3.0415469154831953e-05,0.07051945477724075,2.898966340580955e-05,0.07047168910503387,-1.4258022247304325e-06,0.0007989696459844708,666.5338134765625,0.8181453597972004,0.0078125,72.2120020646672,72.16308096184814,0.011329769794563023,0.9999338422671874,0.004840850830078125,0.000545501708984375,0.0015869140625,0.0020751953125,0.002685546875,0.007735477294772863,0.022503206506371498,0.029427271336317062,0.03808235004544258,0.0,0.0,0.0,0.0
Beta,Beta,Beta,Beta,base,,,6,transformer_encoder.9.ff.fc1.weight.tensor,transformer_encoder.9.ff.fc1.weight,transformer_ffn,Transformer FFN,2,9.0,ff_fc1_weight,Feed-forward,4096x512,2097152,-0.0007123917457647622,0.07014453411102295,-0.000708709703758359,0.0700770691037178,3.6820326840825146e-06,0.0008326672832481563,1391.2772216796875,1.2058376595754112,0.00439453125,101.58553104250379,101.4877802065352,0.011870171344291858,0.9999262481119852,0.004080295562744141,0.00054931640625,0.00164794921875,0.0021514892578125,0.00274658203125,0.007831206545233727,0.02349361963570118,0.03067222610116005,0.03915603458881378,0.0,0.0,0.0,0.0
Beta,Beta,Beta,Beta,base,,,6,transformer_encoder.9.ff.fc2.weight.tensor,transformer_encoder.9.ff.fc2.weight,transformer_ffn,Transformer FFN,2,9.0,ff_fc2_weight,Feed-forward,512x2048,1048576,-1.7453397958888672e-05,0.0699407085776329,-1.7880036466522142e-05,0.06987449526786804,-4.2665408273023786e-07,0.0008196233538910747,684.22900390625,0.8392935436544499,0.0042724609375,71.61935855291675,71.55155483984957,0.01171880844247323,0.9999296048210266,0.004263877868652344,0.00054931640625,0.0016021728515625,0.002133607864379883,0.00274658203125,0.007854028604924679,0.02290758490562439,0.030505947768688202,0.03927014395594597,0.0,0.0,0.0,0.0
Beta,Beta,Beta,Beta,base,,,6,transformer_encoder.10.ff.fc1.weight.tensor,transformer_encoder.10.ff.fc1.weight,transformer_ffn,Transformer FFN,2,10.0,ff_fc1_weight,Feed-forward,4096x512,2097152,-0.0010418423917144537,0.0677933469414711,-0.0010364516638219357,0.06773871183395386,5.390650585468393e-06,0.0008158164564520121,1361.7996826171875,1.1814491305965127,0.0042724609375,98.18698281213248,98.10775624759492,0.012032645232179543,0.999924444532673,0.004162311553955078,0.00054931640625,0.0015869140625,0.0021209716796875,0.002716064453125,0.00810280628502369,0.023408107459545135,0.031285833567380905,0.040063872933387756,0.0,0.0,0.0,0.0
Beta,Beta,Beta,Beta,base,,,6,transformer_encoder.10.ff.fc2.weight.tensor,transformer_encoder.10.ff.fc2.weight,transformer_ffn,Transformer FFN,2,10.0,ff_fc2_weight,Feed-forward,512x2048,1048576,-3.444885805947706e-05,0.06464735418558121,-3.527806984493509e-05,0.06458985060453415,-8.292259394693247e-07,0.0008118360419757664,677.445556640625,0.8313195851965255,0.009765625,66.19897430639503,66.14008792304973,0.012557892231816723,0.9999193207146143,0.004353523254394531,0.00054931640625,0.0015869140625,0.002105712890625,0.002716064453125,0.008497119881212711,0.024547236040234566,0.032572295516729355,0.042013540863990784,0.0,0.0,0.0,0.0
Beta,Beta,Beta,Beta,base,,,6,transformer_encoder.11.ff.fc1.weight.tensor,transformer_encoder.11.ff.fc1.weight,transformer_ffn,Transformer FFN,2,11.0,ff_fc1_weight,Feed-forward,4096x512,2097152,-0.0010969180148094893,0.0668487623333931,-0.0010919338092207909,0.06679198145866394,4.984228780813282e-06,0.0008105023298412561,1351.8939208984375,1.1737498734934193,0.0049285888671875,96.82051391137365,96.7381846386808,0.012122946120362672,0.9999234149442178,0.004174232482910156,0.00054931640625,0.0015869140625,0.002105712890625,0.002716064453125,0.008217300288379192,0.023738866671919823,0.031499650329351425,0.04062998294830322,0.0,0.0,0.0,0.0
Beta,Beta,Beta,Beta,base,,,6,transformer_encoder.11.ff.fc2.weight.tensor,transformer_encoder.11.ff.fc2.weight,transformer_ffn,Transformer FFN,2,11.0,ff_fc2_weight,Feed-forward,512x2048,1048576,-9.978565503843129e-05,0.06456754356622696,-9.990564285544679e-05,0.06450941413640976,-1.199957750941394e-07,0.0007979808142408729,666.1614990234375,0.8171314504741409,0.0040283203125,66.11731627734711,66.0577879409858,0.01235881152596164,0.9999217004684134,0.0041904449462890625,0.00054931640625,0.00157928466796875,0.0020751953125,0.002685546875,0.008507623337209225,0.024459417909383774,0.032139912247657776,0.04159282520413399,0.0,0.0,0.0,0.0
Beta,Beta,Beta,Beta,base,,,6,transformer_encoder.12.ff.fc1.weight.tensor,transformer_encoder.12.ff.fc1.weight,transformer_ffn,Transformer FFN,2,12.0,ff_fc1_weight,Feed-forward,4096x512,2097152,-0.001224516425281763,0.06746090948581696,-0.0012178507167845964,0.06741862744092941,6.665762157354038e-06,0.0008340068161487579,1391.874755859375,1.2078041638953971,0.005100250244140625,97.71007016935357,97.64867970657616,0.012361102205760246,0.999920414481281,0.004187583923339844,0.00054931640625,0.00164794921875,0.002166748046875,0.0028034448623657227,0.008142735809087753,0.02442820742726326,0.03211856633424759,0.04155657812952995,0.0,0.0,0.0,0.0
Beta,Beta,Beta,Beta,base,,,6,transformer_encoder.12.ff.fc2.weight.tensor,transformer_encoder.12.ff.fc2.weight,transformer_ffn,Transformer FFN,2,12.0,ff_fc2_weight,Feed-forward,512x2048,1048576,-3.34338765242137e-05,0.06491831690073013,-3.380720954737626e-05,0.06487714499235153,-3.733364337676903e-07,0.0008115812670439482,677.5647583007812,0.8310583811587093,0.0081787109375,66.47643350043307,66.4342771737132,0.012501548855705124,0.9999198771270535,0.004252433776855469,0.00054931640625,0.0015869140625,0.002105712890625,0.002716064453125,0.00846165418624878,0.024444779381155968,0.03243634104728699,0.041838180273771286,0.0,0.0,0.0,0.0
Beta,Beta,Beta,Beta,base,,,6,transformer_encoder.13.ff.fc1.weight.tensor,transformer_encoder.13.ff.fc1.weight,transformer_ffn,Transformer FFN,2,13.0,ff_fc1_weight,Feed-forward,4096x512,2097152,-0.0013571280287578702,0.06774163991212845,-0.0013545220717787743,0.06769822537899017,2.6059183255711105e-06,0.000836684659589082,1396.6580810546875,1.2116493347866335,0.005168914794921875,98.12019793186059,98.05727161014119,0.012348623018759594,0.9999206812994891,0.004176616668701172,0.00054931640625,0.00164794921875,0.00217437744140625,0.0028076171875,0.00810899119824171,0.024326972663402557,0.032098088413476944,0.041445955634117126,0.0,0.0,0.0,0.0
Beta,Beta,Beta,Beta,base,,,6,transformer_encoder.13.ff.fc2.weight.tensor,transformer_encoder.13.ff.fc2.weight,transformer_ffn,Transformer FFN,2,13.0,ff_fc2_weight,Feed-forward,512x2048,1048576,4.59549373772461e-05,0.06497791409492493,4.557303327601403e-05,0.06494218111038208,-3.8191103612916777e-07,0.0008072343771345913,673.158447265625,0.8266071588750333,0.00732421875,66.537469618864,66.50087376070708,0.012423182961569523,0.999920753764812,0.004242897033691406,0.00054931640625,0.0015869140625,0.0020904541015625,0.002716064453125,0.008453893475234509,0.024422358721494675,0.03217175975441933,0.04179980605840683,0.0,0.0,0.0,0.0
Beta,Beta,Beta,Beta,base,,,6,transformer_encoder.14.ff.fc1.weight.tensor,transformer_encoder.14.ff.fc1.weight,transformer_ffn,Transformer FFN,2,14.0,ff_fc1_weight,Feed-forward,4096x512,2097152,-0.0012365194270387292,0.06819237023591995,-0.0012305306736379862,0.06814563274383545,5.98894439463038e-06,0.0008435507188551128,1408.78759765625,1.2216173334469562,0.0045166015625,98.76948482609646,98.70165450266019,0.012368367979217943,0.999919997008756,0.004101753234863281,0.0005645751953125,0.00164794921875,0.002197265625,0.0028076171875,0.00827915407717228,0.024166179820895195,0.03222157061100006,0.04117200896143913,0.0,0.0,0.0,0.0
Beta,Beta,Beta,Beta,base,,,6,transformer_encoder.14.ff.fc2.weight.tensor,transformer_encoder.14.ff.fc2.weight,transformer_ffn,Transformer FFN,2,14.0,ff_fc2_weight,Feed-forward,512x2048,1048576,5.758010229328647e-05,0.06619220972061157,5.596479604719207e-05,0.06614859402179718,-1.6153176147781778e-06,0.0008130368660204113,678.2933959960938,0.8325504957241034,0.0068359375,67.78092222719273,67.7362546596171,0.012282962054329853,0.9999225279103832,0.004055976867675781,0.00054931640625,0.0015869140625,0.00211334228515625,0.002716064453125,0.008298806846141815,0.023974329233169556,0.031927354633808136,0.04103298857808113,0.0,0.0,0.0,0.0
Beta,Beta,Beta,Beta,base,,,6,transformer_encoder.15.ff.fc1.weight.tensor,transformer_encoder.15.ff.fc1.weight,transformer_ffn,Transformer FFN,2,15.0,ff_fc1_weight,Feed-forward,4096x512,2097152,-0.0012952552642673254,0.06821955740451813,-0.0012895920081064105,0.06816457211971283,5.663258434651652e-06,0.000868848292157054,1449.3245849609375,1.2582478214201853,0.00701141357421875,98.81042455125876,98.73065969627925,0.012733958255259248,0.9999157894680323,0.004233360290527344,0.000579833984375,0.001708984375,0.00225830078125,0.00295257568359375,0.008499526418745518,0.025051236152648926,0.03310341760516167,0.04328048229217529,0.0,0.0,0.0,0.0
Beta,Beta,Beta,Beta,base,,,6,transformer_encoder.15.ff.fc2.weight.tensor,transformer_encoder.15.ff.fc2.weight,transformer_ffn,Transformer FFN,2,15.0,ff_fc2_weight,Feed-forward,512x2048,1048576,-6.418526027118787e-05,0.06722520291805267,-6.252001185202971e-05,0.06717590242624283,1.6652314798193402e-06,0.0008310024277307093,692.2315063476562,0.8509473766323898,0.0078125,68.83871406910141,68.78822800814105,0.012361465319909707,0.9999215921464426,0.004050254821777344,0.00054931640625,0.00164031982421875,0.002166748046875,0.0028076171875,0.00817128550261259,0.024400366470217705,0.03223118185997009,0.04176434874534607,0.0,0.0,0.0,0.0
Beta,Beta,Beta,Beta,base,,,6,transformer_encoder.16.ff.fc1.weight.tensor,transformer_encoder.16.ff.fc1.weight,transformer_ffn,Transformer FFN,2,16.0,ff_fc1_weight,Feed-forward,4096x512,2097152,-0.0005580946453846991,0.0698450431227684,-0.0005512856296263635,0.06979048997163773,6.809040314692538e-06,0.0008857445791363716,1479.034423828125,1.282727529334517,0.0059814453125,101.14981057662689,101.07073250328207,0.01268146249629171,0.9999163885729498,0.004214286804199219,0.0006103515625,0.001739501953125,0.0023040771484375,0.002960205078125,0.008738651871681213,0.02490515634417534,0.03298841044306755,0.042382460087537766,0.0,0.0,0.0,0.0
Beta,Beta,Beta,Beta,base,,,6,transformer_encoder.16.ff.fc2.weight.tensor,transformer_encoder.16.ff.fc2.weight,transformer_ffn,Transformer FFN,2,16.0,ff_fc2_weight,Feed-forward,512x2048,1048576,-1.4280323739512824e-05,0.0670946016907692,-1.4568332517228555e-05,0.06702718883752823,-2.879963290070009e-07,0.0008547106408514082,713.4560546875,0.8752228589310326,0.0045166015625,68.70494262151014,68.63591742051861,0.012738863108474602,0.9999172029412766,0.003964424133300781,0.000579833984375,0.001678466796875,0.00220489501953125,0.00286865234375,0.008642035536468029,0.02501641772687435,0.032862477004528046,0.042755331844091415,0.0,0.0,0.0,0.0
Beta,Beta,Beta,Beta,base,,,6,transformer_encoder.17.ff.fc1.weight.tensor,transformer_encoder.17.ff.fc1.weight,transformer_ffn,Transformer FFN,2,17.0,ff_fc1_weight,Feed-forward,4096x512,2097152,-2.1685345927835442e-06,0.07129102200269699,2.3776838133926503e-06,0.0712113156914711,4.54622613688116e-06,0.0009282614919357002,1550.7193603515625,1.3442765025044314,0.0052490234375,103.24059335933468,103.12516571956381,0.01302081341033743,0.9999122951122755,0.004252910614013672,0.0006103515625,0.0018310546875,0.002399444580078125,0.00311279296875,0.008561407215893269,0.02568422257900238,0.03365703299641609,0.04366317763924599,0.0,0.0,0.0,0.0
Beta,Beta,Beta,Beta,base,,,6,transformer_encoder.17.ff.fc2.weight.tensor,transformer_encoder.17.ff.fc2.weight,transformer_ffn,Transformer FFN,2,17.0,ff_fc2_weight,Feed-forward,512x2048,1048576,-1.5033847375889309e-05,0.06867311894893646,-1.4867742720525712e-05,0.06857622414827347,1.6610658803983824e-07,0.0008814006578177214,732.459228515625,0.9025534844334883,0.007080078125,70.32134666568182,70.22212942468705,0.012834701370614382,0.9999163553817473,0.004120826721191406,0.00058746337890625,0.001739501953125,0.0023193359375,0.0030517578125,0.008554487489163876,0.02533016912639141,0.03377356007695198,0.04443889483809471,0.0,0.0,0.0,0.0
Beta,Beta,Beta,Beta,base,,,6,transformer_encoder.0.deepnorm_alpha.tensor,transformer_encoder.0.deepnorm_alpha,transformer_norm_deepnorm,Transformer norm/deepnorm,3,0.0,deepnorm_alpha,Norm/deepnorm,scalar,1,2.44921875,0.0,2.44921875,0.0,0.0,0.0,0.0,0.0,0.0,2.44921875,2.44921875,0.0,0.9999999999998332,0.0,0.0,0.0,0.0,0.0,0.0,0.0,0.0,0.0,0.0,0.0,0.0,0.0
Beta,Beta,Beta,Beta,base,,,6,transformer_encoder.0.norm1.weight.tensor,transformer_encoder.0.norm1.weight,transformer_norm_deepnorm,Transformer norm/deepnorm,3,0.0,norm1_weight,Norm/deepnorm,512,512,0.1100592315196991,0.06435622274875641,0.11042774468660355,0.06451577693223953,0.00036851793993264437,0.0006314961356110871,0.2960795760154724,0.016544229895396577,0.002374410629272461,2.8848631473656288,2.8938839249073904,0.005734840458722813,0.9999885953352158,0.037109375,0.00048828125,0.00146484375,0.0018287209095433354,0.0022838918957859278,0.007587163709104061,0.02276149019598961,0.028415599837899208,0.03548828139901161,0.0,0.0,0.0,0.0
Beta,Beta,Beta,Beta,base,,,6,transformer_encoder.0.norm2.weight.tensor,transformer_encoder.0.norm2.weight,transformer_norm_deepnorm,Transformer norm/deepnorm,3,0.0,norm2_weight,Norm/deepnorm,512,512,0.1267099678516388,0.07354135066270828,0.12689438462257385,0.0736209899187088,0.00018443155568093061,0.0006881231092847884,0.28359633684158325,0.01612000433508572,0.002197265625,3.315031703607501,3.3195458099196755,0.004862699900437954,0.9999891396955345,0.02734375,0.00048828125,0.00146484375,0.001868401188403368,0.0021348893642425537,0.006639546249061823,0.019918639212846756,0.02540612779557705,0.029029779136180878,0.0,0.0,0.0,0.0
Beta,Beta,Beta,Beta,base,,,6,transformer_encoder.1.deepnorm_alpha.tensor,transformer_encoder.1.deepnorm_alpha,transformer_norm_deepnorm,Transformer norm/deepnorm,3,1.0,deepnorm_alpha,Norm/deepnorm,scalar,1,2.44921875,0.0,2.44921875,0.0,0.0,0.0,0.0,0.0,0.0,2.44921875,2.44921875,0.0,0.9999999999998332,0.0,0.0,0.0,0.0,0.0,0.0,0.0,0.0,0.0,0.0,0.0,0.0,0.0
Beta,Beta,Beta,Beta,base,,,6,transformer_encoder.1.norm1.weight.tensor,transformer_encoder.1.norm1.weight,transformer_norm_deepnorm,Transformer norm/deepnorm,3,1.0,norm1_weight,Norm/deepnorm,512,512,0.18544712662696838,0.0805526152253151,0.18609434366226196,0.08078587800264359,0.0006471860688179731,0.0007559852092526853,0.4065026044845581,0.02251812790925691,0.0037841796875,4.5749571584561295,4.59049197550202,0.004922041262753809,0.9999936664838502,0.01171875,0.000732421875,0.001885984092950821,0.0026721209287643433,0.003347545862197876,0.009092465043067932,0.023413067683577538,0.0331723652780056,0.04155725613236427,0.0,0.0,0.0,0.0
Beta,Beta,Beta,Beta,base,,,6,transformer_encoder.1.norm2.weight.tensor,transformer_encoder.1.norm2.weight,transformer_norm_deepnorm,Transformer norm/deepnorm,3,1.0,norm2_weight,Norm/deepnorm,512,512,0.1759711056947708,0.05737118050456047,0.17616605758666992,0.057516805827617645,0.00019495550077408552,0.0006769921747036278,0.2825527787208557,0.015941108226210376,0.002197265625,4.188045636967703,4.193261126294309,0.003806335844455723,0.9999937148555522,0.001953125,0.00048828125,0.0013427734375,0.001953125,0.0021348893642425537,0.008510913699865341,0.023405011743307114,0.034043654799461365,0.03721187263727188,0.0,0.0,0.0,0.0
Beta,Beta,Beta,Beta,base,,,6,transformer_encoder.2.deepnorm_alpha.tensor,transformer_encoder.2.deepnorm_alpha,transformer_norm_deepnorm,Transformer norm/deepnorm,3,2.0,deepnorm_alpha,Norm/deepnorm,scalar,1,2.44921875,0.0,2.44921875,0.0,0.0,0.0,0.0,0.0,0.0,2.44921875,2.44921875,0.0,0.9999999999998332,0.0,0.0,0.0,0.0,0.0,0.0,0.0,0.0,0.0,0.0,0.0,0.0,0.0
Beta,Beta,Beta,Beta,base,,,6,transformer_encoder.2.norm1.weight.tensor,transformer_encoder.2.norm1.weight,transformer_norm_deepnorm,Transformer norm/deepnorm,3,2.0,norm1_weight,Norm/deepnorm,512,512,0.23824788630008698,0.0376431904733181,0.2388913929462433,0.03777291253209114,0.0006435089744627476,0.0006726707797497511,0.39098238945007324,0.0210640439828073,0.0030517578125,5.457808704740754,5.472649279528038,0.003859432443007176,0.9999965028445484,0.0,0.000732421875,0.001708984375,0.0024145543575286865,0.002802252769470215,0.019456949084997177,0.04539955034852028,0.06414317339658737,0.07444246858358383,0.0,0.0,0.0,0.0
Beta,Beta,Beta,Beta,base,,,6,transformer_encoder.2.norm2.weight.tensor,transformer_encoder.2.norm2.weight,transformer_norm_deepnorm,Transformer norm/deepnorm,3,2.0,norm2_weight,Norm/deepnorm,512,512,0.21235376596450806,0.03058166429400444,0.21262584626674652,0.03064439818263054,0.0002720752963796258,0.0006700509693473577,0.2836405634880066,0.01636375742245869,0.00244140625,4.85458854621099,4.860884551566436,0.0033707815331182377,0.9999952627707415,0.001953125,0.00048828125,0.00146484375,0.0019396990537643433,0.0023166537284851074,0.015966465696692467,0.04789939895272255,0.06342684477567673,0.07575301080942154,0.0,0.0,0.0,0.0
Beta,Beta,Beta,Beta,base,,,6,transformer_encoder.3.deepnorm_alpha.tensor,transformer_encoder.3.deepnorm_alpha,transformer_norm_deepnorm,Transformer norm/deepnorm,3,3.0,deepnorm_alpha,Norm/deepnorm,scalar,1,2.44921875,0.0,2.44921875,0.0,0.0,0.0,0.0,0.0,0.0,2.44921875,2.44921875,0.0,0.9999999999998332,0.0,0.0,0.0,0.0,0.0,0.0,0.0,0.0,0.0,0.0,0.0,0.0,0.0
Beta,Beta,Beta,Beta,base,,,6,transformer_encoder.3.norm1.weight.tensor,transformer_encoder.3.norm1.weight,transformer_norm_deepnorm,Transformer norm/deepnorm,3,3.0,norm1_weight,Norm/deepnorm,512,512,0.29953742027282715,0.029441900551319122,0.3002023696899414,0.029398050159215927,0.0006649494171142578,0.000694161222781986,0.3909912109375,0.021750792324498648,0.002685546875,6.81041944738475,6.825296405322469,0.0031937522339902154,0.9999973746477085,0.0,0.000732421875,0.001885984092950821,0.00244140625,0.002685546875,0.024876846000552177,0.06405780464410782,0.08292282372713089,0.0912151038646698,0.0,0.0,0.0,0.0
Beta,Beta,Beta,Beta,base,,,6,transformer_encoder.3.norm2.weight.tensor,transformer_encoder.3.norm2.weight,transformer_norm_deepnorm,Transformer norm/deepnorm,3,3.0,norm2_weight,Norm/deepnorm,512,512,0.22906064987182617,0.025176841765642166,0.22936558723449707,0.025111058726906776,0.00030493736267089844,0.0006400056881830096,0.2845458984375,0.016041451077024024,0.00244140625,5.214264363881574,5.2209610509612405,0.0030764552691531465,0.9999962695847036,0.0,0.00048828125,0.00146484375,0.0018176287412643433,0.00244140625,0.019394055008888245,0.058182165026664734,0.07219444215297699,0.09697027504444122,0.0,0.0,0.0,0.0
Beta,Beta,Beta,Beta,base,,,6,transformer_encoder.4.deepnorm_alpha.tensor,transformer_encoder.4.deepnorm_alpha,transformer_norm_deepnorm,Transformer norm/deepnorm,3,4.0,deepnorm_alpha,Norm/deepnorm,scalar,1,2.44921875,0.0,2.44921875,0.0,0.0,0.0,0.0,0.0,0.0,2.44921875,2.44921875,0.0,0.9999999999998332,0.0,0.0,0.0,0.0,0.0,0.0,0.0,0.0,0.0,0.0,0.0,0.0,0.0
Beta,Beta,Beta,Beta,base,,,6,transformer_encoder.4.norm1.weight.tensor,transformer_encoder.4.norm1.weight,transformer_norm_deepnorm,Transformer norm/deepnorm,3,4.0,norm1_weight,Norm/deepnorm,512,512,0.2992434501647949,0.024999048560857773,0.29996418952941895,0.024945473298430443,0.0007207393646240234,0.0006085921195335686,0.3997802734375,0.021344858947809707,0.00244140625,6.794692537538951,6.810844010133479,0.0031414017381775025,0.9999980375510691,0.0,0.000732421875,0.001708984375,0.002197265625,0.00244140625,0.029297979548573494,0.06836195290088654,0.08789394050836563,0.09765993058681488,0.0,0.0,0.0,0.0
Beta,Beta,Beta,Beta,base,,,6,transformer_encoder.4.norm2.weight.tensor,transformer_encoder.4.norm2.weight,transformer_norm_deepnorm,Transformer norm/deepnorm,3,4.0,norm2_weight,Norm/deepnorm,512,512,0.26636767387390137,0.023428261280059814,0.26664018630981445,0.0233482513576746,0.00027251243591308594,0.0006264783442020416,0.2716064453125,0.015458652013216898,0.002197265625,6.0504805192778,6.056464582958354,0.00255494616732681,0.999997365597712,0.0,0.00048828125,0.0013427734375,0.0018176287412643433,0.0020725131034851074,0.02084154076874256,0.05731423571705818,0.0775827094912529,0.08846206218004227,0.0,0.0,0.0,0.0
Beta,Beta,Beta,Beta,base,,,6,transformer_encoder.5.deepnorm_alpha.tensor,transformer_encoder.5.deepnorm_alpha,transformer_norm_deepnorm,Transformer norm/deepnorm,3,5.0,deepnorm_alpha,Norm/deepnorm,scalar,1,2.44921875,0.0,2.44921875,0.0,0.0,0.0,0.0,0.0,0.0,2.44921875,2.44921875,0.0,0.9999999999998332,0.0,0.0,0.0,0.0,0.0,0.0,0.0,0.0,0.0,0.0,0.0,0.0,0.0
Beta,Beta,Beta,Beta,base,,,6,transformer_encoder.5.norm1.weight.tensor,transformer_encoder.5.norm1.weight,transformer_norm_deepnorm,Transformer norm/deepnorm,3,5.0,norm1_weight,Norm/deepnorm,512,512,0.3453552722930908,0.03312533721327782,0.3462412357330322,0.03313712030649185,0.0008859634399414062,0.0006144852959550917,0.470703125,0.024396966670614008,0.002685546875,7.850361624971315,7.870342512226874,0.0031077506790268463,0.9999985076254418,0.0,0.0009765625,0.001953125,0.00244140625,0.0025607943534851074,0.029480822384357452,0.058961644768714905,0.07370205223560333,0.07730618864297867,0.0,0.0,0.0,0.0
Beta,Beta,Beta,Beta,base,,,6,transformer_encoder.5.norm2.weight.tensor,transformer_encoder.5.norm2.weight,transformer_norm_deepnorm,Transformer norm/deepnorm,3,5.0,norm2_weight,Norm/deepnorm,512,512,0.2933690547943115,0.026023084297776222,0.2936522960662842,0.02601173147559166,0.00028324127197265625,0.000618674501311034,0.275634765625,0.015396352563894104,0.001953125,6.664248250360399,6.670609579755612,0.002310290971387383,0.9999979237172713,0.0,0.00048828125,0.001220703125,0.001708984375,0.0018283724784851074,0.018763381987810135,0.046908456832170486,0.06567183881998062,0.07025961577892303,0.0,0.0,0.0,0.0
Beta,Beta,Beta,Beta,base,,,6,transformer_encoder.6.deepnorm_alpha.tensor,transformer_encoder.6.deepnorm_alpha,transformer_norm_deepnorm,Transformer norm/deepnorm,3,6.0,deepnorm_alpha,Norm/deepnorm,scalar,1,2.44921875,0.0,2.44921875,0.0,0.0,0.0,0.0,0.0,0.0,2.44921875,2.44921875,0.0,0.9999999999998332,0.0,0.0,0.0,0.0,0.0,0.0,0.0,0.0,0.0,0.0,0.0,0.0,0.0
Beta,Beta,Beta,Beta,base,,,6,transformer_encoder.6.norm1.weight.tensor,transformer_encoder.6.norm1.weight,transformer_norm_deepnorm,Transformer norm/deepnorm,3,6.0,norm1_weight,Norm/deepnorm,512,512,0.37731361389160156,0.03207424655556679,0.3783144950866699,0.03202810138463974,0.0010008811950683594,0.0006239258800633252,0.527587890625,0.02668737342679385,0.0029296875,8.56842326202818,8.590901516557357,0.0031146189457118075,0.999998871663429,0.0,0.0009765625,0.001953125,0.00244140625,0.002680182456970215,0.03044692426919937,0.06089384853839874,0.07611731439828873,0.08356179296970367,0.0,0.0,0.0,0.0
Beta,Beta,Beta,Beta,base,,,6,transformer_encoder.6.norm2.weight.tensor,transformer_encoder.6.norm2.weight,transformer_norm_deepnorm,Transformer norm/deepnorm,3,6.0,norm2_weight,Norm/deepnorm,512,512,0.3220500946044922,0.03167623281478882,0.3224196434020996,0.03163650631904602,0.0003695487976074219,0.0006009236094541848,0.277099609375,0.015962764685817896,0.00244140625,7.322325276080711,7.330559234727434,0.002180013053771331,0.9999984995012231,0.0,0.00048828125,0.00146484375,0.0019262731075286865,0.0023166537284851074,0.015414745546877384,0.04624423757195473,0.06081128492951393,0.0731353685259819,0.0,0.0,0.0,0.0
Beta,Beta,Beta,Beta,base,,,6,transformer_encoder.7.deepnorm_alpha.tensor,transformer_encoder.7.deepnorm_alpha,transformer_norm_deepnorm,Transformer norm/deepnorm,3,7.0,deepnorm_alpha,Norm/deepnorm,scalar,1,2.44921875,0.0,2.44921875,0.0,0.0,0.0,0.0,0.0,0.0,2.44921875,2.44921875,0.0,0.9999999999998332,0.0,0.0,0.0,0.0,0.0,0.0,0.0,0.0,0.0,0.0,0.0,0.0,0.0
Beta,Beta,Beta,Beta,base,,,6,transformer_encoder.7.norm1.weight.tensor,transformer_encoder.7.norm1.weight,transformer_norm_deepnorm,Transformer norm/deepnorm,3,7.0,norm1_weight,Norm/deepnorm,512,512,0.3905153274536133,0.037597835063934326,0.3915519714355469,0.037524543702602386,0.0010366439819335938,0.0006319968961179256,0.541015625,0.027472058753322367,0.002685546875,8.87721160411634,8.900401982862514,0.003094672063531813,0.999998816624245,0.0,0.0009765625,0.002197265625,0.002685546875,0.002685546875,0.02597389556467533,0.05844126269221306,0.07142820954322815,0.07142820954322815,0.0,0.0,0.0,0.0
Beta,Beta,Beta,Beta,base,,,6,transformer_encoder.7.norm2.weight.tensor,transformer_encoder.7.norm2.weight,transformer_norm_deepnorm,Transformer norm/deepnorm,3,7.0,norm2_weight,Norm/deepnorm,512,512,0.32169532775878906,0.04555841535329819,0.3220822811126709,0.04556146636605263,0.00038695335388183594,0.0006039333529770374,0.2923583984375,0.016229843696833467,0.00244140625,7.351766942229029,7.360446082570256,0.0022076112891454675,0.9999984049107352,0.0,0.00048828125,0.00146484375,0.001708984375,0.002191901206970215,0.010717693716287613,0.03215308114886284,0.037511926144361496,0.04811187461018562,0.0,0.0,0.0,0.0
Beta,Beta,Beta,Beta,base,,,6,transformer_encoder.8.deepnorm_alpha.tensor,transformer_encoder.8.deepnorm_alpha,transformer_norm_deepnorm,Transformer norm/deepnorm,3,8.0,deepnorm_alpha,Norm/deepnorm,scalar,1,2.44921875,0.0,2.44921875,0.0,0.0,0.0,0.0,0.0,0.0,2.44921875,2.44921875,0.0,0.9999999999998332,0.0,0.0,0.0,0.0,0.0,0.0,0.0,0.0,0.0,0.0,0.0,0.0,0.0
Beta,Beta,Beta,Beta,base,,,6,transformer_encoder.8.norm1.weight.tensor,transformer_encoder.8.norm1.weight,transformer_norm_deepnorm,Transformer norm/deepnorm,3,8.0,norm1_weight,Norm/deepnorm,512,512,0.3574991226196289,0.035378359258174896,0.3583707809448242,0.035330016165971756,0.0008716583251953125,0.0006357138627208769,0.4697265625,0.024411620971667478,0.002685546875,8.12879456164262,8.148315311733683,0.003003104677642575,0.9999985570915968,0.0,0.000732421875,0.001953125,0.00244140625,0.0025607943534851074,0.020702533423900604,0.05520675331354141,0.06900843977928162,0.07238304615020752,0.0,0.0,0.0,0.0
Beta,Beta,Beta,Beta,base,,,6,transformer_encoder.8.norm2.weight.tensor,transformer_encoder.8.norm2.weight,transformer_norm_deepnorm,Transformer norm/deepnorm,3,8.0,norm2_weight,Norm/deepnorm,512,512,0.2291562557220459,0.021944638341665268,0.23028302192687988,0.021791603416204453,0.0011267662048339844,0.0006768869352526963,0.583251953125,0.029742601356202183,0.0030517578125,5.208934942467921,5.2339880045839715,0.005709919913513998,0.9999954201693809,0.0,0.0010986328125,0.0023193359375,0.0026721209287643433,0.0029893815517425537,0.05006381496787071,0.10569027811288834,0.12176640331745148,0.1362237185239792,0.0,0.0,0.0,0.0
Beta,Beta,Beta,Beta,base,,,6,transformer_encoder.9.deepnorm_alpha.tensor,transformer_encoder.9.deepnorm_alpha,transformer_norm_deepnorm,Transformer norm/deepnorm,3,9.0,deepnorm_alpha,Norm/deepnorm,scalar,1,2.44921875,0.0,2.44921875,0.0,0.0,0.0,0.0,0.0,0.0,2.44921875,2.44921875,0.0,0.9999999999998332,0.0,0.0,0.0,0.0,0.0,0.0,0.0,0.0,0.0,0.0,0.0,0.0,0.0
Beta,Beta,Beta,Beta,base,,,6,transformer_encoder.9.norm1.weight.tensor,transformer_encoder.9.norm1.weight,transformer_norm_deepnorm,Transformer norm/deepnorm,3,9.0,norm1_weight,Norm/deepnorm,512,512,0.21958576142787933,0.03401067852973938,0.22017189860343933,0.03396371006965637,0.0005861371755599976,0.0006325279828161001,0.36016082763671875,0.019512765303124874,0.002685546875,5.027902946998241,5.040847816911044,0.0038808953770220456,0.9999959683530022,0.0,0.0006103515625,0.0016712176147848368,0.0020617693662643433,0.002498418092727661,0.017945874482393265,0.049138009548187256,0.06062121316790581,0.07345978915691376,0.0,0.0,0.0,0.0
Beta,Beta,Beta,Beta,base,,,6,transformer_encoder.9.norm2.weight.tensor,transformer_encoder.9.norm2.weight,transformer_norm_deepnorm,Transformer norm/deepnorm,3,9.0,norm2_weight,Norm/deepnorm,512,512,0.27030277252197266,0.03048752062022686,0.27037882804870605,0.030454251915216446,7.605552673339844e-05,0.0006077771540731192,0.2462158203125,0.013859685023473301,0.0018310546875,6.155034443861948,6.156660192156108,0.002251764007152307,0.9999976692142234,0.0,0.00048828125,0.001220703125,0.001708984375,0.0018310546875,0.01601576991379261,0.04003942385315895,0.05605519190430641,0.06005913391709328,0.0,0.0,0.0,0.0
Beta,Beta,Beta,Beta,base,,,6,transformer_encoder.10.deepnorm_alpha.tensor,transformer_encoder.10.deepnorm_alpha,transformer_norm_deepnorm,Transformer norm/deepnorm,3,10.0,deepnorm_alpha,Norm/deepnorm,scalar,1,2.44921875,0.0,2.44921875,0.0,0.0,0.0,0.0,0.0,0.0,2.44921875,2.44921875,0.0,0.9999999999998332,0.0,0.0,0.0,0.0,0.0,0.0,0.0,0.0,0.0,0.0,0.0,0.0,0.0
Beta,Beta,Beta,Beta,base,,,6,transformer_encoder.10.norm1.weight.tensor,transformer_encoder.10.norm1.weight,transformer_norm_deepnorm,Transformer norm/deepnorm,3,10.0,norm1_weight,Norm/deepnorm,512,512,0.2463228702545166,0.026740267872810364,0.2471320629119873,0.026670394465327263,0.0008091926574707031,0.0006020818254910409,0.433349609375,0.02282225204421665,0.0029296875,5.60639589730117,5.624429292337308,0.004070752844121987,0.9999970512255035,0.0,0.000732421875,0.0018310546875,0.002197265625,0.002680182456970215,0.027390211820602417,0.06847552955150604,0.08217063546180725,0.10023016482591629,0.0,0.0,0.0,0.0
Beta,Beta,Beta,Beta,base,,,6,transformer_encoder.10.norm2.weight.tensor,transformer_encoder.10.norm2.weight,transformer_norm_deepnorm,Transformer norm/deepnorm,3,10.0,norm2_weight,Norm/deepnorm,512,512,0.33830833435058594,0.027939941734075546,0.3386054039001465,0.027972852811217308,0.0002970695495605469,0.0006281114765442908,0.280517578125,0.01572197385456244,0.00244140625,7.681105023995469,7.687865209820929,0.00204683750651053,0.9999984489611128,0.0,0.00048828125,0.00146484375,0.001708984375,0.0023166537284851074,0.017476094886660576,0.05242828652262688,0.06116633489727974,0.08291545510292053,0.0,0.0,0.0,0.0
Beta,Beta,Beta,Beta,base,,,6,transformer_encoder.11.deepnorm_alpha.tensor,transformer_encoder.11.deepnorm_alpha,transformer_norm_deepnorm,Transformer norm/deepnorm,3,11.0,deepnorm_alpha,Norm/deepnorm,scalar,1,2.44921875,0.0,2.44921875,0.0,0.0,0.0,0.0,0.0,0.0,2.44921875,2.44921875,0.0,0.9999999999998332,0.0,0.0,0.0,0.0,0.0,0.0,0.0,0.0,0.0,0.0,0.0,0.0,0.0
Beta,Beta,Beta,Beta,base,,,6,transformer_encoder.11.norm1.weight.tensor,transformer_encoder.11.norm1.weight,transformer_norm_deepnorm,Transformer norm/deepnorm,3,11.0,norm1_weight,Norm/deepnorm,512,512,0.25324106216430664,0.026536356657743454,0.25397515296936035,0.026481544598937035,0.0007340908050537109,0.0005726851522922516,0.4046630859375,0.021067298976346075,0.002685546875,5.761564484163635,5.777956132499779,0.0036565240281955474,0.9999975612146018,0.0,0.000732421875,0.001708984375,0.0020617693662643433,0.002498418092727661,0.027600685134530067,0.06440159678459167,0.07769599556922913,0.09415072947740555,0.0,0.0,0.0,0.0
Beta,Beta,Beta,Beta,base,,,6,transformer_encoder.11.norm2.weight.tensor,transformer_encoder.11.norm2.weight,transformer_norm_deepnorm,Transformer norm/deepnorm,3,11.0,norm2_weight,Norm/deepnorm,512,512,0.3390350341796875,0.018608592450618744,0.3394737243652344,0.018599605187773705,0.000438690185546875,0.000552367651835084,0.28369140625,0.015960897586602688,0.002197265625,7.683033211474052,7.69293343419778,0.002077421396898841,0.9999988606549234,0.0,0.00048828125,0.00146484375,0.001708984375,0.0020725131034851074,0.02623954601585865,0.0787186324596405,0.09183841198682785,0.11137393116950989,0.0,0.0,0.0,0.0
Beta,Beta,Beta,Beta,base,,,6,transformer_encoder.12.deepnorm_alpha.tensor,transformer_encoder.12.deepnorm_alpha,transformer_norm_deepnorm,Transformer norm/deepnorm,3,12.0,deepnorm_alpha,Norm/deepnorm,scalar,1,2.44921875,0.0,2.44921875,0.0,0.0,0.0,0.0,0.0,0.0,2.44921875,2.44921875,0.0,0.9999999999998332,0.0,0.0,0.0,0.0,0.0,0.0,0.0,0.0,0.0,0.0,0.0,0.0,0.0
Beta,Beta,Beta,Beta,base,,,6,transformer_encoder.12.norm1.weight.tensor,transformer_encoder.12.norm1.weight,transformer_norm_deepnorm,Transformer norm/deepnorm,3,12.0,norm1_weight,Norm/deepnorm,512,512,0.2584099769592285,0.020306674763560295,0.2592930793762207,0.020289067178964615,0.0008831024169921875,0.0005485177971422672,0.4609375,0.023523174100710535,0.0025634765625,5.86517583949312,5.8850660731674775,0.00401065112870332,0.9999979394046726,0.0,0.0009765625,0.001708984375,0.002197265625,0.0025011003017425537,0.04809069260954857,0.08415871113538742,0.10820405930280685,0.12316635251045227,0.0,0.0,0.0,0.0
Beta,Beta,Beta,Beta,base,,,6,transformer_encoder.12.norm2.weight.tensor,transformer_encoder.12.norm2.weight,transformer_norm_deepnorm,Transformer norm/deepnorm,3,12.0,norm2_weight,Norm/deepnorm,512,512,0.2992253303527832,0.017497792840003967,0.2996859550476074,0.01761823333799839,0.00046062469482421875,0.0006255572661757469,0.30908203125,0.017578125,0.00341796875,6.782262207992182,6.792826672428802,0.002591779034918974,0.9999980234329238,0.0,0.00048828125,0.00146484375,0.0021704137325286865,0.003168463706970215,0.027905290946364403,0.08371587097644806,0.12403922528028488,0.18107780814170837,0.0,0.0,0.0,0.0
Beta,Beta,Beta,Beta,base,,,6,transformer_encoder.13.deepnorm_alpha.tensor,transformer_encoder.13.deepnorm_alpha,transformer_norm_deepnorm,Transformer norm/deepnorm,3,13.0,deepnorm_alpha,Norm/deepnorm,scalar,1,2.44921875,0.0,2.44921875,0.0,0.0,0.0,0.0,0.0,0.0,2.44921875,2.44921875,0.0,0.9999999999998332,0.0,0.0,0.0,0.0,0.0,0.0,0.0,0.0,0.0,0.0,0.0,0.0,0.0
Beta,Beta,Beta,Beta,base,,,6,transformer_encoder.13.norm1.weight.tensor,transformer_encoder.13.norm1.weight,transformer_norm_deepnorm,Transformer norm/deepnorm,3,13.0,norm1_weight,Norm/deepnorm,512,512,0.29320549964904785,0.021444566547870636,0.29404473304748535,0.021474353969097137,0.0008392333984375,0.0005776212783530354,0.4482421875,0.023052874285376713,0.00244140625,6.65220354327806,6.6711917143161275,0.0034654493259857915,0.9999982600268382,0.0,0.000732421875,0.001708984375,0.002197265625,0.00244140625,0.03415418043732643,0.07969308644533157,0.102462537586689,0.1138472631573677,0.0,0.0,0.0,0.0
Beta,Beta,Beta,Beta,base,,,6,transformer_encoder.13.norm2.weight.tensor,transformer_encoder.13.norm2.weight,transformer_norm_deepnorm,Transformer norm/deepnorm,3,13.0,norm2_weight,Norm/deepnorm,512,512,0.3176431655883789,0.018648406490683556,0.31842041015625,0.018761834129691124,0.0007772445678710938,0.0007019658223725855,0.43603515625,0.023697994916737797,0.00390625,7.199819604944974,7.217527079516549,0.0032914706502449407,0.9999977315285465,0.0,0.000732421875,0.001953125,0.002685546875,0.0035319924354553223,0.039275284856557846,0.10473410040140152,0.14400938153266907,0.18939906358718872,0.0,0.0,0.0,0.0
Beta,Beta,Beta,Beta,base,,,6,transformer_encoder.14.deepnorm_alpha.tensor,transformer_encoder.14.deepnorm_alpha,transformer_norm_deepnorm,Transformer norm/deepnorm,3,14.0,deepnorm_alpha,Norm/deepnorm,scalar,1,2.44921875,0.0,2.44921875,0.0,0.0,0.0,0.0,0.0,0.0,2.44921875,2.44921875,0.0,0.9999999999998332,0.0,0.0,0.0,0.0,0.0,0.0,0.0,0.0,0.0,0.0,0.0,0.0,0.0
Beta,Beta,Beta,Beta,base,,,6,transformer_encoder.14.norm1.weight.tensor,transformer_encoder.14.norm1.weight,transformer_norm_deepnorm,Transformer norm/deepnorm,3,14.0,norm1_weight,Norm/deepnorm,512,512,0.2626149654388428,0.021146051585674286,0.2633953094482422,0.021183043718338013,0.0007803440093994141,0.0005934298969805241,0.4312744140625,0.022182899857873205,0.0028076171875,5.961530383461906,5.979197999382552,0.003721007598889013,0.9999976898341992,0.0,0.000732421875,0.001708984375,0.0021704137325286865,0.002620488405227661,0.034636326134204865,0.08081809431314468,0.10263914614915848,0.12392323464155197,0.0,0.0,0.0,0.0
Beta,Beta,Beta,Beta,base,,,6,transformer_encoder.14.norm2.weight.tensor,transformer_encoder.14.norm2.weight,transformer_norm_deepnorm,Transformer norm/deepnorm,3,14.0,norm2_weight,Norm/deepnorm,512,512,0.4210224151611328,0.024189021438360214,0.4223799705505371,0.024285580962896347,0.0013575553894042969,0.0007640161784365773,0.702880859375,0.03524852933588886,0.004638671875,9.542359128476376,9.573151683447666,0.0036939009380496123,0.9999985501314614,0.0,0.001220703125,0.002685546875,0.003173828125,0.004389166831970215,0.05046515166759491,0.11102333664894104,0.13120940327644348,0.18145278096199036,0.0,0.0,0.0,0.0
Beta,Beta,Beta,Beta,base,,,6,transformer_encoder.15.deepnorm_alpha.tensor,transformer_encoder.15.deepnorm_alpha,transformer_norm_deepnorm,Transformer norm/deepnorm,3,15.0,deepnorm_alpha,Norm/deepnorm,scalar,1,2.44921875,0.0,2.44921875,0.0,0.0,0.0,0.0,0.0,0.0,2.44921875,2.44921875,0.0,0.9999999999998332,0.0,0.0,0.0,0.0,0.0,0.0,0.0,0.0,0.0,0.0,0.0,0.0,0.0
Beta,Beta,Beta,Beta,base,,,6,transformer_encoder.15.norm1.weight.tensor,transformer_encoder.15.norm1.weight,transformer_norm_deepnorm,Transformer norm/deepnorm,3,15.0,norm1_weight,Norm/deepnorm,512,512,0.25661516189575195,0.0307583287358284,0.2572154998779297,0.03085930086672306,0.0006003379821777344,0.0006228725542314351,0.364013671875,0.01957468924245283,0.0025634765625,5.848099828700371,5.861859173918589,0.003347187944088086,0.9999973643207758,0.0,0.0006103515625,0.001641843467950821,0.001953125,0.0024387240409851074,0.01984344981610775,0.05337880924344063,0.06349904090166092,0.0792865976691246,0.0,0.0,0.0,0.0
Beta,Beta,Beta,Beta,base,,,6,transformer_encoder.15.norm2.weight.tensor,transformer_encoder.15.norm2.weight,transformer_norm_deepnorm,Transformer norm/deepnorm,3,15.0,norm2_weight,Norm/deepnorm,512,512,0.5345916748046875,0.02535323053598404,0.5354123115539551,0.02541227452456951,0.0008206367492675781,0.0007480040076188743,0.464111328125,0.02512514264270279,0.00244140625,12.110023924144798,12.128635136865283,0.002074739306881678,0.9999991013827302,0.0,0.0009765625,0.001953125,0.00244140625,0.00244140625,0.03851825371384621,0.07703650742769241,0.09629563242197037,0.09629563242197037,0.0,0.0,0.0,0.0
Beta,Beta,Beta,Beta,base,,,6,transformer_encoder.16.deepnorm_alpha.tensor,transformer_encoder.16.deepnorm_alpha,transformer_norm_deepnorm,Transformer norm/deepnorm,3,16.0,deepnorm_alpha,Norm/deepnorm,scalar,1,2.44921875,0.0,2.44921875,0.0,0.0,0.0,0.0,0.0,0.0,2.44921875,2.44921875,0.0,0.9999999999998332,0.0,0.0,0.0,0.0,0.0,0.0,0.0,0.0,0.0,0.0,0.0,0.0,0.0
Beta,Beta,Beta,Beta,base,,,6,transformer_encoder.16.norm1.weight.tensor,transformer_encoder.16.norm1.weight,transformer_norm_deepnorm,Transformer norm/deepnorm,3,16.0,norm1_weight,Norm/deepnorm,512,512,0.255903959274292,0.03497700020670891,0.25684380531311035,0.03506454452872276,0.0009398460388183594,0.0007150432211346924,0.507080078125,0.026721411678404867,0.0032958984375,5.8442819934567645,5.865620369520681,0.004572231748624978,0.9999964035069462,0.0,0.0009765625,0.002197265625,0.002685546875,0.0032335221767425537,0.027920125052332878,0.06282027810811996,0.07678034156560898,0.09244707226753235,0.0,0.0,0.0,0.0
Beta,Beta,Beta,Beta,base,,,6,transformer_encoder.16.norm2.weight.tensor,transformer_encoder.16.norm2.weight,transformer_norm_deepnorm,Transformer norm/deepnorm,3,16.0,norm2_weight,Norm/deepnorm,512,512,0.39286327362060547,0.027819156646728516,0.39376354217529297,0.0279992688447237,0.0009002685546875,0.0008414499461650848,0.501953125,0.027883381904822722,0.005859375,8.911739330814756,8.932347659870661,0.0031288372415029285,0.999997971317426,0.0,0.0009765625,0.00244140625,0.003173828125,0.005235612392425537,0.035103946924209595,0.08775986731052399,0.11408782750368118,0.1882016360759735,0.0,0.0,0.0,0.0
Beta,Beta,Beta,Beta,base,,,6,transformer_encoder.17.deepnorm_alpha.tensor,transformer_encoder.17.deepnorm_alpha,transformer_norm_deepnorm,Transformer norm/deepnorm,3,17.0,deepnorm_alpha,Norm/deepnorm,scalar,1,2.44921875,0.0,2.44921875,0.0,0.0,0.0,0.0,0.0,0.0,2.44921875,2.44921875,0.0,0.9999999999998332,0.0,0.0,0.0,0.0,0.0,0.0,0.0,0.0,0.0,0.0,0.0,0.0,0.0
Beta,Beta,Beta,Beta,base,,,6,transformer_encoder.17.norm1.weight.tensor,transformer_encoder.17.norm1.weight,transformer_norm_deepnorm,Transformer norm/deepnorm,3,17.0,norm1_weight,Norm/deepnorm,512,512,0.27333498001098633,0.019559422507882118,0.2739701271057129,0.01963404007256031,0.0006351470947265625,0.000748047954402864,0.396240234375,0.02220472070488686,0.003173828125,6.2006788066770735,6.215134379498533,0.0035810144981179453,0.9999966235426235,0.0,0.000732421875,0.001953125,0.00244140625,0.002924323081970215,0.03744596987962723,0.09985591471195221,0.12481989711523056,0.14950962364673615,0.0,0.0,0.0,0.0
Beta,Beta,Beta,Beta,base,,,6,transformer_encoder.17.norm2.weight.tensor,transformer_encoder.17.norm2.weight,transformer_norm_deepnorm,Transformer norm/deepnorm,3,17.0,norm2_weight,Norm/deepnorm,512,512,0.24103976786136627,0.018107499927282333,0.24497613310813904,0.018522124737501144,0.003936372231692076,0.000789969926699996,2.0170481204986572,0.0908458478981941,0.0068359375,5.469475223955573,5.558998291564339,0.016609609547234946,0.9999961370708182,0.001953125,0.00390625,0.005126953125,0.0060766637325286865,0.006711184978485107,0.21572542190551758,0.2831396162509918,0.3355880677700043,0.3706299364566803,0.0,0.0,0.0,0.0
Beta,Beta,Beta,Beta,base,,,6,upsample.linear.bias.tensor,upsample.linear.bias,upsample,Upsample,4,,linear_bias,Upsample,1024,1024,0.0006987148080952466,0.0231142770498991,0.0006924326298758388,0.02322244457900524,-6.282178219407797e-06,0.0005557537660934031,0.45509904623031616,0.017785255988176717,0.002197265625,0.73999470476885,0.7434484912497573,0.02403430169639959,0.9997234074871171,0.0087890625,0.00037384033203125,0.0010974882170557976,0.0014249421656131744,0.00173879973590374,0.01617356203496456,0.04748094454407692,0.0616476833820343,0.07522618770599365,0.0,0.0,0.0,0.0
Beta,Beta,Beta,Beta,base,,,6,upsample.linear.weight.tensor,upsample.linear.weight,upsample,Upsample,4,,linear_weight,Upsample,1024x512,524288,2.0732361008413136e-05,0.06463779509067535,2.007872171816416e-05,0.06463225930929184,-6.536516821142868e-07,0.0009105015778914094,378.1929016113281,0.6592733133017956,0.0064697265625,46.802790736270474,46.79877917661822,0.014086196633374438,0.9998995748051671,0.0047130584716796875,0.0006103515625,0.00177001953125,0.00238037109375,0.00341796875,0.009442641399800777,0.027383659034967422,0.036826301366090775,0.052878789603710175,0.0,0.0,0.0,0.0
Beta,Beta,Beta,Beta,base,,,6,crf.linear.weight.tensor,crf.linear.weight,crf,CRF head,5,,linear_weight,CRF,4096x512,2097152,-0.00031572766602039337,0.03356962278485298,-0.0003172417636960745,0.033450424671173096,-1.5140669802349294e-06,0.0009749443852342665,1645.651611328125,1.4118616248211144,0.00469207763671875,48.61623023021093,48.44364124374968,0.029040952334961817,0.9995797523033498,0.00948953628540039,0.00067138671875,0.00189208984375,0.00244140625,0.00310516357421875,0.019999822601675987,0.05636313557624817,0.07272662967443466,0.09249918162822723,0.0,0.0,0.0,0.0
BetaQCH,BetaQCH,BetaQCH,Beta,QCH,,,7,conv.0.conv.bias.tensor,conv.0.conv.bias,conv,Convolution front-end,0,0.0,conv_bias,Conv,64,64,-0.34886807203292847,0.4828624725341797,-0.3488808572292328,0.4813510775566101,-1.2779724784195423e-05,0.010732232592999935,0.3863908648490906,0.08585791804402576,0.05816969275474548,4.765644611255755,4.755909105232808,0.018016013582134074,0.9998394211661377,0.046875,0.0029283761978149414,0.020000064745545387,0.03728393465280533,0.0560811311006546,0.006064617540687323,0.04141979664564133,0.07721439749002457,0.11614307016134262,0.0,0.0,0.0,0.0
BetaQCH,BetaQCH,BetaQCH,Beta,QCH,,,7,conv.0.conv.weight.tensor,conv.0.conv.weight,conv,Convolution front-end,0,0.0,conv_weight,Conv,64x1x5,320,-0.001664625247940421,0.7632753252983093,-0.002145716454833746,0.9056401252746582,-0.00048109208000823855,0.14531978964805603,16.48841094970703,2.5995736065932413,1.0015101432800293,13.653916777224586,16.200629252704775,0.1903903216203331,0.9993850236126599,0.2718749940395355,0.002895607613027096,0.2588001787662506,0.7600719332695007,0.9674381613731384,0.0037936605513095856,0.3390653133392334,0.9958031177520752,1.2674825191497803,0.00937500037252903,0.0,0.0,0.0
BetaQCH,BetaQCH,BetaQCH,Beta,QCH,,,7,conv.1.conv.bias.tensor,conv.1.conv.bias,conv,Convolution front-end,0,1.0,conv_bias,Conv,64,64,-0.35623908042907715,3.126411199569702,-0.38535448908805847,3.115534782409668,-0.0291154682636261,0.16203315556049347,6.252951622009277,1.3170257831097516,0.6363887786865234,25.173133406626448,25.11420933937972,0.05231870668762325,0.9986308621137862,0.0,0.04270943999290466,0.36270180344581604,0.5864107608795166,0.6313909888267517,0.013660851866006851,0.11601218581199646,0.18756674230098724,0.2019539177417755,0.0,0.0,0.0,0.0
BetaQCH,BetaQCH,BetaQCH,Beta,QCH,,,7,conv.1.conv.weight.tensor,conv.1.conv.weight,conv,Convolution front-end,0,1.0,conv_weight,Conv,64x64x5,20480,-0.005043329205363989,0.2731286585330963,-0.005378644913434982,0.2736341953277588,-0.0003353157080709934,0.014180583879351616,107.10452270507812,2.029927219157299,0.24376130104064941,39.093653202318215,39.16689799355446,0.05192472570040792,0.99865626371513,0.08286132663488388,0.0014209579676389694,0.02180163748562336,0.058317769318819046,0.19661341607570648,0.005202522501349449,0.07982185482978821,0.21351757645606995,0.7198564410209656,0.0,0.0,0.0,0.0
BetaQCH,BetaQCH,BetaQCH,Beta,QCH,,,7,conv.2.conv.bias.tensor,conv.2.conv.bias,conv,Convolution front-end,0,2.0,conv_bias,Conv,128,128,-0.23985695838928223,0.8994260430335999,-0.2387205958366394,0.9193211197853088,0.0011363585945218801,0.056663282215595245,4.107907772064209,0.6412007605552327,0.3007258176803589,10.53146805806331,10.745872237357075,0.06088427150137373,0.9983865212053488,0.0078125,0.014748573303222656,0.1150154173374176,0.23751844465732574,0.29359397292137146,0.016397761180996895,0.12787646055221558,0.2640777826309204,0.326423704624176,0.0,0.0,0.0,0.0
BetaQCH,BetaQCH,BetaQCH,Beta,QCH,,,7,conv.2.conv.weight.tensor,conv.2.conv.weight,conv,Convolution front-end,0,2.0,conv_weight,Conv,128x64x9,73728,0.0019348718924447894,0.13461939990520477,0.0019881362095475197,0.1377006471157074,5.326452446752228e-05,0.007196461781859398,269.4742736816406,1.9541016235046529,0.23789650201797485,36.55684384668964,37.393615373524995,0.0534537836936804,0.9988594770437981,0.0274929478764534,0.0016403105109930038,0.013813793659210205,0.028218241408467293,0.06035992503166199,0.01218479871749878,0.10261368006467819,0.20961494743824005,0.44837459921836853,5.425347262644209e-05,0.0,0.0,0.0
BetaQCH,BetaQCH,BetaQCH,Beta,QCH,,,7,conv.3.conv.bias.tensor,conv.3.conv.bias,conv,Convolution front-end,0,3.0,conv_bias,Conv,128,128,-0.27887842059135437,0.6861683130264282,-0.29002758860588074,0.7127833366394043,-0.01114918477833271,0.04062578082084656,2.950021505355835,0.47662254643102603,0.20379257202148438,8.379785792997541,8.706235593412794,0.05687765274731158,0.9991734556735147,0.015625,0.008535176515579224,0.09748855233192444,0.15301278233528137,0.1974460780620575,0.012438897043466568,0.14207673072814941,0.22299599647521973,0.2877516746520996,0.0,0.0,0.0,0.0
BetaQCH,BetaQCH,BetaQCH,Beta,QCH,,,7,conv.3.conv.weight.tensor,conv.3.conv.weight,conv,Convolution front-end,0,3.0,conv_weight,Conv,128x128x9,147456,2.159507403121097e-06,0.045519500970840454,-3.472667594905943e-05,0.047010451555252075,-3.6886172892991453e-05,0.0031012326944619417,204.589599609375,1.1909575571109412,0.11505579948425293,17.479488886643146,18.05201749648386,0.06813457560655202,0.9982718889302329,0.0062459311448037624,0.0005541846621781588,0.005334727466106415,0.012226290069520473,0.03200704604387283,0.012174662202596664,0.11719650030136108,0.26859450340270996,0.7031500339508057,0.0003119574685115367,2.7126736313221045e-05,0.0,0.0
BetaQCH,BetaQCH,BetaQCH,Beta,QCH,,,7,conv.4.conv.bias.tensor,conv.4.conv.bias,conv,Convolution front-end,0,4.0,conv_bias,Conv,512,512,0.018486348912119865,0.1553741842508316,0.018100596964359283,0.15558911859989166,-0.0003857503761537373,0.006169989705085754,1.8822441101074219,0.13988352375121338,0.03299623727798462,3.5405137074041804,3.5443236463630767,0.039509386295734215,0.9992209179926057,0.037109375,0.0019386960193514824,0.013820940628647804,0.02613537758588791,0.032668668776750565,0.012477592565119267,0.08895260840654373,0.1682092547416687,0.21025800704956055,0.0,0.0,0.0,0.0
BetaQCH,BetaQCH,BetaQCH,Beta,QCH,,,7,conv.4.conv.weight.tensor,conv.4.conv.weight,conv,Convolution front-end,0,4.0,conv_weight,Conv,512x128x5,327680,0.0007904483936727047,0.04287688806653023,0.0007918228511698544,0.04268324002623558,1.3743926956522046e-06,0.0020823266822844744,342.3020935058594,1.191993443605454,0.07117056846618652,24.54832830078825,24.437509990407165,0.04855701084815338,0.9988262106006686,0.02593383751809597,0.0005090194754302502,0.003771236166357994,0.008025208488106728,0.01985587552189827,0.011871648952364922,0.08795496821403503,0.18716856837272644,0.46309027075767517,7.934570021461695e-05,0.0,0.0,0.0
BetaQCH,BetaQCH,BetaQCH,Beta,QCH,,,7,transformer_encoder.0.self_attn.Wqkv.weight.tensor,transformer_encoder.0.self_attn.Wqkv.weight,transformer_self_attn,Transformer self-attention,1,0.0,self_attn_Wqkv_weight,Self-attention,1536x512,786432,-5.857439828105271e-05,0.08021117746829987,-5.965278251096606e-05,0.08018021285533905,-1.0783882089526742e-06,0.0007096334593370557,431.5478820800781,0.6293098860377702,0.003570556640625,71.13212906385026,71.1046763581693,0.008847055392829232,0.9999596726268087,0.0060335793532431126,0.0004367828369140625,0.00144195556640625,0.001953125,0.0025634765625,0.005445410497486591,0.01797698810696602,0.02434978447854519,0.03195909038186073,0.0,0.0,0.0,0.0
BetaQCH,BetaQCH,BetaQCH,Beta,QCH,,,7,transformer_encoder.0.self_attn.out_proj.bias.tensor,transformer_encoder.0.self_attn.out_proj.bias,transformer_self_attn,Transformer self-attention,1,0.0,self_attn_out_proj_bias,Self-attention,512,512,-0.0022732503712177277,0.02975558303296566,-0.002223346848040819,0.029715199023485184,4.990329034626484e-05,0.00037712673656642437,0.15142881870269775,0.008607788939328216,0.0015513896942138672,0.6752539766188196,0.6742576667454427,0.01274748352081836,0.999919694135679,0.048828125,0.00023555755615234375,0.0007434305734932423,0.0010305325267836452,0.0013980073854327202,0.007916413247585297,0.024984566494822502,0.03463324159383774,0.0469830147922039,0.0,0.0,0.0,0.0
BetaQCH,BetaQCH,BetaQCH,Beta,QCH,,,7,transformer_encoder.0.self_attn.out_proj.weight.tensor,transformer_encoder.0.self_attn.out_proj.weight,transformer_self_attn,Transformer self-attention,1,0.0,self_attn_out_proj_weight,Self-attention,512x512,262144,-1.71788597072009e-05,0.029549462720751762,-1.9925544620491564e-05,0.029539795592427254,-2.7466865049063927e-06,0.0007537793135270476,153.88827514648438,0.38593739266336163,0.003662109375,15.129331866915267,15.124382573916447,0.02550921587669722,0.9996740680235648,0.013240814208984375,0.0004730224609375,0.0015116743743419647,0.0020294189453125,0.0026697516441345215,0.016007814556360245,0.05115740746259689,0.06867868453264236,0.09034853428602219,0.0,0.0,0.0,0.0
BetaQCH,BetaQCH,BetaQCH,Beta,QCH,,,7,transformer_encoder.1.self_attn.Wqkv.weight.tensor,transformer_encoder.1.self_attn.Wqkv.weight,transformer_self_attn,Transformer self-attention,1,1.0,self_attn_Wqkv_weight,Self-attention,1536x512,786432,0.00025529079721309245,0.06557293981313705,0.0002568222989793867,0.06552015244960785,1.5314435586333275e-06,0.000747471465729177,456.6608581542969,0.6628657833698058,0.0040283203125,58.15122896111053,58.10441923947136,0.011398998700665387,0.9999334877419945,0.00464630126953125,0.00048065185546875,0.001495361328125,0.00201416015625,0.00263214111328125,0.007330032996833324,0.02280454710125923,0.03071632795035839,0.040140654891729355,0.0,0.0,0.0,0.0
BetaQCH,BetaQCH,BetaQCH,Beta,QCH,,,7,transformer_encoder.1.self_attn.out_proj.bias.tensor,transformer_encoder.1.self_attn.out_proj.bias,transformer_self_attn,Transformer self-attention,1,1.0,self_attn_out_proj_bias,Self-attention,512,512,-0.00044205912854522467,0.029170624911785126,-0.00047215097583830357,0.029243620112538338,-3.00918472930789e-05,0.00039008440217003226,0.1566583514213562,0.00885282630620088,0.0017852783203125,0.6601316910187729,0.6617938389785616,0.013410697329990347,0.9999134216262184,0.005859375,0.00025069713592529297,0.0007718562847003341,0.0010196068324148655,0.001496788114309311,0.00859416089951992,0.02646004408597946,0.034953195601701736,0.051311470568180084,0.0,0.0,0.0,0.0
BetaQCH,BetaQCH,BetaQCH,Beta,QCH,,,7,transformer_encoder.1.self_attn.out_proj.weight.tensor,transformer_encoder.1.self_attn.out_proj.weight,transformer_self_attn,Transformer self-attention,1,1.0,self_attn_out_proj_weight,Self-attention,512x512,262144,-6.949186354177073e-05,0.046070944517850876,-6.827726610936224e-05,0.04605213180184364,1.2145776508987183e-06,0.0008098814287222922,168.6141815185547,0.4146596633031224,0.004302978515625,23.588355654028483,23.578725555638606,0.017578998272916417,0.9998449120432548,0.0087127685546875,0.00054931640625,0.0015869140625,0.00212860107421875,0.002716064453125,0.011923269368708134,0.03444499894976616,0.04620266705751419,0.058953940868377686,0.0,0.0,0.0,0.0
BetaQCH,BetaQCH,BetaQCH,Beta,QCH,,,7,transformer_encoder.2.self_attn.Wqkv.weight.tensor,transformer_encoder.2.self_attn.Wqkv.weight,transformer_self_attn,Transformer self-attention,1,2.0,self_attn_Wqkv_weight,Self-attention,1536x512,786432,-0.00013327761553227901,0.07562576979398727,-0.0001315609843004495,0.07558180391788483,1.7166289580927696e-06,0.0008074298384599388,503.7576904296875,0.7160378577011092,0.00408935546875,67.06584189017163,67.02685737355587,0.010676640112468827,0.9999414042710973,0.0042508444748818874,0.00054931640625,0.0015869140625,0.002105712890625,0.002716064453125,0.007263613399118185,0.020983772352337837,0.02784385159611702,0.03591453284025192,0.0,0.0,0.0,0.0
BetaQCH,BetaQCH,BetaQCH,Beta,QCH,,,7,transformer_encoder.2.self_attn.out_proj.bias.tensor,transformer_encoder.2.self_attn.out_proj.bias,transformer_self_attn,Transformer self-attention,1,2.0,self_attn_out_proj_bias,Self-attention,512,512,-0.0003780202241614461,0.041862670332193375,-0.00039495318196713924,0.04189316928386688,-1.693295780569315e-05,0.00039043440483510494,0.15265876054763794,0.008842826602313615,0.002197265625,0.9472827083974211,0.9479763864562052,0.009334939320558545,0.9999567592648552,0.001953125,0.0002422332763671875,0.000732421875,0.0010308846831321716,0.0018230080604553223,0.0057863774709403515,0.017495818436145782,0.0246253851801157,0.04354733228683472,0.0,0.0,0.0,0.0
BetaQCH,BetaQCH,BetaQCH,Beta,QCH,,,7,transformer_encoder.2.self_attn.out_proj.weight.tensor,transformer_encoder.2.self_attn.out_proj.weight,transformer_self_attn,Transformer self-attention,1,2.0,self_attn_out_proj_weight,Self-attention,512x512,262144,-8.489452739013359e-05,0.05466361343860626,-8.629349758848548e-05,0.05463165417313576,-1.398969743604539e-06,0.0008081153500825167,168.22552490234375,0.4137556090363683,0.005126953125,27.987814295214935,27.971451510591564,0.01478341983664988,0.9998900853367156,0.005901336669921875,0.00054931640625,0.0015869140625,0.002105712890625,0.0027617067098617554,0.010049030184745789,0.029030531644821167,0.038521282374858856,0.050521835684776306,0.0,0.0,0.0,0.0
BetaQCH,BetaQCH,BetaQCH,Beta,QCH,,,7,transformer_encoder.3.self_attn.Wqkv.weight.tensor,transformer_encoder.3.self_attn.Wqkv.weight,transformer_self_attn,Transformer self-attention,1,3.0,self_attn_Wqkv_weight,Self-attention,1536x512,786432,-0.00014777800242882222,0.079198457300663,-0.0001488432171754539,0.07916174083948135,-1.0651973525455105e-06,0.000819240347482264,510.89678955078125,0.7265105690394079,0.004119873046875,70.23416122047554,70.20161047498306,0.010344119676445943,0.9999446496523687,0.0040906271897256374,0.00054931640625,0.001617431640625,0.00213623046875,0.002777099609375,0.006935947574675083,0.02042251266539097,0.02697313018143177,0.035065069794654846,0.0,0.0,0.0,0.0
BetaQCH,BetaQCH,BetaQCH,Beta,QCH,,,7,transformer_encoder.3.self_attn.out_proj.bias.tensor,transformer_encoder.3.self_attn.out_proj.bias,transformer_self_attn,Transformer self-attention,1,3.0,self_attn_out_proj_bias,Self-attention,512,512,0.0031509939581155777,0.04125424474477768,0.003129885531961918,0.04125640168786049,-2.1108542568981647e-05,0.0003920646267943084,0.16039687395095825,0.008884257949206218,0.001129150390625,0.9361959288482714,0.936208343801496,0.009489742131357413,0.9999550487814225,0.0078125,0.00026416778564453125,0.0007654964574612677,0.0009600450284779072,0.001129150390625,0.006403407081961632,0.018555575981736183,0.02327141724526882,0.027370518073439598,0.0,0.0,0.0,0.0
BetaQCH,BetaQCH,BetaQCH,Beta,QCH,,,7,transformer_encoder.3.self_attn.out_proj.weight.tensor,transformer_encoder.3.self_attn.out_proj.weight,transformer_self_attn,Transformer self-attention,1,3.0,self_attn_out_proj_weight,Self-attention,512x512,262144,-5.6098444474628195e-05,0.06004486232995987,-5.494739525602199e-05,0.060042575001716614,1.1510337571962737e-06,0.0008029750315472484,167.30813598632812,0.41112357013670636,0.00372314453125,30.742993556776984,30.74182317922625,0.013372919243450349,0.9999098780386088,0.005397796630859375,0.00054931640625,0.0015869140625,0.0020751953125,0.002685546875,0.0091484310105443,0.02642880193889141,0.03456073999404907,0.04472566395998001,0.0,0.0,0.0,0.0
BetaQCH,BetaQCH,BetaQCH,Beta,QCH,,,7,transformer_encoder.4.self_attn.Wqkv.weight.tensor,transformer_encoder.4.self_attn.Wqkv.weight,transformer_self_attn,Transformer self-attention,1,4.0,self_attn_Wqkv_weight,Self-attention,1536x512,786432,8.962970605352893e-05,0.08053357899188995,9.286079875892028e-05,0.08050230890512466,3.231072014386882e-06,0.0008073385106399655,503.6505432128906,0.7159610625526944,0.00433349609375,71.41809256282683,71.3903531265342,0.010024925573626182,0.99994821686687,0.0035349528770893812,0.00054931640625,0.0015869140625,0.002105712890625,0.00272369384765625,0.006820960436016321,0.019704997539520264,0.026147015392780304,0.03382059559226036,0.0,0.0,0.0,0.0
BetaQCH,BetaQCH,BetaQCH,Beta,QCH,,,7,transformer_encoder.4.self_attn.out_proj.bias.tensor,transformer_encoder.4.self_attn.out_proj.bias,transformer_self_attn,Transformer self-attention,1,4.0,self_attn_out_proj_bias,Self-attention,512,512,0.005694971419870853,0.0415608175098896,0.005708383396267891,0.0415555015206337,1.3411510735750198e-05,0.0003575740847736597,0.14595627784729004,0.00809666731327585,0.0010986328125,0.9492017642412698,0.9491238644745222,0.008529974994030137,0.9999635820203312,0.001953125,0.0002384185791015625,0.0006935116834938526,0.0008888631127774715,0.0010752417147159576,0.005736617371439934,0.016686666756868362,0.021387040615081787,0.025871517136693,0.0,0.0,0.0,0.0
BetaQCH,BetaQCH,BetaQCH,Beta,QCH,,,7,transformer_encoder.4.self_attn.out_proj.weight.tensor,transformer_encoder.4.self_attn.out_proj.weight,transformer_self_attn,Transformer self-attention,1,4.0,self_attn_out_proj_weight,Self-attention,512x512,262144,0.0001113375328714028,0.06491848826408386,0.00011245440691709518,0.06490929424762726,1.1168381206516642e-06,0.0007714039529673755,160.83380126953125,0.39495913276037437,0.00335693359375,33.23832692770689,33.23362018712658,0.0118826417954007,0.9999287876986038,0.004215240478515625,0.000518798828125,0.00152587890625,0.00201416015625,0.0025787353515625,0.007991541177034378,0.023504532873630524,0.03102598339319229,0.039722658693790436,0.0,0.0,0.0,0.0
BetaQCH,BetaQCH,BetaQCH,Beta,QCH,,,7,transformer_encoder.5.self_attn.Wqkv.weight.tensor,transformer_encoder.5.self_attn.Wqkv.weight,transformer_self_attn,Transformer self-attention,1,5.0,self_attn_Wqkv_weight,Self-attention,1536x512,786432,-0.00015342856931965798,0.08280777931213379,-0.000153376764501445,0.0827818289399147,5.1771696263358535e-08,0.0008254575077444315,515.2777099609375,0.7320234104905147,0.004638671875,73.43495008870946,73.4119370402389,0.00996832447773465,0.999948558154143,0.003734588623046875,0.00054931640625,0.001617431640625,0.0021590441465377808,0.0028076171875,0.006633632350713015,0.01953236199915409,0.02607296034693718,0.03390523046255112,0.0,0.0,0.0,0.0
BetaQCH,BetaQCH,BetaQCH,Beta,QCH,,,7,transformer_encoder.5.self_attn.out_proj.bias.tensor,transformer_encoder.5.self_attn.out_proj.bias,transformer_self_attn,Transformer self-attention,1,5.0,self_attn_out_proj_bias,Self-attention,512,512,0.0076002441346645355,0.05128750950098038,0.007603073492646217,0.051225706934928894,2.8294743970036507e-06,0.00037353317020460963,0.1557108759880066,0.008452333634781067,0.001068115234375,1.1731769704307082,1.1718029763023288,0.007204653558508533,0.9999748456916178,0.00390625,0.0002613067626953125,0.000732421875,0.0009138491004705429,0.0010369271039962769,0.005094938911497593,0.014280703850090504,0.017818156629800797,0.02021792344748974,0.0,0.0,0.0,0.0
BetaQCH,BetaQCH,BetaQCH,Beta,QCH,,,7,transformer_encoder.5.self_attn.out_proj.weight.tensor,transformer_encoder.5.self_attn.out_proj.weight,transformer_self_attn,Transformer self-attention,1,5.0,self_attn_out_proj_weight,Self-attention,512x512,262144,-3.0022030841792002e-05,0.05985739827156067,-3.2558655220782384e-05,0.059850435703992844,-2.5366152840433642e-06,0.0008022371912375093,167.2310791015625,0.4107474652802451,0.0039463043212890625,30.647003614813737,30.643438526167902,0.01340253260784327,0.9999094090363176,0.005428314208984375,0.00054931640625,0.0015869140625,0.0020751953125,0.002685546875,0.009177083149552345,0.026511572301387787,0.03466897830367088,0.04486573860049248,0.0,0.0,0.0,0.0
BetaQCH,BetaQCH,BetaQCH,Beta,QCH,,,7,transformer_encoder.6.self_attn.Wqkv.weight.tensor,transformer_encoder.6.self_attn.Wqkv.weight,transformer_self_attn,Transformer self-attention,1,6.0,self_attn_Wqkv_weight,Self-attention,1536x512,786432,-5.458114901557565e-05,0.08206424862146378,-5.3855328587815166e-05,0.08203613758087158,7.25780353150185e-07,0.0007965314434841275,497.0028991699219,0.7063718218093143,0.004302978515625,72.77547341824717,72.75054700717892,0.009706179687072903,0.9999510410803533,0.0034014384727925062,0.0005283355712890625,0.0015869140625,0.0020751953125,0.002685546875,0.0064380718395113945,0.019337456673383713,0.02528744377195835,0.032724928110837936,0.0,0.0,0.0,0.0
BetaQCH,BetaQCH,BetaQCH,Beta,QCH,,,7,transformer_encoder.6.self_attn.out_proj.bias.tensor,transformer_encoder.6.self_attn.out_proj.bias,transformer_self_attn,Transformer self-attention,1,6.0,self_attn_out_proj_bias,Self-attention,512,512,0.013186391443014145,0.06983010470867157,0.013176425360143185,0.06975875049829483,-9.96666494756937e-06,0.0003785475855693221,0.15600472688674927,0.00856852210016752,0.00189208984375,1.607999788132459,1.606371474960576,0.005328683600209752,0.9999863449722647,0.0,0.0002593994140625,0.000701904296875,0.0009740451350808144,0.0015490204095840454,0.003714721417054534,0.010051598772406578,0.013948784209787846,0.022182699292898178,0.0,0.0,0.0,0.0
BetaQCH,BetaQCH,BetaQCH,Beta,QCH,,,7,transformer_encoder.6.self_attn.out_proj.weight.tensor,transformer_encoder.6.self_attn.out_proj.weight,transformer_self_attn,Transformer self-attention,1,6.0,self_attn_out_proj_weight,Self-attention,512x512,262144,6.82807803968899e-05,0.0660417228937149,6.740284152328968e-05,0.06604178249835968,-8.779179552220739e-07,0.0007540236692875624,157.15469360351562,0.38606032760624004,0.0035400390625,33.81339171074642,33.81342420178708,0.011417379566910841,0.999934018734656,0.00420379638671875,0.00048828125,0.00147247314453125,0.001953125,0.0025177001953125,0.007393525913357735,0.022296102717518806,0.02957410365343094,0.03812287002801895,0.0,0.0,0.0,0.0
BetaQCH,BetaQCH,BetaQCH,Beta,QCH,,,7,transformer_encoder.7.self_attn.Wqkv.weight.tensor,transformer_encoder.7.self_attn.Wqkv.weight,transformer_self_attn,Transformer self-attention,1,7.0,self_attn_Wqkv_weight,Self-attention,1536x512,786432,5.859726297785528e-05,0.08321157097816467,5.898264134884812e-05,0.08318428695201874,3.853905070627661e-07,0.0008078474784269929,504.11993408203125,0.7164067758206734,0.00439453125,73.79294300608969,73.7687343789698,0.009708337228961623,0.9999509890098033,0.0035947163123637438,0.00054931640625,0.0015869140625,0.002105712890625,0.002716064453125,0.006601442117244005,0.019070832058787346,0.025305528193712234,0.03264046460390091,0.0,0.0,0.0,0.0
BetaQCH,BetaQCH,BetaQCH,Beta,QCH,,,7,transformer_encoder.7.self_attn.out_proj.bias.tensor,transformer_encoder.7.self_attn.out_proj.bias,transformer_self_attn,Transformer self-attention,1,7.0,self_attn_out_proj_bias,Self-attention,512,512,0.02039126306772232,0.06323306262493134,0.020362893119454384,0.06314440816640854,-2.8368784114718437e-05,0.00038071535527706146,0.15638160705566406,0.008638487874377949,0.001953125,1.503357150417094,1.501250778693538,0.005746131497745247,0.9999845560545012,0.00390625,0.0002593994140625,0.000732421875,0.0009631365537643433,0.0015242882072925568,0.004102274775505066,0.011582892388105392,0.015231532044708729,0.024105871096253395,0.0,0.0,0.0,0.0
BetaQCH,BetaQCH,BetaQCH,Beta,QCH,,,7,transformer_encoder.7.self_attn.out_proj.weight.tensor,transformer_encoder.7.self_attn.out_proj.weight,transformer_self_attn,Transformer self-attention,1,7.0,self_attn_out_proj_weight,Self-attention,512x512,262144,6.614855374209583e-05,0.0642695426940918,6.95040071150288e-05,0.0642673522233963,3.3554342735442333e-06,0.000781799724791199,163.06924438476562,0.40028510215085633,0.0035400390625,32.906036695058894,32.90491264791912,0.012164488414703255,0.9999253674413738,0.004852294921875,0.000518798828125,0.00152587890625,0.002044677734375,0.0026049017906188965,0.008072233758866787,0.023741863667964935,0.0318140983581543,0.04053088277578354,0.0,0.0,0.0,0.0
BetaQCH,BetaQCH,BetaQCH,Beta,QCH,,,7,transformer_encoder.8.self_attn.Wqkv.weight.tensor,transformer_encoder.8.self_attn.Wqkv.weight,transformer_self_attn,Transformer self-attention,1,8.0,self_attn_Wqkv_weight,Self-attention,1536x512,786432,-4.0591752622276545e-05,0.08352092653512955,-4.014505248051137e-05,0.08349893987178802,4.466962764126947e-07,0.0008031766628846526,501.3449401855469,0.7122646143743858,0.004535675048828125,74.06725986814283,74.04776026850001,0.009616456929044967,0.9999520034804419,0.0033747355919331312,0.00054168701171875,0.0015869140625,0.0020904541015625,0.002706766128540039,0.006485643796622753,0.01900019496679306,0.025029104202985764,0.03240823373198509,0.0,0.0,0.0,0.0
BetaQCH,BetaQCH,BetaQCH,Beta,QCH,,,7,transformer_encoder.8.self_attn.out_proj.bias.tensor,transformer_encoder.8.self_attn.out_proj.bias,transformer_self_attn,Transformer self-attention,1,8.0,self_attn_out_proj_bias,Self-attention,512,512,0.024965673685073853,0.06420286744832993,0.02498340979218483,0.06414730101823807,1.7735641449689865e-05,0.00038227299228310585,0.15560317039489746,0.008659154830653656,0.001953125,1.558714132989936,1.5576880555488823,0.005555319379851936,0.9999847018673386,0.001953125,0.000244140625,0.000732421875,0.0009732060134410858,0.0015788674354553223,0.003802643157541752,0.011407929472625256,0.015158292837440968,0.024591850116848946,0.0,0.0,0.0,0.0
BetaQCH,BetaQCH,BetaQCH,Beta,QCH,,,7,transformer_encoder.8.self_attn.out_proj.weight.tensor,transformer_encoder.8.self_attn.out_proj.weight,transformer_self_attn,Transformer self-attention,1,8.0,self_attn_out_proj_weight,Self-attention,512x512,262144,1.4349880075315014e-06,0.07153227180242538,3.586730599636212e-06,0.07153984904289246,2.1517446384677896e-06,0.0007858704193495214,163.93240356445312,0.40236708193783294,0.003997802734375,36.62453504664342,36.62841447660972,0.010986271400452855,0.9999388566473543,0.004604339599609375,0.0005216598510742188,0.0015411376953125,0.002044677734375,0.00262451171875,0.007292649708688259,0.021544646471738815,0.028583986684679985,0.036689892411231995,0.0,0.0,0.0,0.0
BetaQCH,BetaQCH,BetaQCH,Beta,QCH,,,7,transformer_encoder.9.self_attn.Wqkv.weight.tensor,transformer_encoder.9.self_attn.Wqkv.weight,transformer_self_attn,Transformer self-attention,1,9.0,self_attn_Wqkv_weight,Self-attention,1536x512,786432,0.000242539681494236,0.08460711687803268,0.0002440676325932145,0.08449096232652664,1.527963945591182e-06,0.0008427121792919934,527.1248779296875,0.7473262174042381,0.00469970703125,75.03080096700288,74.9278103097408,0.009960259090568527,0.9999495260883029,0.0037180583458393812,0.00055694580078125,0.00164794921875,0.002197265625,0.0028076171875,0.006582729518413544,0.019477665424346924,0.0259702205657959,0.033184170722961426,0.0,0.0,0.0,0.0
BetaQCH,BetaQCH,BetaQCH,Beta,QCH,,,7,transformer_encoder.9.self_attn.out_proj.bias.tensor,transformer_encoder.9.self_attn.out_proj.bias,transformer_self_attn,Transformer self-attention,1,9.0,self_attn_out_proj_bias,Self-attention,512,512,0.003501572646200657,0.055311933159828186,0.003597341012209654,0.05531378090381622,9.576824959367514e-05,0.00043423884199000895,0.18490809202194214,0.010061823210160855,0.0013427734375,1.2540716139469108,1.2542520681983482,0.00802332426494009,0.999967913948709,0.005859375,0.00030517578125,0.0008602679008617997,0.001020660623908043,0.0013349764049053192,0.005517357494682074,0.015553021803498268,0.018452808260917664,0.0241354089230299,0.0,0.0,0.0,0.0
BetaQCH,BetaQCH,BetaQCH,Beta,QCH,,,7,transformer_encoder.9.self_attn.out_proj.weight.tensor,transformer_encoder.9.self_attn.out_proj.weight,transformer_self_attn,Transformer self-attention,1,9.0,self_attn_out_proj_weight,Self-attention,512x512,262144,2.3092787159839645e-05,0.06191784515976906,2.0509949536062777e-05,0.06188579276204109,-2.5828471734712366e-06,0.0008265272481366992,172.29734802246094,0.42318395364515143,0.0078125,31.701952525756397,31.685540072831824,0.013348829328456043,0.9999102365216683,0.005107879638671875,0.00054931640625,0.001617431640625,0.00213623046875,0.002777099609375,0.008871695958077908,0.026122216135263443,0.03450104221701622,0.04485135152935982,0.0,0.0,0.0,0.0
BetaQCH,BetaQCH,BetaQCH,Beta,QCH,,,7,transformer_encoder.10.self_attn.Wqkv.weight.tensor,transformer_encoder.10.self_attn.Wqkv.weight,transformer_self_attn,Transformer self-attention,1,10.0,self_attn_Wqkv_weight,Self-attention,1536x512,786432,0.0001790486858226359,0.0850459486246109,0.00017880182713270187,0.08502302318811417,-2.4686528377060313e-07,0.0008300830377265811,518.8409423828125,0.7361254425772996,0.0041961669921875,75.41982433249066,75.39948943999886,0.00976037068625429,0.9999504493259884,0.0036608378868550062,0.00054931640625,0.00164031982421875,0.002166748046875,0.0028076171875,0.006459053605794907,0.01928745210170746,0.02547737956047058,0.03301294147968292,0.0,0.0,0.0,0.0
BetaQCH,BetaQCH,BetaQCH,Beta,QCH,,,7,transformer_encoder.10.self_attn.out_proj.bias.tensor,transformer_encoder.10.self_attn.out_proj.bias,transformer_self_attn,Transformer self-attention,1,10.0,self_attn_out_proj_bias,Self-attention,512,512,0.0012445800239220262,0.05663425475358963,0.0012436682591214776,0.05693603679537773,-9.117648005485535e-07,0.0005518394755199552,0.22165155410766602,0.012486718547350919,0.0020751953125,1.2817963156504482,1.2886227869245528,0.009741577811451881,0.999966978508873,0.00390625,0.0003662109375,0.0010986328125,0.0014598090201616287,0.0019504427909851074,0.006466243416070938,0.019398730248212814,0.025776075199246407,0.034439269453287125,0.0,0.0,0.0,0.0
BetaQCH,BetaQCH,BetaQCH,Beta,QCH,,,7,transformer_encoder.10.self_attn.out_proj.weight.tensor,transformer_encoder.10.self_attn.out_proj.weight,transformer_self_attn,Transformer self-attention,1,10.0,self_attn_out_proj_weight,Self-attention,512x512,262144,-7.101225492078811e-05,0.06041784957051277,-7.097983325365931e-05,0.060399193316698074,3.2392108550993726e-08,0.00079297402407974,165.18505859375,0.40600262960042777,0.003692626953125,30.93397135021777,30.92442017538233,0.013124814302175155,0.9999131476516155,0.004978179931640625,0.0005340576171875,0.001556396484375,0.0020751953125,0.002685546875,0.008839399553835392,0.025760537013411522,0.03434738144278526,0.04444955289363861,0.0,0.0,0.0,0.0
BetaQCH,BetaQCH,BetaQCH,Beta,QCH,,,7,transformer_encoder.11.self_attn.Wqkv.weight.tensor,transformer_encoder.11.self_attn.Wqkv.weight,transformer_self_attn,Transformer self-attention,1,11.0,self_attn_Wqkv_weight,Self-attention,1536x512,786432,-0.00019976306066382676,0.08163049817085266,-0.00019821171008516103,0.0815909132361412,1.5513624020968564e-06,0.0008197345305234194,512.2807006835938,0.7269495271637778,0.00750732421875,72.3910179004015,72.35590813061674,0.010041985155726565,0.9999479141979062,0.0036773681640625,0.00054931640625,0.0016050338745117188,0.00213623046875,0.0027582645416259766,0.006729302927851677,0.01966218277812004,0.026169512420892715,0.033789630979299545,0.0,0.0,0.0,0.0
BetaQCH,BetaQCH,BetaQCH,Beta,QCH,,,7,transformer_encoder.11.self_attn.out_proj.bias.tensor,transformer_encoder.11.self_attn.out_proj.bias,transformer_self_attn,Transformer self-attention,1,11.0,self_attn_out_proj_bias,Self-attention,512,512,-0.012231702916324139,0.06654907763004303,-0.012305734679102898,0.06681415438652039,-7.403152994811535e-05,0.0005601677694357932,0.2274012565612793,0.012785364076540628,0.002197265625,1.5310577739028002,1.5372598227873997,0.008350673824633845,0.9999734769001,0.0078125,0.0003662109375,0.0011123651638627052,0.001566775143146515,0.0019165724515914917,0.005502869375050068,0.01671495847404003,0.02354314923286438,0.028799381107091904,0.0,0.0,0.0,0.0
BetaQCH,BetaQCH,BetaQCH,Beta,QCH,,,7,transformer_encoder.11.self_attn.out_proj.weight.tensor,transformer_encoder.11.self_attn.out_proj.weight,transformer_self_attn,Transformer self-attention,1,11.0,self_attn_out_proj_weight,Self-attention,512x512,262144,0.00012059643631801009,0.061377786099910736,0.0001237272226717323,0.06134524941444397,3.1308031793741975e-06,0.0007791559328325093,162.34918212890625,0.39893101066607634,0.00374603271484375,31.425498415834134,31.40884142760154,0.012694500669082696,0.9999188871883247,0.004688262939453125,0.000518798828125,0.00152587890625,0.0020160675048828125,0.002623438835144043,0.008452548645436764,0.024860437959432602,0.032846853137016296,0.042742472141981125,0.0,0.0,0.0,0.0
BetaQCH,BetaQCH,BetaQCH,Beta,QCH,,,7,transformer_encoder.12.self_attn.Wqkv.weight.tensor,transformer_encoder.12.self_attn.Wqkv.weight,transformer_self_attn,Transformer self-attention,1,12.0,self_attn_Wqkv_weight,Self-attention,1536x512,786432,-7.939530769363046e-05,0.0797630101442337,-8.258828893303871e-05,0.07972085475921631,-3.192986014255439e-06,0.0008382152882404625,521.7852172851562,0.7433424947228259,0.0045166015625,70.73472187622038,70.69733919696873,0.010508877040947447,0.9999433123872291,0.0037892658729106188,0.00054931640625,0.00164794921875,0.002197265625,0.00286102294921875,0.006886855699121952,0.02066056802868843,0.027547422796487808,0.035869039595127106,0.0,0.0,0.0,0.0
BetaQCH,BetaQCH,BetaQCH,Beta,QCH,,,7,transformer_encoder.12.self_attn.out_proj.bias.tensor,transformer_encoder.12.self_attn.out_proj.bias,transformer_self_attn,Transformer self-attention,1,12.0,self_attn_out_proj_bias,Self-attention,512,512,7.303804159164429e-05,0.06083318218588829,-3.679841756820679e-05,0.06116415187716484,-0.00010983645915985107,0.0005654999404214323,0.2331547737121582,0.013034928845811753,0.001953125,1.3764987493468457,1.3839869711020096,0.009469626363254897,0.9999702260388281,0.0,0.00038909912109375,0.0011665341444313526,0.00146484375,0.0018283724784851074,0.0063961646519601345,0.019175948575139046,0.02407967858016491,0.030055508017539978,0.0,0.0,0.0,0.0
BetaQCH,BetaQCH,BetaQCH,Beta,QCH,,,7,transformer_encoder.12.self_attn.out_proj.weight.tensor,transformer_encoder.12.self_attn.out_proj.weight,transformer_self_attn,Transformer self-attention,1,12.0,self_attn_out_proj_weight,Self-attention,512x512,262144,0.00010403731721453369,0.06129160895943642,0.0001058307389030233,0.06127370893955231,1.7934282823262038e-06,0.0007726966287009418,160.68341064453125,0.3956216718886264,0.0037841796875,31.381360628912745,31.372198580112297,0.01260689989088981,0.9999198198699645,0.00475311279296875,0.000514984130859375,0.00152587890625,0.00201416015625,0.00262451171875,0.008402194827795029,0.02489539235830307,0.032861918210983276,0.042820073664188385,0.0,0.0,0.0,0.0
BetaQCH,BetaQCH,BetaQCH,Beta,QCH,,,7,transformer_encoder.13.self_attn.Wqkv.weight.tensor,transformer_encoder.13.self_attn.Wqkv.weight,transformer_self_attn,Transformer self-attention,1,13.0,self_attn_Wqkv_weight,Self-attention,1536x512,786432,-0.00021033840312156826,0.07851918786764145,-0.00021176564041525126,0.07848905771970749,-1.4272205817178474e-06,0.0008430828456766903,526.268310546875,0.747654784708371,0.00732421875,69.63190747827105,69.60519242484716,0.01073724405642154,0.9999406345393407,0.0039049785118550062,0.00054931640625,0.00164794921875,0.002197265625,0.00286865234375,0.006995950359851122,0.020987851545214653,0.027983801439404488,0.03653440997004509,0.0,0.0,0.0,0.0
BetaQCH,BetaQCH,BetaQCH,Beta,QCH,,,7,transformer_encoder.13.self_attn.out_proj.bias.tensor,transformer_encoder.13.self_attn.out_proj.bias,transformer_self_attn,Transformer self-attention,1,13.0,self_attn_out_proj_bias,Self-attention,512,512,-0.01542249321937561,0.0852852538228035,-0.015503112226724625,0.08547480404376984,-8.061900734901428e-05,0.0004906731192022562,0.20247173309326172,0.011251528316570896,0.00146484375,1.9610840640065546,1.9656295873348884,0.005737402349585128,0.9999862896868617,0.0,0.00030517578125,0.001007080078125,0.0013021863996982574,0.0014024674892425537,0.0035782945342361927,0.011808372102677822,0.01526859775185585,0.016444429755210876,0.0,0.0,0.0,0.0
BetaQCH,BetaQCH,BetaQCH,Beta,QCH,,,7,transformer_encoder.13.self_attn.out_proj.weight.tensor,transformer_encoder.13.self_attn.out_proj.weight,transformer_self_attn,Transformer self-attention,1,13.0,self_attn_out_proj_weight,Self-attention,512x512,262144,-8.232514664996415e-05,0.058098554611206055,-8.0832265666686e-05,0.05807074159383774,1.492914634582121e-06,0.0007605377468280494,158.3454132080078,0.3893959929438861,0.00384521484375,29.74650078718556,29.732260664449147,0.01309048064946248,0.9999136787751272,0.00461578369140625,0.0005035400390625,0.001495361328125,0.001983642578125,0.0025634765625,0.008666995912790298,0.025738351047039032,0.03414271026849747,0.04412288963794708,0.0,0.0,0.0,0.0
BetaQCH,BetaQCH,BetaQCH,Beta,QCH,,,7,transformer_encoder.14.self_attn.Wqkv.weight.tensor,transformer_encoder.14.self_attn.Wqkv.weight,transformer_self_attn,Transformer self-attention,1,14.0,self_attn_Wqkv_weight,Self-attention,1536x512,786432,-3.622034682848607e-06,0.0795673355460167,7.546138363068167e-07,0.07953830063343048,4.3766413000412285e-06,0.0008334366721101105,519.1695556640625,0.739109644283401,0.004638671875,70.56116445813164,70.53541746659971,0.010474737059107784,0.9999435573453131,0.00366973876953125,0.00054931640625,0.00164794921875,0.002197265625,0.0028228759765625,0.006903792265802622,0.020711377263069153,0.027615169063210487,0.03547782078385353,0.0,0.0,0.0,0.0
BetaQCH,BetaQCH,BetaQCH,Beta,QCH,,,7,transformer_encoder.14.self_attn.out_proj.bias.tensor,transformer_encoder.14.self_attn.out_proj.bias,transformer_self_attn,Transformer self-attention,1,14.0,self_attn_out_proj_bias,Self-attention,512,512,0.0021043310407549143,0.0782407820224762,0.0020903307013213634,0.07827263325452805,-1.4000455848872662e-05,0.0004764932964462787,0.1974051594734192,0.010786465132011768,0.001708984375,1.7710269896886288,1.7717390623878675,0.006090514258002408,0.9999815789904875,0.0,0.0003662109375,0.00091552734375,0.0012478642165660858,0.0016466081142425537,0.004680562764406204,0.01170140691101551,0.015949023887515068,0.021045392379164696,0.0,0.0,0.0,0.0
BetaQCH,BetaQCH,BetaQCH,Beta,QCH,,,7,transformer_encoder.14.self_attn.out_proj.weight.tensor,transformer_encoder.14.self_attn.out_proj.weight,transformer_self_attn,Transformer self-attention,1,14.0,self_attn_out_proj_weight,Self-attention,512x512,262144,0.00011341196659486741,0.0629572793841362,0.00010959795326925814,0.06294072419404984,-3.8140269680297934e-06,0.0007663592114113271,159.53271484375,0.39238067899800877,0.003875732421875,32.23419133188101,32.22570926900795,0.012172809764577998,0.9999251192510302,0.004184722900390625,0.0005035400390625,0.0015106201171875,0.00201416015625,0.002608180046081543,0.007998121902346611,0.023994365707039833,0.031992487609386444,0.041427768766880035,0.0,0.0,0.0,0.0
BetaQCH,BetaQCH,BetaQCH,Beta,QCH,,,7,transformer_encoder.15.self_attn.Wqkv.weight.tensor,transformer_encoder.15.self_attn.Wqkv.weight,transformer_self_attn,Transformer self-attention,1,15.0,self_attn_Wqkv_weight,Self-attention,1536x512,786432,-5.524737935047597e-05,0.07840512692928314,-5.525337110157125e-05,0.07840210199356079,-6.015170583850704e-09,0.0008994073141366243,555.1083374023438,0.7976028633746381,0.0169677734375,69.53053019290338,69.52784401770272,0.011471261058441259,0.9999323790087996,0.0037841796875,0.0005950927734375,0.00177001953125,0.0023956298828125,0.00341796875,0.007589972112327814,0.02257530204951763,0.030554503202438354,0.04359368607401848,0.0,0.0,0.0,0.0
BetaQCH,BetaQCH,BetaQCH,Beta,QCH,,,7,transformer_encoder.15.self_attn.out_proj.bias.tensor,transformer_encoder.15.self_attn.out_proj.bias,transformer_self_attn,Transformer self-attention,1,15.0,self_attn_out_proj_bias,Self-attention,512,512,-0.010012953542172909,0.09045206010341644,-0.010004503652453423,0.09048561006784439,8.45012255012989e-06,0.0005295570590533316,0.21885359287261963,0.011984034022155006,0.0023193359375,2.0591986851330097,2.059932266343981,0.005819756057864374,0.9999831451843095,0.001953125,0.0003662109375,0.0009765625,0.0012851334176957607,0.0019762665033340454,0.004048673901706934,0.010796464048326015,0.01420789398252964,0.0218487698584795,0.0,0.0,0.0,0.0
BetaQCH,BetaQCH,BetaQCH,Beta,QCH,,,7,transformer_encoder.15.self_attn.out_proj.weight.tensor,transformer_encoder.15.self_attn.out_proj.weight,transformer_self_attn,Transformer self-attention,1,15.0,self_attn_out_proj_weight,Self-attention,512x512,262144,2.0031939129694365e-05,0.06572773307561874,2.3729442546027713e-05,0.06568975746631622,3.6975152397644706e-06,0.0008159357821568847,170.33316040039062,0.4177633476019759,0.004199981689453125,33.6526137630636,33.63317091127262,0.012413994067245134,0.9999222447793491,0.00421142578125,0.00054931640625,0.0015869140625,0.002105712890625,0.00274658203125,0.008357451297342777,0.024143747985363007,0.03203689679503441,0.04178725928068161,0.0,0.0,0.0,0.0
BetaQCH,BetaQCH,BetaQCH,Beta,QCH,,,7,transformer_encoder.16.self_attn.Wqkv.weight.tensor,transformer_encoder.16.self_attn.Wqkv.weight,transformer_self_attn,Transformer self-attention,1,16.0,self_attn_Wqkv_weight,Self-attention,1536x512,786432,-6.306452269200236e-05,0.06916620582342148,-6.222516094567254e-05,0.06919719278812408,8.393442954002239e-07,0.000953821639996022,584.9142456054688,0.8458582006911218,0.01220703125,61.33735798332856,61.36483972673195,0.013790261408406465,0.9999034548230918,0.0046513876877725124,0.0006103515625,0.0018463134765625,0.0025634765625,0.004150390625,0.008824417367577553,0.026693863794207573,0.03706255555152893,0.0600060410797596,0.0,0.0,0.0,0.0
BetaQCH,BetaQCH,BetaQCH,Beta,QCH,,,7,transformer_encoder.16.self_attn.out_proj.bias.tensor,transformer_encoder.16.self_attn.out_proj.bias,transformer_self_attn,Transformer self-attention,1,16.0,self_attn_out_proj_bias,Self-attention,512,512,0.002451110165566206,0.06382599472999573,0.0024006455205380917,0.0637395903468132,-5.0464412197470665e-05,0.0006128849345259368,0.25639522075653076,0.013914934333821051,0.0029296875,1.445281982099681,1.4432849580940765,0.009627833534322516,0.9999544941486864,0.0078125,0.0004425048828125,0.0010986328125,0.0014105988666415215,0.002305924892425537,0.006932987831532955,0.01721293479204178,0.022100692614912987,0.03612830117344856,0.0,0.0,0.0,0.0
BetaQCH,BetaQCH,BetaQCH,Beta,QCH,,,7,transformer_encoder.16.self_attn.out_proj.weight.tensor,transformer_encoder.16.self_attn.out_proj.weight,transformer_self_attn,Transformer self-attention,1,16.0,self_attn_out_proj_weight,Self-attention,512x512,262144,1.39124977067695e-05,0.06549250334501266,1.8163715139962733e-05,0.06548315286636353,4.251212885719724e-06,0.0008652839460410178,180.78268432617188,0.4430306850509663,0.00384521484375,33.532176492908455,33.527385392974836,0.01321210644184243,0.9999120606541303,0.0045166015625,0.000579833984375,0.001708984375,0.002227783203125,0.00286865234375,0.00885343924164772,0.02609434723854065,0.03401584550738335,0.04380122572183609,0.0,0.0,0.0,0.0
BetaQCH,BetaQCH,BetaQCH,Beta,QCH,,,7,transformer_encoder.17.self_attn.Wqkv.weight.tensor,transformer_encoder.17.self_attn.Wqkv.weight,transformer_self_attn,Transformer self-attention,1,17.0,self_attn_Wqkv_weight,Self-attention,1536x512,786432,-7.111241575330496e-05,0.09043940156698227,-7.095737237250432e-05,0.0905323401093483,1.5504815564781893e-07,0.0009664910030551255,593.343017578125,0.8570933831503035,0.01220703125,80.20265774021301,80.28506644782235,0.010686595772505835,0.9999417583534763,0.00384521484375,0.0006103515625,0.00189208984375,0.0026220083236694336,0.004150390625,0.006748734507709742,0.020921077579259872,0.028991878032684326,0.04589139297604561,0.0,0.0,0.0,0.0
BetaQCH,BetaQCH,BetaQCH,Beta,QCH,,,7,transformer_encoder.17.self_attn.out_proj.bias.tensor,transformer_encoder.17.self_attn.out_proj.bias,transformer_self_attn,Transformer self-attention,1,17.0,self_attn_out_proj_bias,Self-attention,512,512,-0.0052572558633983135,0.03579435124993324,-0.0052792225033044815,0.03583431988954544,-2.196675632148981e-05,0.000458074762718752,0.18770283460617065,0.010376959641951948,0.00177001953125,0.8186230655728276,0.819590077866182,0.012676114414975645,0.9999204760347238,0.005859375,0.00032329559326171875,0.0008377069607377052,0.001192944124341011,0.0015750937163829803,0.009032025933265686,0.023403320461511612,0.03332770988345146,0.044003959745168686,0.0,0.0,0.0,0.0
BetaQCH,BetaQCH,BetaQCH,Beta,QCH,,,7,transformer_encoder.17.self_attn.out_proj.weight.tensor,transformer_encoder.17.self_attn.out_proj.weight,transformer_self_attn,Transformer self-attention,1,17.0,self_attn_out_proj_weight,Self-attention,512x512,262144,-0.00015262558008544147,0.068601094186306,-0.000154230379848741,0.06856124103069305,-1.604790668352507e-06,0.0008506114827468991,177.52842712402344,0.4355137902254264,0.004425048828125,35.1238600793677,35.10345862756528,0.012399371516721236,0.9999224992250971,0.0040283203125,0.0005664825439453125,0.001678466796875,0.002197265625,0.0028076171875,0.008257630281150341,0.02446705289185047,0.03202959522604942,0.04092670604586601,0.0,0.0,0.0,0.0
BetaQCH,BetaQCH,BetaQCH,Beta,QCH,,,7,transformer_encoder.0.ff.fc1.weight.tensor,transformer_encoder.0.ff.fc1.weight,transformer_ffn,Transformer FFN,2,0.0,ff_fc1_weight,Feed-forward,4096x512,2097152,0.00048342556692659855,0.05654734745621681,0.00048337000771425664,0.05648532509803772,-5.5607472404517466e-08,0.0007316371775232255,1145.2529296875,1.059519739306466,0.00411224365234375,81.89238842071954,81.80257412094377,0.012937951374225454,0.9999140833203062,0.004875659942626953,0.00042724609375,0.001495361328125,0.00201416015625,0.0026397705078125,0.007555544842034578,0.026444407179951668,0.03561899811029434,0.04668247327208519,0.0,0.0,0.0,0.0
BetaQCH,BetaQCH,BetaQCH,Beta,QCH,,,7,transformer_encoder.0.ff.fc2.weight.tensor,transformer_encoder.0.ff.fc2.weight,transformer_ffn,Transformer FFN,2,0.0,ff_fc2_weight,Feed-forward,512x2048,1048576,-7.165218994487077e-05,0.056143082678318024,-7.060597272356972e-05,0.05606400594115257,1.0462350701345713e-06,0.0008079952676780522,673.9261474609375,0.8273867429345727,0.0042438507080078125,57.49062423560906,57.40964580661184,0.01439168132083151,0.9998951787018093,0.0052700042724609375,0.00054931640625,0.0015869140625,0.00209808349609375,0.002685546875,0.009784220717847347,0.02826552651822567,0.037370286881923676,0.047833967953920364,0.0,0.0,0.0,0.0
BetaQCH,BetaQCH,BetaQCH,Beta,QCH,,,7,transformer_encoder.1.ff.fc1.weight.tensor,transformer_encoder.1.ff.fc1.weight,transformer_ffn,Transformer FFN,2,1.0,ff_fc1_weight,Feed-forward,4096x512,2097152,-0.00020184538152534515,0.06706023961305618,-0.00019978571799583733,0.06698368489742279,2.0596432932507014e-06,0.0007923498633317649,1296.9388427734375,1.1474443150391755,0.004638671875,97.11417551489329,97.00331220182639,0.011815415298080695,0.9999275169051401,0.0039386749267578125,0.00049591064453125,0.0015869140625,0.00209808349609375,0.0027008056640625,0.007395001593977213,0.02366400510072708,0.03128654509782791,0.04027431830763817,0.0,0.0,0.0,0.0
BetaQCH,BetaQCH,BetaQCH,Beta,QCH,,,7,transformer_encoder.1.ff.fc2.weight.tensor,transformer_encoder.1.ff.fc2.weight,transformer_ffn,Transformer FFN,2,1.0,ff_fc2_weight,Feed-forward,512x2048,1048576,8.975168748293072e-05,0.06665235012769699,9.030109504237771e-05,0.06656350195407867,5.4939960136835e-07,0.0008250561659224331,689.4619750976562,0.8448567372828885,0.00460052490234375,68.25213910338269,68.16115726258614,0.012378465325506606,0.999921961016058,0.004374504089355469,0.00054931640625,0.001617431640625,0.00213623046875,0.002716064453125,0.008241514675319195,0.02426668256521225,0.03205033764243126,0.04074971377849579,0.0,0.0,0.0,0.0
BetaQCH,BetaQCH,BetaQCH,Beta,QCH,,,7,transformer_encoder.2.ff.fc1.weight.tensor,transformer_encoder.2.ff.fc1.weight,transformer_ffn,Transformer FFN,2,2.0,ff_fc1_weight,Feed-forward,4096x512,2097152,-0.0003498551668599248,0.07062771916389465,-0.00034899712773039937,0.07054806500673294,8.580445296502148e-07,0.0008255803259089589,1378.7142333984375,1.1955635953969272,0.00439453125,102.28127386953587,102.16591419567243,0.011688978345360736,0.9999286304540259,0.003907680511474609,0.00054931640625,0.001617431640625,0.00213623046875,0.00274658203125,0.0077776312828063965,0.02290080301463604,0.030246343463659286,0.03888815641403198,0.0,0.0,0.0,0.0
BetaQCH,BetaQCH,BetaQCH,Beta,QCH,,,7,transformer_encoder.2.ff.fc2.weight.tensor,transformer_encoder.2.ff.fc2.weight,transformer_ffn,Transformer FFN,2,2.0,ff_fc2_weight,Feed-forward,512x2048,1048576,8.055991202127188e-06,0.06815996021032333,8.344602974830195e-06,0.06807684898376465,2.886019956349628e-07,0.0008241467294283211,688.3489990234375,0.8439254225170607,0.00421142578125,69.7958693541835,69.7107654549317,0.01209133764398716,0.999925427604468,0.004317283630371094,0.00054931640625,0.001617431640625,0.00213623046875,0.0027313232421875,0.008059223182499409,0.02372993528842926,0.03134142607450485,0.040072251111269,0.0,0.0,0.0,0.0
BetaQCH,BetaQCH,BetaQCH,Beta,QCH,,,7,transformer_encoder.3.ff.fc1.weight.tensor,transformer_encoder.3.ff.fc1.weight,transformer_ffn,Transformer FFN,2,3.0,ff_fc1_weight,Feed-forward,4096x512,2097152,-0.0007111746817827225,0.07065483182668686,-0.0007087746635079384,0.07058250159025192,2.399972117927973e-06,0.0008169240900315344,1364.056640625,1.1830327684309236,0.004241943359375,102.32447814733774,102.21968625373735,0.011561581254560173,0.9999299873824132,0.003894805908203125,0.00054931640625,0.0015869140625,0.0021209716796875,0.002716064453125,0.007774646393954754,0.0224600899964571,0.030018774792551994,0.038441307842731476,0.0,0.0,0.0,0.0
BetaQCH,BetaQCH,BetaQCH,Beta,QCH,,,7,transformer_encoder.3.ff.fc2.weight.tensor,transformer_encoder.3.ff.fc2.weight,transformer_ffn,Transformer FFN,2,3.0,ff_fc2_weight,Feed-forward,512x2048,1048576,-2.885437606892083e-05,0.06670832633972168,-2.8948174076504074e-05,0.0666385218501091,-9.37922663979407e-08,0.0008115761447697878,677.4757080078125,0.8310530378995452,0.0040283203125,68.30940137643024,68.23791531060647,0.012166012600811387,0.9999242360644812,0.004169464111328125,0.00054931640625,0.0015869140625,0.00209808349609375,0.002685546875,0.008234599605202675,0.02378884330391884,0.031451594084501266,0.04025804251432419,0.0,0.0,0.0,0.0
BetaQCH,BetaQCH,BetaQCH,Beta,QCH,,,7,transformer_encoder.4.ff.fc1.weight.tensor,transformer_encoder.4.ff.fc1.weight,transformer_ffn,Transformer FFN,2,4.0,ff_fc1_weight,Feed-forward,4096x512,2097152,-0.001038560178130865,0.07028269022703171,-0.0010367699433118105,0.07021349668502808,1.7903200841828948e-06,0.000816853775177151,1364.57666015625,1.1829286223520987,0.0045166015625,101.79146786291815,101.69125012292109,0.011621097987752065,0.9999296342946407,0.0038938522338867188,0.00054931640625,0.0015869140625,0.0021200180053710938,0.0027008056640625,0.007815812714397907,0.02257901430130005,0.03016415238380432,0.038427747786045074,0.0,0.0,0.0,0.0
BetaQCH,BetaQCH,BetaQCH,Beta,QCH,,,7,transformer_encoder.4.ff.fc2.weight.tensor,transformer_encoder.4.ff.fc2.weight,transformer_ffn,Transformer FFN,2,4.0,ff_fc2_weight,Feed-forward,512x2048,1048576,1.6859914467204362e-05,0.06677135825157166,1.588898157933727e-05,0.06670373678207397,-9.709290225146106e-07,0.0008100036066025496,676.4434204101562,0.8294433679983222,0.004180908203125,68.37394666121921,68.30469420178967,0.012130985682427476,0.9999247661372499,0.004149436950683594,0.00054931640625,0.0015869140625,0.0020904541015625,0.002685546875,0.00822682585567236,0.02376638539135456,0.0313076451420784,0.04022003710269928,0.0,0.0,0.0,0.0
BetaQCH,BetaQCH,BetaQCH,Beta,QCH,,,7,transformer_encoder.5.ff.fc1.weight.tensor,transformer_encoder.5.ff.fc1.weight,transformer_ffn,Transformer FFN,2,5.0,ff_fc1_weight,Feed-forward,4096x512,2097152,-0.0008525169687345624,0.06985998153686523,-0.000849681964609772,0.06979294866323471,2.8350032152957283e-06,0.0008146340842358768,1359.819091796875,1.17971842137921,0.0041961669921875,101.17574437581371,101.07863101782443,0.011660091345581568,0.9999288902887659,0.003957271575927734,0.00054931640625,0.0015869140625,0.002111673355102539,0.002716064453125,0.007863104343414307,0.02271563559770584,0.03022722154855728,0.038878683000802994,0.0,0.0,0.0,0.0
BetaQCH,BetaQCH,BetaQCH,Beta,QCH,,,7,transformer_encoder.5.ff.fc2.weight.tensor,transformer_encoder.5.ff.fc2.weight,transformer_ffn,Transformer FFN,2,5.0,ff_fc2_weight,Feed-forward,512x2048,1048576,3.536560325301252e-05,0.06654928624629974,3.556517185643315e-05,0.06649455428123474,1.99571502434992e-07,0.0008029026794247329,670.2976684570312,0.8221714210460428,0.0040283203125,68.14655264001804,68.09049800059293,0.012064754403485745,0.9999254148080222,0.004093170166015625,0.00054931640625,0.0015869140625,0.0020751953125,0.002685546875,0.0082542784512043,0.023845693096518517,0.031182829290628433,0.040354251861572266,0.0,0.0,0.0,0.0
BetaQCH,BetaQCH,BetaQCH,Beta,QCH,,,7,transformer_encoder.6.ff.fc1.weight.tensor,transformer_encoder.6.ff.fc1.weight,transformer_ffn,Transformer FFN,2,6.0,ff_fc1_weight,Feed-forward,4096x512,2097152,-0.0011859332444146276,0.06967145204544067,-0.0011813107412308455,0.06960530579090118,4.6224317884480115e-06,0.0008035924984142184,1341.2445068359375,1.163740740861126,0.00457763671875,100.90981625008045,100.81391428022225,0.011532483004201156,0.9999304720758262,0.003963947296142578,0.00054931640625,0.0015869140625,0.0020751953125,0.002685546875,0.007884382270276546,0.022777102887630463,0.02978544309735298,0.038545869290828705,0.0,0.0,0.0,0.0
BetaQCH,BetaQCH,BetaQCH,Beta,QCH,,,7,transformer_encoder.6.ff.fc2.weight.tensor,transformer_encoder.6.ff.fc2.weight,transformer_ffn,Transformer FFN,2,6.0,ff_fc2_weight,Feed-forward,512x2048,1048576,-8.750530105317011e-05,0.06490107625722885,-8.647672075312585e-05,0.06484446674585342,1.0285991720593302e-06,0.0007992759929038584,667.1808471679688,0.8184583144365053,0.004058837890625,66.45883212325883,66.40086375214746,0.012315267787410522,0.999922318565431,0.004372596740722656,0.00054931640625,0.0015869140625,0.0020751953125,0.002685546875,0.008463901467621326,0.024451272562146187,0.03197474032640457,0.04137907549738884,0.0,0.0,0.0,0.0
BetaQCH,BetaQCH,BetaQCH,Beta,QCH,,,7,transformer_encoder.7.ff.fc1.weight.tensor,transformer_encoder.7.ff.fc1.weight,transformer_ffn,Transformer FFN,2,7.0,ff_fc1_weight,Feed-forward,4096x512,2097152,-0.0017821099609136581,0.06979400664567947,-0.001777785480953753,0.0697302371263504,4.324535439081956e-06,0.0008175917319022119,1365.461181640625,1.1840108507922134,0.004302978515625,101.10562140498173,101.01313439505033,0.011710633240159904,0.9999282259795387,0.004058361053466797,0.00054931640625,0.001590728759765625,0.0021209716796875,0.002716064453125,0.007870537228882313,0.02279176563024521,0.03038902021944523,0.03891543671488762,0.0,0.0,0.0,0.0
BetaQCH,BetaQCH,BetaQCH,Beta,QCH,,,7,transformer_encoder.7.ff.fc2.weight.tensor,transformer_encoder.7.ff.fc2.weight,transformer_ffn,Transformer FFN,2,7.0,ff_fc2_weight,Feed-forward,512x2048,1048576,-0.00010145736450795084,0.0664454996585846,-0.00010151410242542624,0.06640037894248962,-5.674507974617882e-08,0.0008113464573398232,677.517822265625,0.8308177928625393,0.004150390625,68.04034304183071,67.99413678192224,0.012210664375277274,0.9999235532876561,0.0045032501220703125,0.00054931640625,0.0015869140625,0.002105712890625,0.002712249755859375,0.008267171680927277,0.023882940411567688,0.031690824776887894,0.040819160640239716,0.0,0.0,0.0,0.0
BetaQCH,BetaQCH,BetaQCH,Beta,QCH,,,7,transformer_encoder.8.ff.fc1.weight.tensor,transformer_encoder.8.ff.fc1.weight,transformer_ffn,Transformer FFN,2,8.0,ff_fc1_weight,Feed-forward,4096x512,2097152,-0.001965048024430871,0.07154137641191483,-0.001962224254384637,0.07147888839244843,2.8235072022653185e-06,0.0008429036824963987,1408.179931640625,1.2206564444199501,0.0045166015625,103.64221622666605,103.55163642478085,0.011777598828554154,0.999927497117771,0.0041904449462890625,0.0005645751953125,0.00164794921875,0.002197265625,0.0028076171875,0.007891588844358921,0.02303490787744522,0.030713211745023727,0.03924465924501419,0.0,0.0,0.0,0.0
BetaQCH,BetaQCH,BetaQCH,Beta,QCH,,,7,transformer_encoder.8.ff.fc2.weight.tensor,transformer_encoder.8.ff.fc2.weight,transformer_ffn,Transformer FFN,2,8.0,ff_fc2_weight,Feed-forward,512x2048,1048576,3.0415469154831953e-05,0.07051945477724075,2.9134453143342398e-05,0.07047117501497269,-1.28101078189502e-06,0.0008265087381005287,689.9121704101562,0.8463450191688155,0.0078125,72.2120020646672,72.16256333359424,0.011720281877947188,0.9999293958343987,0.0050201416015625,0.00054931640625,0.001617431640625,0.00213623046875,0.002759695053100586,0.0077895717695355415,0.022935960441827774,0.030292779207229614,0.03913380950689316,0.0,0.0,0.0,0.0
BetaQCH,BetaQCH,BetaQCH,Beta,QCH,,,7,transformer_encoder.9.ff.fc1.weight.tensor,transformer_encoder.9.ff.fc1.weight,transformer_ffn,Transformer FFN,2,9.0,ff_fc1_weight,Feed-forward,4096x512,2097152,-0.0007123917457647622,0.07014453411102295,-0.0007083246018737555,0.07007712125778198,4.067103418492479e-06,0.000860495085362345,1438.0809326171875,1.2461384254028534,0.0045166015625,101.58553104250379,101.48784275253121,0.0122668889222172,0.9999216535126123,0.0042247772216796875,0.000579833984375,0.00170135498046875,0.002227783203125,0.0028533935546875,0.008266273885965347,0.02425498701632023,0.031759895384311676,0.04067876935005188,0.0,0.0,0.0,0.0
BetaQCH,BetaQCH,BetaQCH,Beta,QCH,,,7,transformer_encoder.9.ff.fc2.weight.tensor,transformer_encoder.9.ff.fc2.weight,transformer_ffn,Transformer FFN,2,9.0,ff_fc2_weight,Feed-forward,512x2048,1048576,-1.7453397958888672e-05,0.0699407085776329,-1.808956039894838e-05,0.06987391412258148,-6.361718760672375e-07,0.0008474880596622825,707.7817993164062,0.8678271709516635,0.00433349609375,71.61935855291675,71.55096795728902,0.012117215072660108,0.9999246572274572,0.004403114318847656,0.0005645751953125,0.00165557861328125,0.002197265625,0.0028076171875,0.008072196505963802,0.023671170696616173,0.031416114419698715,0.04014281556010246,0.0,0.0,0.0,0.0
BetaQCH,BetaQCH,BetaQCH,Beta,QCH,,,7,transformer_encoder.10.ff.fc1.weight.tensor,transformer_encoder.10.ff.fc1.weight,transformer_ffn,Transformer FFN,2,10.0,ff_fc1_weight,Feed-forward,4096x512,2097152,-0.0010418423917144537,0.0677933469414711,-0.0010361977620050311,0.06773868203163147,5.644607881549746e-06,0.0008467792649753392,1414.0728759765625,1.2262890261818165,0.00457763671875,98.18698281213248,98.10770150069769,0.01248932384986452,0.9999191226044127,0.004315853118896484,0.0005645751953125,0.0016536712646484375,0.002197265625,0.0028076171875,0.008327883668243885,0.02439282275736332,0.03241122514009476,0.04141434282064438,0.0,0.0,0.0,0.0
BetaQCH,BetaQCH,BetaQCH,Beta,QCH,,,7,transformer_encoder.10.ff.fc2.weight.tensor,transformer_encoder.10.ff.fc2.weight,transformer_ffn,Transformer FFN,2,10.0,ff_fc2_weight,Feed-forward,512x2048,1048576,-3.444885805947706e-05,0.06464735418558121,-3.592512075556442e-05,0.0645894780755043,-1.476279976486694e-06,0.0008429742301814258,703.7138671875,0.8632059884384214,0.009765625,66.19897430639503,66.13970403032319,0.01303956741751239,0.9999131917728923,0.00453948974609375,0.0005645751953125,0.00164794921875,0.002197265625,0.0028076171875,0.008733151480555534,0.02549136057496071,0.033988479524850845,0.043429724872112274,0.0,0.0,0.0,0.0
BetaQCH,BetaQCH,BetaQCH,Beta,QCH,,,7,transformer_encoder.11.ff.fc1.weight.tensor,transformer_encoder.11.ff.fc1.weight,transformer_ffn,Transformer FFN,2,11.0,ff_fc1_weight,Feed-forward,4096x512,2097152,-0.0010969180148094893,0.0668487623333931,-0.0010922439396381378,0.06679088622331619,4.674142473959364e-06,0.0008430839516222477,1406.8526611328125,1.2209291782881535,0.0048828125,96.82051391137365,96.73660477360677,0.012610232366724884,0.9999174324312844,0.0043163299560546875,0.00055694580078125,0.00164794921875,0.002197265625,0.0028076171875,0.008331429213285446,0.024651899933815002,0.03286920115351677,0.04199953377246857,0.0,0.0,0.0,0.0
BetaQCH,BetaQCH,BetaQCH,Beta,QCH,,,7,transformer_encoder.11.ff.fc2.weight.tensor,transformer_encoder.11.ff.fc2.weight,transformer_ffn,Transformer FFN,2,11.0,ff_fc2_weight,Feed-forward,512x2048,1048576,-9.978565503843129e-05,0.06456754356622696,-9.94822767097503e-05,0.06450916081666946,3.033754865100491e-07,0.0008331063436344266,696.0421142578125,0.8530999749394373,0.00390625,66.11731627734711,66.05753292585185,0.012902822179909179,0.9999148280969589,0.004390716552734375,0.00054931640625,0.00164794921875,0.0021581649780273438,0.002777099609375,0.008507623337209225,0.02552287094295025,0.03342491760849953,0.04301076382398605,0.0,0.0,0.0,0.0
BetaQCH,BetaQCH,BetaQCH,Beta,QCH,,,7,transformer_encoder.12.ff.fc1.weight.tensor,transformer_encoder.12.ff.fc1.weight,transformer_ffn,Transformer FFN,2,12.0,ff_fc1_weight,Feed-forward,4096x512,2097152,-0.001224516425281763,0.06746090948581696,-0.0012181473430246115,0.06741901487112045,6.369017228280427e-06,0.0008683148771524429,1449.83642578125,1.2574824024432822,0.005397796630859375,97.71007016935357,97.64924974910201,0.012869527166071716,0.9999137584844843,0.0043392181396484375,0.000579833984375,0.001708984375,0.00225830078125,0.0028839111328125,0.008595109917223454,0.02533295564353466,0.033475689589977264,0.04274936020374298,0.0,0.0,0.0,0.0
BetaQCH,BetaQCH,BetaQCH,Beta,QCH,,,7,transformer_encoder.12.ff.fc2.weight.tensor,transformer_encoder.12.ff.fc2.weight,transformer_ffn,Transformer FFN,2,12.0,ff_fc2_weight,Feed-forward,512x2048,1048576,-3.34338765242137e-05,0.06491831690073013,-3.418615597183816e-05,0.064877450466156,-7.522814939875389e-07,0.0008478013915009797,708.5274658203125,0.8681480655118909,0.0081787109375,66.47643350043307,66.43458954114189,0.013059486193798622,0.999912632685524,0.0044612884521484375,0.00057220458984375,0.00164794921875,0.002197265625,0.0028076171875,0.008814223110675812,0.025384962558746338,0.03384661674499512,0.043248455971479416,0.0,0.0,0.0,0.0
BetaQCH,BetaQCH,BetaQCH,Beta,QCH,,,7,transformer_encoder.13.ff.fc1.weight.tensor,transformer_encoder.13.ff.fc1.weight,transformer_ffn,Transformer FFN,2,13.0,ff_fc1_weight,Feed-forward,4096x512,2097152,-0.0013571280287578702,0.06774163991212845,-0.0013548340648412704,0.06769731640815735,2.293815441589686e-06,0.000872336036991328,1457.2359619140625,1.263276169388651,0.0054721832275390625,98.12019793186059,98.05594704045237,0.012874782114340191,0.9999140914573152,0.004368305206298828,0.0005931854248046875,0.001708984375,0.00225830078125,0.002899169921875,0.00875658355653286,0.025227971374988556,0.03333696350455284,0.042797453701496124,0.0,0.0,0.0,0.0
BetaQCH,BetaQCH,BetaQCH,Beta,QCH,,,7,transformer_encoder.13.ff.fc2.weight.tensor,transformer_encoder.13.ff.fc2.weight,transformer_ffn,Transformer FFN,2,13.0,ff_fc2_weight,Feed-forward,512x2048,1048576,4.59549373772461e-05,0.06497791409492493,4.574733611661941e-05,0.06494156271219254,-2.0761467567353975e-07,0.0008460739045403898,706.5588989257812,0.8663787507215556,0.00732421875,66.537469618864,66.50024597581388,0.013020915217910784,0.9999134198402793,0.004481315612792969,0.0005645751953125,0.00164794921875,0.002197265625,0.0028076171875,0.008688723668456078,0.02536167949438095,0.033815573900938034,0.04320878908038139,0.0,0.0,0.0,0.0
BetaQCH,BetaQCH,BetaQCH,Beta,QCH,,,7,transformer_encoder.14.ff.fc1.weight.tensor,transformer_encoder.14.ff.fc1.weight,transformer_ffn,Transformer FFN,2,14.0,ff_fc1_weight,Feed-forward,4096x512,2097152,-0.0012365194270387292,0.06819237023591995,-0.0012311602476984262,0.06814435124397278,5.359196620702278e-06,0.0008842807146720588,1478.122802734375,1.2805930523589928,0.00482177734375,98.76948482609646,98.69981418580534,0.012965472631691068,0.9999126956942799,0.004310131072998047,0.0006103515625,0.00173187255859375,0.002288818359375,0.0029296875,0.008950436487793922,0.025396864861249924,0.033564139157533646,0.04296209663152695,0.0,0.0,0.0,0.0
BetaQCH,BetaQCH,BetaQCH,Beta,QCH,,,7,transformer_encoder.14.ff.fc2.weight.tensor,transformer_encoder.14.ff.fc2.weight,transformer_ffn,Transformer FFN,2,14.0,ff_fc2_weight,Feed-forward,512x2048,1048576,5.758010229328647e-05,0.06619220972061157,5.639623122988269e-05,0.06614768505096436,-1.1838673117381404e-06,0.0008581184665672481,716.919189453125,0.8787132220758949,0.0068359375,67.78092222719273,67.73532474824344,0.0129640198628539,0.9999139214424813,0.0043506622314453125,0.000579833984375,0.0016880035400390625,0.00222015380859375,0.002838134765625,0.008759851567447186,0.025501541793346405,0.033541008830070496,0.04287716746330261,0.0,0.0,0.0,0.0
BetaQCH,BetaQCH,BetaQCH,Beta,QCH,,,7,transformer_encoder.15.ff.fc1.weight.tensor,transformer_encoder.15.ff.fc1.weight,transformer_ffn,Transformer FFN,2,15.0,ff_fc1_weight,Feed-forward,4096x512,2097152,-0.0012952552642673254,0.06821955740451813,-0.0012895169202238321,0.06816402822732925,5.738442268921062e-06,0.0009187538526020944,1535.18994140625,1.3305176220271264,0.00751495361328125,98.81042455125876,98.72985850763436,0.013465356798835487,0.9999062855468022,0.004477500915527344,0.0006103515625,0.001800537109375,0.00238037109375,0.003075897693634033,0.008946869522333145,0.026393266394734383,0.034892793744802475,0.04508820176124573,0.0,0.0,0.0,0.0
BetaQCH,BetaQCH,BetaQCH,Beta,QCH,,,7,transformer_encoder.15.ff.fc2.weight.tensor,transformer_encoder.15.ff.fc2.weight,transformer_ffn,Transformer FFN,2,15.0,ff_fc2_weight,Feed-forward,512x2048,1048576,-6.418526027118787e-05,0.06722520291805267,-6.198293704073876e-05,0.06717590987682343,2.2023173187335487e-06,0.0008830867591314018,737.4783935546875,0.9042828354868245,0.0076904296875,68.83871406910141,68.78823155730383,0.013136254035470182,0.9999117446004887,0.004268646240234375,0.0006103515625,0.0017242431640625,0.002288818359375,0.002960205078125,0.009079206734895706,0.025648757815361023,0.034047022461891174,0.04403414949774742,0.0,0.0,0.0,0.0
BetaQCH,BetaQCH,BetaQCH,Beta,QCH,,,7,transformer_encoder.16.ff.fc1.weight.tensor,transformer_encoder.16.ff.fc1.weight,transformer_ffn,Transformer FFN,2,16.0,ff_fc1_weight,Feed-forward,4096x512,2097152,-0.0005580946453846991,0.0698450431227684,-0.0005510583287104964,0.06979159265756607,7.036303486529505e-06,0.0009352311608381569,1564.435302734375,1.3543918520200715,0.005859375,101.14981057662689,101.07233157960441,0.01338995935137246,0.9999068732288177,0.004454612731933594,0.00061798095703125,0.0018310546875,0.002410888671875,0.003112316131591797,0.008847884833812714,0.02621595561504364,0.03451767563819885,0.04456029459834099,0.0,0.0,0.0,0.0
BetaQCH,BetaQCH,BetaQCH,Beta,QCH,,,7,transformer_encoder.16.ff.fc2.weight.tensor,transformer_encoder.16.ff.fc2.weight,transformer_ffn,Transformer FFN,2,16.0,ff_fc2_weight,Feed-forward,512x2048,1048576,-1.4280323739512824e-05,0.0670946016907692,-1.4137491234578192e-05,0.06702801585197449,1.428425093763508e-07,0.0009105583885684609,761.9580078125,0.9324108914198638,0.0047607421875,68.70494262151014,68.63676043354975,0.013571234555225888,0.9999061642491567,0.004317283630371094,0.0006103515625,0.00177001953125,0.0023345947265625,0.00299072265625,0.00909687951207161,0.026380950585007668,0.03479556366801262,0.04457470774650574,0.0,0.0,0.0,0.0
BetaQCH,BetaQCH,BetaQCH,Beta,QCH,,,7,transformer_encoder.17.ff.fc1.weight.tensor,transformer_encoder.17.ff.fc1.weight,transformer_ffn,Transformer FFN,2,17.0,ff_fc1_weight,Feed-forward,4096x512,2097152,-2.1685345927835442e-06,0.07129102200269699,1.8507439563109074e-06,0.07121007889509201,4.0192826418206096e-06,0.0009540905011817813,1596.877197265625,1.381676805587092,0.005157470703125,103.24059335933468,103.12337593418138,0.013383076952861702,0.9999074516673492,0.00439453125,0.000640869140625,0.001861572265625,0.00244140625,0.003143310546875,0.008989478461444378,0.02611229382455349,0.034245628863573074,0.044091250747442245,0.0,0.0,0.0,0.0
BetaQCH,BetaQCH,BetaQCH,Beta,QCH,,,7,transformer_encoder.17.ff.fc2.weight.tensor,transformer_encoder.17.ff.fc2.weight,transformer_ffn,Transformer FFN,2,17.0,ff_fc2_weight,Feed-forward,512x2048,1048576,-1.5033847375889309e-05,0.06867311894893646,-1.5240537322824821e-05,0.06857394427061081,-2.0668699107773136e-07,0.0009064195910468698,756.7664794921875,0.9281728892703147,0.007080078125,70.32134666568182,70.21978957285653,0.013199020401059356,0.9999116043187035,0.004279136657714844,0.0006103515625,0.00177001953125,0.002349853515625,0.00304412841796875,0.008887778967618942,0.025774559006094933,0.0342179499566555,0.04432779550552368,0.0,0.0,0.0,0.0
BetaQCH,BetaQCH,BetaQCH,Beta,QCH,,,7,transformer_encoder.0.deepnorm_alpha.tensor,transformer_encoder.0.deepnorm_alpha,transformer_norm_deepnorm,Transformer norm/deepnorm,3,0.0,deepnorm_alpha,Norm/deepnorm,scalar,1,2.44921875,0.0,2.44921875,0.0,0.0,0.0,0.0,0.0,0.0,2.44921875,2.44921875,0.0,0.9999999999998332,0.0,0.0,0.0,0.0,0.0,0.0,0.0,0.0,0.0,0.0,0.0,0.0,0.0
BetaQCH,BetaQCH,BetaQCH,Beta,QCH,,,7,transformer_encoder.0.norm1.weight.tensor,transformer_encoder.0.norm1.weight,transformer_norm_deepnorm,Transformer norm/deepnorm,3,0.0,norm1_weight,Norm/deepnorm,512,512,0.1100592315196991,0.06435622274875641,0.11039493978023529,0.06452314555644989,0.0003357158275321126,0.0006513004773296416,0.2962995171546936,0.016579852213754534,0.00244140625,2.8848631473656288,2.8933270996073475,0.005747188468502922,0.9999879528023543,0.037109375,0.00048828125,0.001447009388357401,0.0019464120268821716,0.0023748879320919514,0.007587163709104061,0.022484371438622475,0.03024434484541416,0.03690222278237343,0.0,0.0,0.0,0.0
BetaQCH,BetaQCH,BetaQCH,Beta,QCH,,,7,transformer_encoder.0.norm2.weight.tensor,transformer_encoder.0.norm2.weight,transformer_norm_deepnorm,Transformer norm/deepnorm,3,0.0,norm2_weight,Norm/deepnorm,512,512,0.1267099678516388,0.07354135066270828,0.12688413262367249,0.07361594587564468,0.0001741859596222639,0.0007108886493369937,0.29119932651519775,0.01656140526547693,0.0023193359375,3.315031703607501,3.3192878129326187,0.004995851245539943,0.9999885160165844,0.029296875,0.00048828125,0.00146484375,0.0019599152728915215,0.0021945834159851074,0.006639546249061823,0.019918639212846756,0.02665051817893982,0.029841486364603043,0.0,0.0,0.0,0.0
BetaQCH,BetaQCH,BetaQCH,Beta,QCH,,,7,transformer_encoder.1.deepnorm_alpha.tensor,transformer_encoder.1.deepnorm_alpha,transformer_norm_deepnorm,Transformer norm/deepnorm,3,1.0,deepnorm_alpha,Norm/deepnorm,scalar,1,2.44921875,0.0,2.44921875,0.0,0.0,0.0,0.0,0.0,0.0,2.44921875,2.44921875,0.0,0.9999999999998332,0.0,0.0,0.0,0.0,0.0,0.0,0.0,0.0,0.0,0.0,0.0,0.0,0.0
BetaQCH,BetaQCH,BetaQCH,Beta,QCH,,,7,transformer_encoder.1.norm1.weight.tensor,transformer_encoder.1.norm1.weight,transformer_norm_deepnorm,Transformer norm/deepnorm,3,1.0,norm1_weight,Norm/deepnorm,512,512,0.18544712662696838,0.0805526152253151,0.18608343601226807,0.08077777922153473,0.0006362975109368563,0.0007714704261161387,0.40818989276885986,0.02262788386235522,0.003662109375,4.5749571584561295,4.5901928058761525,0.004946031859670202,0.9999934468897095,0.009765625,0.0006103515625,0.001953125,0.0026721209287643433,0.0032878518104553223,0.007577053736895323,0.024246571585536003,0.0331723652780056,0.04081619903445244,0.0,0.0,0.0,0.0
BetaQCH,BetaQCH,BetaQCH,Beta,QCH,,,7,transformer_encoder.1.norm2.weight.tensor,transformer_encoder.1.norm2.weight,transformer_norm_deepnorm,Transformer norm/deepnorm,3,1.0,norm2_weight,Norm/deepnorm,512,512,0.1759711056947708,0.05737118050456047,0.17616060376167297,0.05752143636345863,0.00018949690274894238,0.0007071614381857216,0.2958388328552246,0.01656577867881195,0.002197265625,4.188045636967703,4.1931762939627255,0.003955491442734664,0.9999930923761192,0.001953125,0.00048828125,0.00146484375,0.0019396990537643433,0.0021348893642425537,0.008510913699865341,0.025532741099596024,0.033809635788202286,0.03721187263727188,0.0,0.0,0.0,0.0
BetaQCH,BetaQCH,BetaQCH,Beta,QCH,,,7,transformer_encoder.2.deepnorm_alpha.tensor,transformer_encoder.2.deepnorm_alpha,transformer_norm_deepnorm,Transformer norm/deepnorm,3,2.0,deepnorm_alpha,Norm/deepnorm,scalar,1,2.44921875,0.0,2.44921875,0.0,0.0,0.0,0.0,0.0,0.0,2.44921875,2.44921875,0.0,0.9999999999998332,0.0,0.0,0.0,0.0,0.0,0.0,0.0,0.0,0.0,0.0,0.0,0.0,0.0
BetaQCH,BetaQCH,BetaQCH,Beta,QCH,,,7,transformer_encoder.2.norm1.weight.tensor,transformer_encoder.2.norm1.weight,transformer_norm_deepnorm,Transformer norm/deepnorm,3,2.0,norm1_weight,Norm/deepnorm,512,512,0.23824788630008698,0.0376431904733181,0.2388654500246048,0.03776446357369423,0.0006175599992275238,0.000705085345543921,0.3915081024169922,0.021208610780269067,0.003173828125,5.457808704740754,5.47203950313341,0.0038859205090575983,0.9999960460097486,0.0,0.000732421875,0.001708984375,0.002197265625,0.0027995705604553223,0.019456949084997177,0.04539955034852028,0.05837084725499153,0.07437121123075485,0.0,0.0,0.0,0.0
BetaQCH,BetaQCH,BetaQCH,Beta,QCH,,,7,transformer_encoder.2.norm2.weight.tensor,transformer_encoder.2.norm2.weight,transformer_norm_deepnorm,Transformer norm/deepnorm,3,2.0,norm2_weight,Norm/deepnorm,512,512,0.21235376596450806,0.03058166429400444,0.21260271966457367,0.030648453161120415,0.0002489442704245448,0.0007023065118119121,0.29392725229263306,0.016860199820440232,0.00244140625,4.85458854621099,4.860379326855851,0.00347304404069345,0.9999949307845247,0.001953125,0.00048828125,0.00146484375,0.002197265625,0.00244140625,0.015966465696692467,0.04789939895272255,0.07184910029172897,0.07983233034610748,0.0,0.0,0.0,0.0
BetaQCH,BetaQCH,BetaQCH,Beta,QCH,,,7,transformer_encoder.3.deepnorm_alpha.tensor,transformer_encoder.3.deepnorm_alpha,transformer_norm_deepnorm,Transformer norm/deepnorm,3,3.0,deepnorm_alpha,Norm/deepnorm,scalar,1,2.44921875,0.0,2.44921875,0.0,0.0,0.0,0.0,0.0,0.0,2.44921875,2.44921875,0.0,0.9999999999998332,0.0,0.0,0.0,0.0,0.0,0.0,0.0,0.0,0.0,0.0,0.0,0.0,0.0
BetaQCH,BetaQCH,BetaQCH,Beta,QCH,,,7,transformer_encoder.3.norm1.weight.tensor,transformer_encoder.3.norm1.weight,transformer_norm_deepnorm,Transformer norm/deepnorm,3,3.0,norm1_weight,Norm/deepnorm,512,512,0.29953742027282715,0.029441900551319122,0.300168514251709,0.029411323368549347,0.0006310939788818359,0.0007152575999498367,0.3912353515625,0.021583674441652868,0.002685546875,6.81041944738475,6.824563640576395,0.003169213674487844,0.999997309745256,0.0,0.000732421875,0.001885984092950821,0.00244140625,0.002685546875,0.024876846000552177,0.06405780464410782,0.08292282372713089,0.0912151038646698,0.0,0.0,0.0,0.0
BetaQCH,BetaQCH,BetaQCH,Beta,QCH,,,7,transformer_encoder.3.norm2.weight.tensor,transformer_encoder.3.norm2.weight,transformer_norm_deepnorm,Transformer norm/deepnorm,3,3.0,norm2_weight,Norm/deepnorm,512,512,0.22906064987182617,0.025176841765642166,0.22935152053833008,0.02512187324464321,0.00029087066650390625,0.000660085235722363,0.28955078125,0.016321855281297173,0.002685546875,5.214264363881574,5.220671340040728,0.0031302316381104653,0.99999605951645,0.0,0.00048828125,0.0013427734375,0.001953125,0.0026231706142425537,0.019394055008888245,0.05333365127444267,0.07757622003555298,0.10418978333473206,0.0,0.0,0.0,0.0
BetaQCH,BetaQCH,BetaQCH,Beta,QCH,,,7,transformer_encoder.4.deepnorm_alpha.tensor,transformer_encoder.4.deepnorm_alpha,transformer_norm_deepnorm,Transformer norm/deepnorm,3,4.0,deepnorm_alpha,Norm/deepnorm,scalar,1,2.44921875,0.0,2.44921875,0.0,0.0,0.0,0.0,0.0,0.0,2.44921875,2.44921875,0.0,0.9999999999998332,0.0,0.0,0.0,0.0,0.0,0.0,0.0,0.0,0.0,0.0,0.0,0.0,0.0
BetaQCH,BetaQCH,BetaQCH,Beta,QCH,,,7,transformer_encoder.4.norm1.weight.tensor,transformer_encoder.4.norm1.weight,transformer_norm_deepnorm,Transformer norm/deepnorm,3,4.0,norm1_weight,Norm/deepnorm,512,512,0.2992434501647949,0.024999048560857773,0.29996347427368164,0.024944232776761055,0.0007200241088867188,0.0006387019529938698,0.40625,0.02177852062928451,0.002685546875,6.794692537538951,6.810825527081982,0.003205225329764446,0.999997866236616,0.0,0.000732421875,0.001708984375,0.002197265625,0.0025607943534851074,0.029297979548573494,0.06836195290088654,0.08789394050836563,0.1024356335401535,0.0,0.0,0.0,0.0
BetaQCH,BetaQCH,BetaQCH,Beta,QCH,,,7,transformer_encoder.4.norm2.weight.tensor,transformer_encoder.4.norm2.weight,transformer_norm_deepnorm,Transformer norm/deepnorm,3,4.0,norm2_weight,Norm/deepnorm,512,512,0.26636767387390137,0.023428261280059814,0.2666337490081787,0.023359492421150208,0.00026607513427734375,0.0006491146050393581,0.281005859375,0.01587383494269623,0.002197265625,6.0504805192778,6.056341759898901,0.0026235659948192587,0.9999970333861197,0.0,0.00048828125,0.00146484375,0.001953125,0.0020725131034851074,0.02084154076874256,0.06252462416887283,0.08336616307497025,0.08846206218004227,0.0,0.0,0.0,0.0
BetaQCH,BetaQCH,BetaQCH,Beta,QCH,,,7,transformer_encoder.5.deepnorm_alpha.tensor,transformer_encoder.5.deepnorm_alpha,transformer_norm_deepnorm,Transformer norm/deepnorm,3,5.0,deepnorm_alpha,Norm/deepnorm,scalar,1,2.44921875,0.0,2.44921875,0.0,0.0,0.0,0.0,0.0,0.0,2.44921875,2.44921875,0.0,0.9999999999998332,0.0,0.0,0.0,0.0,0.0,0.0,0.0,0.0,0.0,0.0,0.0,0.0,0.0
BetaQCH,BetaQCH,BetaQCH,Beta,QCH,,,7,transformer_encoder.5.norm1.weight.tensor,transformer_encoder.5.norm1.weight,transformer_norm_deepnorm,Transformer norm/deepnorm,3,5.0,norm1_weight,Norm/deepnorm,512,512,0.3453552722930908,0.03312533721327782,0.3462185859680176,0.03314106911420822,0.0008633136749267578,0.0006544474745169282,0.4683837890625,0.02451304397952051,0.00244140625,7.850361624971315,7.869841081694283,0.0031225369162031385,0.9999983165227553,0.0,0.0009765625,0.001953125,0.0024145543575286865,0.00244140625,0.029480822384357452,0.058961644768714905,0.07289143651723862,0.07370205223560333,0.0,0.0,0.0,0.0
BetaQCH,BetaQCH,BetaQCH,Beta,QCH,,,7,transformer_encoder.5.norm2.weight.tensor,transformer_encoder.5.norm2.weight,transformer_norm_deepnorm,Transformer norm/deepnorm,3,5.0,norm2_weight,Norm/deepnorm,512,512,0.2933690547943115,0.026023084297776222,0.2936522960662842,0.02602340281009674,0.00028324127197265625,0.0006662840023636818,0.299560546875,0.016381999667354298,0.001953125,6.664248250360399,6.670632740303266,0.0024581916897327334,0.9999977125177464,0.0,0.00048828125,0.00146484375,0.001708984375,0.001953125,0.018763381987810135,0.056290145963430405,0.06567183881998062,0.07505352795124054,0.0,0.0,0.0,0.0
BetaQCH,BetaQCH,BetaQCH,Beta,QCH,,,7,transformer_encoder.6.deepnorm_alpha.tensor,transformer_encoder.6.deepnorm_alpha,transformer_norm_deepnorm,Transformer norm/deepnorm,3,6.0,deepnorm_alpha,Norm/deepnorm,scalar,1,2.44921875,0.0,2.44921875,0.0,0.0,0.0,0.0,0.0,0.0,2.44921875,2.44921875,0.0,0.9999999999998332,0.0,0.0,0.0,0.0,0.0,0.0,0.0,0.0,0.0,0.0,0.0,0.0,0.0
BetaQCH,BetaQCH,BetaQCH,Beta,QCH,,,7,transformer_encoder.6.norm1.weight.tensor,transformer_encoder.6.norm1.weight,transformer_norm_deepnorm,Transformer norm/deepnorm,3,6.0,norm1_weight,Norm/deepnorm,512,512,0.37731361389160156,0.03207424655556679,0.37832021713256836,0.0320301353931427,0.0010066032409667969,0.0006740904063917696,0.535888671875,0.027412328552739725,0.0029296875,8.56842326202818,8.591034727292568,0.0031992267088645104,0.9999984979035227,0.0,0.0009765625,0.002197265625,0.00244140625,0.0029296875,0.03044692426919937,0.06850557774305344,0.07611731439828873,0.09134077280759811,0.0,0.0,0.0,0.0
BetaQCH,BetaQCH,BetaQCH,Beta,QCH,,,7,transformer_encoder.6.norm2.weight.tensor,transformer_encoder.6.norm2.weight,transformer_norm_deepnorm,Transformer norm/deepnorm,3,6.0,norm2_weight,Norm/deepnorm,512,512,0.3220500946044922,0.03167623281478882,0.3223996162414551,0.031627826392650604,0.0003495216369628906,0.0006292847101576626,0.287841796875,0.016288040824336845,0.0029296875,7.322325276080711,7.330089053748847,0.0022244355734293226,0.9999982516531187,0.0,0.00048828125,0.00146484375,0.001708984375,0.0025554299354553223,0.015414745546877384,0.04624423757195473,0.05395160987973213,0.08067338913679123,0.0,0.0,0.0,0.0
BetaQCH,BetaQCH,BetaQCH,Beta,QCH,,,7,transformer_encoder.7.deepnorm_alpha.tensor,transformer_encoder.7.deepnorm_alpha,transformer_norm_deepnorm,Transformer norm/deepnorm,3,7.0,deepnorm_alpha,Norm/deepnorm,scalar,1,2.44921875,0.0,2.44921875,0.0,0.0,0.0,0.0,0.0,0.0,2.44921875,2.44921875,0.0,0.9999999999998332,0.0,0.0,0.0,0.0,0.0,0.0,0.0,0.0,0.0,0.0,0.0,0.0,0.0
BetaQCH,BetaQCH,BetaQCH,Beta,QCH,,,7,transformer_encoder.7.norm1.weight.tensor,transformer_encoder.7.norm1.weight,transformer_norm_deepnorm,Transformer norm/deepnorm,3,7.0,norm1_weight,Norm/deepnorm,512,512,0.3905153274536133,0.037597835063934326,0.3915371894836426,0.03751973807811737,0.0010218620300292969,0.0006594351143576205,0.537353515625,0.027518666607801657,0.0029296875,8.87721160411634,8.900059097608171,0.0030999223444260608,0.999998620113667,0.0,0.0009765625,0.002197265625,0.002685546875,0.0029296875,0.02597389556467533,0.05844126269221306,0.07142820954322815,0.07792168110609055,0.0,0.0,0.0,0.0
BetaQCH,BetaQCH,BetaQCH,Beta,QCH,,,7,transformer_encoder.7.norm2.weight.tensor,transformer_encoder.7.norm2.weight,transformer_norm_deepnorm,Transformer norm/deepnorm,3,7.0,norm2_weight,Norm/deepnorm,512,512,0.32169532775878906,0.04555841535329819,0.3220863342285156,0.04555867612361908,0.0003910064697265625,0.0006516966968774796,0.30615234375,0.017196756817874137,0.002685546875,7.351766942229029,7.360527968750596,0.002339132476995769,0.9999982066386051,0.0,0.00048828125,0.00146484375,0.0019262731075286865,0.002436041831970215,0.010717693716287613,0.03215308114886284,0.0422813817858696,0.05347071960568428,0.0,0.0,0.0,0.0
BetaQCH,BetaQCH,BetaQCH,Beta,QCH,,,7,transformer_encoder.8.deepnorm_alpha.tensor,transformer_encoder.8.deepnorm_alpha,transformer_norm_deepnorm,Transformer norm/deepnorm,3,8.0,deepnorm_alpha,Norm/deepnorm,scalar,1,2.44921875,0.0,2.44921875,0.0,0.0,0.0,0.0,0.0,0.0,2.44921875,2.44921875,0.0,0.9999999999998332,0.0,0.0,0.0,0.0,0.0,0.0,0.0,0.0,0.0,0.0,0.0,0.0,0.0
BetaQCH,BetaQCH,BetaQCH,Beta,QCH,,,7,transformer_encoder.8.norm1.weight.tensor,transformer_encoder.8.norm1.weight,transformer_norm_deepnorm,Transformer norm/deepnorm,3,8.0,norm1_weight,Norm/deepnorm,512,512,0.3574991226196289,0.035378359258174896,0.35838747024536133,0.03533150628209114,0.0008883476257324219,0.0006646034307777882,0.482177734375,0.025103782766949786,0.0029296875,8.12879456164262,8.148694042581877,0.0030882540549621016,0.9999983819046993,0.0,0.0009765625,0.001953125,0.00244140625,0.0028049349784851074,0.027603376656770706,0.05520675331354141,0.06900843977928162,0.07928389310836792,0.0,0.0,0.0,0.0
BetaQCH,BetaQCH,BetaQCH,Beta,QCH,,,7,transformer_encoder.8.norm2.weight.tensor,transformer_encoder.8.norm2.weight,transformer_norm_deepnorm,Transformer norm/deepnorm,3,8.0,norm2_weight,Norm/deepnorm,512,512,0.2291562557220459,0.021944638341665268,0.23029279708862305,0.021792413666844368,0.0011365413665771484,0.0007163839763961732,0.5931396484375,0.030399429497259486,0.003173828125,5.208934942467921,5.23420992918355,0.005836016351329361,0.9999948556648082,0.0,0.0010986328125,0.0023193359375,0.002685546875,0.0031114518642425537,0.05006381496787071,0.10569027811288834,0.12237821519374847,0.1417863667011261,0.0,0.0,0.0,0.0
BetaQCH,BetaQCH,BetaQCH,Beta,QCH,,,7,transformer_encoder.9.deepnorm_alpha.tensor,transformer_encoder.9.deepnorm_alpha,transformer_norm_deepnorm,Transformer norm/deepnorm,3,9.0,deepnorm_alpha,Norm/deepnorm,scalar,1,2.44921875,0.0,2.44921875,0.0,0.0,0.0,0.0,0.0,0.0,2.44921875,2.44921875,0.0,0.9999999999998332,0.0,0.0,0.0,0.0,0.0,0.0,0.0,0.0,0.0,0.0,0.0,0.0,0.0
BetaQCH,BetaQCH,BetaQCH,Beta,QCH,,,7,transformer_encoder.9.norm1.weight.tensor,transformer_encoder.9.norm1.weight,transformer_norm_deepnorm,Transformer norm/deepnorm,3,9.0,norm1_weight,Norm/deepnorm,512,512,0.21958576142787933,0.03401067852973938,0.22017252445220947,0.0339769683778286,0.0005867630243301392,0.0006636863108724356,0.36927032470703125,0.020045009833351692,0.0025634765625,5.027902946998241,5.040907411178683,0.00398675353216891,0.9999955850064011,0.0,0.0006103515625,0.001708984375,0.0020751953125,0.0025634765625,0.017945874482393265,0.05024844780564308,0.06101597100496292,0.07537267357110977,0.0,0.0,0.0,0.0
BetaQCH,BetaQCH,BetaQCH,Beta,QCH,,,7,transformer_encoder.9.norm2.weight.tensor,transformer_encoder.9.norm2.weight,transformer_norm_deepnorm,Transformer norm/deepnorm,3,9.0,norm2_weight,Norm/deepnorm,512,512,0.27030277252197266,0.03048752062022686,0.27035653591156006,0.030469635501503944,5.3763389587402344e-05,0.0006246077828109264,0.25177001953125,0.014185521000372781,0.0018310546875,6.155034443861948,6.156197949494426,0.0023047021311987715,0.9999975513521253,0.0,0.00048828125,0.001220703125,0.0015734881162643433,0.0018310546875,0.01601576991379261,0.04003942385315895,0.05161087587475777,0.06005913391709328,0.0,0.0,0.0,0.0
BetaQCH,BetaQCH,BetaQCH,Beta,QCH,,,7,transformer_encoder.10.deepnorm_alpha.tensor,transformer_encoder.10.deepnorm_alpha,transformer_norm_deepnorm,Transformer norm/deepnorm,3,10.0,deepnorm_alpha,Norm/deepnorm,scalar,1,2.44921875,0.0,2.44921875,0.0,0.0,0.0,0.0,0.0,0.0,2.44921875,2.44921875,0.0,0.9999999999998332,0.0,0.0,0.0,0.0,0.0,0.0,0.0,0.0,0.0,0.0,0.0,0.0,0.0
BetaQCH,BetaQCH,BetaQCH,Beta,QCH,,,7,transformer_encoder.10.norm1.weight.tensor,transformer_encoder.10.norm1.weight,transformer_norm_deepnorm,Transformer norm/deepnorm,3,10.0,norm1_weight,Norm/deepnorm,512,512,0.2463228702545166,0.026740267872810364,0.24712920188903809,0.02668447606265545,0.0008063316345214844,0.000629096757620573,0.4375,0.02314126035859968,0.0028076171875,5.60639589730117,5.6243992802604215,0.004127653626768561,0.9999968223517799,0.0,0.000732421875,0.0018310546875,0.0023059099912643433,0.0027452409267425537,0.027390211820602417,0.06847552955150604,0.08623358607292175,0.10266314446926117,0.0,0.0,0.0,0.0
BetaQCH,BetaQCH,BetaQCH,Beta,QCH,,,7,transformer_encoder.10.norm2.weight.tensor,transformer_encoder.10.norm2.weight,transformer_norm_deepnorm,Transformer norm/deepnorm,3,10.0,norm2_weight,Norm/deepnorm,512,512,0.33830833435058594,0.027939941734075546,0.3385661840438843,0.027988912537693977,0.00025784969329833984,0.0006547912489622831,0.28436279296875,0.015923626602153487,0.00244140625,7.681105023995469,7.687010958863624,0.002073090597304246,0.9999983248594745,0.0,0.00048828125,0.00146484375,0.001708984375,0.0023166537284851074,0.017476094886660576,0.05242828652262688,0.06116633489727974,0.08291545510292053,0.0,0.0,0.0,0.0
BetaQCH,BetaQCH,BetaQCH,Beta,QCH,,,7,transformer_encoder.11.deepnorm_alpha.tensor,transformer_encoder.11.deepnorm_alpha,transformer_norm_deepnorm,Transformer norm/deepnorm,3,11.0,deepnorm_alpha,Norm/deepnorm,scalar,1,2.44921875,0.0,2.44921875,0.0,0.0,0.0,0.0,0.0,0.0,2.44921875,2.44921875,0.0,0.9999999999998332,0.0,0.0,0.0,0.0,0.0,0.0,0.0,0.0,0.0,0.0,0.0,0.0,0.0
BetaQCH,BetaQCH,BetaQCH,Beta,QCH,,,7,transformer_encoder.11.norm1.weight.tensor,transformer_encoder.11.norm1.weight,transformer_norm_deepnorm,Transformer norm/deepnorm,3,11.0,norm1_weight,Norm/deepnorm,512,512,0.25324106216430664,0.026536356657743454,0.2539398670196533,0.02650267630815506,0.0006988048553466797,0.0006126401131041348,0.4012451171875,0.021028360811709248,0.00244140625,5.761564484163635,5.777211361207113,0.0036497657657923676,0.9999973170726383,0.0,0.000732421875,0.001708984375,0.001953125,0.0023790299892425537,0.027600685134530067,0.06440159678459167,0.07360182702541351,0.0896516889333725,0.0,0.0,0.0,0.0
BetaQCH,BetaQCH,BetaQCH,Beta,QCH,,,7,transformer_encoder.11.norm2.weight.tensor,transformer_encoder.11.norm2.weight,transformer_norm_deepnorm,Transformer norm/deepnorm,3,11.0,norm2_weight,Norm/deepnorm,512,512,0.3390350341796875,0.018608592450618744,0.33951520919799805,0.01861600950360298,0.0004801750183105469,0.0005802790983580053,0.307861328125,0.017042694446315655,0.00244140625,7.683033211474052,7.693891148082039,0.002218224752804844,0.9999986740230352,0.0,0.00048828125,0.00146484375,0.001708984375,0.0023166537284851074,0.02623954601585865,0.0787186324596405,0.09183841198682785,0.12449370324611664,0.0,0.0,0.0,0.0
BetaQCH,BetaQCH,BetaQCH,Beta,QCH,,,7,transformer_encoder.12.deepnorm_alpha.tensor,transformer_encoder.12.deepnorm_alpha,transformer_norm_deepnorm,Transformer norm/deepnorm,3,12.0,deepnorm_alpha,Norm/deepnorm,scalar,1,2.44921875,0.0,2.44921875,0.0,0.0,0.0,0.0,0.0,0.0,2.44921875,2.44921875,0.0,0.9999999999998332,0.0,0.0,0.0,0.0,0.0,0.0,0.0,0.0,0.0,0.0,0.0,0.0,0.0
BetaQCH,BetaQCH,BetaQCH,Beta,QCH,,,7,transformer_encoder.12.norm1.weight.tensor,transformer_encoder.12.norm1.weight,transformer_norm_deepnorm,Transformer norm/deepnorm,3,12.0,norm1_weight,Norm/deepnorm,512,512,0.2584099769592285,0.020306674763560295,0.25929784774780273,0.020304623991250992,0.0008878707885742188,0.0005955258966423571,0.470703125,0.024190874362138817,0.002685546875,5.86517583949312,5.885200897132516,0.004124492602463102,0.999997575348643,0.0,0.00091552734375,0.0018310546875,0.002197265625,0.0026231706142425537,0.04508502408862114,0.09017004817724228,0.10820405930280685,0.12917768955230713,0.0,0.0,0.0,0.0
BetaQCH,BetaQCH,BetaQCH,Beta,QCH,,,7,transformer_encoder.12.norm2.weight.tensor,transformer_encoder.12.norm2.weight,transformer_norm_deepnorm,Transformer norm/deepnorm,3,12.0,norm2_weight,Norm/deepnorm,512,512,0.2992253303527832,0.017497792840003967,0.2996692657470703,0.017652884125709534,0.0004439353942871094,0.0006750274915248156,0.318115234375,0.01828122652492483,0.003662109375,6.782262207992182,6.79249561454286,0.0026954467350701413,0.9999977415953416,0.0,0.00048828125,0.001708984375,0.002197265625,0.0032878518104553223,0.027905290946364403,0.09766851365566254,0.12557381391525269,0.1879008412361145,0.0,0.0,0.0,0.0
BetaQCH,BetaQCH,BetaQCH,Beta,QCH,,,7,transformer_encoder.13.deepnorm_alpha.tensor,transformer_encoder.13.deepnorm_alpha,transformer_norm_deepnorm,Transformer norm/deepnorm,3,13.0,deepnorm_alpha,Norm/deepnorm,scalar,1,2.44921875,0.0,2.44921875,0.0,0.0,0.0,0.0,0.0,0.0,2.44921875,2.44921875,0.0,0.9999999999998332,0.0,0.0,0.0,0.0,0.0,0.0,0.0,0.0,0.0,0.0,0.0,0.0,0.0
BetaQCH,BetaQCH,BetaQCH,Beta,QCH,,,7,transformer_encoder.13.norm1.weight.tensor,transformer_encoder.13.norm1.weight,transformer_norm_deepnorm,Transformer norm/deepnorm,3,13.0,norm1_weight,Norm/deepnorm,512,512,0.29320549964904785,0.021444566547870636,0.2940056324005127,0.02147888019680977,0.0008001327514648438,0.0006080696475692093,0.43505859375,0.022739834998277832,0.00244140625,6.65220354327806,6.670316777749565,0.0034183913421068773,0.9999979799846357,0.0,0.000732421875,0.001708984375,0.002197265625,0.00244140625,0.03415418043732643,0.07969308644533157,0.102462537586689,0.1138472631573677,0.0,0.0,0.0,0.0
BetaQCH,BetaQCH,BetaQCH,Beta,QCH,,,7,transformer_encoder.13.norm2.weight.tensor,transformer_encoder.13.norm2.weight,transformer_norm_deepnorm,Transformer norm/deepnorm,3,13.0,norm2_weight,Norm/deepnorm,512,512,0.3176431655883789,0.018648406490683556,0.31841135025024414,0.018785744905471802,0.0007681846618652344,0.00072955631185323,0.440185546875,0.023971824717353932,0.003662109375,7.199819604944974,7.217354247336275,0.003329503519905734,0.9999975994553337,0.0,0.000732421875,0.001953125,0.002685546875,0.003412604331970215,0.039275284856557846,0.10473410040140152,0.14400938153266907,0.18299700319766998,0.0,0.0,0.0,0.0
BetaQCH,BetaQCH,BetaQCH,Beta,QCH,,,7,transformer_encoder.14.deepnorm_alpha.tensor,transformer_encoder.14.deepnorm_alpha,transformer_norm_deepnorm,Transformer norm/deepnorm,3,14.0,deepnorm_alpha,Norm/deepnorm,scalar,1,2.44921875,0.0,2.44921875,0.0,0.0,0.0,0.0,0.0,0.0,2.44921875,2.44921875,0.0,0.9999999999998332,0.0,0.0,0.0,0.0,0.0,0.0,0.0,0.0,0.0,0.0,0.0,0.0,0.0
BetaQCH,BetaQCH,BetaQCH,Beta,QCH,,,7,transformer_encoder.14.norm1.weight.tensor,transformer_encoder.14.norm1.weight,transformer_norm_deepnorm,Transformer norm/deepnorm,3,14.0,norm1_weight,Norm/deepnorm,512,512,0.2626149654388428,0.021146051585674286,0.2633543014526367,0.021181156858801842,0.0007393360137939453,0.0006429402274079621,0.4239501953125,0.022170133106931608,0.0028076171875,5.961530383461906,5.978269644870274,0.0037188660764743975,0.9999972413538818,0.0,0.000732421875,0.001708984375,0.002197265625,0.002620488405227661,0.034636326134204865,0.08081809431314468,0.1039089784026146,0.12392323464155197,0.0,0.0,0.0,0.0
BetaQCH,BetaQCH,BetaQCH,Beta,QCH,,,7,transformer_encoder.14.norm2.weight.tensor,transformer_encoder.14.norm2.weight,transformer_norm_deepnorm,Transformer norm/deepnorm,3,14.0,norm2_weight,Norm/deepnorm,512,512,0.4210224151611328,0.024189021438360214,0.4224276542663574,0.024295153096318245,0.0014052391052246094,0.0007899634656496346,0.731201171875,0.03647676637698365,0.004638671875,9.542359128476376,9.574241460728878,0.003822615129640804,0.9999984648021487,0.0,0.0013427734375,0.002685546875,0.003173828125,0.004513919353485107,0.05551166832447052,0.11102333664894104,0.13120940327644348,0.1866101771593094,0.0,0.0,0.0,0.0
BetaQCH,BetaQCH,BetaQCH,Beta,QCH,,,7,transformer_encoder.15.deepnorm_alpha.tensor,transformer_encoder.15.deepnorm_alpha,transformer_norm_deepnorm,Transformer norm/deepnorm,3,15.0,deepnorm_alpha,Norm/deepnorm,scalar,1,2.44921875,0.0,2.44921875,0.0,0.0,0.0,0.0,0.0,0.0,2.44921875,2.44921875,0.0,0.9999999999998332,0.0,0.0,0.0,0.0,0.0,0.0,0.0,0.0,0.0,0.0,0.0,0.0,0.0
BetaQCH,BetaQCH,BetaQCH,Beta,QCH,,,7,transformer_encoder.15.norm1.weight.tensor,transformer_encoder.15.norm1.weight,transformer_norm_deepnorm,Transformer norm/deepnorm,3,15.0,norm1_weight,Norm/deepnorm,512,512,0.25661516189575195,0.0307583287358284,0.25716280937194824,0.030887290835380554,0.0005476474761962891,0.0006705605192109942,0.3531494140625,0.019590288577444347,0.0023193359375,5.848099828700371,5.860751140482256,0.0033498553634975425,0.9999968812651487,0.0,0.00048828125,0.001708984375,0.001953125,0.0022569596767425537,0.01587476022541523,0.05556166172027588,0.06349904090166092,0.07337716221809387,0.0,0.0,0.0,0.0
BetaQCH,BetaQCH,BetaQCH,Beta,QCH,,,7,transformer_encoder.15.norm2.weight.tensor,transformer_encoder.15.norm2.weight,transformer_norm_deepnorm,Transformer norm/deepnorm,3,15.0,norm2_weight,Norm/deepnorm,512,512,0.5345916748046875,0.02535323053598404,0.5354433059692383,0.0254225991666317,0.0008516311645507812,0.0007811791729182005,0.47998046875,0.026149273123038837,0.0029296875,12.110023924144798,12.129346560043242,0.002159308130754442,0.9999990374767836,0.0,0.0009765625,0.001953125,0.00244140625,0.0029296875,0.03851825371384621,0.07703650742769241,0.09629563242197037,0.11555475741624832,0.0,0.0,0.0,0.0
BetaQCH,BetaQCH,BetaQCH,Beta,QCH,,,7,transformer_encoder.16.deepnorm_alpha.tensor,transformer_encoder.16.deepnorm_alpha,transformer_norm_deepnorm,Transformer norm/deepnorm,3,16.0,deepnorm_alpha,Norm/deepnorm,scalar,1,2.44921875,0.0,2.44921875,0.0,0.0,0.0,0.0,0.0,0.0,2.44921875,2.44921875,0.0,0.9999999999998332,0.0,0.0,0.0,0.0,0.0,0.0,0.0,0.0,0.0,0.0,0.0,0.0,0.0
BetaQCH,BetaQCH,BetaQCH,Beta,QCH,,,7,transformer_encoder.16.norm1.weight.tensor,transformer_encoder.16.norm1.weight,transformer_norm_deepnorm,Transformer norm/deepnorm,3,16.0,norm1_weight,Norm/deepnorm,512,512,0.255903959274292,0.03497700020670891,0.2568225860595703,0.03505904600024223,0.0009186267852783203,0.0007399267633445561,0.5062255859375,0.02669044422999128,0.0032958984375,5.8442819934567645,5.865128035062472,0.00456693298849529,0.9999961002531785,0.0,0.0009765625,0.002197265625,0.0026721209287643433,0.0032335221767425537,0.027920125052332878,0.06282027810811996,0.07639648765325546,0.09244707226753235,0.0,0.0,0.0,0.0
BetaQCH,BetaQCH,BetaQCH,Beta,QCH,,,7,transformer_encoder.16.norm2.weight.tensor,transformer_encoder.16.norm2.weight,transformer_norm_deepnorm,Transformer norm/deepnorm,3,16.0,norm2_weight,Norm/deepnorm,512,512,0.39286327362060547,0.027819156646728516,0.39374828338623047,0.028006745502352715,0.000885009765625,0.0008589763310737908,0.49853515625,0.02790688604332726,0.00537109375,8.911739330814756,8.932015396754059,0.0031314746770956933,0.9999978859127407,0.0,0.000732421875,0.002307124435901642,0.003173828125,0.005121588706970215,0.026327960193157196,0.08293291181325912,0.11408782750368118,0.1841028928756714,0.0,0.0,0.0,0.0
BetaQCH,BetaQCH,BetaQCH,Beta,QCH,,,7,transformer_encoder.17.deepnorm_alpha.tensor,transformer_encoder.17.deepnorm_alpha,transformer_norm_deepnorm,Transformer norm/deepnorm,3,17.0,deepnorm_alpha,Norm/deepnorm,scalar,1,2.44921875,0.0,2.44921875,0.0,0.0,0.0,0.0,0.0,0.0,2.44921875,2.44921875,0.0,0.9999999999998332,0.0,0.0,0.0,0.0,0.0,0.0,0.0,0.0,0.0,0.0,0.0,0.0,0.0
BetaQCH,BetaQCH,BetaQCH,Beta,QCH,,,7,transformer_encoder.17.norm1.weight.tensor,transformer_encoder.17.norm1.weight,transformer_norm_deepnorm,Transformer norm/deepnorm,3,17.0,norm1_weight,Norm/deepnorm,512,512,0.27333498001098633,0.019559422507882118,0.27392029762268066,0.019636506214737892,0.0005853176116943359,0.0007686301250942051,0.3900146484375,0.021860812899978998,0.002685546875,6.2006788066770735,6.214013831293571,0.0035255515696821942,0.9999962683370315,0.0,0.000732421875,0.001953125,0.00244140625,0.002685546875,0.03744596987962723,0.09985591471195221,0.12481989711523056,0.13730189204216003,0.0,0.0,0.0,0.0
BetaQCH,BetaQCH,BetaQCH,Beta,QCH,,,7,transformer_encoder.17.norm2.weight.tensor,transformer_encoder.17.norm2.weight,transformer_norm_deepnorm,Transformer norm/deepnorm,3,17.0,norm2_weight,Norm/deepnorm,512,512,0.24103976786136627,0.018107499927282333,0.2447354644536972,0.018506301566958427,0.0036956979893147945,0.0007861109916120768,1.8941795825958252,0.08549497741557423,0.007080078125,5.469475223955573,5.553540847827296,0.01563129439568571,0.9999961117834198,0.001953125,0.003662109375,0.0048828125,0.0058325231075286865,0.006705820560455322,0.20224258303642273,0.269656777381897,0.3221052289009094,0.3703337013721466,0.0,0.0,0.0,0.0
BetaQCH,BetaQCH,BetaQCH,Beta,QCH,,,7,upsample.linear.bias.tensor,upsample.linear.bias,upsample,Upsample,4,,linear_bias,Upsample,1024,1024,0.0006987148080952466,0.0231142770498991,0.0007081230287440121,0.023218020796775818,9.408220648765564e-06,0.0006060786545276642,0.4949249029159546,0.01939685448189826,0.0020751953125,0.73999470476885,0.7433221676405549,0.026212153082812918,0.9996681302241327,0.0068359375,0.0004119873046875,0.0011661527678370476,0.0015763863921165466,0.0019068759866058826,0.017823925241827965,0.050451599061489105,0.06819965690374374,0.08249771595001221,0.0,0.0,0.0,0.0
BetaQCH,BetaQCH,BetaQCH,Beta,QCH,,,7,upsample.linear.weight.tensor,upsample.linear.weight,upsample,Upsample,4,,linear_weight,Upsample,1024x512,524288,2.0732361008413136e-05,0.06463779509067535,2.0655883417930454e-05,0.06461627036333084,-7.649737199244555e-08,0.0009322411497123539,388.0285339355469,0.6750142590464862,0.0069580078125,46.802790736270474,46.78720684769903,0.014422521572487343,0.9998948076161083,0.004856109619140625,0.0006103515625,0.0018310546875,0.00244140625,0.00341796875,0.009442641399800777,0.028327923268079758,0.03777056559920311,0.052878789603710175,0.0,0.0,0.0,0.0
BetaQCH,BetaQCH,BetaQCH,Beta,QCH,,,7,crf.linear.weight.tensor,crf.linear.weight,crf,CRF head,5,,linear_weight,CRF,4096x512,2097152,-0.00031572766602039337,0.03356962278485298,-0.0003202489751856774,0.03343302756547928,-4.521255050349282e-06,0.0010375517886132002,1759.7799072265625,1.5025392338712855,0.0047779083251953125,48.61623023021093,48.418494255165555,0.03090612387583996,0.9995253496938812,0.010089397430419922,0.000732421875,0.0019989013671875,0.0025634765625,0.00323486328125,0.02181798778474331,0.05954492464661598,0.0763629600405693,0.09636278450489044,0.0,0.0,0.0,0.0
BetaQCL,BetaQCL,BetaQCL,Beta,QCL,,,8,conv.0.conv.bias.tensor,conv.0.conv.bias,conv,Convolution front-end,0,0.0,conv_bias,Conv,64,64,-0.34886807203292847,0.4828624725341797,-0.34870052337646484,0.48141470551490784,0.0001675578678259626,0.010194698348641396,0.34765803813934326,0.0815685997158277,0.057636916637420654,4.765644611255755,4.75547454968997,0.017115963603991258,0.9998554618175679,0.046875,0.0029295682907104492,0.0189259871840477,0.036852072924375534,0.05555844306945801,0.006067086476832628,0.03919539973139763,0.07632002234458923,0.11506059765815735,0.0,0.0,0.0,0.0
BetaQCL,BetaQCL,BetaQCL,Beta,QCL,,,8,conv.0.conv.weight.tensor,conv.0.conv.weight,conv,Convolution front-end,0,0.0,conv_weight,Conv,64x1x5,320,-0.001664625247940421,0.7632753252983093,-0.0019146669656038284,0.8976837992668152,-0.0002500424743629992,0.13772600889205933,15.71289348602295,2.4637216471333003,0.9349865913391113,13.653916777224586,16.058292060380655,0.18044065210963717,0.9993412692283066,0.3125,0.002433858346194029,0.2499135434627533,0.707949161529541,0.9094177484512329,0.0031887032091617584,0.32742252945899963,0.9275147914886475,1.191467523574829,0.0062500000931322575,0.0,0.0,0.0
BetaQCL,BetaQCL,BetaQCL,Beta,QCL,,,8,conv.1.conv.bias.tensor,conv.1.conv.bias,conv,Convolution front-end,0,1.0,conv_bias,Conv,64,64,-0.35623908042907715,3.126411199569702,-0.3843359351158142,3.0940744876861572,-0.028096932917833328,0.16603533923625946,6.138566017150879,1.3471669953727454,0.8041791915893555,25.173133406626448,24.942827692952388,0.053516063082479456,0.9985970623373864,0.0,0.048121705651283264,0.39183205366134644,0.584601104259491,0.7822214961051941,0.015391995199024677,0.1253296583890915,0.18698792159557343,0.2501979172229767,0.0,0.0,0.0,0.0
BetaQCL,BetaQCL,BetaQCL,Beta,QCL,,,8,conv.1.conv.weight.tensor,conv.1.conv.weight,conv,Convolution front-end,0,1.0,conv_weight,Conv,64x64x5,20480,-0.005043329205363989,0.2731286585330963,-0.005386549048125744,0.2714720368385315,-0.0003432199009694159,0.014096522703766823,105.37614440917969,2.017927998047491,0.252291202545166,39.093653202318215,38.85756240746452,0.05161779042762313,0.9986780578169425,0.08203125,0.001368512399494648,0.02113395184278488,0.05688682943582535,0.1882108449935913,0.005010504275560379,0.07737727463245392,0.20827850699424744,0.6890922784805298,0.0,0.0,0.0,0.0
BetaQCL,BetaQCL,BetaQCL,Beta,QCL,,,8,conv.2.conv.bias.tensor,conv.2.conv.bias,conv,Convolution front-end,0,2.0,conv_bias,Conv,128,128,-0.23985695838928223,0.8994260430335999,-0.2434178739786148,0.9017988443374634,-0.003560919314622879,0.04856480658054352,3.654482126235962,0.5509230519097189,0.2181994915008545,10.53146805806331,10.567835797474467,0.052312084969754806,0.998642321333573,0.015625,0.013579785823822021,0.10661816596984863,0.19951611757278442,0.21620714664459229,0.01509827934205532,0.1185402199625969,0.22182604670524597,0.24038346111774445,0.0,0.0,0.0,0.0
BetaQCL,BetaQCL,BetaQCL,Beta,QCL,,,8,conv.2.conv.weight.tensor,conv.2.conv.weight,conv,Convolution front-end,0,2.0,conv_weight,Conv,128x64x9,73728,0.0019348718924447894,0.13461939990520477,0.001924008596688509,0.13547690212726593,-1.086340216716053e-05,0.0064076692797243595,240.09317016601562,1.7398703865578247,0.22127008438110352,36.55684384668964,36.78961579139044,0.04759356124545005,0.9988947543402995,0.02734375,0.001432960038073361,0.012451204471290112,0.024697840213775635,0.05420595034956932,0.010644527152180672,0.09249189496040344,0.1834641695022583,0.40266069769859314,8.138021075865254e-05,0.0,0.0,0.0
BetaQCL,BetaQCL,BetaQCL,Beta,QCL,,,8,conv.3.conv.bias.tensor,conv.3.conv.bias,conv,Convolution front-end,0,3.0,conv_bias,Conv,128,128,-0.27887842059135437,0.6861683130264282,-0.2884509861469269,0.7104572057723999,-0.009572614915668964,0.035826291888952255,2.6070520877838135,0.4195476550086139,0.20716643333435059,8.379785792997541,8.675139271610337,0.05006663241429791,0.9993892927615845,0.015625,0.008286770433187485,0.08911295235157013,0.12282297760248184,0.19692327082157135,0.012076877057552338,0.12987039983272552,0.17899832129478455,0.2869897484779358,0.0,0.0,0.0,0.0
BetaQCL,BetaQCL,BetaQCL,Beta,QCL,,,8,conv.3.conv.weight.tensor,conv.3.conv.weight,conv,Convolution front-end,0,3.0,conv_weight,Conv,128x128x9,147456,2.159507403121097e-06,0.045519500970840454,-3.5285029298393056e-05,0.046856336295604706,-3.7444533518282697e-05,0.0028173313476145267,186.7234344482422,1.0819507665344708,0.13250291347503662,17.479488886643146,17.992838812570856,0.06189830684129303,0.9985578538581629,0.0060221352614462376,0.0005288338288664818,0.004786288365721703,0.011266456916928291,0.026958610862493515,0.01161773968487978,0.1051480621099472,0.24750830233097076,0.592242956161499,0.00021701389050576836,4.069010537932627e-05,0.0,0.0
BetaQCL,BetaQCL,BetaQCL,Beta,QCL,,,8,conv.4.conv.bias.tensor,conv.4.conv.bias,conv,Convolution front-end,0,4.0,conv_bias,Conv,512,512,0.018486348912119865,0.1553741842508316,0.018094085156917572,0.15668196976184845,-0.00039226264925673604,0.006533532403409481,1.8020455837249756,0.1481031617834229,0.06813371181488037,3.5405137074041804,3.5688706038584477,0.04183098104482887,0.9991638192743267,0.03515625,0.0019220028771087527,0.012482217513024807,0.026185208931565285,0.05269978940486908,0.01237015426158905,0.08033648878335953,0.16852997243404388,0.33917978405952454,0.0,0.0,0.0,0.0
BetaQCL,BetaQCL,BetaQCL,Beta,QCL,,,8,conv.4.conv.weight.tensor,conv.4.conv.weight,conv,Convolution front-end,0,4.0,conv_weight,Conv,512x128x5,327680,0.0007904483936727047,0.04287688806653023,0.0007892389548942447,0.04272487759590149,-1.2094021712982794e-06,0.001966290408745408,315.81011962890625,1.1255703645840551,0.07055914402008057,24.54832830078825,24.46131676885785,0.04585120219969794,0.9989514510088483,0.02373352088034153,0.00046384544111788273,0.0034695640206336975,0.007573534268885851,0.019282445311546326,0.010818073526024818,0.08091919124126434,0.17663437128067017,0.4497164189815521,7.324219041038305e-05,0.0,0.0,0.0
BetaQCL,BetaQCL,BetaQCL,Beta,QCL,,,8,transformer_encoder.0.self_attn.Wqkv.weight.tensor,transformer_encoder.0.self_attn.Wqkv.weight,transformer_self_attn,Transformer self-attention,1,0.0,self_attn_Wqkv_weight,Self-attention,1536x512,786432,-5.857439828105271e-05,0.08021117746829987,-5.970039273961447e-05,0.08017904311418533,-1.125982294070127e-06,0.0006923254695720971,420.12017822265625,0.6139611769697622,0.003662109375,71.13212906385026,71.10363942206124,0.008631277947812363,0.9999615120549247,0.0058085122145712376,0.00042724609375,0.00140380859375,0.0019089579582214355,0.00250244140625,0.0053265150636434555,0.017501406371593475,0.023799149319529533,0.031198160722851753,0.0,0.0,0.0,0.0
BetaQCL,BetaQCL,BetaQCL,Beta,QCL,,,8,transformer_encoder.0.self_attn.out_proj.bias.tensor,transformer_encoder.0.self_attn.out_proj.bias,transformer_self_attn,Transformer self-attention,1,0.0,self_attn_out_proj_bias,Self-attention,512,512,-0.0022732503712177277,0.02975558303296566,-0.002238721353933215,0.029725681990385056,3.452890086919069e-05,0.00035153934732079506,0.14003998041152954,0.007992705700198608,0.0014075040817260742,0.6752539766188196,0.674520253190565,0.011836591826098418,0.9999305463815208,0.048828125,0.00021377205848693848,0.0007337212446145713,0.0010530962608754635,0.0012896957341581583,0.007184265181422234,0.024658264592289925,0.03539154306054115,0.04334297403693199,0.0,0.0,0.0,0.0
BetaQCL,BetaQCL,BetaQCL,Beta,QCL,,,8,transformer_encoder.0.self_attn.out_proj.weight.tensor,transformer_encoder.0.self_attn.out_proj.weight,transformer_self_attn,Transformer self-attention,1,0.0,self_attn_out_proj_weight,Self-attention,512x512,262144,-1.71788597072009e-05,0.029549462720751762,-1.9958239136030897e-05,0.029541034251451492,-2.779392389129498e-06,0.0007363020558841527,150.08328247070312,0.37698917513011326,0.0037841796875,15.129331866915267,15.12501715036476,0.024917767581956875,0.9996889387962027,0.012943267822265625,0.000457763671875,0.0014801025390625,0.001995086669921875,0.0026201605796813965,0.015491433441638947,0.05008896812796593,0.06751682609319687,0.08867029845714569,0.0,0.0,0.0,0.0
BetaQCL,BetaQCL,BetaQCL,Beta,QCL,,,8,transformer_encoder.1.self_attn.Wqkv.weight.tensor,transformer_encoder.1.self_attn.Wqkv.weight,transformer_self_attn,Transformer self-attention,1,1.0,self_attn_Wqkv_weight,Self-attention,1536x512,786432,0.00025529079721309245,0.06557293981313705,0.00025694776559248567,0.06552068889141083,1.6569337049077149e-06,0.0007304110913537443,445.5847473144531,0.6477367797409397,0.00385284423828125,58.15122896111053,58.10490033860634,0.011138832167659119,0.9999364079927656,0.0044911704026162624,0.000457763671875,0.00146484375,0.001983642578125,0.002574920654296875,0.006980983540415764,0.022339148446917534,0.030250929296016693,0.03926803171634674,0.0,0.0,0.0,0.0
BetaQCL,BetaQCL,BetaQCL,Beta,QCL,,,8,transformer_encoder.1.self_attn.out_proj.bias.tensor,transformer_encoder.1.self_attn.out_proj.bias,transformer_self_attn,Transformer self-attention,1,1.0,self_attn_out_proj_bias,Self-attention,512,512,-0.00044205912854522467,0.029170624911785126,-0.0004708078922703862,0.029243357479572296,-2.8748763725161552e-05,0.00036276268656365573,0.1426633596420288,0.008234118376459525,0.001800537109375,0.6601316910187729,0.661787399279995,0.01247344808388072,0.9999255391913782,0.0078125,0.0002288818359375,0.000701904296875,0.0010351851815357804,0.0014964528381824493,0.007846309803426266,0.0240620169788599,0.03548723831772804,0.05129997804760933,0.0,0.0,0.0,0.0
BetaQCL,BetaQCL,BetaQCL,Beta,QCL,,,8,transformer_encoder.1.self_attn.out_proj.weight.tensor,transformer_encoder.1.self_attn.out_proj.weight,transformer_self_attn,Transformer self-attention,1,1.0,self_attn_out_proj_weight,Self-attention,512x512,262144,-6.949186354177073e-05,0.046070944517850876,-6.813222717028111e-05,0.04605219140648842,1.359625457553193e-06,0.0007895753369666636,164.18511962890625,0.40426305730795503,0.0043487548828125,23.588355654028483,23.57875402987958,0.017138246651749834,0.9998528129561329,0.00860595703125,0.000518798828125,0.001556396484375,0.0020751953125,0.0026702880859375,0.0112608652561903,0.03378259763121605,0.0450434610247612,0.05796033516526222,0.0,0.0,0.0,0.0
BetaQCL,BetaQCL,BetaQCL,Beta,QCL,,,8,transformer_encoder.2.self_attn.Wqkv.weight.tensor,transformer_encoder.2.self_attn.Wqkv.weight,transformer_self_attn,Transformer self-attention,1,2.0,self_attn_Wqkv_weight,Self-attention,1536x512,786432,-0.00013327761553227901,0.07562576979398727,-0.00013176020001992583,0.07558082044124603,1.5174367717918358e-06,0.0007889085100032389,491.70977783203125,0.699612661041943,0.004180908203125,67.06584189017163,67.02597954221743,0.010431728601687165,0.9999440724886378,0.0040918984450399876,0.000518798828125,0.001556396484375,0.0020751953125,0.002685546875,0.0068600792437791824,0.020580237731337547,0.02744031697511673,0.03551099821925163,0.0,0.0,0.0,0.0
BetaQCL,BetaQCL,BetaQCL,Beta,QCL,,,8,transformer_encoder.2.self_attn.out_proj.bias.tensor,transformer_encoder.2.self_attn.out_proj.bias,transformer_self_attn,Transformer self-attention,1,2.0,self_attn_out_proj_bias,Self-attention,512,512,-0.0003780202241614461,0.041862670332193375,-0.00039613223634660244,0.04188653826713562,-1.8112012185156345e-05,0.00035084245610050857,0.13777214288711548,0.007949230058032858,0.002197265625,0.9472827083974211,0.947826573348843,0.008391613176886432,0.999964914148604,0.001953125,0.0002288818359375,0.0006977079901844263,0.0008748630061745644,0.0018230080604553223,0.005467443261295557,0.016666585579514503,0.020898398011922836,0.04354733228683472,0.0,0.0,0.0,0.0
BetaQCL,BetaQCL,BetaQCL,Beta,QCL,,,8,transformer_encoder.2.self_attn.out_proj.weight.tensor,transformer_encoder.2.self_attn.out_proj.weight,transformer_self_attn,Transformer self-attention,1,2.0,self_attn_out_proj_weight,Self-attention,512x512,262144,-8.489452739013359e-05,0.05466361343860626,-8.623895701020956e-05,0.05463267117738724,-1.3444375781546114e-06,0.0007870542467571795,163.720947265625,0.4029722582341543,0.005126953125,27.987814295214935,27.971973016111367,0.014398132486645657,0.999895612025497,0.005672454833984375,0.000518798828125,0.001544952392578125,0.0020616138353943825,0.0027008056640625,0.00949075073003769,0.028262896463274956,0.03771454840898514,0.049407731741666794,0.0,0.0,0.0,0.0
BetaQCL,BetaQCL,BetaQCL,Beta,QCL,,,8,transformer_encoder.3.self_attn.Wqkv.weight.tensor,transformer_encoder.3.self_attn.Wqkv.weight,transformer_self_attn,Transformer self-attention,1,3.0,self_attn_Wqkv_weight,Self-attention,1536x512,786432,-0.00014777800242882222,0.079198457300663,-0.00014892677427269518,0.07916267216205597,-1.1487737765492056e-06,0.0007998899673111737,498.5065612792969,0.709350617447647,0.003933429718017578,70.23416122047554,70.2024346866795,0.010099794816668761,0.9999472692411233,0.0039393105544149876,0.0005340576171875,0.0015869140625,0.0020904541015625,0.002685546875,0.006743282545357943,0.020037181675434113,0.02639513462781906,0.03390907868742943,0.0,0.0,0.0,0.0
BetaQCL,BetaQCL,BetaQCL,Beta,QCL,,,8,transformer_encoder.3.self_attn.out_proj.bias.tensor,transformer_encoder.3.self_attn.out_proj.bias,transformer_self_attn,Transformer self-attention,1,3.0,self_attn_out_proj_bias,Self-attention,512,512,0.0031509939581155777,0.04125424474477768,0.0031268263701349497,0.04124116897583008,-2.416770439594984e-05,0.00034299245453439653,0.14005154371261597,0.007780275204331997,0.001007080078125,0.9361959288482714,0.9358594209075669,0.008310520228276521,0.9999655392159617,0.009765625,0.00023651123046875,0.00067138671875,0.0008494574576616287,0.0009797904640436172,0.0057330140843987465,0.016274362802505493,0.020590784028172493,0.023750046268105507,0.0,0.0,0.0,0.0
BetaQCL,BetaQCL,BetaQCL,Beta,QCL,,,8,transformer_encoder.3.self_attn.out_proj.weight.tensor,transformer_encoder.3.self_attn.out_proj.weight,transformer_self_attn,Transformer self-attention,1,3.0,self_attn_out_proj_weight,Self-attention,512x512,262144,-5.6098444474628195e-05,0.06004486232995987,-5.560688805417158e-05,0.06004375219345093,4.915380031889072e-07,0.0007787813665345311,162.1937255859375,0.3987360378140869,0.00372314453125,30.742993556776984,30.74242574558254,0.01296998085361068,0.9999152070731353,0.005168914794921875,0.000518798828125,0.00152587890625,0.002025201916694641,0.00262451171875,0.008640184998512268,0.025412309914827347,0.03372814133763313,0.043709173798561096,0.0,0.0,0.0,0.0
BetaQCL,BetaQCL,BetaQCL,Beta,QCL,,,8,transformer_encoder.4.self_attn.Wqkv.weight.tensor,transformer_encoder.4.self_attn.Wqkv.weight,transformer_self_attn,Transformer self-attention,1,4.0,self_attn_Wqkv_weight,Self-attention,1536x512,786432,8.962970605352893e-05,0.08053357899188995,9.234440949512646e-05,0.08050274848937988,2.714691390792723e-06,0.0007873724680393934,490.9602966308594,0.6982533273941998,0.0045166015625,71.41809256282683,71.39074982206203,0.009776980906903014,0.9999504176729378,0.0034243266563862562,0.000518798828125,0.001556396484375,0.0020751953125,0.002655029296875,0.006442018318921328,0.01932605542242527,0.02576807327568531,0.03296797722578049,0.0,0.0,0.0,0.0
BetaQCL,BetaQCL,BetaQCL,Beta,QCL,,,8,transformer_encoder.4.self_attn.out_proj.bias.tensor,transformer_encoder.4.self_attn.out_proj.bias,transformer_self_attn,Transformer self-attention,1,4.0,self_attn_out_proj_bias,Self-attention,512,512,0.005694971419870853,0.0415608175098896,0.00570899061858654,0.04155723378062248,1.4018849469721317e-05,0.00030518160201609135,0.12493818998336792,0.0069127535254426805,0.00095367431640625,0.9492017642412698,0.949164526375715,0.007282701935305613,0.9999734715508908,0.001953125,0.0001983642578125,0.0006019589491188526,0.0008070375770330429,0.0009185876697301865,0.004772865679115057,0.014483804814517498,0.019418226554989815,0.022102246060967445,0.0,0.0,0.0,0.0
BetaQCL,BetaQCL,BetaQCL,Beta,QCL,,,8,transformer_encoder.4.self_attn.out_proj.weight.tensor,transformer_encoder.4.self_attn.out_proj.weight,transformer_self_attn,Transformer self-attention,1,4.0,self_attn_out_proj_weight,Self-attention,512x512,262144,0.0001113375328714028,0.06491848826408386,0.00011254701530560851,0.06491027772426605,1.2094503745174734e-06,0.0007480212370865047,155.85736083984375,0.3829873133517813,0.00347900390625,33.23832692770689,33.23412339761367,0.011522460627599105,0.999932985983237,0.004039764404296875,0.00048828125,0.00146484375,0.001953125,0.00250244140625,0.007521450519561768,0.022564351558685303,0.03008580207824707,0.03854743391275406,0.0,0.0,0.0,0.0
BetaQCL,BetaQCL,BetaQCL,Beta,QCL,,,8,transformer_encoder.5.self_attn.Wqkv.weight.tensor,transformer_encoder.5.self_attn.Wqkv.weight,transformer_self_attn,Transformer self-attention,1,5.0,self_attn_Wqkv_weight,Self-attention,1536x512,786432,-0.00015342856931965798,0.08280777931213379,-0.0001533960021333769,0.08278235048055649,3.2522166293347254e-08,0.0008043840643949807,501.6910400390625,0.7133352904723702,0.0045166015625,73.43495008870946,73.41239930075675,0.009713839113537235,0.9999511378495866,0.0036404926795512438,0.000537872314453125,0.0015869140625,0.002105712890625,0.002716064453125,0.0064954315312206745,0.01916382648050785,0.025428922846913338,0.032799627631902695,0.0,0.0,0.0,0.0
BetaQCL,BetaQCL,BetaQCL,Beta,QCL,,,8,transformer_encoder.5.self_attn.out_proj.bias.tensor,transformer_encoder.5.self_attn.out_proj.bias,transformer_self_attn,Transformer self-attention,1,5.0,self_attn_out_proj_bias,Self-attention,512,512,0.0076002441346645355,0.05128750950098038,0.007612476125359535,0.05121912434697151,1.2231525033712387e-05,0.00032005549292080104,0.12994647026062012,0.007247315431376002,0.00103759765625,1.1731769704307082,1.171686996638104,0.006177512527124632,0.9999817284277872,0.00390625,0.000213623046875,0.00065267039462924,0.00079345703125,0.0009830184280872345,0.004165205173194408,0.012725714594125748,0.015470761805772781,0.019166816025972366,0.0,0.0,0.0,0.0
BetaQCL,BetaQCL,BetaQCL,Beta,QCL,,,8,transformer_encoder.5.self_attn.out_proj.weight.tensor,transformer_encoder.5.self_attn.out_proj.weight,transformer_self_attn,Transformer self-attention,1,5.0,self_attn_out_proj_weight,Self-attention,512x512,262144,-3.0022030841792002e-05,0.05985739827156067,-3.2061481761047617e-05,0.059850987046957016,-2.0394586499605794e-06,0.0007758548599667847,161.64002990722656,0.39723900449790744,0.0038738250732421875,30.647003614813737,30.64372135840238,0.012961756701913999,0.9999152579952323,0.005207061767578125,0.000518798828125,0.00152587890625,0.00201416015625,0.00262451171875,0.00866724457591772,0.025491897016763687,0.03364930301904678,0.04384606331586838,0.0,0.0,0.0,0.0
BetaQCL,BetaQCL,BetaQCL,Beta,QCL,,,8,transformer_encoder.6.self_attn.Wqkv.weight.tensor,transformer_encoder.6.self_attn.Wqkv.weight,transformer_self_attn,Transformer self-attention,1,6.0,self_attn_Wqkv_weight,Self-attention,1536x512,786432,-5.458114901557565e-05,0.08206424862146378,-5.3749041398987174e-05,0.08203624933958054,8.321055702253943e-07,0.0007751074153929949,483.05792236328125,0.6873728461154643,0.0040283203125,72.77547341824717,72.75064097118836,0.009445116793195717,0.9999535307742885,0.0033238728065043688,0.0005035400390625,0.00152587890625,0.00202178955078125,0.0026254504919052124,0.006135923787951469,0.01859370991587639,0.024636665359139442,0.03199262171983719,0.0,0.0,0.0,0.0
BetaQCL,BetaQCL,BetaQCL,Beta,QCL,,,8,transformer_encoder.6.self_attn.out_proj.bias.tensor,transformer_encoder.6.self_attn.out_proj.bias,transformer_self_attn,Transformer self-attention,1,6.0,self_attn_out_proj_bias,Self-attention,512,512,0.013186391443014145,0.06983010470867157,0.013182919472455978,0.06975353509187698,-3.4726690500974655e-06,0.00031674071215093136,0.1304987668991089,0.007167454781997238,0.001800537109375,1.607999788132459,1.6062827912185917,0.0044573729641576056,0.9999906015928225,0.0,0.000244140625,0.0005518197431229055,0.0007731635123491287,0.001363903284072876,0.0034962084610015154,0.007902317680418491,0.011072064749896526,0.01953173615038395,0.0,0.0,0.0,0.0
BetaQCL,BetaQCL,BetaQCL,Beta,QCL,,,8,transformer_encoder.6.self_attn.out_proj.weight.tensor,transformer_encoder.6.self_attn.out_proj.weight,transformer_self_attn,Transformer self-attention,1,6.0,self_attn_out_proj_weight,Self-attention,512x512,262144,6.82807803968899e-05,0.0660417228937149,6.76067647873424e-05,0.06604156643152237,-6.740012850059429e-07,0.0007273635710589588,151.42410278320312,0.372410235982314,0.003662109375,33.81339171074642,33.8133104830082,0.011013690645648694,0.9999386628431944,0.004058837890625,0.00048828125,0.001434326171875,0.00189208984375,0.00244140625,0.007393525913357735,0.021718483418226242,0.028649913147091866,0.03696763142943382,0.0,0.0,0.0,0.0
BetaQCL,BetaQCL,BetaQCL,Beta,QCL,,,8,transformer_encoder.7.self_attn.Wqkv.weight.tensor,transformer_encoder.7.self_attn.Wqkv.weight,transformer_self_attn,Transformer self-attention,1,7.0,self_attn_Wqkv_weight,Self-attention,1536x512,786432,5.859726297785528e-05,0.08321157097816467,5.868020889465697e-05,0.08318565785884857,8.2926284505902e-08,0.0007860413170419633,490.21453857421875,0.6970687930324899,0.004150390625,73.79294300608969,73.76994897038868,0.009446279883090658,0.9999534512059445,0.0035082499962300062,0.000518798828125,0.001556396484375,0.0020751953125,0.002655029296875,0.006234695203602314,0.018704084679484367,0.024938780814409256,0.03190696984529495,0.0,0.0,0.0,0.0
BetaQCL,BetaQCL,BetaQCL,Beta,QCL,,,8,transformer_encoder.7.self_attn.out_proj.bias.tensor,transformer_encoder.7.self_attn.out_proj.bias,transformer_self_attn,Transformer self-attention,1,7.0,self_attn_out_proj_bias,Self-attention,512,512,0.02039126306772232,0.06323306262493134,0.02036481909453869,0.06314145028591156,-2.6441877707839012e-05,0.0003335328365210444,0.13435673713684082,0.007570666299983012,0.0020751953125,1.503357150417094,1.5012005134449504,0.005035840151408837,0.9999883533246264,0.00390625,0.000213623046875,0.0006206508260220289,0.0008544921875,0.0015449970960617065,0.0033783437684178352,0.009815288707613945,0.013513375073671341,0.024433372542262077,0.0,0.0,0.0,0.0
BetaQCL,BetaQCL,BetaQCL,Beta,QCL,,,8,transformer_encoder.7.self_attn.out_proj.weight.tensor,transformer_encoder.7.self_attn.out_proj.weight,transformer_self_attn,Transformer self-attention,1,7.0,self_attn_out_proj_weight,Self-attention,512x512,262144,6.614855374209583e-05,0.0642695426940918,6.955825665500015e-05,0.06426768004894257,3.4097088246198837e-06,0.0007565926061943173,157.60198974609375,0.38737928448326736,0.003387451171875,32.906036695058894,32.90508144292649,0.01177228628513089,0.9999300463018884,0.004673004150390625,0.00048828125,0.001483917236328125,0.00197601318359375,0.002532958984375,0.007597396615892649,0.023088961839675903,0.03074571304023266,0.03941149264574051,0.0,0.0,0.0,0.0
BetaQCL,BetaQCL,BetaQCL,Beta,QCL,,,8,transformer_encoder.8.self_attn.Wqkv.weight.tensor,transformer_encoder.8.self_attn.Wqkv.weight,transformer_self_attn,Transformer self-attention,1,8.0,self_attn_Wqkv_weight,Self-attention,1536x512,786432,-4.0591752622276545e-05,0.08352092653512955,-3.9852780901128426e-05,0.0834975615143776,7.389508596133965e-07,0.0007800462772138417,486.4061584472656,0.6917526325745115,0.004638671875,74.06725986814283,74.04653704554657,0.009339519698797889,0.9999546335740636,0.003276824951171875,0.000518798828125,0.00152587890625,0.002044677734375,0.002655029296875,0.006211602129042149,0.01826941780745983,0.024481020867824554,0.03178878873586655,0.0,0.0,0.0,0.0
BetaQCL,BetaQCL,BetaQCL,Beta,QCL,,,8,transformer_encoder.8.self_attn.out_proj.bias.tensor,transformer_encoder.8.self_attn.out_proj.bias,transformer_self_attn,Transformer self-attention,1,8.0,self_attn_out_proj_bias,Self-attention,512,512,0.024965673685073853,0.06420286744832993,0.024977844208478928,0.0641484186053276,1.217029057443142e-05,0.0003526440996211022,0.14136755466461182,0.00798417550207384,0.001953125,1.558714132989936,1.5576660148596928,0.005122283382876254,0.9999870677992598,0.0,0.000244140625,0.000701904296875,0.0009694299660623074,0.0014853030443191528,0.003802643157541752,0.010932599194347858,0.015099478885531425,0.02313452586531639,0.0,0.0,0.0,0.0
BetaQCL,BetaQCL,BetaQCL,Beta,QCL,,,8,transformer_encoder.8.self_attn.out_proj.weight.tensor,transformer_encoder.8.self_attn.out_proj.weight,transformer_self_attn,Transformer self-attention,1,8.0,self_attn_out_proj_weight,Self-attention,512x512,262144,1.4349880075315014e-06,0.07153227180242538,4.005378286819905e-06,0.07153879851102829,2.570405740698334e-06,0.0007589953020215034,158.1636199951172,0.388607748291027,0.003875732421875,36.62453504664342,36.62787957963169,0.010610585166367365,0.9999429946689821,0.004421234130859375,0.000492095947265625,0.001495361328125,0.001983642578125,0.0025634765625,0.006879355292767286,0.02090470679104328,0.027730733156204224,0.03583664074540138,0.0,0.0,0.0,0.0
BetaQCL,BetaQCL,BetaQCL,Beta,QCL,,,8,transformer_encoder.9.self_attn.Wqkv.weight.tensor,transformer_encoder.9.self_attn.Wqkv.weight,transformer_self_attn,Transformer self-attention,1,9.0,self_attn_Wqkv_weight,Self-attention,1536x512,786432,0.000242539681494236,0.08460711687803268,0.00024368507729377598,0.08448946475982666,1.14538647721929e-06,0.0008160704164765775,510.0981140136719,0.7236995691969431,0.00433349609375,75.03080096700288,74.92648089335638,0.00964536643444874,0.9999525896318345,0.00356292724609375,0.00054931640625,0.0015869140625,0.00213623046875,0.00274658203125,0.006492555141448975,0.01875627040863037,0.025248825550079346,0.03246277570724487,0.0,0.0,0.0,0.0
BetaQCL,BetaQCL,BetaQCL,Beta,QCL,,,8,transformer_encoder.9.self_attn.out_proj.bias.tensor,transformer_encoder.9.self_attn.out_proj.bias,transformer_self_attn,Transformer self-attention,1,9.0,self_attn_out_proj_bias,Self-attention,512,512,0.003501572646200657,0.055311933159828186,0.0035891022998839617,0.05531531572341919,8.752953726798296e-05,0.00040372542571276426,0.1678028702735901,0.009347496692708089,0.001190185546875,1.2540716139469108,1.254274593453555,0.0074537184230503975,0.9999720855594338,0.005859375,0.00025177001953125,0.0008342738728970289,0.000990143045783043,0.0011667944490909576,0.004551819991320372,0.0150830689817667,0.017901072278618813,0.021094800904393196,0.0,0.0,0.0,0.0
BetaQCL,BetaQCL,BetaQCL,Beta,QCL,,,8,transformer_encoder.9.self_attn.out_proj.weight.tensor,transformer_encoder.9.self_attn.out_proj.weight,transformer_self_attn,Transformer self-attention,1,9.0,self_attn_out_proj_weight,Self-attention,512x512,262144,2.3092787159839645e-05,0.06191784515976906,2.026869697147049e-05,0.061884596943855286,-2.824087687258725e-06,0.0008005295530892909,166.670654296875,0.40987359252785754,0.0078125,31.701952525756397,31.6849255842166,0.012928969980471737,0.9999157744694989,0.004833221435546875,0.00054168701171875,0.0015869140625,0.0020751953125,0.0027008056640625,0.008748478256165981,0.02562934346497059,0.03351529687643051,0.043619170784950256,0.0,0.0,0.0,0.0
BetaQCL,BetaQCL,BetaQCL,Beta,QCL,,,8,transformer_encoder.10.self_attn.Wqkv.weight.tensor,transformer_encoder.10.self_attn.Wqkv.weight,transformer_self_attn,Transformer self-attention,1,10.0,self_attn_Wqkv_weight,Self-attention,1536x512,786432,0.0001790486858226359,0.0850459486246109,0.00017927499720826745,0.08501926809549332,2.263120677525876e-07,0.0008017373620532453,500.67974853515625,0.7109881791716255,0.0039215087890625,75.41982433249066,75.39616398046223,0.009427072861336861,0.9999537659529151,0.0035349528770893812,0.00054168701171875,0.0015869140625,0.0020751953125,0.0027008056640625,0.006369344890117645,0.01865948922932148,0.024400869384407997,0.031757015734910965,0.0,0.0,0.0,0.0
BetaQCL,BetaQCL,BetaQCL,Beta,QCL,,,8,transformer_encoder.10.self_attn.out_proj.bias.tensor,transformer_encoder.10.self_attn.out_proj.bias,transformer_self_attn,Transformer self-attention,1,10.0,self_attn_out_proj_bias,Self-attention,512,512,0.0012445800239220262,0.05663425475358963,0.0012381523847579956,0.056926507502794266,-6.427639164030552e-06,0.0005207285867072642,0.2091405987739563,0.011783639988656447,0.001953125,1.2817963156504482,1.2884044932954135,0.009193067451334996,0.9999711739572648,0.0,0.000335693359375,0.0009986874647438526,0.0013903826475143433,0.0018283724784851074,0.005927389487624168,0.01763398014008999,0.02455020137131214,0.032283853739500046,0.0,0.0,0.0,0.0
BetaQCL,BetaQCL,BetaQCL,Beta,QCL,,,8,transformer_encoder.10.self_attn.out_proj.weight.tensor,transformer_encoder.10.self_attn.out_proj.weight,transformer_self_attn,Transformer self-attention,1,10.0,self_attn_out_proj_weight,Self-attention,512x512,262144,-7.101225492078811e-05,0.06041784957051277,-7.031701534288004e-05,0.06039862707257271,6.952116109459894e-07,0.0007617070805281401,158.4398651123047,0.3899940927070334,0.00384521484375,30.93397135021777,30.924130041888912,0.012607307619565482,0.9999199129857609,0.00482177734375,0.000499725341796875,0.001495361328125,0.00199127197265625,0.00258636474609375,0.008271152153611183,0.024750318378210068,0.03295833244919777,0.04280795156955719,0.0,0.0,0.0,0.0
BetaQCL,BetaQCL,BetaQCL,Beta,QCL,,,8,transformer_encoder.11.self_attn.Wqkv.weight.tensor,transformer_encoder.11.self_attn.Wqkv.weight,transformer_self_attn,Transformer self-attention,1,11.0,self_attn_Wqkv_weight,Self-attention,1536x512,786432,-0.00019976306066382676,0.08163049817085266,-0.00019780000729952008,0.08159419894218445,1.9630401766335126e-06,0.0007919787312857807,494.3392639160156,0.7023362928425312,0.00738525390625,72.3910179004015,72.35881660063099,0.009701981174084669,0.9999512534068956,0.003566741943359375,0.000518798828125,0.0015687942504882812,0.0020751953125,0.002685546875,0.0063554528169333935,0.019218234345316887,0.025421811267733574,0.03289881348609924,0.0,0.0,0.0,0.0
BetaQCL,BetaQCL,BetaQCL,Beta,QCL,,,8,transformer_encoder.11.self_attn.out_proj.bias.tensor,transformer_encoder.11.self_attn.out_proj.bias,transformer_self_attn,Transformer self-attention,1,11.0,self_attn_out_proj_bias,Self-attention,512,512,-0.012231702916324139,0.06654907763004303,-0.012322152964770794,0.06683345139026642,-9.045004844665527e-05,0.000525942537933588,0.21342086791992188,0.012075427658955449,0.00244140625,1.5310577739028002,1.537756583660968,0.007886983668922069,0.9999786439152202,0.00390625,0.0003662109375,0.0010734549723565578,0.0013699345290660858,0.002004772424697876,0.005502869375050068,0.016130274161696434,0.020585324615240097,0.030124718323349953,0.0,0.0,0.0,0.0
BetaQCL,BetaQCL,BetaQCL,Beta,QCL,,,8,transformer_encoder.11.self_attn.out_proj.weight.tensor,transformer_encoder.11.self_attn.out_proj.weight,transformer_self_attn,Transformer self-attention,1,11.0,self_attn_out_proj_weight,Self-attention,512x512,262144,0.00012059643631801009,0.061377786099910736,0.0001243391161551699,0.06134660169482231,3.7426977996801725e-06,0.0007436348823830485,154.6786346435547,0.3807458170299728,0.00357818603515625,31.425498415834134,31.409536130941785,0.012115824289937661,0.9999260194788189,0.00441741943359375,0.00048828125,0.00146484375,0.001953125,0.00250244140625,0.0079553397372365,0.023866020143032074,0.031821358948946,0.04077111929655075,0.0,0.0,0.0,0.0
BetaQCL,BetaQCL,BetaQCL,Beta,QCL,,,8,transformer_encoder.12.self_attn.Wqkv.weight.tensor,transformer_encoder.12.self_attn.Wqkv.weight,transformer_self_attn,Transformer self-attention,1,12.0,self_attn_Wqkv_weight,Self-attention,1536x512,786432,-7.939530769363046e-05,0.0797630101442337,-8.221815369324759e-05,0.07971861958503723,-2.822870783347753e-06,0.0008047267911024392,500.1846618652344,0.7136435517201449,0.0045166015625,70.73472187622038,70.6953673230255,0.010089013327414352,0.9999475734584218,0.0036595661658793688,0.00052642822265625,0.0015869140625,0.00213623046875,0.00274658203125,0.00659990357235074,0.019895361736416817,0.026782216504216194,0.034434277564287186,0.0,0.0,0.0,0.0
BetaQCL,BetaQCL,BetaQCL,Beta,QCL,,,8,transformer_encoder.12.self_attn.out_proj.bias.tensor,transformer_encoder.12.self_attn.out_proj.bias,transformer_self_attn,Transformer self-attention,1,12.0,self_attn_out_proj_bias,Self-attention,512,512,7.303804159164429e-05,0.06083318218588829,-5.259632598608732e-05,0.06119408458471298,-0.0001256343675777316,0.0005478307721205056,0.22401612997055054,0.012717787627782187,0.002197265625,1.3764987493468457,1.384664556045895,0.009239229337336913,0.9999750558352134,0.001953125,0.0003662109375,0.0011054989881813526,0.00152587890625,0.0018853843212127686,0.006019919645041227,0.018172627314925194,0.025082997977733612,0.030992690473794937,0.0,0.0,0.0,0.0
BetaQCL,BetaQCL,BetaQCL,Beta,QCL,,,8,transformer_encoder.12.self_attn.out_proj.weight.tensor,transformer_encoder.12.self_attn.out_proj.weight,transformer_self_attn,Transformer self-attention,1,12.0,self_attn_out_proj_weight,Self-attention,512x512,262144,0.00010403731721453369,0.06129160895943642,0.0001048967897077091,0.061272718012332916,8.594543032813817e-07,0.0007389443926513195,153.42713928222656,0.3783397372196751,0.00354766845703125,31.381360628912745,31.3716888504289,0.012056192900415078,0.999926581111513,0.00449371337890625,0.00048828125,0.00146484375,0.001953125,0.00250244140625,0.007966525852680206,0.02389957569539547,0.031866103410720825,0.04082844406366348,0.0,0.0,0.0,0.0
BetaQCL,BetaQCL,BetaQCL,Beta,QCL,,,8,transformer_encoder.13.self_attn.Wqkv.weight.tensor,transformer_encoder.13.self_attn.Wqkv.weight,transformer_self_attn,Transformer self-attention,1,13.0,self_attn_Wqkv_weight,Self-attention,1536x512,786432,-0.00021033840312156826,0.07851918786764145,-0.0002105949679389596,0.07849103957414627,-2.565898284956347e-07,0.0008118197438307106,505.8332824707031,0.719929349532422,0.007080078125,69.63190747827105,69.60694264830018,0.01033907264075839,0.9999447067392476,0.003688812255859375,0.00054931640625,0.0015869140625,0.00213623046875,0.002777099609375,0.006995950359851122,0.020210523158311844,0.027206474915146828,0.0353684164583683,0.0,0.0,0.0,0.0
BetaQCL,BetaQCL,BetaQCL,Beta,QCL,,,8,transformer_encoder.13.self_attn.out_proj.bias.tensor,transformer_encoder.13.self_attn.out_proj.bias,transformer_self_attn,Transformer self-attention,1,13.0,self_attn_out_proj_bias,Self-attention,512,512,-0.01542249321937561,0.0852852538228035,-0.015527890995144844,0.08550902456045151,-0.0001053973101079464,0.00046224307152442634,0.19217514991760254,0.010727812145965281,0.0015869140625,1.9610840640065546,1.9664914936780815,0.005470347927891761,0.9999889225934168,0.0,0.0003204345703125,0.000946044921875,0.00115966796875,0.0015245378017425537,0.0037572092842310667,0.011092713102698326,0.013597519136965275,0.01787574775516987,0.0,0.0,0.0,0.0
BetaQCL,BetaQCL,BetaQCL,Beta,QCL,,,8,transformer_encoder.13.self_attn.out_proj.weight.tensor,transformer_encoder.13.self_attn.out_proj.weight,transformer_self_attn,Transformer self-attention,1,13.0,self_attn_out_proj_weight,Self-attention,512x512,262144,-8.232514664996415e-05,0.058098554611206055,-8.076539961621165e-05,0.05807070806622505,1.5597640867781593e-06,0.0007203627028502524,149.7332763671875,0.3688264953344566,0.00372314453125,29.74650078718556,29.73224424183701,0.012398987631289066,0.9999225123626613,0.00435638427734375,0.00048828125,0.0014190673828125,0.00189208984375,0.00244140625,0.00840436015278101,0.024425171315670013,0.032566893845796585,0.042021799832582474,0.0,0.0,0.0,0.0
BetaQCL,BetaQCL,BetaQCL,Beta,QCL,,,8,transformer_encoder.14.self_attn.Wqkv.weight.tensor,transformer_encoder.14.self_attn.Wqkv.weight,transformer_self_attn,Transformer self-attention,1,14.0,self_attn_Wqkv_weight,Self-attention,1536x512,786432,-3.622034682848607e-06,0.0795673355460167,4.0188510297411995e-07,0.07954143732786179,4.0239133340946864e-06,0.0008006719290278852,497.5992431640625,0.7100523584160535,0.00439453125,70.56116445813164,70.53820025569479,0.010062934248163692,0.9999476662584466,0.0034701030235737562,0.000518798828125,0.0015869140625,0.00211334228515625,0.00274658203125,0.006520248018205166,0.019944287836551666,0.026560423895716667,0.03451896086335182,0.0,0.0,0.0,0.0
BetaQCL,BetaQCL,BetaQCL,Beta,QCL,,,8,transformer_encoder.14.self_attn.out_proj.bias.tensor,transformer_encoder.14.self_attn.out_proj.bias,transformer_self_attn,Transformer self-attention,1,14.0,self_attn_out_proj_bias,Self-attention,512,512,0.0021043310407549143,0.0782407820224762,0.002071829978376627,0.07829945534467697,-3.250129520893097e-05,0.0004070846189279109,0.16475319862365723,0.009240584265354195,0.00146484375,1.7710269896886288,1.7723344910131011,0.005217641695552929,0.9999867519318111,0.0,0.0002593994140625,0.0008544921875,0.001068115234375,0.0014180615544319153,0.0033153987023979425,0.010921313427388668,0.013651642017066479,0.018124325200915337,0.0,0.0,0.0,0.0
BetaQCL,BetaQCL,BetaQCL,Beta,QCL,,,8,transformer_encoder.14.self_attn.out_proj.weight.tensor,transformer_encoder.14.self_attn.out_proj.weight,transformer_self_attn,Transformer self-attention,1,14.0,self_attn_out_proj_weight,Self-attention,512x512,262144,0.00011341196659486741,0.0629572793841362,0.00011068704770877957,0.0629417821764946,-2.724889782257378e-06,0.0007188224117271602,149.0606231689453,0.36803968438331175,0.0034637451171875,32.23419133188101,32.22625283942135,0.011417680083672308,0.9999341059116954,0.003810882568359375,0.00048828125,0.0014190673828125,0.00189208984375,0.0024871826171875,0.007755754515528679,0.02254016138613224,0.030053548514842987,0.03950587287545204,0.0,0.0,0.0,0.0
BetaQCL,BetaQCL,BetaQCL,Beta,QCL,,,8,transformer_encoder.15.self_attn.Wqkv.weight.tensor,transformer_encoder.15.self_attn.Wqkv.weight,transformer_self_attn,Transformer self-attention,1,15.0,self_attn_Wqkv_weight,Self-attention,1536x512,786432,-5.524737935047597e-05,0.07840512692928314,-5.531354690901935e-05,0.07839924842119217,-6.616838987838491e-08,0.0008540275739505887,525.1441650390625,0.7573596741906982,0.0167236328125,69.53053019290338,69.52531224646711,0.010892476615516834,0.9999387925619547,0.0036328632850199938,0.00054931640625,0.001678466796875,0.0023040771484375,0.00335693359375,0.00700612785294652,0.021407613530755043,0.029386814683675766,0.042815227061510086,0.0,0.0,0.0,0.0
BetaQCL,BetaQCL,BetaQCL,Beta,QCL,,,8,transformer_encoder.15.self_attn.out_proj.bias.tensor,transformer_encoder.15.self_attn.out_proj.bias,transformer_self_attn,Transformer self-attention,1,15.0,self_attn_out_proj_bias,Self-attention,512,512,-0.010012953542172909,0.09045206010341644,-0.010015665553510189,0.09050644189119339,-2.7117785066366196e-06,0.0004492962616495788,0.1797257661819458,0.010166598699161762,0.0023193359375,2.0591986851330097,2.0604285038941352,0.004937162582978307,0.9999879842969068,0.0,0.000274658203125,0.0008544921875,0.0011495985090732574,0.001882702112197876,0.0030365055426955223,0.009446905925869942,0.012709476985037327,0.020814361050724983,0.0,0.0,0.0,0.0
BetaQCL,BetaQCL,BetaQCL,Beta,QCL,,,8,transformer_encoder.15.self_attn.out_proj.weight.tensor,transformer_encoder.15.self_attn.out_proj.weight,transformer_self_attn,Transformer self-attention,1,15.0,self_attn_out_proj_weight,Self-attention,512x512,262144,2.0031939129694365e-05,0.06572773307561874,2.2031606931705028e-05,0.06568802893161774,1.9996543869638117e-06,0.0007632229826413095,158.69317626953125,0.3907714187867971,0.00384521484375,33.6526137630636,33.632283496130064,0.011611918810766727,0.9999320190765716,0.0039520263671875,0.00049591064453125,0.001495361328125,0.00201416015625,0.002593994140625,0.007544921711087227,0.022750839591026306,0.030643988400697708,0.03946574404835701,0.0,0.0,0.0,0.0
BetaQCL,BetaQCL,BetaQCL,Beta,QCL,,,8,transformer_encoder.16.self_attn.Wqkv.weight.tensor,transformer_encoder.16.self_attn.Wqkv.weight,transformer_self_attn,Transformer self-attention,1,16.0,self_attn_Wqkv_weight,Self-attention,1536x512,786432,-6.306452269200236e-05,0.06916620582342148,-6.27594708930701e-05,0.0691930428147316,3.0504921255669615e-07,0.000902387429960072,551.3067016601562,0.8002456362437592,0.011962890625,61.33735798332856,61.36115551592881,0.013046627089175445,0.9999134133922744,0.0043245949782431126,0.000579833984375,0.00176239013671875,0.00244140625,0.00408935546875,0.008383196778595448,0.02548050694167614,0.03529766947031021,0.05912359803915024,0.0,0.0,0.0,0.0
BetaQCL,BetaQCL,BetaQCL,Beta,QCL,,,8,transformer_encoder.16.self_attn.out_proj.bias.tensor,transformer_encoder.16.self_attn.out_proj.bias,transformer_self_attn,Transformer self-attention,1,16.0,self_attn_out_proj_bias,Self-attention,512,512,0.002451110165566206,0.06382599472999573,0.002411267254501581,0.06372015178203583,-3.984267823398113e-05,0.0005191739764995873,0.20966553688049316,0.011782108581764851,0.0029296875,1.445281982099681,1.4428543218938508,0.008152117529784638,0.9999682570245886,0.0,0.0003509521484375,0.0009765625,0.0013394169509410858,0.002243548631668091,0.005498576443642378,0.0153003865852952,0.020985443145036697,0.03515101224184036,0.0,0.0,0.0,0.0
BetaQCL,BetaQCL,BetaQCL,Beta,QCL,,,8,transformer_encoder.16.self_attn.out_proj.weight.tensor,transformer_encoder.16.self_attn.out_proj.weight,transformer_self_attn,Transformer self-attention,1,16.0,self_attn_out_proj_weight,Self-attention,512x512,262144,1.39124977067695e-05,0.06549250334501266,1.8233025912195444e-05,0.06548144668340683,4.3205391193623655e-06,0.0008137570694088936,169.6585235595703,0.4166494564634692,0.003692626953125,33.532176492908455,33.52651884434638,0.01242536274230728,0.9999219434159827,0.004329681396484375,0.00054931640625,0.0015869140625,0.0021209716796875,0.0027008056640625,0.008387468755245209,0.024230465292930603,0.032384950667619705,0.041238389909267426,0.0,0.0,0.0,0.0
BetaQCL,BetaQCL,BetaQCL,Beta,QCL,,,8,transformer_encoder.17.self_attn.Wqkv.weight.tensor,transformer_encoder.17.self_attn.Wqkv.weight,transformer_self_attn,Transformer self-attention,1,17.0,self_attn_Wqkv_weight,Self-attention,1536x512,786432,-7.111241575330496e-05,0.09043940156698227,-7.038584590191022e-05,0.09053166210651398,7.265694534908107e-07,0.0009240394574590027,564.7421875,0.8194471608851465,0.01220703125,80.20265774021301,80.28447042489755,0.010217207059888635,0.9999465277061256,0.003627777099609375,0.0006103515625,0.001800537109375,0.00250244140625,0.004150390625,0.006748734507709742,0.019908767193555832,0.027669811621308327,0.04589139297604561,0.0,0.0,0.0,0.0
BetaQCL,BetaQCL,BetaQCL,Beta,QCL,,,8,transformer_encoder.17.self_attn.out_proj.bias.tensor,transformer_encoder.17.self_attn.out_proj.bias,transformer_self_attn,Transformer self-attention,1,17.0,self_attn_out_proj_bias,Self-attention,512,512,-0.0052572558633983135,0.03579435124993324,-0.005266336724162102,0.03581949695944786,-9.080395102500916e-06,0.00040748142055235803,0.16375446319580078,0.009222541289999527,0.0015869140625,0.8186230655728276,0.819215822565675,0.011265919173111536,0.9999368025555659,0.00390625,0.000274658203125,0.0007968901190906763,0.0010749055072665215,0.0014621615409851074,0.007673225365579128,0.02226300537586212,0.03003002144396305,0.04084893316030502,0.0,0.0,0.0,0.0
BetaQCL,BetaQCL,BetaQCL,Beta,QCL,,,8,transformer_encoder.17.self_attn.out_proj.weight.tensor,transformer_encoder.17.self_attn.out_proj.weight,transformer_self_attn,Transformer self-attention,1,17.0,self_attn_out_proj_weight,Self-attention,512x512,262144,-0.00015262558008544147,0.068601094186306,-0.00015301040548365563,0.06856125593185425,-3.8482153286167886e-07,0.0008101033745333552,168.49203491210938,0.414772917740328,0.00397491455078125,35.1238600793677,35.10346558245265,0.01180886487997258,0.999929726501968,0.003871917724609375,0.00054931640625,0.0015869140625,0.00213623046875,0.0027313232421875,0.008007398806512356,0.023132486268877983,0.031139886006712914,0.03981456905603409,0.0,0.0,0.0,0.0
BetaQCL,BetaQCL,BetaQCL,Beta,QCL,,,8,transformer_encoder.0.ff.fc1.weight.tensor,transformer_encoder.0.ff.fc1.weight,transformer_ffn,Transformer FFN,2,0.0,ff_fc1_weight,Feed-forward,4096x512,2097152,0.00048342556692659855,0.05654734745621681,0.0004832683189306408,0.0564861036837101,-1.5728460311947856e-07,0.0007148365257307887,1117.5819091796875,1.0351903369977313,0.003997802734375,81.89238842071954,81.80370524252706,0.01264086146418714,0.9999176773741781,0.00473785400390625,0.00042724609375,0.00146484375,0.001983642578125,0.0025787353515625,0.007555544842034578,0.02590472437441349,0.035079315304756165,0.045603107661008835,0.0,0.0,0.0,0.0
BetaQCL,BetaQCL,BetaQCL,Beta,QCL,,,8,transformer_encoder.0.ff.fc2.weight.tensor,transformer_encoder.0.ff.fc2.weight,transformer_ffn,Transformer FFN,2,0.0,ff_fc2_weight,Feed-forward,512x2048,1048576,-7.165218994487077e-05,0.056143082678318024,-7.076558540575206e-05,0.05606390908360481,8.866089160619595e-07,0.0007904348894953728,659.03125,0.8094047128533092,0.00408935546875,57.49062423560906,57.40954587027535,0.014078899361679893,0.9998997301623456,0.005190849304199219,0.00052642822265625,0.001556396484375,0.00206756591796875,0.0026397705078125,0.009376544505357742,0.027721958234906197,0.0368267185986042,0.047018613666296005,0.0,0.0,0.0,0.0
BetaQCL,BetaQCL,BetaQCL,Beta,QCL,,,8,transformer_encoder.1.ff.fc1.weight.tensor,transformer_encoder.1.ff.fc1.weight,transformer_ffn,Transformer FFN,2,1.0,ff_fc1_weight,Feed-forward,4096x512,2097152,-0.00020184538152534515,0.06706023961305618,-0.00019940656784456223,0.0669836774468422,2.4388241399719846e-06,0.0007729344652034342,1264.30712890625,1.1193298392927638,0.0042724609375,97.11417551489329,97.0032971008589,0.011525916101929871,0.999930886174525,0.0038595199584960938,0.00048828125,0.0015411376953125,0.0020599365234375,0.002655029296875,0.007281232625246048,0.022981390357017517,0.030717698857188225,0.039591699838638306,0.0,0.0,0.0,0.0
BetaQCL,BetaQCL,BetaQCL,Beta,QCL,,,8,transformer_encoder.1.ff.fc2.weight.tensor,transformer_encoder.1.ff.fc2.weight,transformer_ffn,Transformer FFN,2,1.0,ff_fc2_weight,Feed-forward,512x2048,1048576,8.975168748293072e-05,0.06665235012769699,9.038292046170682e-05,0.06656325608491898,6.31254749805521e-07,0.0008059430401772261,673.2455444335938,0.8252849823575793,0.00452423095703125,68.25213910338269,68.16090653510632,0.012091708673152264,0.9999255342348704,0.004307746887207031,0.00054931640625,0.0015869140625,0.0020751953125,0.0026702880859375,0.008241514675319195,0.02380882203578949,0.03113461285829544,0.04006291925907135,0.0,0.0,0.0,0.0
BetaQCL,BetaQCL,BetaQCL,Beta,QCL,,,8,transformer_encoder.2.ff.fc1.weight.tensor,transformer_encoder.2.ff.fc1.weight,transformer_ffn,Transformer FFN,2,2.0,ff_fc1_weight,Feed-forward,4096x512,2097152,-0.0003498551668599248,0.07062771916389465,-0.0003487553331069648,0.07054822891950607,1.0998138577633654e-06,0.0008059180108830333,1345.4725341796875,1.1670903503759047,0.004302978515625,102.28127386953587,102.16615316024432,0.011410596546388022,0.999931711960382,0.0037932395935058594,0.00054931640625,0.0015869140625,0.0020751953125,0.002685546875,0.0077776312828063965,0.02246871218085289,0.029382161796092987,0.03802397474646568,0.0,0.0,0.0,0.0
BetaQCL,BetaQCL,BetaQCL,Beta,QCL,,,8,transformer_encoder.2.ff.fc2.weight.tensor,transformer_encoder.2.ff.fc2.weight,transformer_ffn,Transformer FFN,2,2.0,ff_fc2_weight,Feed-forward,512x2048,1048576,8.055991202127188e-06,0.06815996021032333,8.065013389568776e-06,0.0680767074227333,9.02582542039454e-09,0.0008038133382797241,670.9917602539062,0.8231039960725969,0.00384521484375,69.7958693541835,69.71061836262822,0.011793018751520846,0.9999286413997395,0.004166603088378906,0.00054931640625,0.0015869140625,0.0020751953125,0.002685546875,0.008059223182499409,0.02328220009803772,0.03044595569372177,0.039400648325681686,0.0,0.0,0.0,0.0
BetaQCL,BetaQCL,BetaQCL,Beta,QCL,,,8,transformer_encoder.3.ff.fc1.weight.tensor,transformer_encoder.3.ff.fc1.weight,transformer_ffn,Transformer FFN,2,3.0,ff_fc1_weight,Feed-forward,4096x512,2097152,-0.0007111746817827225,0.07065483182668686,-0.0007087948033586144,0.07058261334896088,2.379828401899431e-06,0.0007964071701280773,1329.3232421875,1.153321346117763,0.00412750244140625,102.32447814733774,102.21985821777733,0.01127121649677095,0.9999333469274855,0.0037670135498046875,0.00054168701171875,0.0015716552734375,0.0020751953125,0.002655029296875,0.007666665595024824,0.022244127467274666,0.029370887205004692,0.03757745772600174,0.0,0.0,0.0,0.0
BetaQCL,BetaQCL,BetaQCL,Beta,QCL,,,8,transformer_encoder.3.ff.fc2.weight.tensor,transformer_encoder.3.ff.fc2.weight,transformer_ffn,Transformer FFN,2,3.0,ff_fc2_weight,Feed-forward,512x2048,1048576,-2.885437606892083e-05,0.06670832633972168,-2.899442915804684e-05,0.06663849949836731,-1.4005189541421714e-07,0.0007904592202976346,659.7330322265625,0.8094293082733401,0.00390625,68.30940137643024,68.23789384388999,0.011849456911689716,0.9999280074560728,0.004024505615234375,0.0005340576171875,0.001556396484375,0.002048492431640625,0.00262451171875,0.008005860261619091,0.02333136461675167,0.0307081937789917,0.03934308513998985,0.0,0.0,0.0,0.0
BetaQCL,BetaQCL,BetaQCL,Beta,QCL,,,8,transformer_encoder.4.ff.fc1.weight.tensor,transformer_encoder.4.ff.fc1.weight,transformer_ffn,Transformer FFN,2,4.0,ff_fc1_weight,Feed-forward,4096x512,2097152,-0.001038560178130865,0.07028269022703171,-0.0010364247718825936,0.07021334767341614,2.135457862095791e-06,0.0007952462765388191,1328.047119140625,1.1516391992582788,0.004638671875,101.79146786291815,101.69101964560342,0.011313710504785843,0.9999330326888404,0.0037784576416015625,0.00054168701171875,0.00156402587890625,0.0020751953125,0.002635955810546875,0.007707259617745876,0.022253355011343956,0.029526403173804283,0.03750504553318024,0.0,0.0,0.0,0.0
BetaQCL,BetaQCL,BetaQCL,Beta,QCL,,,8,transformer_encoder.4.ff.fc2.weight.tensor,transformer_encoder.4.ff.fc2.weight,transformer_ffn,Transformer FFN,2,4.0,ff_fc2_weight,Feed-forward,512x2048,1048576,1.6859914467204362e-05,0.06677135825157166,1.590983447385952e-05,0.06670381873846054,-9.500748774371459e-07,0.0007879220065660775,657.690185546875,0.8068317990368893,0.004425048828125,68.37394666121921,68.30477641035618,0.01180028122458085,0.9999285811221773,0.0040073394775390625,0.0005292892456054688,0.001544952392578125,0.002044677734375,0.00262451171875,0.007926889695227146,0.023137947544455528,0.030622074380517006,0.039305947721004486,0.0,0.0,0.0,0.0
BetaQCL,BetaQCL,BetaQCL,Beta,QCL,,,8,transformer_encoder.5.ff.fc1.weight.tensor,transformer_encoder.5.ff.fc1.weight,transformer_ffn,Transformer FFN,2,5.0,ff_fc1_weight,Feed-forward,4096x512,2097152,-0.0008525169687345624,0.06985998153686523,-0.0008498693932779133,0.06979305297136307,2.647539531608345e-06,0.000792352482676506,1322.1470947265625,1.1474509121071348,0.00433349609375,101.17574437581371,101.07878076963038,0.011341165999678321,0.9999324698955502,0.0038886070251464844,0.0005340576171875,0.001556396484375,0.0020751953125,0.002655029296875,0.007644684985280037,0.0222787968814373,0.02970506250858307,0.038005005568265915,0.0,0.0,0.0,0.0
BetaQCL,BetaQCL,BetaQCL,Beta,QCL,,,8,transformer_encoder.5.ff.fc2.weight.tensor,transformer_encoder.5.ff.fc2.weight,transformer_ffn,Transformer FFN,2,5.0,ff_fc2_weight,Feed-forward,512x2048,1048576,3.536560325301252e-05,0.06654928624629974,3.540461329976097e-05,0.06649456918239594,3.901521949956077e-08,0.0007799994782544672,650.93603515625,0.7987185078891471,0.004150390625,68.14655264001804,68.09051951377849,0.011720600337750613,0.9999294133111849,0.003931999206542969,0.000518798828125,0.00152587890625,0.00201416015625,0.002593994140625,0.007795707322657108,0.022928550839424133,0.03026568703353405,0.03897853568196297,0.0,0.0,0.0,0.0
BetaQCL,BetaQCL,BetaQCL,Beta,QCL,,,8,transformer_encoder.6.ff.fc1.weight.tensor,transformer_encoder.6.ff.fc1.weight,transformer_ffn,Transformer FFN,2,6.0,ff_fc1_weight,Feed-forward,4096x512,2097152,-0.0011859332444146276,0.06967145204544067,-0.0011812852462753654,0.06960505247116089,4.647848072636407e-06,0.0007796012796461582,1300.548583984375,1.1289991188789221,0.00433349609375,100.90981625008045,100.8135510252094,0.011188199134967812,0.9999345550352743,0.0038628578186035156,0.000518798828125,0.00152587890625,0.00201416015625,0.0026015043258666992,0.007446360774338245,0.02190106175839901,0.02890940010547638,0.037339597940444946,0.0,0.0,0.0,0.0
BetaQCL,BetaQCL,BetaQCL,Beta,QCL,,,8,transformer_encoder.6.ff.fc2.weight.tensor,transformer_encoder.6.ff.fc2.weight,transformer_ffn,Transformer FFN,2,6.0,ff_fc2_weight,Feed-forward,512x2048,1048576,-8.750530105317011e-05,0.06490107625722885,-8.668185910210013e-05,0.06484420597553253,8.234378583438229e-07,0.0007750070071779191,646.6878662109375,0.7936066565653596,0.0037689208984375,66.45883212325883,66.40059167069786,0.011941327152626963,0.9999267477682008,0.004258155822753906,0.000518798828125,0.00152587890625,0.00201416015625,0.002595663070678711,0.007993685081601143,0.02351083792746067,0.031034307554364204,0.03999413922429085,0.0,0.0,0.0,0.0
BetaQCL,BetaQCL,BetaQCL,Beta,QCL,,,8,transformer_encoder.7.ff.fc1.weight.tensor,transformer_encoder.7.ff.fc1.weight,transformer_ffn,Transformer FFN,2,7.0,ff_fc1_weight,Feed-forward,4096x512,2097152,-0.0017821099609136581,0.06979400664567947,-0.0017779985209926963,0.06973011791706085,4.111424459551927e-06,0.0007941905641928315,1325.8935546875,1.150121634726446,0.0040130615234375,101.10562140498173,101.01296521053622,0.011375446970644555,0.9999320999928585,0.0039272308349609375,0.0005340576171875,0.001556396484375,0.0020751953125,0.002655029296875,0.007651911582797766,0.022299855947494507,0.029733141884207726,0.03804093226790428,0.0,0.0,0.0,0.0
BetaQCL,BetaQCL,BetaQCL,Beta,QCL,,,8,transformer_encoder.7.ff.fc2.weight.tensor,transformer_encoder.7.ff.fc2.weight,transformer_ffn,Transformer FFN,2,7.0,ff_fc2_weight,Feed-forward,512x2048,1048576,-0.00010145736450795084,0.0664454996585846,-0.00010137963545275852,0.06640021502971649,7.77501441007189e-08,0.000786671182140708,656.5266723632812,0.8055503441287605,0.003875732421875,68.04034304183071,67.99396802290627,0.011839304567196292,0.9999279348586416,0.00433349609375,0.00052642822265625,0.0015411376953125,0.002044677734375,0.00262451171875,0.007922706194221973,0.02319400943815708,0.030772250145673752,0.0394987091422081,0.0,0.0,0.0,0.0
BetaQCL,BetaQCL,BetaQCL,Beta,QCL,,,8,transformer_encoder.8.ff.fc1.weight.tensor,transformer_encoder.8.ff.fc1.weight,transformer_ffn,Transformer FFN,2,8.0,ff_fc1_weight,Feed-forward,4096x512,2097152,-0.001965048024430871,0.07154137641191483,-0.0019629551097750664,0.07147783041000366,2.0929419406456873e-06,0.0008165774634107947,1363.779541015625,1.1825294871615641,0.004276275634765625,103.64221622666605,103.55013693556856,0.011409727910249958,0.9999317855455525,0.0040607452392578125,0.00054931640625,0.0015869140625,0.002105712890625,0.00270843505859375,0.007678302936255932,0.022181764245033264,0.029433494433760643,0.037858299911022186,0.0,0.0,0.0,0.0
BetaQCL,BetaQCL,BetaQCL,Beta,QCL,,,8,transformer_encoder.8.ff.fc2.weight.tensor,transformer_encoder.8.ff.fc2.weight,transformer_ffn,Transformer FFN,2,8.0,ff_fc2_weight,Feed-forward,512x2048,1048576,3.0415469154831953e-05,0.07051945477724075,2.8964275770704262e-05,0.07047043740749359,-1.4511889503410202e-06,0.000799423607531935,666.9259643554688,0.8186101779501667,0.0078125,72.2120020646672,72.16180549206761,0.011336206649097952,0.9999339000796992,0.0048160552978515625,0.0005474090576171875,0.0015869140625,0.0020751953125,0.002685546875,0.007762524764984846,0.022503206506371498,0.029427271336317062,0.03808235004544258,0.0,0.0,0.0,0.0
BetaQCL,BetaQCL,BetaQCL,Beta,QCL,,,8,transformer_encoder.9.ff.fc1.weight.tensor,transformer_encoder.9.ff.fc1.weight,transformer_ffn,Transformer FFN,2,9.0,ff_fc1_weight,Feed-forward,4096x512,2097152,-0.0007123917457647622,0.07014453411102295,-0.0007086271652951837,0.07007595151662827,3.7645045267709065e-06,0.0008340778877027333,1393.6402587890625,1.2078809987688728,0.00439453125,101.58553104250379,101.48615880841831,0.01189028581504859,0.9999262150724929,0.0040798187255859375,0.00054931640625,0.00164794921875,0.002166748046875,0.0027618408203125,0.007831206545233727,0.02349361963570118,0.030889760702848434,0.03937356546521187,0.0,0.0,0.0,0.0
BetaQCL,BetaQCL,BetaQCL,Beta,QCL,,,8,transformer_encoder.9.ff.fc2.weight.tensor,transformer_encoder.9.ff.fc2.weight,transformer_ffn,Transformer FFN,2,9.0,ff_fc2_weight,Feed-forward,512x2048,1048576,-1.7453397958888672e-05,0.0699407085776329,-1.80309361894615e-05,0.06987319886684418,-5.775420959253097e-07,0.0008207481587305665,685.187744140625,0.8404454404651992,0.00433349609375,71.61935855291675,71.5502309351619,0.011734892038221973,0.9999294306351014,0.004261970520019531,0.00054931640625,0.0016021728515625,0.00213623046875,0.00274658203125,0.007854028604924679,0.02290758490562439,0.03054344654083252,0.03927014395594597,0.0,0.0,0.0,0.0
BetaQCL,BetaQCL,BetaQCL,Beta,QCL,,,8,transformer_encoder.10.ff.fc1.weight.tensor,transformer_encoder.10.ff.fc1.weight,transformer_ffn,Transformer FFN,2,10.0,ff_fc1_weight,Feed-forward,4096x512,2097152,-0.0010418423917144537,0.0677933469414711,-0.0010362212779000401,0.06773754209280014,5.62095101486193e-06,0.0008175151888281107,1364.6630859375,1.1839112715144533,0.004364013671875,98.18698281213248,98.1060541024992,0.012057721274312863,0.9999241532332134,0.004166126251220703,0.00054931640625,0.00159454345703125,0.00212860107421875,0.00272369384765625,0.00810280628502369,0.02352064475417137,0.03139837458729744,0.04017641395330429,0.0,0.0,0.0,0.0
BetaQCL,BetaQCL,BetaQCL,Beta,QCL,,,8,transformer_encoder.10.ff.fc2.weight.tensor,transformer_encoder.10.ff.fc2.weight,transformer_ffn,Transformer FFN,2,10.0,ff_fc2_weight,Feed-forward,512x2048,1048576,-3.444885805947706e-05,0.06464735418558121,-3.548685344867408e-05,0.06458868086338043,-1.0380147159594344e-06,0.0008127429755404592,678.092041015625,0.8322485340067682,0.009765625,66.19897430639503,66.13888825088081,0.012571924908606294,0.9999190567447028,0.0043487548828125,0.00054931640625,0.0015869140625,0.002105712890625,0.002716064453125,0.008497119881212711,0.024547236040234566,0.032572295516729355,0.042013540863990784,0.0,0.0,0.0,0.0
BetaQCL,BetaQCL,BetaQCL,Beta,QCL,,,8,transformer_encoder.11.ff.fc1.weight.tensor,transformer_encoder.11.ff.fc1.weight,transformer_ffn,Transformer FFN,2,11.0,ff_fc1_weight,Feed-forward,4096x512,2097152,-0.0010969180148094893,0.0668487623333931,-0.001091912854462862,0.06679060310125351,5.005149887438165e-06,0.0008118573459796607,1354.015380859375,1.1757123046127285,0.0048065185546875,96.82051391137365,96.73619087497708,0.012143214873750053,0.9999234832366465,0.0041656494140625,0.00054931640625,0.0015869140625,0.002105712890625,0.002716064453125,0.008217300288379192,0.023738866671919823,0.031499650329351425,0.04062998294830322,0.0,0.0,0.0,0.0
BetaQCL,BetaQCL,BetaQCL,Beta,QCL,,,8,transformer_encoder.11.ff.fc2.weight.tensor,transformer_encoder.11.ff.fc2.weight,transformer_ffn,Transformer FFN,2,11.0,ff_fc2_weight,Feed-forward,512x2048,1048576,-9.978565503843129e-05,0.06456754356622696,-9.981753828469664e-05,0.06450832635164261,-3.187864194842405e-08,0.0007996827480383217,667.56298828125,0.8188742244916518,0.0040283203125,66.11731627734711,66.0566754764422,0.012385170339592253,0.9999215467556207,0.004227638244628906,0.00054931640625,0.0015869140625,0.0020751953125,0.002685546875,0.008507623337209225,0.024577578529715538,0.032139912247657776,0.04159282520413399,0.0,0.0,0.0,0.0
BetaQCL,BetaQCL,BetaQCL,Beta,QCL,,,8,transformer_encoder.12.ff.fc1.weight.tensor,transformer_encoder.12.ff.fc1.weight,transformer_ffn,Transformer FFN,2,12.0,ff_fc1_weight,Feed-forward,4096x512,2097152,-0.001224516425281763,0.06746090948581696,-0.001217855722643435,0.06741765141487122,6.660675353487022e-06,0.0008347033290192485,1392.8948974609375,1.208812744579248,0.005107879638671875,97.71007016935357,97.64725958616299,0.012371424383219568,0.9999203202139919,0.0041828155517578125,0.00054931640625,0.00164794921875,0.002166748046875,0.0027923583984375,0.008142735809087753,0.02442820742726326,0.03211856633424759,0.041392240673303604,0.0,0.0,0.0,0.0
BetaQCL,BetaQCL,BetaQCL,Beta,QCL,,,8,transformer_encoder.12.ff.fc2.weight.tensor,transformer_encoder.12.ff.fc2.weight,transformer_ffn,Transformer FFN,2,12.0,ff_fc2_weight,Feed-forward,512x2048,1048576,-3.34338765242137e-05,0.06491831690073013,-3.3901458664331585e-05,0.06487603485584259,-4.675812306231819e-07,0.0008117854595184326,677.727783203125,0.8312675302134142,0.0081787109375,66.47643350043307,66.43314161386243,0.012504695069238127,0.9999198314607775,0.004231452941894531,0.00054931640625,0.0015869140625,0.002105712890625,0.002716064453125,0.00846165418624878,0.024444779381155968,0.03243634104728699,0.041838180273771286,0.0,0.0,0.0,0.0
BetaQCL,BetaQCL,BetaQCL,Beta,QCL,,,8,transformer_encoder.13.ff.fc1.weight.tensor,transformer_encoder.13.ff.fc1.weight,transformer_ffn,Transformer FFN,2,13.0,ff_fc1_weight,Feed-forward,4096x512,2097152,-0.0013571280287578702,0.06774163991212845,-0.001354537671431899,0.06769704818725586,2.5904002995957853e-06,0.0008363526430912316,1396.193603515625,1.211168574774251,0.0052051544189453125,98.12019793186059,98.05557356832145,0.012343723313882152,0.9999206404311781,0.004168987274169922,0.00054931640625,0.00164794921875,0.002166748046875,0.0028076171875,0.00810899119824171,0.024326972663402557,0.03198546543717384,0.041445955634117126,0.0,0.0,0.0,0.0
BetaQCL,BetaQCL,BetaQCL,Beta,QCL,,,8,transformer_encoder.13.ff.fc2.weight.tensor,transformer_encoder.13.ff.fc2.weight,transformer_ffn,Transformer FFN,2,13.0,ff_fc2_weight,Feed-forward,512x2048,1048576,4.59549373772461e-05,0.06497791409492493,4.561356035992503e-05,0.06494082510471344,-3.413921945139009e-07,0.0008067513699643314,672.75927734375,0.8261126052843218,0.007080078125,66.537469618864,66.49948968906641,0.012415750253449657,0.9999208189559528,0.004242897033691406,0.00054931640625,0.0015869140625,0.0020904541015625,0.0027126669883728027,0.008453893475234509,0.024422358721494675,0.03217175975441933,0.04174751788377762,0.0,0.0,0.0,0.0
BetaQCL,BetaQCL,BetaQCL,Beta,QCL,,,8,transformer_encoder.14.ff.fc1.weight.tensor,transformer_encoder.14.ff.fc1.weight,transformer_ffn,Transformer FFN,2,14.0,ff_fc1_weight,Feed-forward,4096x512,2097152,-0.0012365194270387292,0.06819237023591995,-0.0012303515104576945,0.06814443320035934,6.168056643218733e-06,0.0008426166023127735,1407.1812744140625,1.2202666700209632,0.0044097900390625,98.76948482609646,98.69991312844455,0.012354693073164003,0.9999202082197858,0.0041103363037109375,0.0005626678466796875,0.00164794921875,0.002197265625,0.0028076171875,0.008251183666288853,0.024166179820895195,0.03222157061100006,0.04117200896143913,0.0,0.0,0.0,0.0
BetaQCL,BetaQCL,BetaQCL,Beta,QCL,,,8,transformer_encoder.14.ff.fc2.weight.tensor,transformer_encoder.14.ff.fc2.weight,transformer_ffn,Transformer FFN,2,14.0,ff_fc2_weight,Feed-forward,512x2048,1048576,5.758010229328647e-05,0.06619220972061157,5.629333827528171e-05,0.0661473423242569,-1.2867596979049267e-06,0.0008118239929899573,677.154296875,0.831307934054386,0.0068359375,67.78092222719273,67.73498233580082,0.01226463002772283,0.9999226985394265,0.004059791564941406,0.00054931640625,0.0015869140625,0.002105712890625,0.002716064453125,0.008298806846141815,0.023974329233169556,0.031812090426683426,0.04103298857808113,0.0,0.0,0.0,0.0
BetaQCL,BetaQCL,BetaQCL,Beta,QCL,,,8,transformer_encoder.15.ff.fc1.weight.tensor,transformer_encoder.15.ff.fc1.weight,transformer_ffn,Transformer FFN,2,15.0,ff_fc1_weight,Feed-forward,4096x512,2097152,-0.0012952552642673254,0.06821955740451813,-0.0012891578953713179,0.06816346198320389,6.097493496781681e-06,0.0008681511972099543,1447.874267578125,1.2572426778777717,0.00734710693359375,98.81042455125876,98.72904247547932,0.012723785810934893,0.9999157513936703,0.0042209625244140625,0.000579833984375,0.001708984375,0.00225830078125,0.00293731689453125,0.008499526418745518,0.025051236152648926,0.03310341760516167,0.04305681213736534,0.0,0.0,0.0,0.0
BetaQCL,BetaQCL,BetaQCL,Beta,QCL,,,8,transformer_encoder.15.ff.fc2.weight.tensor,transformer_encoder.15.ff.fc2.weight,transformer_ffn,Transformer FFN,2,15.0,ff_fc2_weight,Feed-forward,512x2048,1048576,-6.418526027118787e-05,0.06722520291805267,-6.257568020373583e-05,0.0671747475862503,1.609560968063306e-06,0.0008291105041280389,690.667236328125,0.8490098613867233,0.0076904296875,68.83871406910141,68.7870425775269,0.012333319598830118,0.9999218098166516,0.0040187835693359375,0.00054931640625,0.0016326904296875,0.002166748046875,0.0028076171875,0.00817128550261259,0.024286877363920212,0.03223118185997009,0.04176434874534607,0.0,0.0,0.0,0.0
BetaQCL,BetaQCL,BetaQCL,Beta,QCL,,,8,transformer_encoder.16.ff.fc1.weight.tensor,transformer_encoder.16.ff.fc1.weight,transformer_ffn,Transformer FFN,2,16.0,ff_fc1_weight,Feed-forward,4096x512,2097152,-0.0005580946453846991,0.0698450431227684,-0.000550640921574086,0.06978966295719147,7.453672424162505e-06,0.0008816216140985489,1472.0498046875,1.2767645312980531,0.0059814453125,101.14981057662689,101.06951989379637,0.012622510353895491,0.9999172089797138,0.0042018890380859375,0.0006103515625,0.0017242431640625,0.002288818359375,0.0029296875,0.008738651871681213,0.024686690419912338,0.03276994451880455,0.041945528239011765,0.0,0.0,0.0,0.0
BetaQCL,BetaQCL,BetaQCL,Beta,QCL,,,8,transformer_encoder.16.ff.fc2.weight.tensor,transformer_encoder.16.ff.fc2.weight,transformer_ffn,Transformer FFN,2,16.0,ff_fc2_weight,Feed-forward,512x2048,1048576,-1.4280323739512824e-05,0.0670946016907692,-1.4350571291288361e-05,0.06702633947134018,-7.024419801382464e-08,0.0008498727111145854,709.5111694335938,0.8702687689103212,0.004638671875,68.70494262151014,68.63504238338278,0.012666756359939742,0.9999179396021617,0.0039806365966796875,0.000568389892578125,0.0016704201698303223,0.002197265625,0.002850830554962158,0.008471468463540077,0.024896489456295967,0.032748766243457794,0.042489711195230484,0.0,0.0,0.0,0.0
BetaQCL,BetaQCL,BetaQCL,Beta,QCL,,,8,transformer_encoder.17.ff.fc1.weight.tensor,transformer_encoder.17.ff.fc1.weight,transformer_ffn,Transformer FFN,2,17.0,ff_fc1_weight,Feed-forward,4096x512,2097152,-2.1685345927835442e-06,0.07129102200269699,2.431233042443637e-06,0.07120955735445023,4.599774911184795e-06,0.000915291893761605,1528.4677734375,1.3254951919243982,0.005218505859375,103.24059335933468,103.12261834371013,0.012838895523497477,0.9999144305822778,0.004189968109130859,0.0006103515625,0.001800537109375,0.00238037109375,0.0030517578125,0.008561407215893269,0.02525615319609642,0.033389490097761154,0.04280703887343407,0.0,0.0,0.0,0.0
BetaQCL,BetaQCL,BetaQCL,Beta,QCL,,,8,transformer_encoder.17.ff.fc2.weight.tensor,transformer_encoder.17.ff.fc2.weight,transformer_ffn,Transformer FFN,2,17.0,ff_fc2_weight,Feed-forward,512x2048,1048576,-1.5033847375889309e-05,0.06867311894893646,-1.5099472875590436e-05,0.06857480108737946,-6.562339649462956e-08,0.0008663843618705869,719.4658203125,0.8871767986817175,0.007080078125,70.32134666568182,70.22067267616958,0.012616038240841376,0.9999193001544856,0.0040607452392578125,0.000579833984375,0.001708984375,0.002288818359375,0.00299072265625,0.008443390019237995,0.02488578110933304,0.03332917019724846,0.04355011507868767,0.0,0.0,0.0,0.0
BetaQCL,BetaQCL,BetaQCL,Beta,QCL,,,8,transformer_encoder.0.deepnorm_alpha.tensor,transformer_encoder.0.deepnorm_alpha,transformer_norm_deepnorm,Transformer norm/deepnorm,3,0.0,deepnorm_alpha,Norm/deepnorm,scalar,1,2.44921875,0.0,2.44921875,0.0,0.0,0.0,0.0,0.0,0.0,2.44921875,2.44921875,0.0,0.9999999999998332,0.0,0.0,0.0,0.0,0.0,0.0,0.0,0.0,0.0,0.0,0.0,0.0,0.0
BetaQCL,BetaQCL,BetaQCL,Beta,QCL,,,8,transformer_encoder.0.norm1.weight.tensor,transformer_encoder.0.norm1.weight,transformer_norm_deepnorm,Transformer norm/deepnorm,3,0.0,norm1_weight,Norm/deepnorm,512,512,0.1100592315196991,0.06435622274875641,0.11042200773954391,0.06451177597045898,0.0003627887926995754,0.0006309172022156417,0.29507148265838623,0.016467914222878292,0.002325773239135742,2.8848631473656288,2.8937262317843064,0.00570838663106449,0.9999884829212674,0.037109375,0.00048828125,0.00146484375,0.0018716613994911313,0.002260107547044754,0.007587163709104061,0.02276149019598961,0.029082830995321274,0.0351187065243721,0.0,0.0,0.0,0.0
BetaQCL,BetaQCL,BetaQCL,Beta,QCL,,,8,transformer_encoder.0.norm2.weight.tensor,transformer_encoder.0.norm2.weight,transformer_norm_deepnorm,Transformer norm/deepnorm,3,0.0,norm2_weight,Norm/deepnorm,512,512,0.1267099678516388,0.07354135066270828,0.12689414620399475,0.07362053543329239,0.0001841825433075428,0.0006871786899864674,0.2839832305908203,0.01609790404217451,0.002197265625,3.315031703607501,3.319535754733352,0.0048560332091700685,0.9999893088690199,0.025390625,0.00048828125,0.00146484375,0.0018717963248491287,0.0021348893642425537,0.006639546249061823,0.019918639212846756,0.025452295318245888,0.029029779136180878,0.0,0.0,0.0,0.0
BetaQCL,BetaQCL,BetaQCL,Beta,QCL,,,8,transformer_encoder.1.deepnorm_alpha.tensor,transformer_encoder.1.deepnorm_alpha,transformer_norm_deepnorm,Transformer norm/deepnorm,3,1.0,deepnorm_alpha,Norm/deepnorm,scalar,1,2.44921875,0.0,2.44921875,0.0,0.0,0.0,0.0,0.0,0.0,2.44921875,2.44921875,0.0,0.9999999999998332,0.0,0.0,0.0,0.0,0.0,0.0,0.0,0.0,0.0,0.0,0.0,0.0,0.0
BetaQCL,BetaQCL,BetaQCL,Beta,QCL,,,8,transformer_encoder.1.norm1.weight.tensor,transformer_encoder.1.norm1.weight,transformer_norm_deepnorm,Transformer norm/deepnorm,3,1.0,norm1_weight,Norm/deepnorm,512,512,0.18544712662696838,0.0805526152253151,0.18609169125556946,0.08078491687774658,0.0006445569451898336,0.0007574454066343606,0.4059929847717285,0.022504637024311748,0.0037841796875,4.5749571584561295,4.590428403587926,0.004919092407829513,0.9999938011105863,0.009765625,0.000732421875,0.0018907049670815468,0.0026721209287643433,0.003347545862197876,0.009092465043067932,0.02347167395055294,0.0331723652780056,0.04155725613236427,0.0,0.0,0.0,0.0
BetaQCL,BetaQCL,BetaQCL,Beta,QCL,,,8,transformer_encoder.1.norm2.weight.tensor,transformer_encoder.1.norm2.weight,transformer_norm_deepnorm,Transformer norm/deepnorm,3,1.0,norm2_weight,Norm/deepnorm,512,512,0.1759711056947708,0.05737118050456047,0.17616137862205505,0.057515520602464676,0.00019028049428015947,0.0006743896519765258,0.2819151282310486,0.015855476108315773,0.0020751953125,4.188045636967703,4.193151730929688,0.0037858890477115064,0.999993736848926,0.001953125,0.00048828125,0.0013427734375,0.0019396990537643433,0.0020751953125,0.008510913699865341,0.023405011743307114,0.033809635788202286,0.036171384155750275,0.0,0.0,0.0,0.0
BetaQCL,BetaQCL,BetaQCL,Beta,QCL,,,8,transformer_encoder.2.deepnorm_alpha.tensor,transformer_encoder.2.deepnorm_alpha,transformer_norm_deepnorm,Transformer norm/deepnorm,3,2.0,deepnorm_alpha,Norm/deepnorm,scalar,1,2.44921875,0.0,2.44921875,0.0,0.0,0.0,0.0,0.0,0.0,2.44921875,2.44921875,0.0,0.9999999999998332,0.0,0.0,0.0,0.0,0.0,0.0,0.0,0.0,0.0,0.0,0.0,0.0,0.0
BetaQCL,BetaQCL,BetaQCL,Beta,QCL,,,8,transformer_encoder.2.norm1.weight.tensor,transformer_encoder.2.norm1.weight,transformer_norm_deepnorm,Transformer norm/deepnorm,3,2.0,norm1_weight,Norm/deepnorm,512,512,0.23824788630008698,0.0376431904733181,0.23888926208019257,0.037772051990032196,0.0006413809023797512,0.0006769195315428078,0.3925602436065674,0.02110046957417069,0.003173828125,5.457808704740754,5.472598743340794,0.0038661064752669996,0.9999964138869014,0.0,0.000732421875,0.001708984375,0.002419589087367058,0.0028619468212127686,0.019456949084997177,0.04539955034852028,0.06427691876888275,0.0760282501578331,0.0,0.0,0.0,0.0
BetaQCL,BetaQCL,BetaQCL,Beta,QCL,,,8,transformer_encoder.2.norm2.weight.tensor,transformer_encoder.2.norm2.weight,transformer_norm_deepnorm,Transformer norm/deepnorm,3,2.0,norm2_weight,Norm/deepnorm,512,512,0.21235376596450806,0.03058166429400444,0.2126193791627884,0.030644714832305908,0.0002656020224094391,0.0006752540939487517,0.28658103942871094,0.01641872203712302,0.00244140625,4.85458854621099,4.860740543349412,0.0033821037315169508,0.9999952246462719,0.001953125,0.00048828125,0.00146484375,0.001953125,0.0023166537284851074,0.015966465696692467,0.04789939895272255,0.06386586278676987,0.07575301080942154,0.0,0.0,0.0,0.0
BetaQCL,BetaQCL,BetaQCL,Beta,QCL,,,8,transformer_encoder.3.deepnorm_alpha.tensor,transformer_encoder.3.deepnorm_alpha,transformer_norm_deepnorm,Transformer norm/deepnorm,3,3.0,deepnorm_alpha,Norm/deepnorm,scalar,1,2.44921875,0.0,2.44921875,0.0,0.0,0.0,0.0,0.0,0.0,2.44921875,2.44921875,0.0,0.9999999999998332,0.0,0.0,0.0,0.0,0.0,0.0,0.0,0.0,0.0,0.0,0.0,0.0,0.0
BetaQCL,BetaQCL,BetaQCL,Beta,QCL,,,8,transformer_encoder.3.norm1.weight.tensor,transformer_encoder.3.norm1.weight,transformer_norm_deepnorm,Transformer norm/deepnorm,3,3.0,norm1_weight,Norm/deepnorm,512,512,0.29953742027282715,0.029441900551319122,0.30019187927246094,0.029403990134596825,0.0006544589996337891,0.0006920528248883784,0.3875732421875,0.021552584482975888,0.002685546875,6.81041944738475,6.825073398293226,0.0031646486166500465,0.9999974678589131,0.0,0.000732421875,0.001708984375,0.00244140625,0.002685546875,0.024876846000552177,0.05804597586393356,0.08292282372713089,0.0912151038646698,0.0,0.0,0.0,0.0
BetaQCL,BetaQCL,BetaQCL,Beta,QCL,,,8,transformer_encoder.3.norm2.weight.tensor,transformer_encoder.3.norm2.weight,transformer_norm_deepnorm,Transformer norm/deepnorm,3,3.0,norm2_weight,Norm/deepnorm,512,512,0.22906064987182617,0.025176841765642166,0.22936296463012695,0.025112498551607132,0.00030231475830078125,0.0006404084851965308,0.28515625,0.01602425691545111,0.00244140625,5.214264363881574,5.22090588656482,0.003073157745212471,0.999996256031176,0.0,0.00048828125,0.0013427734375,0.0018176287412643433,0.00244140625,0.019394055008888245,0.05333365127444267,0.07219444215297699,0.09697027504444122,0.0,0.0,0.0,0.0
BetaQCL,BetaQCL,BetaQCL,Beta,QCL,,,8,transformer_encoder.4.deepnorm_alpha.tensor,transformer_encoder.4.deepnorm_alpha,transformer_norm_deepnorm,Transformer norm/deepnorm,3,4.0,deepnorm_alpha,Norm/deepnorm,scalar,1,2.44921875,0.0,2.44921875,0.0,0.0,0.0,0.0,0.0,0.0,2.44921875,2.44921875,0.0,0.9999999999998332,0.0,0.0,0.0,0.0,0.0,0.0,0.0,0.0,0.0,0.0,0.0,0.0,0.0
BetaQCL,BetaQCL,BetaQCL,Beta,QCL,,,8,transformer_encoder.4.norm1.weight.tensor,transformer_encoder.4.norm1.weight,transformer_norm_deepnorm,Transformer norm/deepnorm,3,4.0,norm1_weight,Norm/deepnorm,512,512,0.2992434501647949,0.024999048560857773,0.29996585845947266,0.024946831166744232,0.0007224082946777344,0.0006048083305358887,0.396728515625,0.021318663570035378,0.00244140625,6.794692537538951,6.810884336617187,0.0031375464676660554,0.9999981340849131,0.0,0.000732421875,0.001708984375,0.002197265625,0.00244140625,0.029297979548573494,0.06836195290088654,0.08789394050836563,0.09765993058681488,0.0,0.0,0.0,0.0
BetaQCL,BetaQCL,BetaQCL,Beta,QCL,,,8,transformer_encoder.4.norm2.weight.tensor,transformer_encoder.4.norm2.weight,transformer_norm_deepnorm,Transformer norm/deepnorm,3,4.0,norm2_weight,Norm/deepnorm,512,512,0.26636767387390137,0.023428261280059814,0.266634464263916,0.023350989446043968,0.00026679039001464844,0.0006247112178243697,0.2725830078125,0.0153706834828011,0.001953125,6.0504805192778,6.056341130030638,0.0025404070691286587,0.9999973455916493,0.0,0.00048828125,0.0013427734375,0.0018176287412643433,0.001953125,0.02084154076874256,0.05731423571705818,0.0775827094912529,0.08336616307497025,0.0,0.0,0.0,0.0
BetaQCL,BetaQCL,BetaQCL,Beta,QCL,,,8,transformer_encoder.5.deepnorm_alpha.tensor,transformer_encoder.5.deepnorm_alpha,transformer_norm_deepnorm,Transformer norm/deepnorm,3,5.0,deepnorm_alpha,Norm/deepnorm,scalar,1,2.44921875,0.0,2.44921875,0.0,0.0,0.0,0.0,0.0,0.0,2.44921875,2.44921875,0.0,0.9999999999998332,0.0,0.0,0.0,0.0,0.0,0.0,0.0,0.0,0.0,0.0,0.0,0.0,0.0
BetaQCL,BetaQCL,BetaQCL,Beta,QCL,,,8,transformer_encoder.5.norm1.weight.tensor,transformer_encoder.5.norm1.weight,transformer_norm_deepnorm,Transformer norm/deepnorm,3,5.0,norm1_weight,Norm/deepnorm,512,512,0.3453552722930908,0.03312533721327782,0.3462362289428711,0.033135805279016495,0.0008809566497802734,0.0006129907560534775,0.4681396484375,0.024284630048014087,0.002685546875,7.850361624971315,7.870226912177941,0.003093440940448362,0.9999986246826744,0.0,0.0009765625,0.001953125,0.00244140625,0.0025607943534851074,0.029480822384357452,0.058961644768714905,0.07370205223560333,0.07730618864297867,0.0,0.0,0.0,0.0
BetaQCL,BetaQCL,BetaQCL,Beta,QCL,,,8,transformer_encoder.5.norm2.weight.tensor,transformer_encoder.5.norm2.weight,transformer_norm_deepnorm,Transformer norm/deepnorm,3,5.0,norm2_weight,Norm/deepnorm,512,512,0.2933690547943115,0.026023084297776222,0.29364728927612305,0.026006050407886505,0.00027823448181152344,0.0006143690552562475,0.2733154296875,0.015260742062515997,0.001953125,6.664248250360399,6.670485197661171,0.0022899420143432402,0.9999980347725292,0.0,0.00048828125,0.001220703125,0.001708984375,0.0018283724784851074,0.018763381987810135,0.046908456832170486,0.06567183881998062,0.07025961577892303,0.0,0.0,0.0,0.0
BetaQCL,BetaQCL,BetaQCL,Beta,QCL,,,8,transformer_encoder.6.deepnorm_alpha.tensor,transformer_encoder.6.deepnorm_alpha,transformer_norm_deepnorm,Transformer norm/deepnorm,3,6.0,deepnorm_alpha,Norm/deepnorm,scalar,1,2.44921875,0.0,2.44921875,0.0,0.0,0.0,0.0,0.0,0.0,2.44921875,2.44921875,0.0,0.9999999999998332,0.0,0.0,0.0,0.0,0.0,0.0,0.0,0.0,0.0,0.0,0.0,0.0,0.0
BetaQCL,BetaQCL,BetaQCL,Beta,QCL,,,8,transformer_encoder.6.norm1.weight.tensor,transformer_encoder.6.norm1.weight,transformer_norm_deepnorm,Transformer norm/deepnorm,3,6.0,norm1_weight,Norm/deepnorm,512,512,0.37731361389160156,0.03207424655556679,0.37831735610961914,0.03202825412154198,0.0010037422180175781,0.0006267866119742393,0.529052734375,0.026776561989978732,0.0029296875,8.56842326202818,8.590966346039837,0.003125027927674699,0.9999987878524536,0.0,0.0009765625,0.002062983810901642,0.00244140625,0.0028049349784851074,0.03044692426919937,0.06431898474693298,0.07611731439828873,0.08745128661394119,0.0,0.0,0.0,0.0
BetaQCL,BetaQCL,BetaQCL,Beta,QCL,,,8,transformer_encoder.6.norm2.weight.tensor,transformer_encoder.6.norm2.weight,transformer_norm_deepnorm,Transformer norm/deepnorm,3,6.0,norm2_weight,Norm/deepnorm,512,512,0.3220500946044922,0.03167623281478882,0.3224046230316162,0.03163053095340729,0.00035452842712402344,0.0005957357934676111,0.2760009765625,0.01568639138852548,0.002685546875,7.322325276080711,7.330207967891433,0.002142269128601114,0.999998517763555,0.0,0.00048828125,0.0013305619359016418,0.001708984375,0.002436041831970215,0.015414745546877384,0.04200504347681999,0.05395160987973213,0.07690437883138657,0.0,0.0,0.0,0.0
BetaQCL,BetaQCL,BetaQCL,Beta,QCL,,,8,transformer_encoder.7.deepnorm_alpha.tensor,transformer_encoder.7.deepnorm_alpha,transformer_norm_deepnorm,Transformer norm/deepnorm,3,7.0,deepnorm_alpha,Norm/deepnorm,scalar,1,2.44921875,0.0,2.44921875,0.0,0.0,0.0,0.0,0.0,0.0,2.44921875,2.44921875,0.0,0.9999999999998332,0.0,0.0,0.0,0.0,0.0,0.0,0.0,0.0,0.0,0.0,0.0,0.0,0.0
BetaQCL,BetaQCL,BetaQCL,Beta,QCL,,,8,transformer_encoder.7.norm1.weight.tensor,transformer_encoder.7.norm1.weight,transformer_norm_deepnorm,Transformer norm/deepnorm,3,7.0,norm1_weight,Norm/deepnorm,512,512,0.3905153274536133,0.037597835063934326,0.39154529571533203,0.03752872720360756,0.00102996826171875,0.0006298295338638127,0.537109375,0.027317579552147198,0.0029296875,8.87721160411634,8.900260972900861,0.0030772702927884506,0.9999988236244592,0.0,0.0009765625,0.002197265625,0.002685546875,0.0028049349784851074,0.02597389556467533,0.05844126269221306,0.07142820954322815,0.0746036022901535,0.0,0.0,0.0,0.0
BetaQCL,BetaQCL,BetaQCL,Beta,QCL,,,8,transformer_encoder.7.norm2.weight.tensor,transformer_encoder.7.norm2.weight,transformer_norm_deepnorm,Transformer norm/deepnorm,3,7.0,norm2_weight,Norm/deepnorm,512,512,0.32169532775878906,0.04555841535329819,0.32207345962524414,0.04556615278124809,0.0003781318664550781,0.0006062636966817081,0.29248046875,0.016167750915401794,0.002685546875,7.351766942229029,7.360263131040513,0.002199165322084815,0.9999984463335141,0.0,0.00048828125,0.00146484375,0.001708984375,0.0023112893104553223,0.010717693716287613,0.03215308114886284,0.037511926144361496,0.05073242262005806,0.0,0.0,0.0,0.0
BetaQCL,BetaQCL,BetaQCL,Beta,QCL,,,8,transformer_encoder.8.deepnorm_alpha.tensor,transformer_encoder.8.deepnorm_alpha,transformer_norm_deepnorm,Transformer norm/deepnorm,3,8.0,deepnorm_alpha,Norm/deepnorm,scalar,1,2.44921875,0.0,2.44921875,0.0,0.0,0.0,0.0,0.0,0.0,2.44921875,2.44921875,0.0,0.9999999999998332,0.0,0.0,0.0,0.0,0.0,0.0,0.0,0.0,0.0,0.0,0.0,0.0,0.0
BetaQCL,BetaQCL,BetaQCL,Beta,QCL,,,8,transformer_encoder.8.norm1.weight.tensor,transformer_encoder.8.norm1.weight,transformer_norm_deepnorm,Transformer norm/deepnorm,3,8.0,norm1_weight,Norm/deepnorm,512,512,0.3574991226196289,0.035378359258174896,0.3583683967590332,0.035340119153261185,0.0008692741394042969,0.0006337563972920179,0.469482421875,0.024341934469391667,0.002685546875,8.12879456164262,8.14828394510157,0.0029945318810554113,0.9999984902564659,0.0,0.0008544921875,0.001953125,0.0024145543575286865,0.0025607943534851074,0.024152955040335655,0.05520675331354141,0.06824944913387299,0.07238304615020752,0.0,0.0,0.0,0.0
BetaQCL,BetaQCL,BetaQCL,Beta,QCL,,,8,transformer_encoder.8.norm2.weight.tensor,transformer_encoder.8.norm2.weight,transformer_norm_deepnorm,Transformer norm/deepnorm,3,8.0,norm2_weight,Norm/deepnorm,512,512,0.2291562557220459,0.021944638341665268,0.23026728630065918,0.021801671013236046,0.0011110305786132812,0.0006769280880689621,0.5751953125,0.029438439712589932,0.0030517578125,5.208934942467921,5.233654917820636,0.005651527622772873,0.9999954656333089,0.0,0.0010986328125,0.002197265625,0.0025634765625,0.0030517578125,0.05006381496787071,0.10012762993574142,0.11681557446718216,0.1390661597251892,0.0,0.0,0.0,0.0
BetaQCL,BetaQCL,BetaQCL,Beta,QCL,,,8,transformer_encoder.9.deepnorm_alpha.tensor,transformer_encoder.9.deepnorm_alpha,transformer_norm_deepnorm,Transformer norm/deepnorm,3,9.0,deepnorm_alpha,Norm/deepnorm,scalar,1,2.44921875,0.0,2.44921875,0.0,0.0,0.0,0.0,0.0,0.0,2.44921875,2.44921875,0.0,0.9999999999998332,0.0,0.0,0.0,0.0,0.0,0.0,0.0,0.0,0.0,0.0,0.0,0.0,0.0
BetaQCL,BetaQCL,BetaQCL,Beta,QCL,,,8,transformer_encoder.9.norm1.weight.tensor,transformer_encoder.9.norm1.weight,transformer_norm_deepnorm,Transformer norm/deepnorm,3,9.0,norm1_weight,Norm/deepnorm,512,512,0.21958576142787933,0.03401067852973938,0.22015920281410217,0.03398093953728676,0.0005734413862228394,0.0006358820828609169,0.35756683349609375,0.019374950684303924,0.0025634765625,5.027902946998241,5.040623244245665,0.0038534854169902594,0.9999959673516986,0.0,0.0006103515625,0.001708984375,0.001953125,0.0025011003017425537,0.017945874482393265,0.05024844780564308,0.05742679908871651,0.0735386535525322,0.0,0.0,0.0,0.0
BetaQCL,BetaQCL,BetaQCL,Beta,QCL,,,8,transformer_encoder.9.norm2.weight.tensor,transformer_encoder.9.norm2.weight,transformer_norm_deepnorm,Transformer norm/deepnorm,3,9.0,norm2_weight,Norm/deepnorm,512,512,0.27030277252197266,0.03048752062022686,0.2703639268875122,0.03045150823891163,6.115436553955078e-05,0.0006005392642691731,0.24224853515625,0.013658926145099077,0.0018310546875,6.155034443861948,6.1563181607108675,0.0022191469876692727,0.9999977566256969,0.0,0.0003662109375,0.001220703125,0.0016955584287643433,0.0018310546875,0.01201182696968317,0.04003942385315895,0.05561481788754463,0.06005913391709328,0.0,0.0,0.0,0.0
BetaQCL,BetaQCL,BetaQCL,Beta,QCL,,,8,transformer_encoder.10.deepnorm_alpha.tensor,transformer_encoder.10.deepnorm_alpha,transformer_norm_deepnorm,Transformer norm/deepnorm,3,10.0,deepnorm_alpha,Norm/deepnorm,scalar,1,2.44921875,0.0,2.44921875,0.0,0.0,0.0,0.0,0.0,0.0,2.44921875,2.44921875,0.0,0.9999999999998332,0.0,0.0,0.0,0.0,0.0,0.0,0.0,0.0,0.0,0.0,0.0,0.0,0.0
BetaQCL,BetaQCL,BetaQCL,Beta,QCL,,,8,transformer_encoder.10.norm1.weight.tensor,transformer_encoder.10.norm1.weight,transformer_norm_deepnorm,Transformer norm/deepnorm,3,10.0,norm1_weight,Norm/deepnorm,512,512,0.2463228702545166,0.026740267872810364,0.2471151351928711,0.02668558806180954,0.0007922649383544922,0.0005968008772470057,0.4259033203125,0.02244401377111545,0.0028076171875,5.60639589730117,5.624085585126105,0.004003287349349631,0.9999971285544071,0.0,0.000732421875,0.001708984375,0.002197265625,0.002620488405227661,0.027390211820602417,0.06391049921512604,0.08217063546180725,0.09799780696630478,0.0,0.0,0.0,0.0
BetaQCL,BetaQCL,BetaQCL,Beta,QCL,,,8,transformer_encoder.10.norm2.weight.tensor,transformer_encoder.10.norm2.weight,transformer_norm_deepnorm,Transformer norm/deepnorm,3,10.0,norm2_weight,Norm/deepnorm,512,512,0.33830833435058594,0.027939941734075546,0.3385903835296631,0.027980763465166092,0.00028204917907714844,0.0006216815090738237,0.2762451171875,0.015447080442500535,0.00244140625,7.681105023995469,7.68754118621462,0.0020110492428162944,0.9999984772914513,0.0,0.00048828125,0.001220703125,0.001708984375,0.002191901206970215,0.017476094886660576,0.043690238147974014,0.06116633489727974,0.07845042645931244,0.0,0.0,0.0,0.0
BetaQCL,BetaQCL,BetaQCL,Beta,QCL,,,8,transformer_encoder.11.deepnorm_alpha.tensor,transformer_encoder.11.deepnorm_alpha,transformer_norm_deepnorm,Transformer norm/deepnorm,3,11.0,deepnorm_alpha,Norm/deepnorm,scalar,1,2.44921875,0.0,2.44921875,0.0,0.0,0.0,0.0,0.0,0.0,2.44921875,2.44921875,0.0,0.9999999999998332,0.0,0.0,0.0,0.0,0.0,0.0,0.0,0.0,0.0,0.0,0.0,0.0,0.0
BetaQCL,BetaQCL,BetaQCL,Beta,QCL,,,8,transformer_encoder.11.norm1.weight.tensor,transformer_encoder.11.norm1.weight,transformer_norm_deepnorm,Transformer norm/deepnorm,3,11.0,norm1_weight,Norm/deepnorm,512,512,0.25324106216430664,0.026536356657743454,0.25395989418029785,0.0264858677983284,0.0007188320159912109,0.0005734913283959031,0.3988037109375,0.020807528408901516,0.00244140625,5.761564484163635,5.777623044085758,0.0036114372174588932,0.9999974560202277,0.0,0.000732421875,0.001708984375,0.001953125,0.0023790299892425537,0.027600685134530067,0.06440159678459167,0.07360182702541351,0.0896516889333725,0.0,0.0,0.0,0.0
BetaQCL,BetaQCL,BetaQCL,Beta,QCL,,,8,transformer_encoder.11.norm2.weight.tensor,transformer_encoder.11.norm2.weight,transformer_norm_deepnorm,Transformer norm/deepnorm,3,11.0,norm2_weight,Norm/deepnorm,512,512,0.3390350341796875,0.018608592450618744,0.3394789695739746,0.018610194325447083,0.0004439353942871094,0.0005482671549543738,0.285888671875,0.015962764685817896,0.002197265625,7.683033211474052,7.693065086637841,0.0020776644127968352,0.9999989151426517,0.0,0.00048828125,0.00146484375,0.001708984375,0.0020725131034851074,0.02623954601585865,0.0787186324596405,0.09183841198682785,0.11137393116950989,0.0,0.0,0.0,0.0
BetaQCL,BetaQCL,BetaQCL,Beta,QCL,,,8,transformer_encoder.12.deepnorm_alpha.tensor,transformer_encoder.12.deepnorm_alpha,transformer_norm_deepnorm,Transformer norm/deepnorm,3,12.0,deepnorm_alpha,Norm/deepnorm,scalar,1,2.44921875,0.0,2.44921875,0.0,0.0,0.0,0.0,0.0,0.0,2.44921875,2.44921875,0.0,0.9999999999998332,0.0,0.0,0.0,0.0,0.0,0.0,0.0,0.0,0.0,0.0,0.0,0.0,0.0
BetaQCL,BetaQCL,BetaQCL,Beta,QCL,,,8,transformer_encoder.12.norm1.weight.tensor,transformer_encoder.12.norm1.weight,transformer_norm_deepnorm,Transformer norm/deepnorm,3,12.0,norm1_weight,Norm/deepnorm,512,512,0.2584099769592285,0.020306674763560295,0.25930070877075195,0.020287031307816505,0.0008907318115234375,0.0005502395215444267,0.46630859375,0.02369044818497696,0.00244140625,5.86517583949312,5.885234602641172,0.004039171004124625,0.9999979264731708,0.0,0.0009765625,0.001708984375,0.002197265625,0.00244140625,0.04809069260954857,0.08415871113538742,0.10820405930280685,0.12022673338651657,0.0,0.0,0.0,0.0
BetaQCL,BetaQCL,BetaQCL,Beta,QCL,,,8,transformer_encoder.12.norm2.weight.tensor,transformer_encoder.12.norm2.weight,transformer_norm_deepnorm,Transformer norm/deepnorm,3,12.0,norm2_weight,Norm/deepnorm,512,512,0.2992253303527832,0.017497792840003967,0.2996821403503418,0.01761247031390667,0.00045680999755859375,0.0006184509838931262,0.30615234375,0.01739748217902331,0.00341796875,6.782262207992182,6.792732888372208,0.002565144437872019,0.9999980847972295,0.0,0.00048828125,0.00146484375,0.001953125,0.003168463706970215,0.027905290946364403,0.08371587097644806,0.11162116378545761,0.18107780814170837,0.0,0.0,0.0,0.0
BetaQCL,BetaQCL,BetaQCL,Beta,QCL,,,8,transformer_encoder.13.deepnorm_alpha.tensor,transformer_encoder.13.deepnorm_alpha,transformer_norm_deepnorm,Transformer norm/deepnorm,3,13.0,deepnorm_alpha,Norm/deepnorm,scalar,1,2.44921875,0.0,2.44921875,0.0,0.0,0.0,0.0,0.0,0.0,2.44921875,2.44921875,0.0,0.9999999999998332,0.0,0.0,0.0,0.0,0.0,0.0,0.0,0.0,0.0,0.0,0.0,0.0,0.0
BetaQCL,BetaQCL,BetaQCL,Beta,QCL,,,8,transformer_encoder.13.norm1.weight.tensor,transformer_encoder.13.norm1.weight,transformer_norm_deepnorm,Transformer norm/deepnorm,3,13.0,norm1_weight,Norm/deepnorm,512,512,0.29320549964904785,0.021444566547870636,0.2940378189086914,0.02148374915122986,0.0008323192596435547,0.0005743395886383951,0.4451904296875,0.022881916459689847,0.00244140625,6.65220354327806,6.671051045982595,0.003439749898033141,0.9999982859845093,0.0,0.0008544921875,0.001708984375,0.002197265625,0.00244140625,0.03984654322266579,0.07969308644533157,0.102462537586689,0.1138472631573677,0.0,0.0,0.0,0.0
BetaQCL,BetaQCL,BetaQCL,Beta,QCL,,,8,transformer_encoder.13.norm2.weight.tensor,transformer_encoder.13.norm2.weight,transformer_norm_deepnorm,Transformer norm/deepnorm,3,13.0,norm2_weight,Norm/deepnorm,512,512,0.3176431655883789,0.018648406490683556,0.3184318542480469,0.018768591806292534,0.0007886886596679688,0.000700476870406419,0.44140625,0.023868414165234848,0.00390625,7.199819604944974,7.2177945119813085,0.00331514058336104,0.9999978234272165,0.0,0.000732421875,0.001953125,0.002685546875,0.0034072399139404297,0.039275284856557846,0.10473410040140152,0.14400938153266907,0.18270935118198395,0.0,0.0,0.0,0.0
BetaQCL,BetaQCL,BetaQCL,Beta,QCL,,,8,transformer_encoder.14.deepnorm_alpha.tensor,transformer_encoder.14.deepnorm_alpha,transformer_norm_deepnorm,Transformer norm/deepnorm,3,14.0,deepnorm_alpha,Norm/deepnorm,scalar,1,2.44921875,0.0,2.44921875,0.0,0.0,0.0,0.0,0.0,0.0,2.44921875,2.44921875,0.0,0.9999999999998332,0.0,0.0,0.0,0.0,0.0,0.0,0.0,0.0,0.0,0.0,0.0,0.0,0.0
BetaQCL,BetaQCL,BetaQCL,Beta,QCL,,,8,transformer_encoder.14.norm1.weight.tensor,transformer_encoder.14.norm1.weight,transformer_norm_deepnorm,Transformer norm/deepnorm,3,14.0,norm1_weight,Norm/deepnorm,512,512,0.2626149654388428,0.021146051585674286,0.2633829116821289,0.02116169035434723,0.0007679462432861328,0.0005886422586627305,0.4234619140625,0.02189418768634464,0.0030517578125,5.961530383461906,5.978879631498632,0.003672578394815938,0.9999977473734581,0.0,0.000732421875,0.001708984375,0.001953125,0.0027398765087127686,0.034636326134204865,0.08081809431314468,0.09236353635787964,0.12956911325454712,0.0,0.0,0.0,0.0
BetaQCL,BetaQCL,BetaQCL,Beta,QCL,,,8,transformer_encoder.14.norm2.weight.tensor,transformer_encoder.14.norm2.weight,transformer_norm_deepnorm,Transformer norm/deepnorm,3,14.0,norm2_weight,Norm/deepnorm,512,512,0.4210224151611328,0.024189021438360214,0.4223966598510742,0.024276921525597572,0.0013742446899414062,0.0007471738499589264,0.71142578125,0.035394497084845836,0.004638671875,9.542359128476376,9.573517479927457,0.0037091977579441146,0.999998674217761,0.0,0.001220703125,0.002685546875,0.0031469762325286865,0.004389166831970215,0.05046515166759491,0.11102333664894104,0.1300993114709854,0.18145278096199036,0.0,0.0,0.0,0.0
BetaQCL,BetaQCL,BetaQCL,Beta,QCL,,,8,transformer_encoder.15.deepnorm_alpha.tensor,transformer_encoder.15.deepnorm_alpha,transformer_norm_deepnorm,Transformer norm/deepnorm,3,15.0,deepnorm_alpha,Norm/deepnorm,scalar,1,2.44921875,0.0,2.44921875,0.0,0.0,0.0,0.0,0.0,0.0,2.44921875,2.44921875,0.0,0.9999999999998332,0.0,0.0,0.0,0.0,0.0,0.0,0.0,0.0,0.0,0.0,0.0,0.0,0.0
BetaQCL,BetaQCL,BetaQCL,Beta,QCL,,,8,transformer_encoder.15.norm1.weight.tensor,transformer_encoder.15.norm1.weight,transformer_norm_deepnorm,Transformer norm/deepnorm,3,15.0,norm1_weight,Norm/deepnorm,512,512,0.25661516189575195,0.0307583287358284,0.2572152614593506,0.030854906886816025,0.0006000995635986328,0.0006184843950904906,0.3592529296875,0.01949956230748297,0.0023193359375,5.848099828700371,5.861841928600467,0.003334341560276177,0.9999975243132675,0.0,0.0006103515625,0.001708984375,0.0020617693662643433,0.0022569596767425537,0.01984344981610775,0.05556166172027588,0.06703123450279236,0.07337716221809387,0.0,0.0,0.0,0.0
BetaQCL,BetaQCL,BetaQCL,Beta,QCL,,,8,transformer_encoder.15.norm2.weight.tensor,transformer_encoder.15.norm2.weight,transformer_norm_deepnorm,Transformer norm/deepnorm,3,15.0,norm2_weight,Norm/deepnorm,512,512,0.5345916748046875,0.02535323053598404,0.5354194641113281,0.025425957515835762,0.000827789306640625,0.0007346338243223727,0.46630859375,0.02504316418359829,0.00244140625,12.110023924144798,12.128811266737587,0.0020679698356058165,0.9999992277047792,0.0,0.0009765625,0.001953125,0.00244140625,0.00244140625,0.03851825371384621,0.07703650742769241,0.09629563242197037,0.09629563242197037,0.0,0.0,0.0,0.0
BetaQCL,BetaQCL,BetaQCL,Beta,QCL,,,8,transformer_encoder.16.deepnorm_alpha.tensor,transformer_encoder.16.deepnorm_alpha,transformer_norm_deepnorm,Transformer norm/deepnorm,3,16.0,deepnorm_alpha,Norm/deepnorm,scalar,1,2.44921875,0.0,2.44921875,0.0,0.0,0.0,0.0,0.0,0.0,2.44921875,2.44921875,0.0,0.9999999999998332,0.0,0.0,0.0,0.0,0.0,0.0,0.0,0.0,0.0,0.0,0.0,0.0,0.0
BetaQCL,BetaQCL,BetaQCL,Beta,QCL,,,8,transformer_encoder.16.norm1.weight.tensor,transformer_encoder.16.norm1.weight,transformer_norm_deepnorm,Transformer norm/deepnorm,3,16.0,norm1_weight,Norm/deepnorm,512,512,0.255903959274292,0.03497700020670891,0.25684165954589844,0.035052720457315445,0.0009377002716064453,0.0006862874142825603,0.5047607421875,0.026293333253670254,0.0030517578125,5.8442819934567645,5.865536473967357,0.004498984354811022,0.999996685178336,0.0,0.0009765625,0.0020751953125,0.0026721209287643433,0.0030517578125,0.027920125052332878,0.05933026224374771,0.07639648765325546,0.08725038915872574,0.0,0.0,0.0,0.0
BetaQCL,BetaQCL,BetaQCL,Beta,QCL,,,8,transformer_encoder.16.norm2.weight.tensor,transformer_encoder.16.norm2.weight,transformer_norm_deepnorm,Transformer norm/deepnorm,3,16.0,norm2_weight,Norm/deepnorm,512,512,0.39286327362060547,0.027819156646728516,0.3937721252441406,0.02798972651362419,0.0009088516235351562,0.0008224626653827727,0.4970703125,0.027735492522599835,0.005859375,8.911739330814756,8.932526171454017,0.0031122423460809424,0.9999981136134343,0.0,0.000732421875,0.002307124435901642,0.003173828125,0.005235612392425537,0.026327960193157196,0.08293291181325912,0.11408782750368118,0.1882016360759735,0.0,0.0,0.0,0.0
BetaQCL,BetaQCL,BetaQCL,Beta,QCL,,,8,transformer_encoder.17.deepnorm_alpha.tensor,transformer_encoder.17.deepnorm_alpha,transformer_norm_deepnorm,Transformer norm/deepnorm,3,17.0,deepnorm_alpha,Norm/deepnorm,scalar,1,2.44921875,0.0,2.44921875,0.0,0.0,0.0,0.0,0.0,0.0,2.44921875,2.44921875,0.0,0.9999999999998332,0.0,0.0,0.0,0.0,0.0,0.0,0.0,0.0,0.0,0.0,0.0,0.0,0.0
BetaQCL,BetaQCL,BetaQCL,Beta,QCL,,,8,transformer_encoder.17.norm1.weight.tensor,transformer_encoder.17.norm1.weight,transformer_norm_deepnorm,Transformer norm/deepnorm,3,17.0,norm1_weight,Norm/deepnorm,512,512,0.27333498001098633,0.019559422507882118,0.2739439010620117,0.01963374949991703,0.0006089210510253906,0.0007379231974482536,0.384765625,0.021648129700888915,0.00341796875,6.2006788066770735,6.214542364824559,0.0034912515832257076,0.9999965541754979,0.0,0.000732421875,0.001953125,0.0024145543575286865,0.003168463706970215,0.03744596987962723,0.09985591471195221,0.12344706058502197,0.16199161112308502,0.0,0.0,0.0,0.0
BetaQCL,BetaQCL,BetaQCL,Beta,QCL,,,8,transformer_encoder.17.norm2.weight.tensor,transformer_encoder.17.norm2.weight,transformer_norm_deepnorm,Transformer norm/deepnorm,3,17.0,norm2_weight,Norm/deepnorm,512,512,0.24103976786136627,0.018107499927282333,0.24490757286548615,0.01846916787326336,0.0038678054697811604,0.0007709593046456575,1.980316400527954,0.08924013000229707,0.007080078125,5.469475223955573,5.557361072034184,0.016316031492641353,0.9999961897945457,0.0,0.00390625,0.005059812217950821,0.0058325231075286865,0.006830573081970215,0.21572542190551758,0.27943170070648193,0.3221052289009094,0.3772232234477997,0.0,0.0,0.0,0.0
BetaQCL,BetaQCL,BetaQCL,Beta,QCL,,,8,upsample.linear.bias.tensor,upsample.linear.bias,upsample,Upsample,4,,linear_bias,Upsample,1024,1024,0.0006987148080952466,0.0231142770498991,0.0006939128506928682,0.023224391043186188,-4.801957402378321e-06,0.0005609728978015482,0.46005576848983765,0.017951790240950154,0.002197265625,0.73999470476885,0.7435121460456742,0.024259349594310198,0.9997184177520742,0.0078125,0.000377655029296875,0.0010825155768543482,0.001468658447265625,0.0017686150968074799,0.016338597983121872,0.046833183616399765,0.06353899091482162,0.07651610672473907,0.0,0.0,0.0,0.0
BetaQCL,BetaQCL,BetaQCL,Beta,QCL,,,8,upsample.linear.weight.tensor,upsample.linear.weight,upsample,Upsample,4,,linear_weight,Upsample,1024x512,524288,2.0732361008413136e-05,0.06463779509067535,2.0352323190309107e-05,0.06462730467319489,-3.800447530011297e-07,0.0008855609339661896,367.15301513671875,0.6412142857799088,0.0064697265625,46.802790736270474,46.79519508670869,0.013700342985807834,0.9999050387545628,0.004604339599609375,0.0005893707275390625,0.0017242431640625,0.0023193359375,0.00335693359375,0.009118050336837769,0.02667546086013317,0.03588203713297844,0.05193452537059784,0.0,0.0,0.0,0.0
BetaQCL,BetaQCL,BetaQCL,Beta,QCL,,,8,crf.linear.weight.tensor,crf.linear.weight,crf,CRF head,5,,linear_weight,CRF,4096x512,2097152,-0.00031572766602039337,0.03356962278485298,-0.0003173798613715917,0.033443402498960495,-1.6521721590834204e-06,0.0009240385261364281,1555.0997314453125,1.3381427610840886,0.0044403076171875,48.61623023021093,48.433477655568986,0.027524609677624014,0.9996236155340307,0.008899211883544922,0.000640869140625,0.001800537109375,0.002346038818359375,0.00299072265625,0.019090740010142326,0.053635887801647186,0.0698857456445694,0.08909011632204056,0.0,0.0,0.0,0.0
