name,display_name,base_model,family,variant,seed_index,seed_label,sort_order,tensor,tensor_stem,component,component_label,component_order,layer,submodule,submodule_group,shape,numel,baseline_mean,baseline_std,tuned_mean,tuned_std,delta_mean,delta_std,delta_l1_sum,delta_l2_norm,delta_linf_norm,baseline_l2_norm,tuned_l2_norm,relative_l2,cosine_similarity,sign_flip_fraction,abs_delta_q500,abs_delta_q950,abs_delta_q990,abs_delta_q999,abs_delta_z_q500,abs_delta_z_q950,abs_delta_z_q990,abs_delta_z_q999,tail_abs_delta_z_gt_1p0_fraction,tail_abs_delta_z_gt_2p0_fraction,tail_abs_delta_z_gt_3p0_fraction,tail_abs_delta_z_gt_5p0_fraction,relative_l2_rank
Alpha,Alpha,Alpha,Alpha,base,,,0,conv.0.conv.weight.tensor,conv.0.conv.weight,conv,Convolution front-end,0,0.0,conv_weight,Conv,64x1x5,320,-0.001664625247940421,0.7632753252983093,-0.0018994687125086784,0.9064821004867554,-0.00023483470431528986,0.1483554244041443,16.850605010986328,2.6538657763934763,1.0401477813720703,13.653916777224586,16.215680781967073,0.1943666289822465,0.9989151342029676,0.29374998807907104,0.0028274543583393097,0.25797784328460693,0.7439681887626648,1.0137583017349243,0.0037043702322989702,0.3379879295825958,0.974704921245575,1.3281686305999756,0.0062500000931322575,0.0,0.0,0.0,1.0
Alpha,Alpha,Alpha,Alpha,base,,,0,conv.3.conv.weight.tensor,conv.3.conv.weight,conv,Convolution front-end,0,3.0,conv_weight,Conv,128x128x9,147456,2.159507403121097e-06,0.045519500970840454,-3.9218197343871e-05,0.04674958437681198,-4.13776833738666e-05,0.0031326294410973787,211.23785400390625,1.2030346328684223,0.15108752250671387,17.479488886643146,17.951846669023357,0.06882550403333851,0.9980493191627303,0.0059678819961845875,0.0006109876558184624,0.005397769622504711,0.012536754831671715,0.029242131859064102,0.013422544114291668,0.11858144402503967,0.27541497349739075,0.6424087285995483,0.00027126737404614687,4.747178900288418e-05,1.3563368156610522e-05,0.0,2.0
Alpha,Alpha,Alpha,Alpha,base,,,0,conv.1.conv.bias.tensor,conv.1.conv.bias,conv,Convolution front-end,0,1.0,conv_bias,Conv,64,64,-0.35623908042907715,3.126411199569702,-0.39006975293159485,3.078227996826172,-0.03383062034845352,0.19429577887058258,7.02051305770874,1.5777524753938592,0.9891786575317383,25.173133406626448,24.822753017802285,0.06267604631922688,0.9981063046528305,0.0,0.05382281541824341,0.44886526465415955,0.6975294351577759,0.9600139260292053,0.017215527594089508,0.14357206225395203,0.2231086641550064,0.30706578493118286,0.0,0.0,0.0,0.0,3.0
Alpha,Alpha,Alpha,Alpha,base,,,0,conv.2.conv.bias.tensor,conv.2.conv.bias,conv,Convolution front-end,0,2.0,conv_bias,Conv,128,128,-0.23985695838928223,0.8994260430335999,-0.24644052982330322,0.8947169184684753,-0.006583569571375847,0.05640542134642601,4.410436153411865,0.642486658514415,0.252943754196167,10.53146805806331,10.499531690054049,0.061006372043491186,0.9981380661889826,0.0078125,0.01949542760848999,0.1299043893814087,0.21184508502483368,0.24843432009220123,0.021675409749150276,0.14443032443523407,0.23553363978862762,0.2762143015861511,0.0,0.0,0.0,0.0,4.0
Alpha,Alpha,Alpha,Alpha,base,,,0,conv.1.conv.weight.tensor,conv.1.conv.weight,conv,Convolution front-end,0,1.0,conv_weight,Conv,64x64x5,20480,-0.005043329205363989,0.2731286585330963,-0.005427834112197161,0.27002623677253723,-0.00038450522697530687,0.01639982871711254,121.60038757324219,2.3475975498978996,0.30745840072631836,39.093653202318215,38.65081497260925,0.060050605599545996,0.9982411914970889,0.08198241889476776,0.0015584919601678848,0.024442942813038826,0.06569366157054901,0.19734643399715424,0.00570607278496027,0.08949241042137146,0.24052277207374573,0.7225401997566223,0.0004394531133584678,0.0,0.0,0.0,5.0
Alpha,Alpha,Alpha,Alpha,base,,,0,conv.4.conv.weight.tensor,conv.4.conv.weight,conv,Convolution front-end,0,4.0,conv_weight,Conv,512x128x5,327680,0.0007904483936727047,0.04287688806653023,0.000781928189098835,0.042456287890672684,-8.52016637509223e-06,0.00243637477979064,373.7752990722656,1.3946707092136001,0.09861293435096741,24.54832830078825,24.307513748003416,0.056813266146874875,0.9984188136760255,0.02569580078125,0.0005167089402675629,0.004180232062935829,0.009057324379682541,0.02413894608616829,0.012050986289978027,0.09749380499124527,0.21124018728733063,0.5629825592041016,0.000274658203125,3.051757857974735e-06,0.0,0.0,6.0
Alpha,Alpha,Alpha,Alpha,base,,,0,conv.2.conv.weight.tensor,conv.2.conv.weight,conv,Convolution front-end,0,2.0,conv_weight,Conv,128x64x9,73728,0.0019348718924447894,0.13461939990520477,0.0018932305974885821,0.1341702789068222,-4.164149140706286e-05,0.007498245220631361,277.6558837890625,2.036022507129067,0.26652073860168457,36.55684384668964,36.434747765375874,0.05569470153571206,0.9984496328979171,0.0195041224360466,0.0016543231904506683,0.014495146460831165,0.029050925746560097,0.06285334378480911,0.012288889847695827,0.10767500847578049,0.21580040454864502,0.46689656376838684,0.0001220703125,0.0,0.0,0.0,7.0
Alpha,Alpha,Alpha,Alpha,base,,,0,conv.4.conv.bias.tensor,conv.4.conv.bias,conv,Convolution front-end,0,4.0,conv_bias,Conv,512,512,0.018486348912119865,0.1553741842508316,0.017723457887768745,0.15701429545879364,-0.0007628884632140398,0.008562113158404827,2.123718738555908,0.1945060196566484,0.11117982864379883,3.5405137074041804,3.575390299585845,0.05493723107181545,0.998553653310532,0.03515625,0.002102409489452839,0.015119777992367744,0.03486073017120361,0.08015506714582443,0.013531265780329704,0.09731202572584152,0.22436627745628357,0.5158840417861938,0.0,0.0,0.0,0.0,8.0
Alpha,Alpha,Alpha,Alpha,base,,,0,conv.3.conv.bias.tensor,conv.3.conv.bias,conv,Convolution front-end,0,3.0,conv_bias,Conv,128,128,-0.27887842059135437,0.6861683130264282,-0.2885533273220062,0.7113722562789917,-0.009674900211393833,0.03879958391189575,2.8433711528778076,0.4524084871709388,0.2289581298828125,8.379785792997541,8.68516717779514,0.053988073006464445,0.9992346208324258,0.0078125,0.009770885109901428,0.09505434334278107,0.13628995418548584,0.21749094128608704,0.014239778742194176,0.1385291963815689,0.19862467050552368,0.31696441769599915,0.0,0.0,0.0,0.0,9.0
Alpha,Alpha,Alpha,Alpha,base,,,0,conv.0.conv.bias.tensor,conv.0.conv.bias,conv,Convolution front-end,0,0.0,conv_bias,Conv,64,64,-0.34886807203292847,0.4828624725341797,-0.34971413016319275,0.48164477944374084,-0.0008460301323793828,0.024626757949590683,0.7649704217910767,0.19713027956646834,0.14187553524971008,4.765644611255755,4.761725158937443,0.041364872047075035,0.9991441085387511,0.046875,0.0029296875,0.04762447252869606,0.09061256051063538,0.136749267578125,0.006067333277314901,0.09862947463989258,0.18765708804130554,0.28320541977882385,0.0,0.0,0.0,0.0,10.0
Alpha,Alpha,Alpha,Alpha,base,,,0,crf.linear.weight.tensor,crf.linear.weight,crf,CRF head,5,,linear_weight,CRF,4096x512,2097152,-0.00031572766602039337,0.03356962278485298,-0.00032342440681532025,0.033468056470155716,-7.696703505644109e-06,0.0012591147096827626,2135.654541015625,1.8234170136203904,0.0067138671875,48.61623023021093,48.46926126019846,0.0375063431489028,0.9992960096380006,0.01239776611328125,0.000885009765625,0.00241851806640625,0.003143310546875,0.0040435791015625,0.026363402605056763,0.07204481214284897,0.09363552927970886,0.12045347690582275,0.0,0.0,0.0,0.0,11.0
Alpha,Alpha,Alpha,Alpha,base,,,0,upsample.linear.bias.tensor,upsample.linear.bias,upsample,Upsample,4,,linear_bias,Upsample,1024,1024,0.0006987148080952466,0.0231142770498991,0.0006936087156645954,0.0232225451618433,-5.106092430651188e-06,0.0006750526954419911,0.5455070734024048,0.02160230289771774,0.002197265625,0.73999470476885,0.7434528205899661,0.02919251010645596,0.9995869249872686,0.0107421875,0.0004398822784423828,0.0013272284995764494,0.0017347384709864855,0.0021930523216724396,0.019030753523111343,0.0574202686548233,0.075050488114357,0.094878651201725,0.0,0.0,0.0,0.0,12.0
Alpha,Alpha,Alpha,Alpha,base,,,0,transformer_encoder.0.self_attn.out_proj.weight.tensor,transformer_encoder.0.self_attn.out_proj.weight,transformer_self_attn,Transformer self-attention,1,0.0,self_attn_out_proj_weight,Self-attention,512x512,262144,-1.71788597072009e-05,0.029549462720751762,-1.9595096091507003e-05,0.029539339244365692,-2.4162422960216645e-06,0.0007388588855974376,150.70681762695312,0.3782976119084803,0.00384521484375,15.129331866915267,15.12414951928341,0.025004251029466427,0.9996867383458216,0.013004302978515625,0.00046539306640625,0.001483917236328125,0.0019989013671875,0.00262451171875,0.015749623998999596,0.050218064337968826,0.06764592230319977,0.0888175517320633,0.0,0.0,0.0,0.0,13.0
Alpha,Alpha,Alpha,Alpha,base,,,0,transformer_encoder.17.norm2.weight.tensor,transformer_encoder.17.norm2.weight,transformer_norm_deepnorm,Transformer norm/deepnorm,3,17.0,norm2_weight,Norm/deepnorm,512,512,0.24103976786136627,0.018107499927282333,0.24550029635429382,0.018530551344156265,0.004460518714040518,0.000974282156676054,2.283785581588745,0.10330959275275019,0.010498046875,5.469475223955573,5.570839106638315,0.018888392125856798,0.9999934856491894,0.0,0.00439453125,0.006103515625,0.006591796875,0.009125769138336182,0.24269109964370728,0.3370709717273712,0.3640366494655609,0.5039770603179932,0.0,0.0,0.0,0.0,14.0
Alpha,Alpha,Alpha,Alpha,base,,,0,transformer_encoder.1.self_attn.out_proj.weight.tensor,transformer_encoder.1.self_attn.out_proj.weight,transformer_self_attn,Transformer self-attention,1,1.0,self_attn_out_proj_weight,Self-attention,512x512,262144,-6.949186354177073e-05,0.046070944517850876,-6.789299368392676e-05,0.046049565076828,1.5988580344128422e-06,0.0007954832981340587,165.44866943359375,0.4072881418776453,0.0043487548828125,23.588355654028483,23.577410525954182,0.017266491477886052,0.9998504149879498,0.0086517333984375,0.00052642822265625,0.0015716552734375,0.0020771026611328125,0.002685546875,0.011426466517150402,0.034113798290491104,0.04508486017584801,0.058291539549827576,0.0,0.0,0.0,0.0,15.0
Alpha,Alpha,Alpha,Alpha,base,,,0,upsample.linear.weight.tensor,upsample.linear.weight,upsample,Upsample,4,,linear_weight,Upsample,1024x512,524288,2.0732361008413136e-05,0.06463779509067535,1.8521583115216345e-05,0.06465469300746918,-2.210784259659704e-06,0.0011017457582056522,460.9690856933594,0.7977503288600701,0.0068359375,46.802790736270474,46.81502673838417,0.017044930789604076,0.999853621586468,0.005771636962890625,0.000732421875,0.00213623046875,0.0028228759765625,0.0037841796875,0.011331168934702873,0.033049244433641434,0.043672215193510056,0.058544375002384186,0.0,0.0,0.0,0.0,16.0
Alpha,Alpha,Alpha,Alpha,base,,,0,transformer_encoder.17.ff.fc1.weight.tensor,transformer_encoder.17.ff.fc1.weight,transformer_ffn,Transformer FFN,2,17.0,ff_fc1_weight,Feed-forward,4096x512,2097152,-2.1685345927835442e-06,0.07129102200269699,3.1033787308842875e-06,0.0712050274014473,5.271915142657235e-06,0.0010994595941156149,1831.6654052734375,1.5921995812014818,0.0060577392578125,103.24059335933468,103.1160507480528,0.015422224237512142,0.999878219731422,0.005074977874755859,0.000732421875,0.002166748046875,0.00286865234375,0.003753662109375,0.010273689404129982,0.030392996966838837,0.04023861512541771,0.05265265703201294,0.0,0.0,0.0,0.0,17.0
Alpha,Alpha,Alpha,Alpha,base,,,0,transformer_encoder.17.ff.fc2.weight.tensor,transformer_encoder.17.ff.fc2.weight,transformer_ffn,Transformer FFN,2,17.0,ff_fc2_weight,Feed-forward,512x2048,1048576,-1.5033847375889309e-05,0.06867311894893646,-1.4242881661630236e-05,0.0685715526342392,7.909591772659041e-07,0.001046407618559897,865.6930541992188,1.0715201032232822,0.00732421875,70.32134666568182,70.21734533530515,0.01523747985540484,0.9998826288330717,0.004970550537109375,0.00067901611328125,0.0020751953125,0.0028076171875,0.0037841796875,0.009887654334306717,0.030218448489904404,0.040883783251047134,0.05510422959923744,0.0,0.0,0.0,0.0,18.0
Alpha,Alpha,Alpha,Alpha,base,,,0,transformer_encoder.17.self_attn.out_proj.bias.tensor,transformer_encoder.17.self_attn.out_proj.bias,transformer_self_attn,Transformer self-attention,1,17.0,self_attn_out_proj_bias,Self-attention,512,512,-0.0052572558633983135,0.03579435124993324,-0.005288525018841028,0.035829171538352966,-3.126950468868017e-05,0.0005461995606310666,0.21506661176681519,0.012379321536412163,0.0020751953125,0.8186230655728276,0.8195055671209539,0.015122126479217478,0.9998864116725023,0.0078125,0.000335693359375,0.0011402128729969263,0.0014852145686745644,0.001966036856174469,0.009378386661410332,0.0318545363843441,0.041492972522974014,0.05492587760090828,0.0,0.0,0.0,0.0,19.0
Alpha,Alpha,Alpha,Alpha,base,,,0,transformer_encoder.2.self_attn.out_proj.weight.tensor,transformer_encoder.2.self_attn.out_proj.weight,transformer_self_attn,Transformer self-attention,1,2.0,self_attn_out_proj_weight,Self-attention,512x512,262144,-8.489452739013359e-05,0.05466361343860626,-8.631483069621027e-05,0.054628778249025345,-1.4203010323399212e-06,0.0007939978968352079,165.1934051513672,0.4065274794828375,0.005126953125,27.987814295214935,27.96997749575929,0.014525159956929072,0.9998940491496886,0.00568389892578125,0.00052642822265625,0.001556396484375,0.0020751953125,0.00274658203125,0.009630320593714714,0.028472252190113068,0.03796300292015076,0.05024515092372894,0.0,0.0,0.0,0.0,20.0
AlphaQCH,AlphaQCH,AlphaQCH,Alpha,QCH,,,1,conv.0.conv.weight.tensor,conv.0.conv.weight,conv,Convolution front-end,0,0.0,conv_weight,Conv,64x1x5,320,-0.001664625247940421,0.7632753252983093,-0.0009539734455756843,0.9275653958320618,0.0007106534903869033,0.16750681400299072,19.186019897460938,2.9964798301808515,1.0738325119018555,13.653916777224586,16.592803755683047,0.21945935946957798,0.9992455407665181,0.25,0.0025574725586920977,0.3048555850982666,0.8684595823287964,1.062187671661377,0.0033506553154438734,0.39940446615219116,1.1378064155578613,1.391618013381958,0.01875000074505806,0.0,0.0,0.0,1.0
AlphaQCH,AlphaQCH,AlphaQCH,Alpha,QCH,,,1,conv.3.conv.weight.tensor,conv.3.conv.weight,conv,Convolution front-end,0,3.0,conv_weight,Conv,128x128x9,147456,2.159507403121097e-06,0.045519500970840454,-2.6276202333974652e-05,0.046486031264066696,-2.8435677450033836e-05,0.002846656832844019,195.57003784179688,1.0931707210586752,0.1382230520248413,17.479488886643146,17.85063848128277,0.06254019943878067,0.9983058383119148,0.0067545571364462376,0.0005827572895213962,0.004959425888955593,0.011146617121994495,0.026264680549502373,0.012802362442016602,0.10895165055990219,0.24487559497356415,0.5769982933998108,0.00018310546875,5.425347262644209e-05,1.3563368156610522e-05,0.0,2.0
AlphaQCH,AlphaQCH,AlphaQCH,Alpha,QCH,,,1,conv.2.conv.bias.tensor,conv.2.conv.bias,conv,Convolution front-end,0,2.0,conv_bias,Conv,128,128,-0.23985695838928223,0.8994260430335999,-0.24586249887943268,0.9113568067550659,-0.006005553528666496,0.05230807512998581,4.357396125793457,0.5956859898838733,0.20865154266357422,10.53146805806331,10.679443892384375,0.05656248365371396,0.9985197790833292,0.0078125,0.01946467161178589,0.11207235604524612,0.19326387345790863,0.20697519183158875,0.021641213446855545,0.12460430711507797,0.21487466990947723,0.23011919856071472,0.0,0.0,0.0,0.0,3.0
AlphaQCH,AlphaQCH,AlphaQCH,Alpha,QCH,,,1,conv.2.conv.weight.tensor,conv.2.conv.weight,conv,Convolution front-end,0,2.0,conv_weight,Conv,128x64x9,73728,0.0019348718924447894,0.13461939990520477,0.0019267778843641281,0.1371057629585266,-8.094169970718212e-06,0.007110314443707466,278.19439697265625,1.9306578879674912,0.16851860284805298,36.55684384668964,37.23186691615799,0.05281248830079916,0.9987980559511501,0.02006022073328495,0.0018372666090726852,0.013876865617930889,0.027164451777935028,0.05927231162786484,0.013647858053445816,0.10308219492435455,0.20178702473640442,0.44029539823532104,0.00010850694525288418,0.0,0.0,0.0,4.0
AlphaQCH,AlphaQCH,AlphaQCH,Alpha,QCH,,,1,conv.1.conv.bias.tensor,conv.1.conv.bias,conv,Convolution front-end,0,1.0,conv_bias,Conv,64,64,-0.35623908042907715,3.126411199569702,-0.38817596435546875,3.0987725257873535,-0.03193691000342369,0.16154560446739197,5.896216869354248,1.3173779713037668,0.8121519088745117,25.173133406626448,24.983926717757583,0.052332697325511913,0.9986486950308687,0.015625,0.03899317979812622,0.34403902292251587,0.6065061092376709,0.7915874719619751,0.012472185306251049,0.11004279553890228,0.19399432837963104,0.2531936466693878,0.0,0.0,0.0,0.0,5.0
AlphaQCH,AlphaQCH,AlphaQCH,Alpha,QCH,,,1,conv.1.conv.weight.tensor,conv.1.conv.weight,conv,Convolution front-end,0,1.0,conv_weight,Conv,64x64x5,20480,-0.005043329205363989,0.2731286585330963,-0.005399509333074093,0.27148574590682983,-0.00035618047695606947,0.013412607833743095,96.94534301757812,1.9201328476007338,0.2529582977294922,39.093653202318215,38.859560338319575,0.04911622962590824,0.9988044540441181,0.08330078423023224,0.001423526555299759,0.018309559673070908,0.05248040705919266,0.19999444484710693,0.005211926996707916,0.06703639030456543,0.19214536249637604,0.7322352528572083,0.0,0.0,0.0,0.0,6.0
AlphaQCH,AlphaQCH,AlphaQCH,Alpha,QCH,,,1,conv.4.conv.weight.tensor,conv.4.conv.weight,conv,Convolution front-end,0,4.0,conv_weight,Conv,512x128x5,327680,0.0007904483936727047,0.04287688806653023,0.0007806044304743409,0.042699262499809265,-9.843946827459149e-06,0.002098207361996174,351.40850830078125,1.201097092200153,0.07000339031219482,24.54832830078825,24.446564615184176,0.048927856817098894,0.9988067348233998,0.02417907677590847,0.0005082385614514351,0.003980562556535006,0.008571954444050789,0.018998829647898674,0.011853436008095741,0.09283699840307236,0.19992010295391083,0.44310176372528076,1.831054760259576e-05,0.0,0.0,0.0,7.0
AlphaQCH,AlphaQCH,AlphaQCH,Alpha,QCH,,,1,conv.4.conv.bias.tensor,conv.4.conv.bias,conv,Convolution front-end,0,4.0,conv_bias,Conv,512,512,0.018486348912119865,0.1553741842508316,0.017933981493115425,0.1568865180015564,-0.0005523653235286474,0.007372357416898012,1.9925537109375,0.16728497097096423,0.07177245616912842,3.5405137074041804,3.5730552238682933,0.047248785005712154,0.9989358199490272,0.03125,0.0020886827260255814,0.01380911748856306,0.030619103461503983,0.060549695044755936,0.01344291865825653,0.08887652307748795,0.19706682860851288,0.38970234990119934,0.0,0.0,0.0,0.0,8.0
AlphaQCH,AlphaQCH,AlphaQCH,Alpha,QCH,,,1,conv.3.conv.bias.tensor,conv.3.conv.bias,conv,Convolution front-end,0,3.0,conv_bias,Conv,128,128,-0.27887842059135437,0.6861683130264282,-0.28558048605918884,0.7057634592056274,-0.006702061276882887,0.03372252732515335,2.5983550548553467,0.3889886724752194,0.17827963829040527,8.379785792997541,8.613725009827158,0.046419882570295085,0.9993308929922755,0.015625,0.00932338461279869,0.07254518568515778,0.13153357803821564,0.17289520800113678,0.013587606139481068,0.10572505742311478,0.19169287383556366,0.2519720196723938,0.0,0.0,0.0,0.0,9.0
AlphaQCH,AlphaQCH,AlphaQCH,Alpha,QCH,,,1,crf.linear.weight.tensor,crf.linear.weight,crf,CRF head,5,,linear_weight,CRF,4096x512,2097152,-0.00031572766602039337,0.03356962278485298,-0.0003240227815695107,0.033457737416028976,-8.295084626297466e-06,0.001421682653017342,2399.781982421875,2.0588392657792527,0.00991058349609375,48.61623023021093,48.45432419509248,0.04234880524528645,0.999102758336187,0.013878345489501953,0.0009918212890625,0.0027313232421875,0.0036163330078125,0.00494384765625,0.029545191675424576,0.08136291056871414,0.1077263131737709,0.14727142453193665,0.0,0.0,0.0,0.0,10.0
AlphaQCH,AlphaQCH,AlphaQCH,Alpha,QCH,,,1,conv.0.conv.bias.tensor,conv.0.conv.bias,conv,Convolution front-end,0,0.0,conv_bias,Conv,64,64,-0.34886807203292847,0.4828624725341797,-0.3483845591545105,0.48185664415359497,0.00048352713929489255,0.02446787618100643,0.8024343252182007,0.19578123113962434,0.13938817381858826,4.765644611255755,4.756856888137758,0.04108179419782512,0.9991562500431598,0.03125,0.0039045214653015137,0.04596823453903198,0.08920665830373764,0.13437005877494812,0.008086198009550571,0.09519943594932556,0.18474546074867249,0.27827808260917664,0.0,0.0,0.0,0.0,11.0
AlphaQCH,AlphaQCH,AlphaQCH,Alpha,QCH,,,1,upsample.linear.bias.tensor,upsample.linear.bias,upsample,Upsample,4,,linear_bias,Upsample,1024,1024,0.0006987148080952466,0.0231142770498991,0.0007056955364532769,0.023210644721984863,6.980728358030319e-06,0.0006488197250291705,0.5165420770645142,0.020763434011106814,0.00264739990234375,0.73999470476885,0.7430838542869527,0.02805889539110225,0.999616716927849,0.009765625,0.000415802001953125,0.00125885009765625,0.0018410496413707733,0.0024219341576099396,0.017988961189985275,0.054461993277072906,0.07964985817670822,0.10478083789348602,0.0,0.0,0.0,0.0,12.0
AlphaQCH,AlphaQCH,AlphaQCH,Alpha,QCH,,,1,transformer_encoder.0.self_attn.out_proj.weight.tensor,transformer_encoder.0.self_attn.out_proj.weight,transformer_self_attn,Transformer self-attention,1,0.0,self_attn_out_proj_weight,Self-attention,512x512,262144,-1.71788597072009e-05,0.029549462720751762,-1.9298488041386008e-05,0.029535416513681412,-2.1196303805481875e-06,0.0007912514847703278,161.87197875976562,0.40512203467818964,0.003951072692871094,15.129331866915267,15.122141670450382,0.026777258787222542,0.9996407321565166,0.013996124267578125,0.0004978179931640625,0.0015869140625,0.00212860107421875,0.002812866121530533,0.01684693433344364,0.053703635931015015,0.07203516364097595,0.09519175440073013,0.0,0.0,0.0,0.0,13.0
AlphaQCH,AlphaQCH,AlphaQCH,Alpha,QCH,,,1,transformer_encoder.1.self_attn.out_proj.weight.tensor,transformer_encoder.1.self_attn.out_proj.weight,transformer_self_attn,Transformer self-attention,1,1.0,self_attn_out_proj_weight,Self-attention,512x512,262144,-6.949186354177073e-05,0.046070944517850876,-6.826244498370215e-05,0.046045441180467606,1.2294058251427487e-06,0.0008467155275866389,176.17933654785156,0.43351870394266606,0.004364013671875,23.588355654028483,23.575298041262915,0.018378504644456225,0.9998306912338792,0.009059906005859375,0.0005626678466796875,0.001667022705078125,0.0022125244140625,0.00286865234375,0.012213070876896381,0.036183811724185944,0.04802427813410759,0.06226596236228943,0.0,0.0,0.0,0.0,14.0
AlphaQCH,AlphaQCH,AlphaQCH,Alpha,QCH,,,1,transformer_encoder.17.norm2.weight.tensor,transformer_encoder.17.norm2.weight,transformer_norm_deepnorm,Transformer norm/deepnorm,3,17.0,norm2_weight,Norm/deepnorm,512,512,0.24103976786136627,0.018107499927282333,0.2450510412454605,0.018486130982637405,0.004011270124465227,0.0008509784238412976,2.0537703037261963,0.09278469519323361,0.0078125,5.469475223955573,5.5606267968220235,0.016964094614933447,0.99999514297263,0.0,0.0040283203125,0.00537109375,0.0060766637325286865,0.007562994956970215,0.222466841340065,0.29662245512008667,0.3355880677700043,0.41767174005508423,0.0,0.0,0.0,0.0,15.0
AlphaQCH,AlphaQCH,AlphaQCH,Alpha,QCH,,,1,upsample.linear.weight.tensor,upsample.linear.weight,upsample,Upsample,4,,linear_weight,Upsample,1024x512,524288,2.0732361008413136e-05,0.06463779509067535,1.9627106667030603e-05,0.06463336944580078,-1.1052629815822002e-06,0.001069805584847927,445.4379577636719,0.7746219235787422,0.0068359375,46.802790736270474,46.799585167766175,0.01655076356330225,0.9998619568279963,0.005615234375,0.00072479248046875,0.00208282470703125,0.0028076171875,0.0037841796875,0.011213135905563831,0.032223012298345566,0.04343614727258682,0.058544375002384186,0.0,0.0,0.0,0.0,16.0
AlphaQCH,AlphaQCH,AlphaQCH,Alpha,QCH,,,1,transformer_encoder.2.self_attn.out_proj.weight.tensor,transformer_encoder.2.self_attn.out_proj.weight,transformer_self_attn,Transformer self-attention,1,2.0,self_attn_out_proj_weight,Self-attention,512x512,262144,-8.489452739013359e-05,0.05466361343860626,-8.666727808304131e-05,0.054626334458589554,-1.7727709291648353e-06,0.0008500901749357581,176.7682342529297,0.43524707003970675,0.005126953125,27.987814295214935,27.968728177365787,0.015551306202360548,0.999878440506768,0.00615692138671875,0.0005645751953125,0.001674652099609375,0.002227783203125,0.0029296204447746277,0.010328169912099838,0.030635584145784378,0.040754400193691254,0.053593602031469345,0.0,0.0,0.0,0.0,17.0
AlphaQCH,AlphaQCH,AlphaQCH,Alpha,QCH,,,1,transformer_encoder.17.ff.fc1.weight.tensor,transformer_encoder.17.ff.fc1.weight,transformer_ffn,Transformer FFN,2,17.0,ff_fc1_weight,Feed-forward,4096x512,2097152,-2.1685345927835442e-06,0.07129102200269699,3.0171449907356873e-06,0.07120344042778015,5.185670488572214e-06,0.0011018404038622975,1835.873779296875,1.5956465712275967,0.0089111328125,103.24059335933468,103.11375885702644,0.01545561217062986,0.9998777854115622,0.0050182342529296875,0.000732421875,0.002166748046875,0.00286865234375,0.0037841796875,0.010273689404129982,0.030392996966838837,0.04023861512541771,0.0530807264149189,0.0,0.0,0.0,0.0,18.0
AlphaQCH,AlphaQCH,AlphaQCH,Alpha,QCH,,,1,transformer_encoder.16.self_attn.Wqkv.weight.tensor,transformer_encoder.16.self_attn.Wqkv.weight,transformer_self_attn,Transformer self-attention,1,16.0,self_attn_Wqkv_weight,Self-attention,1536x512,786432,-6.306452269200236e-05,0.06916620582342148,-6.221784133231267e-05,0.06918641924858093,8.466833492093429e-07,0.0010578199289739132,647.57666015625,0.9380848331988966,0.011962890625,61.33735798332856,61.35528857031702,0.015293857838706583,0.9998814227073656,0.0050824484787881374,0.00067138671875,0.0020751953125,0.0029296875,0.00439453125,0.009706859476864338,0.0300030205398798,0.04235720634460449,0.06353580951690674,0.0,0.0,0.0,0.0,19.0
AlphaQCH,AlphaQCH,AlphaQCH,Alpha,QCH,,,1,transformer_encoder.16.ff.fc1.weight.tensor,transformer_encoder.16.ff.fc1.weight,transformer_ffn,Transformer FFN,2,16.0,ff_fc1_weight,Feed-forward,4096x512,2097152,-0.0005580946453846991,0.0698450431227684,-0.0005510439514182508,0.06978227198123932,7.050718522805255e-06,0.0010560082737356424,1755.304931640625,1.529291106660178,0.00775146484375,101.14981057662689,101.05883284162994,0.015119070396099612,0.9998827062285898,0.004961967468261719,0.000701904296875,0.0020751953125,0.0027923583984375,0.00372314453125,0.010049449279904366,0.029711415991187096,0.03997933119535446,0.05330577492713928,0.0,0.0,0.0,0.0,20.0
AlphaQCL,AlphaQCL,AlphaQCL,Alpha,QCL,,,2,conv.0.conv.weight.tensor,conv.0.conv.weight,conv,Convolution front-end,0,0.0,conv_weight,Conv,64x1x5,320,-0.001664625247940421,0.7632753252983093,-0.0020992234349250793,0.928895115852356,-0.00043459879816509783,0.16810813546180725,19.29120445251465,3.007219687167402,1.1010456085205078,13.653916777224586,16.616623682842057,0.2202459364761454,0.9994143127459376,0.2906250059604645,0.002921687439084053,0.3024228811264038,0.8982598185539246,1.071748971939087,0.0038278289139270782,0.3962172567844391,1.1768490076065063,1.4041446447372437,0.01875000074505806,0.0,0.0,0.0,1.0
AlphaQCL,AlphaQCL,AlphaQCL,Alpha,QCL,,,2,conv.3.conv.weight.tensor,conv.3.conv.weight,conv,Convolution front-end,0,3.0,conv_weight,Conv,128x128x9,147456,2.159507403121097e-06,0.045519500970840454,-3.956730870413594e-05,0.046873677521944046,-4.172679109615274e-05,0.002986717503517866,195.40074157714844,1.1470114229227124,0.14169085025787354,17.479488886643146,17.99949814838597,0.06562042118972536,0.998338954255976,0.006069607101380825,0.0005426559364423156,0.005033283494412899,0.011921381577849388,0.028625143691897392,0.011921390891075134,0.11057419329881668,0.2618960738182068,0.6288543343544006,0.0002509223122615367,5.425347262644209e-05,1.3563368156610522e-05,0.0,2.0
AlphaQCL,AlphaQCL,AlphaQCL,Alpha,QCL,,,2,conv.2.conv.bias.tensor,conv.2.conv.bias,conv,Convolution front-end,0,2.0,conv_bias,Conv,128,128,-0.23985695838928223,0.8994260430335999,-0.24395331740379333,0.9003586173057556,-0.004096358083188534,0.05058066174387932,3.695295810699463,0.5741284357786621,0.22901630401611328,10.53146805806331,10.553688120594494,0.05451551793285192,0.9985193584792625,0.015625,0.013845205307006836,0.1104511022567749,0.22016365826129913,0.2284117192029953,0.015393378213047981,0.1228017583489418,0.24478238821029663,0.2539527416229248,0.0,0.0,0.0,0.0,3.0
AlphaQCL,AlphaQCL,AlphaQCL,Alpha,QCL,,,2,conv.3.conv.bias.tensor,conv.3.conv.bias,conv,Convolution front-end,0,3.0,conv_bias,Conv,128,128,-0.27887842059135437,0.6861683130264282,-0.28937381505966187,0.7118892669677734,-0.010495402850210667,0.03802892193198204,2.707629919052124,0.4463329669216343,0.23042011260986328,8.379785792997541,8.69407964502416,0.05326305205731552,0.9993106939860452,0.0078125,0.008555606007575989,0.10148806124925613,0.1274668574333191,0.21767640113830566,0.012468669563531876,0.14790548384189606,0.18576617538928986,0.31723472476005554,0.0,0.0,0.0,0.0,4.0
AlphaQCL,AlphaQCL,AlphaQCL,Alpha,QCL,,,2,conv.1.conv.bias.tensor,conv.1.conv.bias,conv,Convolution front-end,0,1.0,conv_bias,Conv,64,64,-0.35623908042907715,3.126411199569702,-0.3885355591773987,3.104752779006958,-0.0322965569794178,0.16330666840076447,5.700766563415527,1.3317569662821012,0.9221611022949219,25.173133406626448,25.03175473507975,0.05290390134473619,0.99860855852092,0.0,0.0413665771484375,0.2845773696899414,0.6527711749076843,0.8952222466468811,0.013231329619884491,0.09102365374565125,0.20879249274730682,0.2863418161869049,0.0,0.0,0.0,0.0,5.0
AlphaQCL,AlphaQCL,AlphaQCL,Alpha,QCL,,,2,conv.1.conv.weight.tensor,conv.1.conv.weight,conv,Convolution front-end,0,1.0,conv_weight,Conv,64x64x5,20480,-0.005043329205363989,0.2731286585330963,-0.005502193234860897,0.2730451226234436,-0.0004588640877045691,0.01337155606597662,99.2882308959961,1.914707620078257,0.2879161834716797,39.093653202318215,39.082969636722844,0.04897745447756383,0.9988002634078308,0.08188476413488388,0.0013045466039329767,0.019995277747511864,0.05715343356132507,0.14727982878684998,0.004776307847350836,0.0732082724571228,0.20925460755825043,0.5392324328422546,0.0004394531133584678,0.0,0.0,0.0,6.0
AlphaQCL,AlphaQCL,AlphaQCL,Alpha,QCL,,,2,conv.2.conv.weight.tensor,conv.2.conv.weight,conv,Convolution front-end,0,2.0,conv_weight,Conv,128x64x9,73728,0.0019348718924447894,0.13461939990520477,0.0019226300064474344,0.1352613866329193,-1.2241855074535124e-05,0.00655485549941659,243.44241333007812,1.7798365288582005,0.24044227600097656,36.55684384668964,36.73110164594849,0.04868682144230902,0.9988316704962523,0.02727593295276165,0.0014328324468806386,0.012599673122167587,0.02570313960313797,0.054229747503995895,0.010643579065799713,0.09359476715326309,0.19093190133571625,0.40283748507499695,9.494357800576836e-05,0.0,0.0,0.0,7.0
AlphaQCL,AlphaQCL,AlphaQCL,Alpha,QCL,,,2,conv.0.conv.bias.tensor,conv.0.conv.bias,conv,Convolution front-end,0,0.0,conv_bias,Conv,64,64,-0.34886807203292847,0.4828624725341797,-0.35001468658447266,0.4817119538784027,-0.0011466187424957752,0.026872051879763603,0.8353703022003174,0.21517203132524546,0.15414956212043762,4.765644611255755,4.7635733769029605,0.04515066667308667,0.998980276415666,0.0625,0.0029296278953552246,0.053194548934698105,0.09820064902305603,0.1485546976327896,0.006067209877073765,0.11016500741243362,0.20337188243865967,0.3076542913913727,0.0,0.0,0.0,0.0,8.0
AlphaQCL,AlphaQCL,AlphaQCL,Alpha,QCL,,,2,conv.4.conv.bias.tensor,conv.4.conv.bias,conv,Convolution front-end,0,4.0,conv_bias,Conv,512,512,0.018486348912119865,0.1553741842508316,0.018099553883075714,0.15716809034347534,-0.00038679427234455943,0.0068801334127783775,1.814551591873169,0.15592547332085713,0.08445131778717041,3.5405137074041804,3.5798118646299026,0.0440403529563324,0.9991017848415433,0.029296875,0.0019078068435192108,0.012694420292973518,0.026909003034234047,0.062381818890571594,0.012278787791728973,0.08170223981142044,0.17318835854530334,0.4014940559864044,0.0,0.0,0.0,0.0,9.0
AlphaQCL,AlphaQCL,AlphaQCL,Alpha,QCL,,,2,conv.4.conv.weight.tensor,conv.4.conv.weight,conv,Convolution front-end,0,4.0,conv_weight,Conv,512x128x5,327680,0.0007904483936727047,0.04287688806653023,0.0007856511510908604,0.042757268995046616,-4.797223482455593e-06,0.0018543655751273036,313.87298583984375,1.0615042339928702,0.05097019672393799,24.54832830078825,24.479816453033685,0.04324140613512742,0.9990663461828724,0.02575073204934597,0.00046365056186914444,0.0034902028273791075,0.007579274475574493,0.01684936136007309,0.010813528671860695,0.0814005434513092,0.1767682433128357,0.39297059178352356,1.52587890625e-05,0.0,0.0,0.0,10.0
AlphaQCL,AlphaQCL,AlphaQCL,Alpha,QCL,,,2,crf.linear.weight.tensor,crf.linear.weight,crf,CRF head,5,,linear_weight,CRF,4096x512,2097152,-0.00031572766602039337,0.03356962278485298,-0.0003194360760971904,0.03345876187086105,-3.708351869136095e-06,0.0011303853243589401,1908.2193603515625,1.6369714655640901,0.006378173828125,48.61623023021093,48.45574757091516,0.033671295734213784,0.9994332364731342,0.011034488677978516,0.000789642333984375,0.0021820068359375,0.00284576416015625,0.0036773681640625,0.023522518575191498,0.06499942392110825,0.08477197587490082,0.10954447835683823,0.0,0.0,0.0,0.0,11.0
AlphaQCL,AlphaQCL,AlphaQCL,Alpha,QCL,,,2,upsample.linear.bias.tensor,upsample.linear.bias,upsample,Upsample,4,,linear_bias,Upsample,1024,1024,0.0006987148080952466,0.0231142770498991,0.0006919227307662368,0.023222453892230988,-6.792077329009771e-06,0.0006110251997597516,0.4945576786994934,0.01955401390414236,0.002197265625,0.73999470476885,0.7434482507301177,0.02642453220016482,0.999663275537795,0.0068359375,0.000408172607421875,0.0012031551450490952,0.0016603567637503147,0.00199855025857687,0.017658889293670654,0.05205244570970535,0.07183249294757843,0.08646385371685028,0.0,0.0,0.0,0.0,12.0
AlphaQCL,AlphaQCL,AlphaQCL,Alpha,QCL,,,2,transformer_encoder.0.self_attn.out_proj.weight.tensor,transformer_encoder.0.self_attn.out_proj.weight,transformer_self_attn,Transformer self-attention,1,0.0,self_attn_out_proj_weight,Self-attention,512x512,262144,-1.71788597072009e-05,0.029549462720751762,-1.959802830242552e-05,0.029540089890360832,-2.4191735974454787e-06,0.0007391794351860881,150.7567901611328,0.3784617146463414,0.0037841796875,15.129331866915267,15.12453289729399,0.02501509769072712,0.9996864711909451,0.0129852294921875,0.0004634857177734375,0.00148773193359375,0.0019989013671875,0.00262451171875,0.015685075893998146,0.05034715682268143,0.06764592230319977,0.0888175517320633,0.0,0.0,0.0,0.0,13.0
AlphaQCL,AlphaQCL,AlphaQCL,Alpha,QCL,,,2,transformer_encoder.17.norm2.weight.tensor,transformer_encoder.17.norm2.weight,transformer_norm_deepnorm,Transformer norm/deepnorm,3,17.0,norm2_weight,Norm/deepnorm,512,512,0.24103976786136627,0.018107499927282333,0.24519796669483185,0.018494803458452225,0.004158195573836565,0.0008651165408082306,2.1289961338043213,0.09610398672209561,0.008544921875,5.469475223955573,5.563956766428154,0.017570970300981596,0.9999950860242348,0.0,0.004150390625,0.00537109375,0.006103515625,0.008170664310455322,0.22920826077461243,0.29662245512008667,0.3370709717273712,0.4512307345867157,0.0,0.0,0.0,0.0,14.0
AlphaQCL,AlphaQCL,AlphaQCL,Alpha,QCL,,,2,transformer_encoder.1.self_attn.out_proj.weight.tensor,transformer_encoder.1.self_attn.out_proj.weight,transformer_self_attn,Transformer self-attention,1,1.0,self_attn_out_proj_weight,Self-attention,512x512,262144,-6.949186354177073e-05,0.046070944517850876,-6.799896073061973e-05,0.04604975879192352,1.4928682503523305e-06,0.000794399413280189,165.2041015625,0.4067331338948287,0.00433349609375,23.588355654028483,23.577508896854436,0.0172429625812153,0.9998508526645435,0.008602142333984375,0.00052642822265625,0.0015697479248046875,0.0020751953125,0.002685546875,0.011426466517150402,0.0340723991394043,0.0450434610247612,0.058291539549827576,0.0,0.0,0.0,0.0,15.0
AlphaQCL,AlphaQCL,AlphaQCL,Alpha,QCL,,,2,upsample.linear.weight.tensor,upsample.linear.weight,upsample,Upsample,4,,linear_weight,Upsample,1024x512,524288,2.0732361008413136e-05,0.06463779509067535,1.9159226212650537e-05,0.06464117020368576,-1.5731294524812256e-06,0.0009993608109652996,415.74041748046875,0.7236149794714537,0.0067138671875,46.802790736270474,46.805231933279906,0.015460936582797886,0.9998794141740165,0.0051555633544921875,0.00067138671875,0.001953125,0.00261688232421875,0.003591299057006836,0.010386904701590538,0.030216451734304428,0.04048532247543335,0.05556035414338112,0.0,0.0,0.0,0.0,16.0
AlphaQCL,AlphaQCL,AlphaQCL,Alpha,QCL,,,2,transformer_encoder.2.self_attn.out_proj.weight.tensor,transformer_encoder.2.self_attn.out_proj.weight,transformer_self_attn,Transformer self-attention,1,2.0,self_attn_out_proj_weight,Self-attention,512x512,262144,-8.489452739013359e-05,0.05466361343860626,-8.630870433989912e-05,0.05462992191314697,-1.4141955944069196e-06,0.0007918958435766399,164.73226928710938,0.40545122773928616,0.005126953125,27.987814295214935,27.970565583529055,0.014486705659205103,0.9998943890494127,0.0056304931640625,0.00052642822265625,0.001556396484375,0.0020751953125,0.0027386844158172607,0.009630320593714714,0.028472252190113068,0.03796300292015076,0.050100672990083694,0.0,0.0,0.0,0.0,17.0
AlphaQCL,AlphaQCL,AlphaQCL,Alpha,QCL,,,2,transformer_encoder.0.ff.fc2.weight.tensor,transformer_encoder.0.ff.fc2.weight,transformer_ffn,Transformer FFN,2,0.0,ff_fc2_weight,Feed-forward,512x2048,1048576,-7.165218994487077e-05,0.056143082678318024,-7.084036769811064e-05,0.05606094002723694,8.11830773272959e-07,0.0007937191985547543,661.7533569335938,0.8127677182977068,0.0040836334228515625,57.49062423560906,57.406511550166286,0.014137395951151861,0.9998988761196179,0.005213737487792969,0.0005340576171875,0.001556396484375,0.0020751953125,0.002655029296875,0.00951243657618761,0.027721958234906197,0.036962609738111496,0.04729039967060089,0.0,0.0,0.0,0.0,18.0
AlphaQCL,AlphaQCL,AlphaQCL,Alpha,QCL,,,2,transformer_encoder.17.ff.fc1.weight.tensor,transformer_encoder.17.ff.fc1.weight,transformer_ffn,Transformer FFN,2,17.0,ff_fc1_weight,Feed-forward,4096x512,2097152,-2.1685345927835442e-06,0.07129102200269699,3.093835402978584e-06,0.07120677083730698,5.26236590303597e-06,0.0010064690141007304,1678.4576416015625,1.4575364615065702,0.00567626953125,103.24059335933468,103.1185746104333,0.014117862112953175,0.9998975027066471,0.0045928955078125,0.00067138671875,0.0019683837890625,0.00262451171875,0.00341796875,0.009417548775672913,0.02761054039001465,0.03681405261158943,0.04794388264417648,0.0,0.0,0.0,0.0,19.0
AlphaQCL,AlphaQCL,AlphaQCL,Alpha,QCL,,,2,transformer_encoder.17.ff.fc2.weight.tensor,transformer_encoder.17.ff.fc2.weight,transformer_ffn,Transformer FFN,2,17.0,ff_fc2_weight,Feed-forward,512x2048,1048576,-1.5033847375889309e-05,0.06867311894893646,-1.4496666153718252e-05,0.06857264041900635,5.371931592890178e-07,0.0009541838662698865,791.974365234375,0.9770835707012829,0.00732421875,70.32134666568182,70.21846142019028,0.013894551470216723,0.9999021371565694,0.004481315612792969,0.0006256103515625,0.00189208984375,0.0025177001953125,0.003326416015625,0.009109972976148129,0.02755211479961872,0.036662086844444275,0.04843839630484581,0.0,0.0,0.0,0.0,20.0
Gamma,Gamma,Gamma,Gamma,base,,,3,conv.0.conv.weight.tensor,conv.0.conv.weight,conv,Convolution front-end,0,0.0,conv_weight,Conv,64x1x5,320,-0.001664625247940421,0.7632753252983093,-0.0020612976513803005,0.8929212689399719,-0.0003966731019318104,0.1327819675207138,15.206128120422363,2.37528658693781,0.8988265991210938,13.653916777224586,15.973103327382145,0.17396375162471567,0.9993962349746658,0.29374998807907104,0.0025988584384322166,0.23778997361660004,0.686040997505188,0.8743020296096802,0.003404876682907343,0.3115389049053192,0.8988119959831238,1.145460844039917,0.0062500000931322575,0.0,0.0,0.0,1.0
Gamma,Gamma,Gamma,Gamma,base,,,3,conv.3.conv.weight.tensor,conv.3.conv.weight,conv,Convolution front-end,0,3.0,conv_weight,Conv,128x128x9,147456,2.159507403121097e-06,0.045519500970840454,-3.694308179547079e-05,0.046824127435684204,-3.910255691152997e-05,0.0027902000583708286,184.24298095703125,1.0715419084912812,0.1347806453704834,17.479488886643146,17.980470871578195,0.06130281700113284,0.9985726852764234,0.005947536788880825,0.0005212402902543545,0.004728298634290695,0.011140270158648491,0.026582665741443634,0.01145092025399208,0.1038741022348404,0.24473616480827332,0.5839839577674866,0.00019666884327307343,4.747178900288418e-05,0.0,0.0,2.0
Gamma,Gamma,Gamma,Gamma,base,,,3,conv.1.conv.bias.tensor,conv.1.conv.bias,conv,Convolution front-end,0,1.0,conv_bias,Conv,64,64,-0.35623908042907715,3.126411199569702,-0.3817216455936432,3.0939109325408936,-0.025482606142759323,0.16801588237285614,5.9681715965271,1.3594987308710929,0.8851690292358398,25.173133406626448,24.938961129657397,0.05400593994044346,0.9985715391397918,0.0,0.049248456954956055,0.3614216446876526,0.6195147037506104,0.8586037755012512,0.015752393752336502,0.11560272425413132,0.1981552094221115,0.2746291756629944,0.0,0.0,0.0,0.0,3.0
Gamma,Gamma,Gamma,Gamma,base,,,3,conv.2.conv.bias.tensor,conv.2.conv.bias,conv,Convolution front-end,0,2.0,conv_bias,Conv,128,128,-0.23985695838928223,0.8994260430335999,-0.2430509626865387,0.8984045386314392,-0.003194007556885481,0.04667922854423523,3.44327974319458,0.5293500528683793,0.2110118865966797,10.53146805806331,10.529680718112521,0.050263652697786765,0.9987365096250723,0.015625,0.013155683875083923,0.09991877526044846,0.1968867927789688,0.21018578112125397,0.014626754447817802,0.11109170317649841,0.21890270709991455,0.23368878662586212,0.0,0.0,0.0,0.0,4.0
Gamma,Gamma,Gamma,Gamma,base,,,3,conv.1.conv.weight.tensor,conv.1.conv.weight,conv,Convolution front-end,0,1.0,conv_weight,Conv,64x64x5,20480,-0.005043329205363989,0.2731286585330963,-0.0053881630301475525,0.271774560213089,-0.00034483367926441133,0.013694590888917446,101.20024871826172,1.960431462987775,0.2761709690093994,39.093653202318215,38.90084990134374,0.05014705207625552,0.9987487165676919,0.08183594048023224,0.0013411426916718483,0.01996597833931446,0.05566710978746414,0.1753993183374405,0.004910296760499477,0.0731009989976883,0.20381277799606323,0.6421856880187988,0.0003906250058207661,0.0,0.0,0.0,5.0
Gamma,Gamma,Gamma,Gamma,base,,,3,conv.3.conv.bias.tensor,conv.3.conv.bias,conv,Convolution front-end,0,3.0,conv_bias,Conv,128,128,-0.27887842059135437,0.6861683130264282,-0.2886963188648224,0.7101659774780273,-0.009817914105951786,0.0353870689868927,2.577908754348755,0.4154821566297669,0.20518112182617188,8.379785792997541,8.673130803637848,0.049581477008267864,0.9994044787224472,0.0078125,0.007902640849351883,0.09303230792284012,0.12267270684242249,0.1950915902853012,0.011517059057950974,0.1355823427438736,0.17877931892871857,0.28432032465934753,0.0,0.0,0.0,0.0,6.0
Gamma,Gamma,Gamma,Gamma,base,,,3,conv.2.conv.weight.tensor,conv.2.conv.weight,conv,Convolution front-end,0,2.0,conv_weight,Conv,128x64x9,73728,0.0019348718924447894,0.13461939990520477,0.0019251725170761347,0.13485673069953918,-9.699379006633535e-06,0.005945611745119095,222.05154418945312,1.6144081594950936,0.22678089141845703,36.55684384668964,36.62124187470043,0.044161584798334284,0.999028410804161,0.0272488072514534,0.0013412951957434416,0.01148318313062191,0.0231349878013134,0.04821929335594177,0.009963609278202057,0.08530109375715256,0.17185476422309875,0.35818973183631897,9.494357800576836e-05,0.0,0.0,0.0,7.0
Gamma,Gamma,Gamma,Gamma,base,,,3,conv.4.conv.weight.tensor,conv.4.conv.weight,conv,Convolution front-end,0,4.0,conv_weight,Conv,512x128x5,327680,0.0007904483936727047,0.04287688806653023,0.0007881489582359791,0.04275914654135704,-2.299411107742344e-06,0.001835450530052185,305.0769348144531,1.0506739224782027,0.05071777105331421,24.54832830078825,24.480915966973768,0.04280022287482699,0.9990854589581301,0.02374572679400444,0.00045008212327957153,0.0033797030337154865,0.00738076027482748,0.017322128638625145,0.010497077368199825,0.07882339507341385,0.17213839292526245,0.4039967656135559,1.220703143189894e-05,0.0,0.0,0.0,8.0
Gamma,Gamma,Gamma,Gamma,base,,,3,conv.4.conv.bias.tensor,conv.4.conv.bias,conv,Convolution front-end,0,4.0,conv_bias,Conv,512,512,0.018486348912119865,0.1553741842508316,0.01815090887248516,0.15688170492649078,-0.00033543864265084267,0.006649457849562168,1.774188756942749,0.15065137749922722,0.0772775411605835,3.5405137074041804,3.573507869879924,0.042550711549042025,0.9991459968342716,0.03125,0.001839293516241014,0.012898428365588188,0.0258270762860775,0.058929357677698135,0.011837830767035484,0.08301524817943573,0.16622498631477356,0.37927374243736267,0.0,0.0,0.0,0.0,9.0
Gamma,Gamma,Gamma,Gamma,base,,,3,crf.linear.weight.tensor,crf.linear.weight,crf,CRF head,5,,linear_weight,CRF,4096x512,2097152,-0.00031572766602039337,0.03356962278485298,-0.00031718448735773563,0.033452749252319336,-1.4567874586646212e-06,0.0009899158030748367,1672.9010009765625,1.4335423598056591,0.00472259521484375,48.61623023021093,48.44700763543735,0.029486909063442823,0.9995665803114971,0.009638309478759766,0.0006866455078125,0.00191497802734375,0.002471923828125,0.003143310546875,0.020454363897442818,0.057044949382543564,0.07363571226596832,0.09363552927970886,0.0,0.0,0.0,0.0,10.0
Gamma,Gamma,Gamma,Gamma,base,,,3,conv.0.conv.bias.tensor,conv.0.conv.bias,conv,Convolution front-end,0,0.0,conv_bias,Conv,64,64,-0.34886807203292847,0.4828624725341797,-0.34931761026382446,0.4814298748970032,-0.0004495147441048175,0.016342364251613617,0.5292844772338867,0.1307883639320679,0.09335917234420776,4.765644611255755,4.758470311283778,0.027444002774176128,0.9996239913171168,0.046875,0.002924680709838867,0.031756624579429626,0.059558991342782974,0.08997917175292969,0.00605696439743042,0.06576742976903915,0.12334565818309784,0.18634533882141113,0.0,0.0,0.0,0.0,11.0
Gamma,Gamma,Gamma,Gamma,base,,,3,transformer_encoder.0.self_attn.out_proj.weight.tensor,transformer_encoder.0.self_attn.out_proj.weight,transformer_self_attn,Transformer self-attention,1,0.0,self_attn_out_proj_weight,Self-attention,512x512,262144,-1.71788597072009e-05,0.029549462720751762,-1.9724222511285916e-05,0.029541637748479843,-2.54535962085356e-06,0.0007377612055279315,150.42137145996094,0.3777358077770623,0.0037841796875,15.129331866915267,15.125326358016988,0.024967117589843324,0.999687639274092,0.0130157470703125,0.000457763671875,0.0014801025390625,0.0019989013671875,0.00262451171875,0.015491433441638947,0.05008896812796593,0.06764592230319977,0.0888175517320633,0.0,0.0,0.0,0.0,12.0
Gamma,Gamma,Gamma,Gamma,base,,,3,upsample.linear.bias.tensor,upsample.linear.bias,upsample,Upsample,4,,linear_bias,Upsample,1024,1024,0.0006987148080952466,0.0231142770498991,0.0006924026529304683,0.023222636431455612,-6.3121551647782326e-06,0.0005550220957957208,0.453546404838562,0.01776185558962497,0.002197265625,0.73999470476885,0.7434546645605473,0.024002679309913694,0.9997240986259288,0.0087890625,0.00036907196044921875,0.0010963436216115952,0.001434326171875,0.00173879973590374,0.015967266634106636,0.047431427985429764,0.06205366551876068,0.07522618770599365,0.0,0.0,0.0,0.0,13.0
Gamma,Gamma,Gamma,Gamma,base,,,3,transformer_encoder.1.self_attn.out_proj.weight.tensor,transformer_encoder.1.self_attn.out_proj.weight,transformer_self_attn,Transformer self-attention,1,1.0,self_attn_out_proj_weight,Self-attention,512x512,262144,-6.949186354177073e-05,0.046070944517850876,-6.797444075345993e-05,0.04605336859822273,1.5174127838690765e-06,0.0007916943286545575,164.64096069335938,0.4053481067673017,0.00439453125,23.588355654028483,23.579357157996803,0.01718424602005092,0.9998519287455736,0.008625030517578125,0.000518798828125,0.001556396484375,0.0020751953125,0.002685546875,0.0112608652561903,0.03378259763121605,0.0450434610247612,0.058291539549827576,0.0,0.0,0.0,0.0,14.0
Gamma,Gamma,Gamma,Gamma,base,,,3,transformer_encoder.17.norm2.weight.tensor,transformer_encoder.17.norm2.weight,transformer_norm_deepnorm,Transformer norm/deepnorm,3,17.0,norm2_weight,Norm/deepnorm,512,512,0.24103976786136627,0.018107499927282333,0.24500487744808197,0.01847974583506584,0.0039651100523769855,0.000784829375334084,2.0301363468170166,0.09146083542787221,0.007080078125,5.469475223955573,5.559574515165064,0.016722049498874993,0.999995988975068,0.0,0.00390625,0.005126953125,0.005859375,0.006955325603485107,0.21572542190551758,0.2831396162509918,0.32358813285827637,0.38411277532577515,0.0,0.0,0.0,0.0,15.0
Gamma,Gamma,Gamma,Gamma,base,,,3,transformer_encoder.2.self_attn.out_proj.weight.tensor,transformer_encoder.2.self_attn.out_proj.weight,transformer_self_attn,Transformer self-attention,1,2.0,self_attn_out_proj_weight,Self-attention,512x512,262144,-8.489452739013359e-05,0.05466361343860626,-8.634833648102358e-05,0.05463351681828499,-1.4538213690684643e-06,0.0007889807457104325,164.14418029785156,0.4039587366765438,0.005126953125,27.987814295214935,27.972406141965937,0.0144333791990893,0.9998950982465992,0.005725860595703125,0.000518798828125,0.001556396484375,0.0020614415407180786,0.002716064453125,0.00949075073003769,0.028472252190113068,0.03771139308810234,0.049686871469020844,0.0,0.0,0.0,0.0,16.0
Gamma,Gamma,Gamma,Gamma,base,,,3,upsample.linear.weight.tensor,upsample.linear.weight,upsample,Upsample,4,,linear_weight,Upsample,1024x512,524288,2.0732361008413136e-05,0.06463779509067535,1.9903778593288735e-05,0.06463418155908585,-8.28591169010906e-07,0.0009237094782292843,384.0596618652344,0.6688369551838691,0.0064697265625,46.802790736270474,46.800174654121214,0.01429053577066998,0.9998968449071547,0.004749298095703125,0.0006103515625,0.001800537109375,0.00243377685546875,0.00341796875,0.009442641399800777,0.02785579115152359,0.037652529776096344,0.052878789603710175,0.0,0.0,0.0,0.0,17.0
Gamma,Gamma,Gamma,Gamma,base,,,3,transformer_encoder.0.ff.fc2.weight.tensor,transformer_encoder.0.ff.fc2.weight,transformer_ffn,Transformer FFN,2,0.0,ff_fc2_weight,Feed-forward,512x2048,1048576,-7.165218994487077e-05,0.056143082678318024,-7.070834544720128e-05,0.0560649149119854,9.438566053177055e-07,0.0007905453094281256,659.10498046875,0.8095178529609726,0.00408935546875,57.49062423560906,57.41057711985114,0.014080867336617856,0.9998994478996494,0.005208015441894531,0.00052642822265625,0.001556396484375,0.0020599365234375,0.0026397705078125,0.009376544505357742,0.027721958234906197,0.03669082745909691,0.047018613666296005,0.0,0.0,0.0,0.0,18.0
Gamma,Gamma,Gamma,Gamma,base,,,3,transformer_encoder.16.self_attn.Wqkv.weight.tensor,transformer_encoder.16.self_attn.Wqkv.weight,transformer_self_attn,Transformer self-attention,1,16.0,self_attn_Wqkv_weight,Self-attention,1536x512,786432,-6.306452269200236e-05,0.06916620582342148,-6.331873737508431e-05,0.06919067353010178,-2.5422619387427403e-07,0.0009079701849259436,555.1206665039062,0.8051963974700134,0.01220703125,61.33735798332856,61.35906464780184,0.01312734072584039,0.999912132859093,0.0043538413010537624,0.000579833984375,0.00177001953125,0.00244140625,0.004150390625,0.008383196778595448,0.025590810924768448,0.03529766947031021,0.0600060410797596,0.0,0.0,0.0,0.0,19.0
Gamma,Gamma,Gamma,Gamma,base,,,3,transformer_encoder.17.ff.fc1.weight.tensor,transformer_encoder.17.ff.fc1.weight,transformer_ffn,Transformer FFN,2,17.0,ff_fc1_weight,Feed-forward,4096x512,2097152,-2.1685345927835442e-06,0.07129102200269699,2.5494082365185022e-06,0.07121128588914871,4.717948286270257e-06,0.0009352964698337018,1563.1036376953125,1.3544653440867025,0.0052490234375,103.24059335933468,103.12512784082985,0.013119503675965875,0.9999108278998146,0.0042858123779296875,0.0006103515625,0.0018310546875,0.00241851806640625,0.00311279296875,0.008561407215893269,0.02568422257900238,0.03392457589507103,0.04366317763924599,0.0,0.0,0.0,0.0,20.0
GammaQCH,GammaQCH,GammaQCH,Gamma,QCH,,,4,conv.0.conv.weight.tensor,conv.0.conv.weight,conv,Convolution front-end,0,0.0,conv_weight,Conv,64x1x5,320,-0.001664625247940421,0.7632753252983093,-0.0019988506101071835,0.9372456669807434,-0.00033422670094296336,0.1761162430047989,20.125335693359375,3.150468876168986,1.1439142227172852,13.653916777224586,16.765998146476583,0.23073737210877793,0.9994748733085003,0.2750000059604645,0.003099207766354084,0.31670019030570984,0.9582914113998413,1.112311601638794,0.004060405772179365,0.4149226248264313,1.255499005317688,1.4572875499725342,0.01875000074505806,0.0,0.0,0.0,1.0
GammaQCH,GammaQCH,GammaQCH,Gamma,QCH,,,4,conv.3.conv.weight.tensor,conv.3.conv.weight,conv,Convolution front-end,0,3.0,conv_weight,Conv,128x128x9,147456,2.159507403121097e-06,0.045519500970840454,-3.572511559468694e-05,0.04680833965539932,-3.7884590710746124e-05,0.002847898518666625,186.62728881835938,1.0936897806211077,0.13364017009735107,17.479488886643146,17.974407227654183,0.0625698947900463,0.9984862469583216,0.0060628256760537624,0.0005137994885444641,0.004822377115488052,0.011398278176784515,0.027470001950860023,0.011287456378340721,0.10594087839126587,0.2504042088985443,0.6034774780273438,0.00020345051598269492,4.747178900288418e-05,0.0,0.0,2.0
GammaQCH,GammaQCH,GammaQCH,Gamma,QCH,,,4,conv.2.conv.bias.tensor,conv.2.conv.bias,conv,Convolution front-end,0,2.0,conv_bias,Conv,128,128,-0.23985695838928223,0.8994260430335999,-0.2415606677532196,0.9138495326042175,-0.0017037024954333901,0.04914579167962074,3.611645460128784,0.5563551856896256,0.24457716941833496,10.53146805806331,10.694133283924225,0.052827885212413966,0.9987432629854163,0.0078125,0.011367585510015488,0.09324206411838531,0.2005998194217682,0.2413419932126999,0.01263871043920517,0.10366840660572052,0.2230309247970581,0.2683289051055908,0.0,0.0,0.0,0.0,3.0
GammaQCH,GammaQCH,GammaQCH,Gamma,QCH,,,4,conv.1.conv.bias.tensor,conv.1.conv.bias,conv,Convolution front-end,0,1.0,conv_bias,Conv,64,64,-0.35623908042907715,3.126411199569702,-0.3897894322872162,3.119171142578125,-0.03355042636394501,0.1571493148803711,5.718122482299805,1.2855265353508365,0.8219127655029297,25.173133406626448,25.147455760971127,0.05106740247967661,0.9986952421063143,0.0,0.0380558967590332,0.32157713174819946,0.5739203095436096,0.7971136569976807,0.012172389775514603,0.10285823792219162,0.18357160687446594,0.2549612522125244,0.0,0.0,0.0,0.0,4.0
GammaQCH,GammaQCH,GammaQCH,Gamma,QCH,,,4,conv.3.conv.bias.tensor,conv.3.conv.bias,conv,Convolution front-end,0,3.0,conv_bias,Conv,128,128,-0.27887842059135437,0.6861683130264282,-0.28894272446632385,0.7099200487136841,-0.010064294561743736,0.03570936992764473,2.570025682449341,0.4197445694729449,0.20554375648498535,8.379785792997541,8.671604461573896,0.05009013116106725,0.9993736600525553,0.0078125,0.008071720600128174,0.09546962380409241,0.12299159169197083,0.1954784095287323,0.011763470247387886,0.13913440704345703,0.1792440563440323,0.2848840653896332,0.0,0.0,0.0,0.0,5.0
GammaQCH,GammaQCH,GammaQCH,Gamma,QCH,,,4,conv.2.conv.weight.tensor,conv.2.conv.weight,conv,Convolution front-end,0,2.0,conv_weight,Conv,128x64x9,73728,0.0019348718924447894,0.13461939990520477,0.0019608009606599808,0.1373540312051773,2.59289317909861e-05,0.006631490774452686,248.74659729003906,1.8006558653898153,0.17187809944152832,36.55684384668964,37.29940325794016,0.04925632729513717,0.999013357050209,0.02727593295276165,0.0014348868280649185,0.012998840771615505,0.0269811749458313,0.0552276149392128,0.010658839717507362,0.09655992686748505,0.20042559504508972,0.4102500081062317,5.425347262644209e-05,0.0,0.0,0.0,6.0
GammaQCH,GammaQCH,GammaQCH,Gamma,QCH,,,4,conv.1.conv.weight.tensor,conv.1.conv.weight,conv,Convolution front-end,0,1.0,conv_weight,Conv,64x64x5,20480,-0.005043329205363989,0.2731286585330963,-0.005512337200343609,0.27445194125175476,-0.0004690078494604677,0.01313003245741129,97.97481536865234,1.8802155752562086,0.254467248916626,39.093653202318215,39.284282898030604,0.048095161777939585,0.9988608888761122,0.08237304538488388,0.0013336623087525368,0.01991741545498371,0.05377240106463432,0.1472642719745636,0.004882908426225185,0.0729231983423233,0.1968757063150406,0.5391754508018494,0.0,0.0,0.0,0.0,7.0
GammaQCH,GammaQCH,GammaQCH,Gamma,QCH,,,4,conv.4.conv.weight.tensor,conv.4.conv.weight,conv,Convolution front-end,0,4.0,conv_weight,Conv,512x128x5,327680,0.0007904483936727047,0.04287688806653023,0.0007856440497562289,0.04277350381016731,-4.8043652896012645e-06,0.0017824071692302823,310.0992431640625,1.0203129486503608,0.05261601507663727,24.54832830078825,24.489107162755165,0.04156343911277889,0.9991372905048391,0.0276947021484375,0.00046230247244238853,0.0034804479219019413,0.0073125907219946384,0.014896792359650135,0.010782087221741676,0.08117303252220154,0.17054849863052368,0.34743165969848633,3.051757857974735e-06,0.0,0.0,0.0,8.0
GammaQCH,GammaQCH,GammaQCH,Gamma,QCH,,,4,conv.4.conv.bias.tensor,conv.4.conv.bias,conv,Convolution front-end,0,4.0,conv_bias,Conv,512,512,0.018486348912119865,0.1553741842508316,0.0182762760668993,0.15685847401618958,-0.00021006983297411352,0.006458895280957222,1.812038540840149,0.1462253951502858,0.06262624263763428,3.5405137074041804,3.573313046962412,0.041300615457143204,0.9991974566751144,0.033203125,0.0018760152161121368,0.012950670905411243,0.02710065059363842,0.051468901336193085,0.012074174359440804,0.0833514928817749,0.17442181706428528,0.33125773072242737,0.0,0.0,0.0,0.0,9.0
GammaQCH,GammaQCH,GammaQCH,Gamma,QCH,,,4,conv.0.conv.bias.tensor,conv.0.conv.bias,conv,Convolution front-end,0,0.0,conv_bias,Conv,64,64,-0.34886807203292847,0.4828624725341797,-0.34966975450515747,0.4814944565296173,-0.0008016546489670873,0.023020241409540176,0.7326457500457764,0.1842735569114523,0.13129985332489014,4.765644611255755,4.760543365239331,0.03866707905079335,0.9992521636653781,0.046875,0.0029296875,0.04565892741084099,0.08367635309696198,0.1265375316143036,0.006067333277314901,0.09455886483192444,0.17329230904579163,0.2620570659637451,0.0,0.0,0.0,0.0,10.0
GammaQCH,GammaQCH,GammaQCH,Gamma,QCH,,,4,crf.linear.weight.tensor,crf.linear.weight,crf,CRF head,5,,linear_weight,CRF,4096x512,2097152,-0.00031572766602039337,0.03356962278485298,-0.00031949084950610995,0.033446259796619415,-3.7631209579558345e-06,0.001016906462609768,1713.5634765625,1.4726374698321754,0.005126953125,48.61623023021093,48.43764364898054,0.030291066642946406,0.9995429280009563,0.009849071502685547,0.000701904296875,0.0019683837890625,0.0025634765625,0.0032958984375,0.020908905193209648,0.05863584205508232,0.0763629600405693,0.09818094968795776,0.0,0.0,0.0,0.0,11.0
GammaQCH,GammaQCH,GammaQCH,Gamma,QCH,,,4,transformer_encoder.0.self_attn.out_proj.weight.tensor,transformer_encoder.0.self_attn.out_proj.weight,transformer_self_attn,Transformer self-attention,1,0.0,self_attn_out_proj_weight,Self-attention,512x512,262144,-1.71788597072009e-05,0.029549462720751762,-1.97204190044431e-05,0.029540838673710823,-2.5415570235054474e-06,0.0007398478919640183,150.87989807128906,0.3788041636008047,0.0037841796875,15.129331866915267,15.124916770012478,0.02503773246121637,0.9996859046245278,0.013004302978515625,0.00046539306640625,0.00148773193359375,0.0019989013671875,0.0026280581951141357,0.015749623998999596,0.05034715682268143,0.06764592230319977,0.08893757313489914,0.0,0.0,0.0,0.0,12.0
GammaQCH,GammaQCH,GammaQCH,Gamma,QCH,,,4,upsample.linear.bias.tensor,upsample.linear.bias,upsample,Upsample,4,,linear_bias,Upsample,1024,1024,0.0006987148080952466,0.0231142770498991,0.0007070645224303007,0.02321884222328663,8.34971433505416e-06,0.000555189442820847,0.4482157826423645,0.017768070372113205,0.002197265625,0.73999470476885,0.7433473859693172,0.0240110777247242,0.9997232861294113,0.0078125,0.0003662109375,0.0010658260434865952,0.0015869140625,0.0020747226662933826,0.01584348827600479,0.04611114040017128,0.0686551183462143,0.08975931257009506,0.0,0.0,0.0,0.0,13.0
GammaQCH,GammaQCH,GammaQCH,Gamma,QCH,,,4,transformer_encoder.1.self_attn.out_proj.weight.tensor,transformer_encoder.1.self_attn.out_proj.weight,transformer_self_attn,Transformer self-attention,1,1.0,self_attn_out_proj_weight,Self-attention,512x512,262144,-6.949186354177073e-05,0.046070944517850876,-6.807495083194226e-05,0.046052105724811554,1.4168983852869133e-06,0.0007953601889312267,165.38885498046875,0.40722497075270636,0.0043182373046875,23.588355654028483,23.578708729934593,0.017263813413935115,0.9998505638005956,0.00862884521484375,0.00052642822265625,0.0015716552734375,0.002090051770210266,0.002685546875,0.011426466517150402,0.034113798290491104,0.04536592960357666,0.058291539549827576,0.0,0.0,0.0,0.0,14.0
GammaQCH,GammaQCH,GammaQCH,Gamma,QCH,,,4,transformer_encoder.17.norm2.weight.tensor,transformer_encoder.17.norm2.weight,transformer_norm_deepnorm,Transformer norm/deepnorm,3,17.0,norm2_weight,Norm/deepnorm,512,512,0.24103976786136627,0.018107499927282333,0.2449282854795456,0.018472736701369286,0.0038885120302438736,0.0007828824454918504,1.9909181594848633,0.08975252931618384,0.00732421875,5.469475223955573,5.557834168553574,0.01640971494359519,0.9999960870775966,0.0,0.00390625,0.005059812217950821,0.0058325231075286865,0.006949961185455322,0.21572542190551758,0.27943170070648193,0.3221052289009094,0.38381654024124146,0.0,0.0,0.0,0.0,15.0
GammaQCH,GammaQCH,GammaQCH,Gamma,QCH,,,4,transformer_encoder.2.self_attn.out_proj.weight.tensor,transformer_encoder.2.self_attn.out_proj.weight,transformer_self_attn,Transformer self-attention,1,2.0,self_attn_out_proj_weight,Self-attention,512x512,262144,-8.489452739013359e-05,0.05466361343860626,-8.6336447566282e-05,0.05463172122836113,-1.4419458693737397e-06,0.0007923177327029407,164.81460571289062,0.4056672721959884,0.00506591796875,27.987814295214935,27.97148751442317,0.014494424892097797,0.9998943337782092,0.00566864013671875,0.00052642822265625,0.001556396484375,0.0020751953125,0.0027311891317367554,0.009630320593714714,0.028472252190113068,0.03796300292015076,0.04996355623006821,0.0,0.0,0.0,0.0,16.0
GammaQCH,GammaQCH,GammaQCH,Gamma,QCH,,,4,transformer_encoder.0.ff.fc2.weight.tensor,transformer_encoder.0.ff.fc2.weight,transformer_ffn,Transformer FFN,2,0.0,ff_fc2_weight,Feed-forward,512x2048,1048576,-7.165218994487077e-05,0.056143082678318024,-7.068281411193311e-05,0.056062959134578705,9.693812899058685e-07,0.0007936464389786124,661.7105102539062,0.8126933528012,0.0040283203125,57.49062423560906,57.40857626614903,0.014136102427251303,0.9998989387404543,0.005187034606933594,0.0005340576171875,0.001556396484375,0.0020751953125,0.002655029296875,0.00951243657618761,0.027721958234906197,0.036962609738111496,0.04729039967060089,0.0,0.0,0.0,0.0,17.0
GammaQCH,GammaQCH,GammaQCH,Gamma,QCH,,,4,upsample.linear.weight.tensor,upsample.linear.weight,upsample,Upsample,4,,linear_weight,Upsample,1024x512,524288,2.0732361008413136e-05,0.06463779509067535,2.0410356228239834e-05,0.06462807953357697,-3.220105782020255e-07,0.0009125519427470863,378.48394775390625,0.6607578177637292,0.006561279296875,46.802790736270474,46.795755934032094,0.014117914922787961,0.9998991857927678,0.0046977996826171875,0.0006103515625,0.0017852783203125,0.002410888671875,0.00341796875,0.009442641399800777,0.027619725093245506,0.03729843348264694,0.052878789603710175,0.0,0.0,0.0,0.0,18.0
GammaQCH,GammaQCH,GammaQCH,Gamma,QCH,,,4,transformer_encoder.16.self_attn.Wqkv.weight.tensor,transformer_encoder.16.self_attn.Wqkv.weight,transformer_self_attn,Transformer self-attention,1,16.0,self_attn_Wqkv_weight,Self-attention,1536x512,786432,-6.306452269200236e-05,0.06916620582342148,-6.306118302745745e-05,0.06919233500957489,3.349138522068529e-09,0.0009295781492255628,568.177734375,0.8243584898596116,0.01220703125,61.33735798332856,61.36053283857935,0.013439745645445929,0.9999082516771172,0.0044428505934774876,0.0006103515625,0.0018310546875,0.002532958984375,0.004119873046875,0.008824417367577553,0.026473253965377808,0.0366213321685791,0.05956482142210007,0.0,0.0,0.0,0.0,19.0
GammaQCH,GammaQCH,GammaQCH,Gamma,QCH,,,4,transformer_encoder.17.ff.fc1.weight.tensor,transformer_encoder.17.ff.fc1.weight,transformer_ffn,Transformer FFN,2,17.0,ff_fc1_weight,Feed-forward,4096x512,2097152,-2.1685345927835442e-06,0.07129102200269699,2.6626644284988288e-06,0.07120952010154724,4.83119765704032e-06,0.0009474934195168316,1580.3270263671875,1.3721288702473111,0.00537109375,103.24059335933468,103.12256625916075,0.013290594577188513,0.9999086064699572,0.0043087005615234375,0.0006256103515625,0.001861572265625,0.0024566650390625,0.003173828125,0.008775442838668823,0.02611229382455349,0.034459665417671204,0.044519320130348206,0.0,0.0,0.0,0.0,20.0
GammaQCL,GammaQCL,GammaQCL,Gamma,QCL,,,5,conv.0.conv.weight.tensor,conv.0.conv.weight,conv,Convolution front-end,0,0.0,conv_weight,Conv,64x1x5,320,-0.001664625247940421,0.7632753252983093,-0.0020551723428070545,0.9127532839775085,-0.00039054296212270856,0.15280775725841522,17.43138313293457,2.7335172343222776,1.0363163948059082,13.653916777224586,16.327868007845993,0.20020022671309382,0.9992776247250376,0.296875,0.0025243936106562614,0.2760944068431854,0.7909486889839172,1.0078210830688477,0.0033073171507567167,0.36172324419021606,1.036255955696106,1.320389986038208,0.01875000074505806,0.0,0.0,0.0,1.0
GammaQCL,GammaQCL,GammaQCL,Gamma,QCL,,,5,conv.3.conv.weight.tensor,conv.3.conv.weight,conv,Convolution front-end,0,3.0,conv_weight,Conv,128x128x9,147456,2.159507403121097e-06,0.045519500970840454,-3.6336787161417305e-05,0.04686393961310387,-3.849628410534933e-05,0.002891381038352847,190.15892028808594,1.1103886553658908,0.1359243392944336,17.479488886643146,17.995757556687145,0.06352523592462275,0.9984639065263063,0.0060017905198037624,0.0005250871181488037,0.004914973862469196,0.011585766449570656,0.027705088257789612,0.011535429395735264,0.10797509551048279,0.25452306866645813,0.608642041683197,0.00022379557776730508,4.747178900288418e-05,0.0,0.0,2.0
GammaQCL,GammaQCL,GammaQCL,Gamma,QCL,,,5,conv.1.conv.bias.tensor,conv.1.conv.bias,conv,Convolution front-end,0,1.0,conv_bias,Conv,64,64,-0.35623908042907715,3.126411199569702,-0.3847292959690094,3.0990915298461914,-0.028490237891674042,0.17333120107650757,6.35246467590332,1.4052563865745877,0.8475980758666992,25.173133406626448,24.983048452119238,0.05582365786075004,0.9984586450487881,0.0,0.05000472068786621,0.39622172713279724,0.63450026512146,0.8262884020805359,0.01599428802728653,0.1267337203025818,0.2029484361410141,0.26429295539855957,0.0,0.0,0.0,0.0,3.0
GammaQCL,GammaQCL,GammaQCL,Gamma,QCL,,,5,conv.1.conv.weight.tensor,conv.1.conv.weight,conv,Convolution front-end,0,1.0,conv_weight,Conv,64x64x5,20480,-0.005043329205363989,0.2731286585330963,-0.0054060956463217735,0.2722451686859131,-0.00036276603350415826,0.014462280087172985,107.89800262451172,2.0703241311952167,0.2642967700958252,39.093653202318215,38.96823626365453,0.05295806253973715,0.9985983269303994,0.08208008110523224,0.0014061089605093002,0.021203458309173584,0.05724043399095535,0.21073079109191895,0.005148156080394983,0.07763175666332245,0.2095731496810913,0.7715440392494202,0.0,0.0,0.0,0.0,4.0
GammaQCL,GammaQCL,GammaQCL,Gamma,QCL,,,5,conv.2.conv.bias.tensor,conv.2.conv.bias,conv,Convolution front-end,0,2.0,conv_bias,Conv,128,128,-0.23985695838928223,0.8994260430335999,-0.24251973628997803,0.9062648415565491,-0.0026627795305103064,0.04795666038990021,3.5706026554107666,0.5434034240550896,0.22156643867492676,10.53146805806331,10.613993969329218,0.05159806980936401,0.9987096640335194,0.0078125,0.012998029589653015,0.10640130192041397,0.19580714404582977,0.2188974767923355,0.014451471157371998,0.11829911917448044,0.21770232915878296,0.24337463080883026,0.0,0.0,0.0,0.0,5.0
GammaQCL,GammaQCL,GammaQCL,Gamma,QCL,,,5,conv.3.conv.bias.tensor,conv.3.conv.bias,conv,Convolution front-end,0,3.0,conv_bias,Conv,128,128,-0.27887842059135437,0.6861683130264282,-0.2887343466281891,0.7106606960296631,-0.00985594280064106,0.03652496263384819,2.6285834312438965,0.4280130880507153,0.21393895149230957,8.379785792997541,8.678478359326638,0.05107685311101004,0.9993539105748581,0.0078125,0.008084867149591446,0.09609127044677734,0.12293753772974014,0.20273718237876892,0.011782629415392876,0.14004038274288177,0.17916527390480042,0.2954627573490143,0.0,0.0,0.0,0.0,6.0
GammaQCL,GammaQCL,GammaQCL,Gamma,QCL,,,5,conv.2.conv.weight.tensor,conv.2.conv.weight,conv,Convolution front-end,0,2.0,conv_weight,Conv,128x64x9,73728,0.0019348718924447894,0.13461939990520477,0.0019425079226493835,0.13616618514060974,7.636036571057048e-06,0.006307271774858236,237.8227081298828,1.71260846205232,0.2045748233795166,36.55684384668964,36.976829078111535,0.04684782059508555,0.998980410150249,0.02730306051671505,0.0013969969004392624,0.012409166432917118,0.02462538331747055,0.05243446305394173,0.01037738099694252,0.09217961877584457,0.18292593955993652,0.38950151205062866,5.425347262644209e-05,0.0,0.0,0.0,7.0
GammaQCL,GammaQCL,GammaQCL,Gamma,QCL,,,5,conv.4.conv.weight.tensor,conv.4.conv.weight,conv,Convolution front-end,0,4.0,conv_weight,Conv,512x128x5,327680,0.0007904483936727047,0.04287688806653023,0.0007873958093114197,0.04273626208305359,-3.0525989132001996e-06,0.0019126883707940578,317.67840576171875,1.0948880950148119,0.05267176032066345,24.54832830078825,24.467810835664146,0.04460133014351166,0.9990075255076538,0.02373657189309597,0.00046416930854320526,0.0035297528374940157,0.007732869125902653,0.01785905659198761,0.01082562655210495,0.08232294768095016,0.18035048246383667,0.41651928424835205,1.220703143189894e-05,0.0,0.0,0.0,8.0
GammaQCL,GammaQCL,GammaQCL,Gamma,QCL,,,5,conv.4.conv.bias.tensor,conv.4.conv.bias,conv,Convolution front-end,0,4.0,conv_bias,Conv,512,512,0.018486348912119865,0.1553741842508316,0.01808757707476616,0.15683989226818085,-0.00039877044036984444,0.006734978873282671,1.8217438459396362,0.15266206693157608,0.0765155553817749,3.5405137074041804,3.572403510401014,0.04311862050195567,0.9991188851849957,0.033203125,0.001892782747745514,0.012844824232161045,0.02579432539641857,0.05811428278684616,0.012182092294096947,0.08267024904489517,0.16601420938968658,0.37402790784835815,0.0,0.0,0.0,0.0,9.0
GammaQCL,GammaQCL,GammaQCL,Gamma,QCL,,,5,conv.0.conv.bias.tensor,conv.0.conv.bias,conv,Convolution front-end,0,0.0,conv_bias,Conv,64,64,-0.34886807203292847,0.4828624725341797,-0.3495270013809204,0.481454461812973,-0.0006589195691049099,0.020172497257590294,0.6462095975875854,0.16146605739781092,0.11514556407928467,4.765644611255755,4.7596137484745515,0.03388126278162199,0.9994260566951952,0.046875,0.0029295682907104492,0.03963243216276169,0.07346216589212418,0.11097724735736847,0.006067086011171341,0.08207809925079346,0.15213890373706818,0.2298320084810257,0.0,0.0,0.0,0.0,10.0
GammaQCL,GammaQCL,GammaQCL,Gamma,QCL,,,5,crf.linear.weight.tensor,crf.linear.weight,crf,CRF head,5,,linear_weight,CRF,4096x512,2097152,-0.00031572766602039337,0.03356962278485298,-0.00031902140472084284,0.033448752015829086,-3.293722329544835e-06,0.00098006846383214,1652.752685546875,1.4192885464837415,0.00469970703125,48.61623023021093,48.44124733488368,0.0291937186359987,0.99957565781448,0.009532451629638672,0.00067138671875,0.00189208984375,0.002471923828125,0.003143310546875,0.019999822601675987,0.05636313557624817,0.07363571226596832,0.09363552927970886,0.0,0.0,0.0,0.0,11.0
GammaQCL,GammaQCL,GammaQCL,Gamma,QCL,,,5,transformer_encoder.0.self_attn.out_proj.weight.tensor,transformer_encoder.0.self_attn.out_proj.weight,transformer_self_attn,Transformer self-attention,1,0.0,self_attn_out_proj_weight,Self-attention,512x512,262144,-1.71788597072009e-05,0.029549462720751762,-1.976250860025175e-05,0.029541296884417534,-2.5836477561824722e-06,0.0007371364044956863,150.24905395507812,0.37741602014048403,0.00384521484375,15.129331866915267,15.125150821658925,0.024945980659317163,0.9996883055965814,0.012950897216796875,0.000457763671875,0.0014801025390625,0.0019989013671875,0.00262451171875,0.015491433441638947,0.05008896812796593,0.06764592230319977,0.0888175517320633,0.0,0.0,0.0,0.0,12.0
GammaQCL,GammaQCL,GammaQCL,Gamma,QCL,,,5,upsample.linear.bias.tensor,upsample.linear.bias,upsample,Upsample,4,,linear_bias,Upsample,1024,1024,0.0006987148080952466,0.0231142770498991,0.0006958923768252134,0.023221271112561226,-2.822431270033121e-06,0.0005688105011358857,0.4662286639213562,0.018202159682298585,0.002197265625,0.73999470476885,0.7434142965934588,0.024597689098275026,0.9997095834820867,0.0087890625,0.00037384033203125,0.0011138916015625,0.0016033947467803955,0.0017788640689104795,0.01617356203496456,0.048190612345933914,0.06936812400817871,0.0769595056772232,0.0,0.0,0.0,0.0,13.0
GammaQCL,GammaQCL,GammaQCL,Gamma,QCL,,,5,transformer_encoder.1.self_attn.out_proj.weight.tensor,transformer_encoder.1.self_attn.out_proj.weight,transformer_self_attn,Transformer self-attention,1,1.0,self_attn_out_proj_weight,Self-attention,512x512,262144,-6.949186354177073e-05,0.046070944517850876,-6.808246689615771e-05,0.046052124351263046,1.4093800473347073e-06,0.0007912584114819765,164.53492736816406,0.4051248484843394,0.0043792724609375,23.588355654028483,23.578720378500186,0.017174781253356843,0.9998519354136738,0.00862884521484375,0.000518798828125,0.001556396484375,0.0020751953125,0.002685546875,0.0112608652561903,0.03378259763121605,0.0450434610247612,0.058291539549827576,0.0,0.0,0.0,0.0,14.0
GammaQCL,GammaQCL,GammaQCL,Gamma,QCL,,,5,transformer_encoder.17.norm2.weight.tensor,transformer_encoder.17.norm2.weight,transformer_norm_deepnorm,Transformer norm/deepnorm,3,17.0,norm2_weight,Norm/deepnorm,512,512,0.24103976786136627,0.018107499927282333,0.24496659636497498,0.018466683104634285,0.003926821518689394,0.0007838507299311459,2.0105326175689697,0.09060677168300517,0.007080078125,5.469475223955573,5.55868845448136,0.016565898550219775,0.9999959789314203,0.0,0.00390625,0.005126953125,0.005845949053764343,0.006830573081970215,0.21572542190551758,0.2831396162509918,0.3228466808795929,0.3772232234477997,0.0,0.0,0.0,0.0,15.0
GammaQCL,GammaQCL,GammaQCL,Gamma,QCL,,,5,transformer_encoder.2.self_attn.out_proj.weight.tensor,transformer_encoder.2.self_attn.out_proj.weight,transformer_self_attn,Transformer self-attention,1,2.0,self_attn_out_proj_weight,Self-attention,512x512,262144,-8.489452739013359e-05,0.05466361343860626,-8.627025090390816e-05,0.05463235825300217,-1.3757201031694422e-06,0.0007885635131970048,164.04261779785156,0.4037450442881014,0.00506591796875,27.987814295214935,27.97181154682223,0.014425744005208548,0.9998952248901314,0.00571441650390625,0.000518798828125,0.001552581787109375,0.0020751953125,0.002716064453125,0.00949075073003769,0.02840246632695198,0.03796300292015076,0.049686871469020844,0.0,0.0,0.0,0.0,16.0
GammaQCL,GammaQCL,GammaQCL,Gamma,QCL,,,5,upsample.linear.weight.tensor,upsample.linear.weight,upsample,Upsample,4,,linear_weight,Upsample,1024x512,524288,2.0732361008413136e-05,0.06463779509067535,2.0012383174616843e-05,0.06463103741407394,-7.199796527856961e-07,0.0009194690501317382,381.805908203125,0.6657664932159011,0.0064849853515625,46.802790736270474,46.797897526391345,0.014224931521015944,0.9998976797854138,0.004726409912109375,0.0006103515625,0.001800537109375,0.0024261474609375,0.00341796875,0.009442641399800777,0.02785579115152359,0.03753449767827988,0.052878789603710175,0.0,0.0,0.0,0.0,17.0
GammaQCL,GammaQCL,GammaQCL,Gamma,QCL,,,5,transformer_encoder.0.ff.fc2.weight.tensor,transformer_encoder.0.ff.fc2.weight,transformer_ffn,Transformer FFN,2,0.0,ff_fc2_weight,Feed-forward,512x2048,1048576,-7.165218994487077e-05,0.056143082678318024,-7.073775486787781e-05,0.05606364458799362,9.144447403741651e-07,0.0007909720879979432,659.4984741210938,0.8099548015817403,0.00408935546875,57.49062423560906,57.40928220761648,0.01408846768235383,0.9998994403057724,0.0051937103271484375,0.00052642822265625,0.001556396484375,0.00206756591796875,0.0026397705078125,0.009376544505357742,0.027721958234906197,0.0368267185986042,0.047018613666296005,0.0,0.0,0.0,0.0,18.0
GammaQCL,GammaQCL,GammaQCL,Gamma,QCL,,,5,transformer_encoder.17.ff.fc1.weight.tensor,transformer_encoder.17.ff.fc1.weight,transformer_ffn,Transformer FFN,2,17.0,ff_fc1_weight,Feed-forward,4096x512,2097152,-2.1685345927835442e-06,0.07129102200269699,2.9399861887213774e-06,0.07120967656373978,5.108524419483729e-06,0.0009486352209933102,1583.183837890625,1.3737844816536802,0.005218505859375,103.24059335933468,103.12279353700131,0.013306631015497295,0.9999086958807106,0.004330635070800781,0.0006307363510131836,0.001861572265625,0.0024547576904296875,0.003173828125,0.008847344666719437,0.02611229382455349,0.03443291038274765,0.044519320130348206,0.0,0.0,0.0,0.0,19.0
GammaQCL,GammaQCL,GammaQCL,Gamma,QCL,,,5,transformer_encoder.16.self_attn.Wqkv.weight.tensor,transformer_encoder.16.self_attn.Wqkv.weight,transformer_self_attn,Transformer self-attention,1,16.0,self_attn_Wqkv_weight,Self-attention,1536x512,786432,-6.306452269200236e-05,0.06916620582342148,-6.32080773357302e-05,0.06919015198945999,-1.4353675226175255e-07,0.0009127247030846775,558.0499877929688,0.8094127395845144,0.01220703125,61.33735798332856,61.35860110601854,0.013196080923545793,0.9999113186834698,0.004375457763671875,0.00058746337890625,0.00177001953125,0.002471923828125,0.00408935546875,0.00849350169301033,0.025590810924768448,0.03573889285326004,0.05912359803915024,0.0,0.0,0.0,0.0,20.0
Beta,Beta,Beta,Beta,base,,,6,conv.0.conv.weight.tensor,conv.0.conv.weight,conv,Convolution front-end,0,0.0,conv_weight,Conv,64x1x5,320,-0.001664625247940421,0.7632753252983093,-0.0020288664381951094,0.8815062046051025,-0.00036423481651581824,0.12100082635879517,13.904728889465332,2.1645383896872072,0.812983512878418,13.653916777224586,15.768903741075741,0.15852875222570617,0.9995075844501703,0.29374998807907104,0.002411959692835808,0.2168242633342743,0.628566563129425,0.7909379005432129,0.0031600126530975103,0.28407084941864014,0.8235121965408325,1.036241888999939,0.0031250000465661287,0.0,0.0,0.0,1.0
Beta,Beta,Beta,Beta,base,,,6,conv.3.conv.weight.tensor,conv.3.conv.weight,conv,Convolution front-end,0,3.0,conv_weight,Conv,128x128x9,147456,2.159507403121097e-06,0.045519500970840454,-3.595153975766152e-05,0.046747684478759766,-3.811104397755116e-05,0.0026378296315670013,177.01976013183594,1.013032215253864,0.12351584434509277,17.479488886643146,17.951115667582823,0.05795548267020033,0.9987192273717812,0.0059814453125,0.0005113566294312477,0.004503393545746803,0.010523485951125622,0.025593820959329605,0.011233789846301079,0.09893324971199036,0.23118627071380615,0.5622604489326477,0.00016954209422692657,2.0345052689663135e-05,0.0,0.0,2.0
Beta,Beta,Beta,Beta,base,,,6,conv.1.conv.bias.tensor,conv.1.conv.bias,conv,Convolution front-end,0,1.0,conv_bias,Conv,64,64,-0.35623908042907715,3.126411199569702,-0.3794979155063629,3.095188856124878,-0.023258931934833527,0.1575160175561905,5.445532321929932,1.273791772908017,0.8750648498535156,25.173133406626448,24.946935871465257,0.05060124031173092,0.998748778666071,0.0,0.039396047592163086,0.3133269250392914,0.6098854541778564,0.848547101020813,0.012601044028997421,0.10021936148405075,0.19507525861263275,0.2714124917984009,0.0,0.0,0.0,0.0,3.0
Beta,Beta,Beta,Beta,base,,,6,conv.2.conv.bias.tensor,conv.2.conv.bias,conv,Convolution front-end,0,2.0,conv_bias,Conv,128,128,-0.23985695838928223,0.8994260430335999,-0.24361327290534973,0.8929002285003662,-0.0037563154473900795,0.04591689631342888,3.3311500549316406,0.5212257686993006,0.2341616153717041,10.53146805806331,10.471253053141716,0.049492223289817595,0.9987845582955048,0.0078125,0.013084113597869873,0.08974511921405792,0.18326231837272644,0.2279820591211319,0.014547180384397507,0.09978043287992477,0.2037547379732132,0.25347504019737244,0.0,0.0,0.0,0.0,4.0
Beta,Beta,Beta,Beta,base,,,6,conv.3.conv.bias.tensor,conv.3.conv.bias,conv,Convolution front-end,0,3.0,conv_bias,Conv,128,128,-0.27887842059135437,0.6861683130264282,-0.2884592115879059,0.7092969417572021,-0.009580793790519238,0.033757373690605164,2.4926445484161377,0.3970050868902357,0.19052767753601074,8.379785792997541,8.663012785823634,0.04737651972225119,0.9994668598135205,0.0078125,0.008758783340454102,0.08840561658143997,0.11134717613458633,0.18081800639629364,0.01276477426290512,0.12883955240249634,0.1622738540172577,0.26351845264434814,0.0,0.0,0.0,0.0,5.0
Beta,Beta,Beta,Beta,base,,,6,conv.1.conv.weight.tensor,conv.1.conv.weight,conv,Convolution front-end,0,1.0,conv_weight,Conv,64x64x5,20480,-0.005043329205363989,0.2731286585330963,-0.005382670555263758,0.2719134986400604,-0.00033934167004190385,0.012628162279725075,93.03108978271484,1.807847794012684,0.27469420433044434,39.093653202318215,38.92071455516169,0.046244022902045746,0.9989358231532481,0.08188476413488388,0.0012438129633665085,0.01818808913230896,0.051457058638334274,0.13733333349227905,0.004553945269435644,0.06659165024757385,0.18839861452579498,0.5028154850006104,0.00019531250291038305,0.0,0.0,0.0,6.0
Beta,Beta,Beta,Beta,base,,,6,conv.2.conv.weight.tensor,conv.2.conv.weight,conv,Convolution front-end,0,2.0,conv_weight,Conv,128x64x9,73728,0.0019348718924447894,0.13461939990520477,0.0019134501926600933,0.13390406966209412,-2.142182711395435e-05,0.005777121987193823,213.42880249023438,1.5686668769121874,0.24721121788024902,36.55684384668964,36.36254753563411,0.04291034760798129,0.9990886397526179,0.0272352434694767,0.0013285009190440178,0.010977367870509624,0.021796829998493195,0.04653020203113556,0.009868567809462547,0.08154372125864029,0.16191446781158447,0.3456425666809082,0.00010850694525288418,0.0,0.0,0.0,7.0
Beta,Beta,Beta,Beta,base,,,6,conv.4.conv.weight.tensor,conv.4.conv.weight,conv,Convolution front-end,0,4.0,conv_weight,Conv,512x128x5,327680,0.0007904483936727047,0.04287688806653023,0.000788252626080066,0.04269963130354881,-2.1957625904178713e-06,0.0017891195602715015,295.09185791015625,1.024152375026609,0.05885505676269531,24.54832830078825,24.446855476232138,0.04171984187590003,0.9991347438304328,0.02374877966940403,0.0004416452720761299,0.0032346525695174932,0.006973674520850182,0.01686512865126133,0.010300308465957642,0.07544045150279999,0.16264410316944122,0.3933383524417877,2.441406286379788e-05,0.0,0.0,0.0,8.0
Beta,Beta,Beta,Beta,base,,,6,conv.4.conv.bias.tensor,conv.4.conv.bias,conv,Convolution front-end,0,4.0,conv_bias,Conv,512,512,0.018486348912119865,0.1553741842508316,0.018163064494729042,0.15647591650485992,-0.00032328153611160815,0.006215226370841265,1.7159603834152222,0.14082463320004265,0.06661355495452881,3.5405137074041804,3.5644184769292053,0.03977519784925564,0.9992369468959699,0.033203125,0.0018918737769126892,0.012054149061441422,0.02624092809855938,0.0511091873049736,0.012176241725683212,0.07758140563964844,0.16888858377933502,0.32894256711006165,0.0,0.0,0.0,0.0,9.0
Beta,Beta,Beta,Beta,base,,,6,crf.linear.weight.tensor,crf.linear.weight,crf,CRF head,5,,linear_weight,CRF,4096x512,2097152,-0.00031572766602039337,0.03356962278485298,-0.0003172417636960745,0.033450424671173096,-1.5140669802349294e-06,0.0009749443852342665,1645.651611328125,1.4118616248211144,0.00469207763671875,48.61623023021093,48.44364124374968,0.029040952334961817,0.9995797523033498,0.00948953628540039,0.00067138671875,0.00189208984375,0.00244140625,0.00310516357421875,0.019999822601675987,0.05636313557624817,0.07272662967443466,0.09249918162822723,0.0,0.0,0.0,0.0,10.0
Beta,Beta,Beta,Beta,base,,,6,transformer_encoder.0.self_attn.out_proj.weight.tensor,transformer_encoder.0.self_attn.out_proj.weight,transformer_self_attn,Transformer self-attention,1,0.0,self_attn_out_proj_weight,Self-attention,512x512,262144,-1.71788597072009e-05,0.029549462720751762,-1.9787032215390354e-05,0.02954142540693283,-2.608167960715946e-06,0.0007368962978944182,150.2412109375,0.37729309247465603,0.00372314453125,15.129331866915267,15.125217909070765,0.024937855537407662,0.9996884724643539,0.013027191162109375,0.000457763671875,0.0014801025390625,0.0019918233156204224,0.00261688232421875,0.015491433441638947,0.05008896812796593,0.06740639358758926,0.0885593593120575,0.0,0.0,0.0,0.0,11.0
Beta,Beta,Beta,Beta,base,,,6,upsample.linear.bias.tensor,upsample.linear.bias,upsample,Upsample,4,,linear_bias,Upsample,1024,1024,0.0006987148080952466,0.0231142770498991,0.0006924326298758388,0.02322244457900524,-6.282178219407797e-06,0.0005557537660934031,0.45509904623031616,0.017785255988176717,0.002197265625,0.73999470476885,0.7434484912497573,0.02403430169639959,0.9997234074871171,0.0087890625,0.00037384033203125,0.0010974882170557976,0.0014249421656131744,0.00173879973590374,0.01617356203496456,0.04748094454407692,0.0616476833820343,0.07522618770599365,0.0,0.0,0.0,0.0,12.0
Beta,Beta,Beta,Beta,base,,,6,conv.0.conv.bias.tensor,conv.0.conv.bias,conv,Convolution front-end,0,0.0,conv_bias,Conv,64,64,-0.34886807203292847,0.4828624725341797,-0.3488350510597229,0.4814544916152954,3.303244011476636e-05,0.01067943312227726,0.36019280552864075,0.08543586626632602,0.06060180068016052,4.765644611255755,4.756363872112345,0.017927452262076166,0.9998408445332078,0.046875,0.002926468849182129,0.020234040915966034,0.03876928612589836,0.05841856077313423,0.006060667335987091,0.041904352605342865,0.0802905336022377,0.12098384648561478,0.0,0.0,0.0,0.0,13.0
Beta,Beta,Beta,Beta,base,,,6,transformer_encoder.1.self_attn.out_proj.weight.tensor,transformer_encoder.1.self_attn.out_proj.weight,transformer_self_attn,Transformer self-attention,1,1.0,self_attn_out_proj_weight,Self-attention,512x512,262144,-6.949186354177073e-05,0.046070944517850876,-6.800210394430906e-05,0.046053189784288406,1.4897455002937932e-06,0.0007900638156570494,164.28250122070312,0.4045132781184674,0.0043792724609375,23.588355654028483,23.579263971827555,0.01714885446240787,0.999852478359642,0.00859832763671875,0.000518798828125,0.001556396484375,0.0020751953125,0.0026848092675209045,0.0112608652561903,0.03378259763121605,0.0450434610247612,0.058275528252124786,0.0,0.0,0.0,0.0,14.0
Beta,Beta,Beta,Beta,base,,,6,transformer_encoder.17.norm2.weight.tensor,transformer_encoder.17.norm2.weight,transformer_norm_deepnorm,Transformer norm/deepnorm,3,17.0,norm2_weight,Norm/deepnorm,512,512,0.24103976786136627,0.018107499927282333,0.24497613310813904,0.018522124737501144,0.003936372231692076,0.000789969926699996,2.0170481204986572,0.0908458478981941,0.0068359375,5.469475223955573,5.558998291564339,0.016609609547234946,0.9999961370708182,0.001953125,0.00390625,0.005126953125,0.0060766637325286865,0.006711184978485107,0.21572542190551758,0.2831396162509918,0.3355880677700043,0.3706299364566803,0.0,0.0,0.0,0.0,15.0
Beta,Beta,Beta,Beta,base,,,6,transformer_encoder.2.self_attn.out_proj.weight.tensor,transformer_encoder.2.self_attn.out_proj.weight,transformer_self_attn,Transformer self-attention,1,2.0,self_attn_out_proj_weight,Self-attention,512x512,262144,-8.489452739013359e-05,0.05466361343860626,-8.633287507109344e-05,0.054633427411317825,-1.4383419966179645e-06,0.0007871350389905274,163.7540283203125,0.4030137270750113,0.00506591796875,27.987814295214935,27.972362502385167,0.01439961416150671,0.999895488752104,0.005702972412109375,0.000518798828125,0.00154876708984375,0.002054966986179352,0.002716064453125,0.00949075073003769,0.028332682326436043,0.03759295120835304,0.049686871469020844,0.0,0.0,0.0,0.0,16.0
Beta,Beta,Beta,Beta,base,,,6,upsample.linear.weight.tensor,upsample.linear.weight,upsample,Upsample,4,,linear_weight,Upsample,1024x512,524288,2.0732361008413136e-05,0.06463779509067535,2.007872171816416e-05,0.06463225930929184,-6.536516821142868e-07,0.0009105015778914094,378.1929016113281,0.6592733133017956,0.0064697265625,46.802790736270474,46.79877917661822,0.014086196633374438,0.9998995748051671,0.0047130584716796875,0.0006103515625,0.00177001953125,0.00238037109375,0.00341796875,0.009442641399800777,0.027383659034967422,0.036826301366090775,0.052878789603710175,0.0,0.0,0.0,0.0,17.0
Beta,Beta,Beta,Beta,base,,,6,transformer_encoder.0.ff.fc2.weight.tensor,transformer_encoder.0.ff.fc2.weight,transformer_ffn,Transformer FFN,2,0.0,ff_fc2_weight,Feed-forward,512x2048,1048576,-7.165218994487077e-05,0.056143082678318024,-7.070136052789167e-05,0.05606485903263092,9.508364087196242e-07,0.0007899111369624734,658.5773315429688,0.8088684721052385,0.00408935546875,57.49062423560906,57.410521836838626,0.014069571914723099,0.9998995970826481,0.005199432373046875,0.00052642822265625,0.001556396484375,0.0020599365234375,0.002629462629556656,0.009376544505357742,0.027721958234906197,0.03669082745909691,0.04683501645922661,0.0,0.0,0.0,0.0,18.0
Beta,Beta,Beta,Beta,base,,,6,transformer_encoder.16.self_attn.Wqkv.weight.tensor,transformer_encoder.16.self_attn.Wqkv.weight,transformer_self_attn,Transformer self-attention,1,16.0,self_attn_Wqkv_weight,Self-attention,1536x512,786432,-6.306452269200236e-05,0.06916620582342148,-6.315146310953423e-05,0.06919147074222565,-8.695671027680874e-08,0.000903958163689822,552.423583984375,0.8016385211550783,0.011962890625,61.33735798332856,61.35976691687926,0.013069335679129672,0.9999129488320185,0.0043436684645712376,0.000579833984375,0.00177001953125,0.00244140625,0.004140697419643402,0.008383196778595448,0.025590810924768448,0.03529766947031021,0.05986589938402176,0.0,0.0,0.0,0.0,19.0
Beta,Beta,Beta,Beta,base,,,6,transformer_encoder.17.ff.fc1.weight.tensor,transformer_encoder.17.ff.fc1.weight,transformer_ffn,Transformer FFN,2,17.0,ff_fc1_weight,Feed-forward,4096x512,2097152,-2.1685345927835442e-06,0.07129102200269699,2.3776838133926503e-06,0.0712113156914711,4.54622613688116e-06,0.0009282614919357002,1550.7193603515625,1.3442765025044314,0.0052490234375,103.24059335933468,103.12516571956381,0.01302081341033743,0.9999122951122755,0.004252910614013672,0.0006103515625,0.0018310546875,0.002399444580078125,0.00311279296875,0.008561407215893269,0.02568422257900238,0.03365703299641609,0.04366317763924599,0.0,0.0,0.0,0.0,20.0
BetaQCH,BetaQCH,BetaQCH,Beta,QCH,,,7,conv.0.conv.weight.tensor,conv.0.conv.weight,conv,Convolution front-end,0,0.0,conv_weight,Conv,64x1x5,320,-0.001664625247940421,0.7632753252983093,-0.002145716454833746,0.9056401252746582,-0.00048109208000823855,0.14531978964805603,16.48841094970703,2.5995736065932413,1.0015101432800293,13.653916777224586,16.200629252704775,0.1903903216203331,0.9993850236126599,0.2718749940395355,0.002895607613027096,0.2588001787662506,0.7600719332695007,0.9674381613731384,0.0037936605513095856,0.3390653133392334,0.9958031177520752,1.2674825191497803,0.00937500037252903,0.0,0.0,0.0,1.0
BetaQCH,BetaQCH,BetaQCH,Beta,QCH,,,7,conv.3.conv.weight.tensor,conv.3.conv.weight,conv,Convolution front-end,0,3.0,conv_weight,Conv,128x128x9,147456,2.159507403121097e-06,0.045519500970840454,-3.472667594905943e-05,0.047010451555252075,-3.6886172892991453e-05,0.0031012326944619417,204.589599609375,1.1909575571109412,0.11505579948425293,17.479488886643146,18.05201749648386,0.06813457560655202,0.9982718889302329,0.0062459311448037624,0.0005541846621781588,0.005334727466106415,0.012226290069520473,0.03200704604387283,0.012174662202596664,0.11719650030136108,0.26859450340270996,0.7031500339508057,0.0003119574685115367,2.7126736313221045e-05,0.0,0.0,2.0
BetaQCH,BetaQCH,BetaQCH,Beta,QCH,,,7,conv.2.conv.bias.tensor,conv.2.conv.bias,conv,Convolution front-end,0,2.0,conv_bias,Conv,128,128,-0.23985695838928223,0.8994260430335999,-0.2387205958366394,0.9193211197853088,0.0011363585945218801,0.056663282215595245,4.107907772064209,0.6412007605552327,0.3007258176803589,10.53146805806331,10.745872237357075,0.06088427150137373,0.9983865212053488,0.0078125,0.014748573303222656,0.1150154173374176,0.23751844465732574,0.29359397292137146,0.016397761180996895,0.12787646055221558,0.2640777826309204,0.326423704624176,0.0,0.0,0.0,0.0,3.0
BetaQCH,BetaQCH,BetaQCH,Beta,QCH,,,7,conv.3.conv.bias.tensor,conv.3.conv.bias,conv,Convolution front-end,0,3.0,conv_bias,Conv,128,128,-0.27887842059135437,0.6861683130264282,-0.29002758860588074,0.7127833366394043,-0.01114918477833271,0.04062578082084656,2.950021505355835,0.47662254643102603,0.20379257202148438,8.379785792997541,8.706235593412794,0.05687765274731158,0.9991734556735147,0.015625,0.008535176515579224,0.09748855233192444,0.15301278233528137,0.1974460780620575,0.012438897043466568,0.14207673072814941,0.22299599647521973,0.2877516746520996,0.0,0.0,0.0,0.0,4.0
BetaQCH,BetaQCH,BetaQCH,Beta,QCH,,,7,conv.2.conv.weight.tensor,conv.2.conv.weight,conv,Convolution front-end,0,2.0,conv_weight,Conv,128x64x9,73728,0.0019348718924447894,0.13461939990520477,0.0019881362095475197,0.1377006471157074,5.326452446752228e-05,0.007196461781859398,269.4742736816406,1.9541016235046529,0.23789650201797485,36.55684384668964,37.393615373524995,0.0534537836936804,0.9988594770437981,0.0274929478764534,0.0016403105109930038,0.013813793659210205,0.028218241408467293,0.06035992503166199,0.01218479871749878,0.10261368006467819,0.20961494743824005,0.44837459921836853,5.425347262644209e-05,0.0,0.0,0.0,5.0
BetaQCH,BetaQCH,BetaQCH,Beta,QCH,,,7,conv.1.conv.bias.tensor,conv.1.conv.bias,conv,Convolution front-end,0,1.0,conv_bias,Conv,64,64,-0.35623908042907715,3.126411199569702,-0.38535448908805847,3.115534782409668,-0.0291154682636261,0.16203315556049347,6.252951622009277,1.3170257831097516,0.6363887786865234,25.173133406626448,25.11420933937972,0.05231870668762325,0.9986308621137862,0.0,0.04270943999290466,0.36270180344581604,0.5864107608795166,0.6313909888267517,0.013660851866006851,0.11601218581199646,0.18756674230098724,0.2019539177417755,0.0,0.0,0.0,0.0,6.0
BetaQCH,BetaQCH,BetaQCH,Beta,QCH,,,7,conv.1.conv.weight.tensor,conv.1.conv.weight,conv,Convolution front-end,0,1.0,conv_weight,Conv,64x64x5,20480,-0.005043329205363989,0.2731286585330963,-0.005378644913434982,0.2736341953277588,-0.0003353157080709934,0.014180583879351616,107.10452270507812,2.029927219157299,0.24376130104064941,39.093653202318215,39.16689799355446,0.05192472570040792,0.99865626371513,0.08286132663488388,0.0014209579676389694,0.02180163748562336,0.058317769318819046,0.19661341607570648,0.005202522501349449,0.07982185482978821,0.21351757645606995,0.7198564410209656,0.0,0.0,0.0,0.0,7.0
BetaQCH,BetaQCH,BetaQCH,Beta,QCH,,,7,conv.4.conv.weight.tensor,conv.4.conv.weight,conv,Convolution front-end,0,4.0,conv_weight,Conv,512x128x5,327680,0.0007904483936727047,0.04287688806653023,0.0007918228511698544,0.04268324002623558,1.3743926956522046e-06,0.0020823266822844744,342.3020935058594,1.191993443605454,0.07117056846618652,24.54832830078825,24.437509990407165,0.04855701084815338,0.9988262106006686,0.02593383751809597,0.0005090194754302502,0.003771236166357994,0.008025208488106728,0.01985587552189827,0.011871648952364922,0.08795496821403503,0.18716856837272644,0.46309027075767517,7.934570021461695e-05,0.0,0.0,0.0,8.0
BetaQCH,BetaQCH,BetaQCH,Beta,QCH,,,7,conv.4.conv.bias.tensor,conv.4.conv.bias,conv,Convolution front-end,0,4.0,conv_bias,Conv,512,512,0.018486348912119865,0.1553741842508316,0.018100596964359283,0.15558911859989166,-0.0003857503761537373,0.006169989705085754,1.8822441101074219,0.13988352375121338,0.03299623727798462,3.5405137074041804,3.5443236463630767,0.039509386295734215,0.9992209179926057,0.037109375,0.0019386960193514824,0.013820940628647804,0.02613537758588791,0.032668668776750565,0.012477592565119267,0.08895260840654373,0.1682092547416687,0.21025800704956055,0.0,0.0,0.0,0.0,9.0
BetaQCH,BetaQCH,BetaQCH,Beta,QCH,,,7,crf.linear.weight.tensor,crf.linear.weight,crf,CRF head,5,,linear_weight,CRF,4096x512,2097152,-0.00031572766602039337,0.03356962278485298,-0.0003202489751856774,0.03343302756547928,-4.521255050349282e-06,0.0010375517886132002,1759.7799072265625,1.5025392338712855,0.0047779083251953125,48.61623023021093,48.418494255165555,0.03090612387583996,0.9995253496938812,0.010089397430419922,0.000732421875,0.0019989013671875,0.0025634765625,0.00323486328125,0.02181798778474331,0.05954492464661598,0.0763629600405693,0.09636278450489044,0.0,0.0,0.0,0.0,10.0
BetaQCH,BetaQCH,BetaQCH,Beta,QCH,,,7,upsample.linear.bias.tensor,upsample.linear.bias,upsample,Upsample,4,,linear_bias,Upsample,1024,1024,0.0006987148080952466,0.0231142770498991,0.0007081230287440121,0.023218020796775818,9.408220648765564e-06,0.0006060786545276642,0.4949249029159546,0.01939685448189826,0.0020751953125,0.73999470476885,0.7433221676405549,0.026212153082812918,0.9996681302241327,0.0068359375,0.0004119873046875,0.0011661527678370476,0.0015763863921165466,0.0019068759866058826,0.017823925241827965,0.050451599061489105,0.06819965690374374,0.08249771595001221,0.0,0.0,0.0,0.0,11.0
BetaQCH,BetaQCH,BetaQCH,Beta,QCH,,,7,transformer_encoder.0.self_attn.out_proj.weight.tensor,transformer_encoder.0.self_attn.out_proj.weight,transformer_self_attn,Transformer self-attention,1,0.0,self_attn_out_proj_weight,Self-attention,512x512,262144,-1.71788597072009e-05,0.029549462720751762,-1.9925544620491564e-05,0.029539795592427254,-2.7466865049063927e-06,0.0007537793135270476,153.88827514648438,0.38593739266336163,0.003662109375,15.129331866915267,15.124382573916447,0.02550921587669722,0.9996740680235648,0.013240814208984375,0.0004730224609375,0.0015116743743419647,0.0020294189453125,0.0026697516441345215,0.016007814556360245,0.05115740746259689,0.06867868453264236,0.09034853428602219,0.0,0.0,0.0,0.0,12.0
BetaQCH,BetaQCH,BetaQCH,Beta,QCH,,,7,conv.0.conv.bias.tensor,conv.0.conv.bias,conv,Convolution front-end,0,0.0,conv_bias,Conv,64,64,-0.34886807203292847,0.4828624725341797,-0.3488808572292328,0.4813510775566101,-1.2779724784195423e-05,0.010732232592999935,0.3863908648490906,0.08585791804402576,0.05816969275474548,4.765644611255755,4.755909105232808,0.018016013582134074,0.9998394211661377,0.046875,0.0029283761978149414,0.020000064745545387,0.03728393465280533,0.0560811311006546,0.006064617540687323,0.04141979664564133,0.07721439749002457,0.11614307016134262,0.0,0.0,0.0,0.0,13.0
BetaQCH,BetaQCH,BetaQCH,Beta,QCH,,,7,transformer_encoder.1.self_attn.out_proj.weight.tensor,transformer_encoder.1.self_attn.out_proj.weight,transformer_self_attn,Transformer self-attention,1,1.0,self_attn_out_proj_weight,Self-attention,512x512,262144,-6.949186354177073e-05,0.046070944517850876,-6.827726610936224e-05,0.04605213180184364,1.2145776508987183e-06,0.0008098814287222922,168.6141815185547,0.4146596633031224,0.004302978515625,23.588355654028483,23.578725555638606,0.017578998272916417,0.9998449120432548,0.0087127685546875,0.00054931640625,0.0015869140625,0.00212860107421875,0.002716064453125,0.011923269368708134,0.03444499894976616,0.04620266705751419,0.058953940868377686,0.0,0.0,0.0,0.0,14.0
BetaQCH,BetaQCH,BetaQCH,Beta,QCH,,,7,transformer_encoder.17.norm2.weight.tensor,transformer_encoder.17.norm2.weight,transformer_norm_deepnorm,Transformer norm/deepnorm,3,17.0,norm2_weight,Norm/deepnorm,512,512,0.24103976786136627,0.018107499927282333,0.2447354644536972,0.018506301566958427,0.0036956979893147945,0.0007861109916120768,1.8941795825958252,0.08549497741557423,0.007080078125,5.469475223955573,5.553540847827296,0.01563129439568571,0.9999961117834198,0.001953125,0.003662109375,0.0048828125,0.0058325231075286865,0.006705820560455322,0.20224258303642273,0.269656777381897,0.3221052289009094,0.3703337013721466,0.0,0.0,0.0,0.0,15.0
BetaQCH,BetaQCH,BetaQCH,Beta,QCH,,,7,transformer_encoder.2.self_attn.out_proj.weight.tensor,transformer_encoder.2.self_attn.out_proj.weight,transformer_self_attn,Transformer self-attention,1,2.0,self_attn_out_proj_weight,Self-attention,512x512,262144,-8.489452739013359e-05,0.05466361343860626,-8.629349758848548e-05,0.05463165417313576,-1.398969743604539e-06,0.0008081153500825167,168.22552490234375,0.4137556090363683,0.005126953125,27.987814295214935,27.971451510591564,0.01478341983664988,0.9998900853367156,0.005901336669921875,0.00054931640625,0.0015869140625,0.002105712890625,0.0027617067098617554,0.010049030184745789,0.029030531644821167,0.038521282374858856,0.050521835684776306,0.0,0.0,0.0,0.0,16.0
BetaQCH,BetaQCH,BetaQCH,Beta,QCH,,,7,upsample.linear.weight.tensor,upsample.linear.weight,upsample,Upsample,4,,linear_weight,Upsample,1024x512,524288,2.0732361008413136e-05,0.06463779509067535,2.0655883417930454e-05,0.06461627036333084,-7.649737199244555e-08,0.0009322411497123539,388.0285339355469,0.6750142590464862,0.0069580078125,46.802790736270474,46.78720684769903,0.014422521572487343,0.9998948076161083,0.004856109619140625,0.0006103515625,0.0018310546875,0.00244140625,0.00341796875,0.009442641399800777,0.028327923268079758,0.03777056559920311,0.052878789603710175,0.0,0.0,0.0,0.0,17.0
BetaQCH,BetaQCH,BetaQCH,Beta,QCH,,,7,transformer_encoder.0.ff.fc2.weight.tensor,transformer_encoder.0.ff.fc2.weight,transformer_ffn,Transformer FFN,2,0.0,ff_fc2_weight,Feed-forward,512x2048,1048576,-7.165218994487077e-05,0.056143082678318024,-7.060597272356972e-05,0.05606400594115257,1.0462350701345713e-06,0.0008079952676780522,673.9261474609375,0.8273867429345727,0.0042438507080078125,57.49062423560906,57.40964580661184,0.01439168132083151,0.9998951787018093,0.0052700042724609375,0.00054931640625,0.0015869140625,0.00209808349609375,0.002685546875,0.009784220717847347,0.02826552651822567,0.037370286881923676,0.047833967953920364,0.0,0.0,0.0,0.0,18.0
BetaQCH,BetaQCH,BetaQCH,Beta,QCH,,,7,transformer_encoder.16.self_attn.Wqkv.weight.tensor,transformer_encoder.16.self_attn.Wqkv.weight,transformer_self_attn,Transformer self-attention,1,16.0,self_attn_Wqkv_weight,Self-attention,1536x512,786432,-6.306452269200236e-05,0.06916620582342148,-6.222516094567254e-05,0.06919719278812408,8.393442954002239e-07,0.000953821639996022,584.9142456054688,0.8458582006911218,0.01220703125,61.33735798332856,61.36483972673195,0.013790261408406465,0.9999034548230918,0.0046513876877725124,0.0006103515625,0.0018463134765625,0.0025634765625,0.004150390625,0.008824417367577553,0.026693863794207573,0.03706255555152893,0.0600060410797596,0.0,0.0,0.0,0.0,19.0
BetaQCH,BetaQCH,BetaQCH,Beta,QCH,,,7,transformer_encoder.16.ff.fc2.weight.tensor,transformer_encoder.16.ff.fc2.weight,transformer_ffn,Transformer FFN,2,16.0,ff_fc2_weight,Feed-forward,512x2048,1048576,-1.4280323739512824e-05,0.0670946016907692,-1.4137491234578192e-05,0.06702801585197449,1.428425093763508e-07,0.0009105583885684609,761.9580078125,0.9324108914198638,0.0047607421875,68.70494262151014,68.63676043354975,0.013571234555225888,0.9999061642491567,0.004317283630371094,0.0006103515625,0.00177001953125,0.0023345947265625,0.00299072265625,0.00909687951207161,0.026380950585007668,0.03479556366801262,0.04457470774650574,0.0,0.0,0.0,0.0,20.0
BetaQCL,BetaQCL,BetaQCL,Beta,QCL,,,8,conv.0.conv.weight.tensor,conv.0.conv.weight,conv,Convolution front-end,0,0.0,conv_weight,Conv,64x1x5,320,-0.001664625247940421,0.7632753252983093,-0.0019146669656038284,0.8976837992668152,-0.0002500424743629992,0.13772600889205933,15.71289348602295,2.4637216471333003,0.9349865913391113,13.653916777224586,16.058292060380655,0.18044065210963717,0.9993412692283066,0.3125,0.002433858346194029,0.2499135434627533,0.707949161529541,0.9094177484512329,0.0031887032091617584,0.32742252945899963,0.9275147914886475,1.191467523574829,0.0062500000931322575,0.0,0.0,0.0,1.0
BetaQCL,BetaQCL,BetaQCL,Beta,QCL,,,8,conv.3.conv.weight.tensor,conv.3.conv.weight,conv,Convolution front-end,0,3.0,conv_weight,Conv,128x128x9,147456,2.159507403121097e-06,0.045519500970840454,-3.5285029298393056e-05,0.046856336295604706,-3.7444533518282697e-05,0.0028173313476145267,186.7234344482422,1.0819507665344708,0.13250291347503662,17.479488886643146,17.992838812570856,0.06189830684129303,0.9985578538581629,0.0060221352614462376,0.0005288338288664818,0.004786288365721703,0.011266456916928291,0.026958610862493515,0.01161773968487978,0.1051480621099472,0.24750830233097076,0.592242956161499,0.00021701389050576836,4.069010537932627e-05,0.0,0.0,2.0
BetaQCL,BetaQCL,BetaQCL,Beta,QCL,,,8,conv.1.conv.bias.tensor,conv.1.conv.bias,conv,Convolution front-end,0,1.0,conv_bias,Conv,64,64,-0.35623908042907715,3.126411199569702,-0.3843359351158142,3.0940744876861572,-0.028096932917833328,0.16603533923625946,6.138566017150879,1.3471669953727454,0.8041791915893555,25.173133406626448,24.942827692952388,0.053516063082479456,0.9985970623373864,0.0,0.048121705651283264,0.39183205366134644,0.584601104259491,0.7822214961051941,0.015391995199024677,0.1253296583890915,0.18698792159557343,0.2501979172229767,0.0,0.0,0.0,0.0,3.0
BetaQCL,BetaQCL,BetaQCL,Beta,QCL,,,8,conv.2.conv.bias.tensor,conv.2.conv.bias,conv,Convolution front-end,0,2.0,conv_bias,Conv,128,128,-0.23985695838928223,0.8994260430335999,-0.2434178739786148,0.9017988443374634,-0.003560919314622879,0.04856480658054352,3.654482126235962,0.5509230519097189,0.2181994915008545,10.53146805806331,10.567835797474467,0.052312084969754806,0.998642321333573,0.015625,0.013579785823822021,0.10661816596984863,0.19951611757278442,0.21620714664459229,0.01509827934205532,0.1185402199625969,0.22182604670524597,0.24038346111774445,0.0,0.0,0.0,0.0,4.0
BetaQCL,BetaQCL,BetaQCL,Beta,QCL,,,8,conv.1.conv.weight.tensor,conv.1.conv.weight,conv,Convolution front-end,0,1.0,conv_weight,Conv,64x64x5,20480,-0.005043329205363989,0.2731286585330963,-0.005386549048125744,0.2714720368385315,-0.0003432199009694159,0.014096522703766823,105.37614440917969,2.017927998047491,0.252291202545166,39.093653202318215,38.85756240746452,0.05161779042762313,0.9986780578169425,0.08203125,0.001368512399494648,0.02113395184278488,0.05688682943582535,0.1882108449935913,0.005010504275560379,0.07737727463245392,0.20827850699424744,0.6890922784805298,0.0,0.0,0.0,0.0,5.0
BetaQCL,BetaQCL,BetaQCL,Beta,QCL,,,8,conv.3.conv.bias.tensor,conv.3.conv.bias,conv,Convolution front-end,0,3.0,conv_bias,Conv,128,128,-0.27887842059135437,0.6861683130264282,-0.2884509861469269,0.7104572057723999,-0.009572614915668964,0.035826291888952255,2.6070520877838135,0.4195476550086139,0.20716643333435059,8.379785792997541,8.675139271610337,0.05006663241429791,0.9993892927615845,0.015625,0.008286770433187485,0.08911295235157013,0.12282297760248184,0.19692327082157135,0.012076877057552338,0.12987039983272552,0.17899832129478455,0.2869897484779358,0.0,0.0,0.0,0.0,6.0
BetaQCL,BetaQCL,BetaQCL,Beta,QCL,,,8,conv.2.conv.weight.tensor,conv.2.conv.weight,conv,Convolution front-end,0,2.0,conv_weight,Conv,128x64x9,73728,0.0019348718924447894,0.13461939990520477,0.001924008596688509,0.13547690212726593,-1.086340216716053e-05,0.0064076692797243595,240.09317016601562,1.7398703865578247,0.22127008438110352,36.55684384668964,36.78961579139044,0.04759356124545005,0.9988947543402995,0.02734375,0.001432960038073361,0.012451204471290112,0.024697840213775635,0.05420595034956932,0.010644527152180672,0.09249189496040344,0.1834641695022583,0.40266069769859314,8.138021075865254e-05,0.0,0.0,0.0,7.0
BetaQCL,BetaQCL,BetaQCL,Beta,QCL,,,8,conv.4.conv.weight.tensor,conv.4.conv.weight,conv,Convolution front-end,0,4.0,conv_weight,Conv,512x128x5,327680,0.0007904483936727047,0.04287688806653023,0.0007892389548942447,0.04272487759590149,-1.2094021712982794e-06,0.001966290408745408,315.81011962890625,1.1255703645840551,0.07055914402008057,24.54832830078825,24.46131676885785,0.04585120219969794,0.9989514510088483,0.02373352088034153,0.00046384544111788273,0.0034695640206336975,0.007573534268885851,0.019282445311546326,0.010818073526024818,0.08091919124126434,0.17663437128067017,0.4497164189815521,7.324219041038305e-05,0.0,0.0,0.0,8.0
BetaQCL,BetaQCL,BetaQCL,Beta,QCL,,,8,conv.4.conv.bias.tensor,conv.4.conv.bias,conv,Convolution front-end,0,4.0,conv_bias,Conv,512,512,0.018486348912119865,0.1553741842508316,0.018094085156917572,0.15668196976184845,-0.00039226264925673604,0.006533532403409481,1.8020455837249756,0.1481031617834229,0.06813371181488037,3.5405137074041804,3.5688706038584477,0.04183098104482887,0.9991638192743267,0.03515625,0.0019220028771087527,0.012482217513024807,0.026185208931565285,0.05269978940486908,0.01237015426158905,0.08033648878335953,0.16852997243404388,0.33917978405952454,0.0,0.0,0.0,0.0,9.0
BetaQCL,BetaQCL,BetaQCL,Beta,QCL,,,8,crf.linear.weight.tensor,crf.linear.weight,crf,CRF head,5,,linear_weight,CRF,4096x512,2097152,-0.00031572766602039337,0.03356962278485298,-0.0003173798613715917,0.033443402498960495,-1.6521721590834204e-06,0.0009240385261364281,1555.0997314453125,1.3381427610840886,0.0044403076171875,48.61623023021093,48.433477655568986,0.027524609677624014,0.9996236155340307,0.008899211883544922,0.000640869140625,0.001800537109375,0.002346038818359375,0.00299072265625,0.019090740010142326,0.053635887801647186,0.0698857456445694,0.08909011632204056,0.0,0.0,0.0,0.0,10.0
BetaQCL,BetaQCL,BetaQCL,Beta,QCL,,,8,transformer_encoder.0.self_attn.out_proj.weight.tensor,transformer_encoder.0.self_attn.out_proj.weight,transformer_self_attn,Transformer self-attention,1,0.0,self_attn_out_proj_weight,Self-attention,512x512,262144,-1.71788597072009e-05,0.029549462720751762,-1.9958239136030897e-05,0.029541034251451492,-2.779392389129498e-06,0.0007363020558841527,150.08328247070312,0.37698917513011326,0.0037841796875,15.129331866915267,15.12501715036476,0.024917767581956875,0.9996889387962027,0.012943267822265625,0.000457763671875,0.0014801025390625,0.001995086669921875,0.0026201605796813965,0.015491433441638947,0.05008896812796593,0.06751682609319687,0.08867029845714569,0.0,0.0,0.0,0.0,11.0
BetaQCL,BetaQCL,BetaQCL,Beta,QCL,,,8,upsample.linear.bias.tensor,upsample.linear.bias,upsample,Upsample,4,,linear_bias,Upsample,1024,1024,0.0006987148080952466,0.0231142770498991,0.0006939128506928682,0.023224391043186188,-4.801957402378321e-06,0.0005609728978015482,0.46005576848983765,0.017951790240950154,0.002197265625,0.73999470476885,0.7435121460456742,0.024259349594310198,0.9997184177520742,0.0078125,0.000377655029296875,0.0010825155768543482,0.001468658447265625,0.0017686150968074799,0.016338597983121872,0.046833183616399765,0.06353899091482162,0.07651610672473907,0.0,0.0,0.0,0.0,12.0
BetaQCL,BetaQCL,BetaQCL,Beta,QCL,,,8,transformer_encoder.1.self_attn.out_proj.weight.tensor,transformer_encoder.1.self_attn.out_proj.weight,transformer_self_attn,Transformer self-attention,1,1.0,self_attn_out_proj_weight,Self-attention,512x512,262144,-6.949186354177073e-05,0.046070944517850876,-6.813222717028111e-05,0.04605219140648842,1.359625457553193e-06,0.0007895753369666636,164.18511962890625,0.40426305730795503,0.0043487548828125,23.588355654028483,23.57875402987958,0.017138246651749834,0.9998528129561329,0.00860595703125,0.000518798828125,0.001556396484375,0.0020751953125,0.0026702880859375,0.0112608652561903,0.03378259763121605,0.0450434610247612,0.05796033516526222,0.0,0.0,0.0,0.0,13.0
BetaQCL,BetaQCL,BetaQCL,Beta,QCL,,,8,conv.0.conv.bias.tensor,conv.0.conv.bias,conv,Convolution front-end,0,0.0,conv_bias,Conv,64,64,-0.34886807203292847,0.4828624725341797,-0.34870052337646484,0.48141470551490784,0.0001675578678259626,0.010194698348641396,0.34765803813934326,0.0815685997158277,0.057636916637420654,4.765644611255755,4.75547454968997,0.017115963603991258,0.9998554618175679,0.046875,0.0029295682907104492,0.0189259871840477,0.036852072924375534,0.05555844306945801,0.006067086476832628,0.03919539973139763,0.07632002234458923,0.11506059765815735,0.0,0.0,0.0,0.0,14.0
BetaQCL,BetaQCL,BetaQCL,Beta,QCL,,,8,transformer_encoder.17.norm2.weight.tensor,transformer_encoder.17.norm2.weight,transformer_norm_deepnorm,Transformer norm/deepnorm,3,17.0,norm2_weight,Norm/deepnorm,512,512,0.24103976786136627,0.018107499927282333,0.24490757286548615,0.01846916787326336,0.0038678054697811604,0.0007709593046456575,1.980316400527954,0.08924013000229707,0.007080078125,5.469475223955573,5.557361072034184,0.016316031492641353,0.9999961897945457,0.0,0.00390625,0.005059812217950821,0.0058325231075286865,0.006830573081970215,0.21572542190551758,0.27943170070648193,0.3221052289009094,0.3772232234477997,0.0,0.0,0.0,0.0,15.0
BetaQCL,BetaQCL,BetaQCL,Beta,QCL,,,8,transformer_encoder.2.self_attn.out_proj.weight.tensor,transformer_encoder.2.self_attn.out_proj.weight,transformer_self_attn,Transformer self-attention,1,2.0,self_attn_out_proj_weight,Self-attention,512x512,262144,-8.489452739013359e-05,0.05466361343860626,-8.623895701020956e-05,0.05463267117738724,-1.3444375781546114e-06,0.0007870542467571795,163.720947265625,0.4029722582341543,0.005126953125,27.987814295214935,27.971973016111367,0.014398132486645657,0.999895612025497,0.005672454833984375,0.000518798828125,0.001544952392578125,0.0020616138353943825,0.0027008056640625,0.00949075073003769,0.028262896463274956,0.03771454840898514,0.049407731741666794,0.0,0.0,0.0,0.0,16.0
BetaQCL,BetaQCL,BetaQCL,Beta,QCL,,,8,transformer_encoder.0.ff.fc2.weight.tensor,transformer_encoder.0.ff.fc2.weight,transformer_ffn,Transformer FFN,2,0.0,ff_fc2_weight,Feed-forward,512x2048,1048576,-7.165218994487077e-05,0.056143082678318024,-7.076558540575206e-05,0.05606390908360481,8.866089160619595e-07,0.0007904348894953728,659.03125,0.8094047128533092,0.00408935546875,57.49062423560906,57.40954587027535,0.014078899361679893,0.9998997301623456,0.005190849304199219,0.00052642822265625,0.001556396484375,0.00206756591796875,0.0026397705078125,0.009376544505357742,0.027721958234906197,0.0368267185986042,0.047018613666296005,0.0,0.0,0.0,0.0,17.0
BetaQCL,BetaQCL,BetaQCL,Beta,QCL,,,8,upsample.linear.weight.tensor,upsample.linear.weight,upsample,Upsample,4,,linear_weight,Upsample,1024x512,524288,2.0732361008413136e-05,0.06463779509067535,2.0352323190309107e-05,0.06462730467319489,-3.800447530011297e-07,0.0008855609339661896,367.15301513671875,0.6412142857799088,0.0064697265625,46.802790736270474,46.79519508670869,0.013700342985807834,0.9999050387545628,0.004604339599609375,0.0005893707275390625,0.0017242431640625,0.0023193359375,0.00335693359375,0.009118050336837769,0.02667546086013317,0.03588203713297844,0.05193452537059784,0.0,0.0,0.0,0.0,18.0
BetaQCL,BetaQCL,BetaQCL,Beta,QCL,,,8,transformer_encoder.16.self_attn.Wqkv.weight.tensor,transformer_encoder.16.self_attn.Wqkv.weight,transformer_self_attn,Transformer self-attention,1,16.0,self_attn_Wqkv_weight,Self-attention,1536x512,786432,-6.306452269200236e-05,0.06916620582342148,-6.27594708930701e-05,0.0691930428147316,3.0504921255669615e-07,0.000902387429960072,551.3067016601562,0.8002456362437592,0.011962890625,61.33735798332856,61.36115551592881,0.013046627089175445,0.9999134133922744,0.0043245949782431126,0.000579833984375,0.00176239013671875,0.00244140625,0.00408935546875,0.008383196778595448,0.02548050694167614,0.03529766947031021,0.05912359803915024,0.0,0.0,0.0,0.0,19.0
BetaQCL,BetaQCL,BetaQCL,Beta,QCL,,,8,transformer_encoder.3.self_attn.out_proj.weight.tensor,transformer_encoder.3.self_attn.out_proj.weight,transformer_self_attn,Transformer self-attention,1,3.0,self_attn_out_proj_weight,Self-attention,512x512,262144,-5.6098444474628195e-05,0.06004486232995987,-5.560688805417158e-05,0.06004375219345093,4.915380031889072e-07,0.0007787813665345311,162.1937255859375,0.3987360378140869,0.00372314453125,30.742993556776984,30.74242574558254,0.01296998085361068,0.9999152070731353,0.005168914794921875,0.000518798828125,0.00152587890625,0.002025201916694641,0.00262451171875,0.008640184998512268,0.025412309914827347,0.03372814133763313,0.043709173798561096,0.0,0.0,0.0,0.0,20.0
