chunks,time,grad_norm,lr,scale,loss
20,23.02021426099236,nan,1.0000000000000002e-06,65536.0,0.4876820743083954
40,23.12160327800666,nan,1.018e-06,32768.0,0.49949121475219727
60,23.2465880579839,6.340997219085693,1.0360000000000001e-06,16384.0,0.4816095530986786
80,23.348886200983543,3.8313920497894287,1.0540000000000002e-06,16384.0,0.40746161341667175
100,23.453160167991882,8.00617790222168,1.072e-06,16384.0,0.4220743775367737
120,23.55747915498796,6.9950456619262695,1.0900000000000002e-06,16384.0,0.4960443079471588
140,23.66075087399804,inf,1.1080000000000002e-06,16384.0,0.4732727110385895
160,23.76160336699104,25.710227966308594,1.126e-06,8192.0,0.484235018491745
180,23.86499094698229,inf,1.1440000000000002e-06,8192.0,0.44819045066833496
200,23.965812398993876,4.9274210929870605,1.162e-06,4096.0,0.422511488199234
220,24.069916374981403,11.572875022888184,1.1800000000000001e-06,4096.0,0.47597536444664
240,24.174103400990134,17.277284622192383,1.1980000000000002e-06,4096.0,0.49593791365623474
260,24.278297766984906,4.570465087890625,1.2160000000000003e-06,4096.0,0.43472549319267273
280,24.3827665449935,5.3152337074279785,1.2340000000000002e-06,4096.0,0.43835869431495667
300,24.487128812004812,6.9966959953308105,1.2520000000000003e-06,4096.0,0.47013625502586365
320,24.591325126995798,12.568879127502441,1.2700000000000001e-06,4096.0,0.3277680575847626
340,24.69549018298858,6.306419849395752,1.288e-06,4096.0,0.4102421700954437
360,24.799740098998882,7.039406776428223,1.306e-06,4096.0,0.3792646527290344
380,24.904013566003414,7.688121318817139,1.3240000000000004e-06,4096.0,0.46295076608657837
400,25.008172101981472,4.827091217041016,1.3420000000000002e-06,4096.0,0.3805631995201111
420,25.112589839001885,4.562892913818359,1.3600000000000001e-06,4096.0,0.38908740878105164
440,25.215877209004248,inf,1.3780000000000002e-06,4096.0,0.6952037215232849
460,25.31673108099494,4.082271575927734,1.396e-06,2048.0,0.33773818612098694
480,25.420869966997998,10.43529987335205,1.4140000000000001e-06,2048.0,0.37354370951652527
500,25.52498958198703,21.90553855895996,1.432e-06,2048.0,0.36553946137428284
520,25.62894754600711,34.02995300292969,1.4500000000000003e-06,2048.0,0.4206288456916809
540,25.73342919399147,5.129711151123047,1.4680000000000002e-06,2048.0,0.487431138753891
560,25.837522038986208,7.377435207366943,1.4860000000000003e-06,2048.0,0.32491326332092285
580,25.941795275983168,15.782735824584961,1.5040000000000001e-06,2048.0,0.3790195882320404
600,26.046028471988393,5.226268291473389,1.5220000000000002e-06,2048.0,0.3411330580711365
620,26.15027656799066,3.1921603679656982,1.5400000000000003e-06,2048.0,0.3577326834201813
640,26.254416523996042,15.223151206970215,1.5580000000000002e-06,2048.0,0.33953967690467834
660,26.3577835939941,inf,1.5760000000000002e-06,2048.0,0.555988609790802
680,26.458927067986224,8.281224250793457,1.5940000000000003e-06,1024.0,0.3108673691749573
700,26.563295415980974,4.729909896850586,1.6120000000000002e-06,1024.0,0.2989979684352875
720,26.66745130100753,5.437317371368408,1.6300000000000003e-06,1024.0,0.36832940578460693
740,26.77175977799925,8.22996997833252,1.6480000000000001e-06,1024.0,0.3002772927284241
760,26.876202724990435,5.871031284332275,1.666e-06,1024.0,0.3347107768058777
780,26.980306819983525,2.638551950454712,1.684e-06,1024.0,0.2795029282569885
800,27.08455298698391,45.62260818481445,1.7020000000000004e-06,1024.0,0.34571823477745056
820,27.188797502982197,5.147333145141602,1.7200000000000003e-06,1024.0,0.3613499402999878
840,27.29291007798747,6.738627910614014,1.7380000000000003e-06,1024.0,0.262041300535202
860,27.397007232997566,180.8301239013672,1.7560000000000002e-06,1024.0,0.38018378615379333
880,27.501399150991347,4.615485668182373,1.774e-06,1024.0,0.3275979161262512
900,27.605653056991287,14.550617218017578,1.7920000000000004e-06,1024.0,0.3428274989128113
920,27.709854393004207,6.211961269378662,1.81e-06,1024.0,0.3094520568847656
940,27.813931568001863,72.98528289794922,1.8280000000000001e-06,1024.0,0.39113569259643555
960,27.91803918298683,3.7256717681884766,1.846e-06,1024.0,0.2944762110710144
980,28.02215953799896,2.8647427558898926,1.8640000000000003e-06,1024.0,0.28468331694602966
1000,28.126480025006458,2.321594715118408,1.8820000000000001e-06,1024.0,0.2680898904800415
1020,28.230666540999664,63.964168548583984,1.9000000000000002e-06,1024.0,0.3206808269023895
1040,28.335202568996465,2.156085968017578,1.9180000000000005e-06,1024.0,0.22181148827075958
1060,28.43967051600339,6.212194442749023,1.936e-06,1024.0,0.2725382447242737
1080,28.543921092001256,2.694976806640625,1.9540000000000003e-06,1024.0,0.28179284930229187
1100,28.64802373800194,3.039156436920166,1.972e-06,1024.0,0.26731380820274353
1120,28.752309373987373,3.4142191410064697,1.9900000000000004e-06,1024.0,0.24048052728176117
1140,28.85654716999852,3.9044289588928223,2.008e-06,1024.0,0.2619968354701996
1160,28.960762685979716,5.954607009887695,2.026e-06,1024.0,0.22739525139331818
1180,29.064835350989597,4.597169399261475,2.0440000000000003e-06,1024.0,0.24342253804206848
1200,29.16880057498929,3.752695322036743,2.062e-06,1024.0,0.2524615228176117
1220,29.27309056199738,3.6149163246154785,2.0800000000000004e-06,1024.0,0.2231701910495758
1240,29.377345377986785,2.6535544395446777,2.098e-06,1024.0,0.25559738278388977
1260,29.481573953991756,2.868655204772949,2.116e-06,1024.0,0.19724427163600922
1280,29.58567280898569,2.801722526550293,2.1340000000000002e-06,1024.0,0.24612753093242645
1300,29.689932404988213,3.338911771774292,2.1520000000000003e-06,1024.0,0.2506793439388275
1320,29.79428738198476,2.0086891651153564,2.1700000000000004e-06,1024.0,0.3024033308029175
1340,29.898337836988503,4.154564380645752,2.188e-06,1024.0,0.2211778610944748
1360,30.002610542986076,3.6760666370391846,2.2060000000000006e-06,1024.0,0.20853291451931
1380,30.106870108982548,5.416355609893799,2.2240000000000002e-06,1024.0,0.20575909316539764
1400,30.211225135979475,4.257175445556641,2.2420000000000003e-06,1024.0,0.20036159455776215
1420,30.315481681987876,4.076562881469727,2.2600000000000004e-06,1024.0,0.21254606544971466
1440,30.419667417998426,3.7249155044555664,2.278e-06,1024.0,0.18870849907398224
1460,30.524076904985122,3.001213550567627,2.296e-06,1024.0,0.21478934586048126
1480,30.62825519099715,5.096275806427002,2.314e-06,1024.0,0.16810674965381622
1500,30.732457445992623,3.0775389671325684,2.3320000000000003e-06,1024.0,0.20616011321544647
1520,30.836811702989507,2.3029541969299316,2.3500000000000004e-06,1024.0,0.2038072645664215
1540,30.94082469798741,4.719522476196289,2.3680000000000005e-06,1024.0,0.2173718512058258
1560,31.045074583991664,2.697617769241333,2.386e-06,1024.0,0.190921813249588
1580,31.149411199992755,3.647991895675659,2.404e-06,1024.0,0.1536514163017273
1600,31.253622185991844,1.6732149124145508,2.4220000000000003e-06,1024.0,0.16094651818275452
1620,31.357793651986867,2.569106101989746,2.4400000000000004e-06,1024.0,0.17934881150722504
1640,31.46211181799299,2.8632569313049316,2.4580000000000004e-06,1024.0,0.16147463023662567
1660,31.566379483992932,13.214832305908203,2.4760000000000005e-06,1024.0,0.20265769958496094
1680,31.670498669001972,8.187232971191406,2.494e-06,1024.0,0.24758151173591614
1700,31.774497993988916,4.514858722686768,2.512e-06,1024.0,0.1899426281452179
1720,31.87875949998852,3.249343156814575,2.5300000000000003e-06,1024.0,0.16791310906410217
1740,31.98291836498538,2.5376224517822266,2.5480000000000004e-06,1024.0,0.163305401802063
1760,32.08707868098281,17.3709716796875,2.566e-06,1024.0,0.13199588656425476
1780,32.191554057993926,2.458491086959839,2.5840000000000006e-06,1024.0,0.10202145576477051
1800,32.29587455498404,2.072948455810547,2.6020000000000002e-06,1024.0,0.13958607614040375
1820,32.40036042200518,1.4969598054885864,2.6200000000000003e-06,1024.0,0.14386656880378723
1840,32.50468611900578,1.723419427871704,2.6380000000000004e-06,1024.0,0.1433728188276291
1860,32.60888895500102,1.658509373664856,2.6559999999999996e-06,1024.0,0.1374567598104477
1880,32.71316685099737,1.330739140510559,2.6739999999999997e-06,1024.0,0.1139683723449707
1900,32.817318226007046,2.003774404525757,2.6920000000000002e-06,1024.0,0.11887645721435547
1920,32.921676142985234,1.2543715238571167,2.7100000000000003e-06,1024.0,0.11905620247125626
1940,33.025740027980646,2.305389165878296,2.728000000000001e-06,1024.0,0.17115387320518494
1960,33.13006600399967,1.5702544450759888,2.7459999999999996e-06,1024.0,0.1511213630437851
1980,33.23445852097939,1.009833812713623,2.764e-06,1024.0,0.13107064366340637
2000,33.33853878598893,2.1744837760925293,2.7820000000000002e-06,1024.0,0.18444573879241943
2020,33.4427799420082,2.5232956409454346,2.8000000000000003e-06,1024.0,0.15047518908977509
2040,33.54697649800801,1.3671507835388184,2.8180000000000004e-06,1024.0,0.11229579895734787
2060,33.65123370400397,1.7769984006881714,2.8360000000000005e-06,1024.0,0.08336345106363297
2080,33.755438998981845,2.51910662651062,2.854e-06,1024.0,0.11137785017490387
2100,33.85952171398094,1.6404343843460083,2.872e-06,1024.0,0.09909045696258545
2120,33.96381302998634,1.8028379678726196,2.8900000000000007e-06,1024.0,0.12584881484508514
2140,34.06794985500164,2.7882556915283203,2.9079999999999995e-06,1024.0,0.13656221330165863
2160,34.17231405200437,4.508983612060547,2.926e-06,1024.0,0.12313666194677353
2180,34.27654170800815,2.2870521545410156,2.944e-06,1024.0,0.14451059699058533
2200,34.3807610340009,1.5498876571655273,2.9620000000000006e-06,1024.0,0.12922711670398712
2220,34.48517402098514,1.561979055404663,2.9800000000000003e-06,1024.0,0.1110590249300003
2240,34.589344085979974,2.157966136932373,2.9980000000000003e-06,1024.0,0.09638482332229614
2260,34.693420990981394,2.4610440731048584,3.016e-06,1024.0,0.13752403855323792
2280,34.79773120698519,1.318108320236206,3.034e-06,1024.0,0.08662530034780502
2300,34.90205310398596,1.426716685295105,3.0520000000000006e-06,1024.0,0.1032826229929924
2320,35.00624732900178,3.9997763633728027,3.0700000000000003e-06,1024.0,0.11440379917621613
2340,35.11051704498823,1.5444061756134033,3.0880000000000003e-06,1024.0,0.14045274257659912
2360,35.214901961997384,1.850216269493103,3.106e-06,1024.0,0.12613971531391144
2380,35.31897695700172,2.75400710105896,3.1240000000000005e-06,1024.0,0.16899755597114563
2400,35.42297769099241,2.524693012237549,3.1420000000000006e-06,1024.0,0.15471886098384857
2420,35.527277797984425,1.652743935585022,3.1600000000000007e-06,1024.0,0.1165698990225792
2440,35.63165464400663,0.971788763999939,3.178e-06,1024.0,0.13082461059093475
2460,35.73630185300135,1.2177479267120361,3.1960000000000004e-06,1024.0,0.14358988404273987
2480,35.84072658000514,1.7157807350158691,3.2140000000000005e-06,1024.0,0.11976424604654312
2500,35.94498049598769,2.1084842681884766,3.232e-06,1024.0,0.10382705926895142
2520,36.04919520198018,1.5896494388580322,3.2500000000000002e-06,1024.0,0.1292884349822998
2540,36.153586187982,6.94704532623291,3.268e-06,1024.0,0.1362403929233551
2560,36.25786649499787,0.875896692276001,3.2860000000000004e-06,1024.0,0.11413843929767609
2580,36.36213386099553,1.2495208978652954,3.3040000000000005e-06,1024.0,0.10565483570098877
2600,36.46645933698164,1.2613977193832397,3.3219999999999997e-06,1024.0,0.15447202324867249
2620,36.57075023298967,1.0449715852737427,3.3400000000000006e-06,1024.0,0.12747769057750702
2640,36.67500942898914,0.9161557555198669,3.3580000000000003e-06,1024.0,0.0941699668765068
2660,36.77935351600172,1.5832712650299072,3.3760000000000004e-06,1024.0,0.12597286701202393
2680,36.883528640988516,3.6838173866271973,3.394e-06,1024.0,0.17039556801319122
2700,36.987734227004694,1.450906753540039,3.412000000000001e-06,1024.0,0.11459958553314209
2720,37.09201499298797,1.2608036994934082,3.43e-06,1024.0,0.11545520275831223
2740,37.196071056998335,1.2812867164611816,3.4480000000000003e-06,1024.0,0.14071892201900482
2760,37.30033325299155,1.5504781007766724,3.4660000000000004e-06,1024.0,0.11727359145879745
2780,37.40462316898629,1.3139315843582153,3.484e-06,1024.0,0.11953748762607574
2800,37.50888285500696,1.3084592819213867,3.5019999999999997e-06,1024.0,0.15456335246562958
2820,37.61328007199336,1.1246219873428345,3.52e-06,1024.0,0.06719119846820831
2840,37.71773334898171,0.9815232753753662,3.5380000000000003e-06,1024.0,0.09176384657621384
2860,37.82192914499319,1.9334510564804077,3.5560000000000008e-06,1024.0,0.15786080062389374
2880,37.92614640999818,0.999932050704956,3.5739999999999996e-06,1024.0,0.1041368842124939
2900,38.03054116698331,0.8645924925804138,3.592e-06,1024.0,0.1108008399605751
2920,38.13492192400736,1.0488075017929077,3.61e-06,1024.0,0.12220847606658936
2940,38.239046698989114,1.5567998886108398,3.6280000000000002e-06,1024.0,0.07775998115539551
2960,38.343395734991645,1.4724243879318237,3.6460000000000008e-06,1024.0,0.14384925365447998
2980,38.44776556198485,1.192822813987732,3.664e-06,1024.0,0.08572698384523392
3000,38.5517839959939,1.7637121677398682,3.682e-06,1024.0,0.09823528677225113
3020,38.65613749300246,0.9394585490226746,3.7e-06,1024.0,0.07853341102600098
3040,38.7603973079822,1.07138991355896,3.7180000000000007e-06,1024.0,0.08601655066013336
3060,38.86448406300042,0.8765876293182373,3.7360000000000007e-06,1024.0,0.09177203476428986
3080,38.968709688982926,1.5328333377838135,3.754e-06,1024.0,0.08525877445936203
3100,39.072910683986265,1.1393272876739502,3.772e-06,1024.0,0.07350807636976242
3120,39.177237950993,1.8850458860397339,3.79e-06,1024.0,0.10625665634870529
3140,39.282679555006325,0.9113770723342896,3.8080000000000006e-06,1024.0,0.12396251410245895
3160,39.38707427098416,1.5343080759048462,3.826000000000001e-06,1024.0,0.07983453571796417
3180,39.49133708700538,1.1447598934173584,3.844e-06,1024.0,0.11279544979333878
3200,39.59572846398805,0.8661980628967285,3.8620000000000005e-06,1024.0,0.0805070623755455
3220,39.69993347898708,1.463915467262268,3.88e-06,1024.0,0.11953753232955933
3240,39.80427190600312,1.3559798002243042,3.898e-06,1024.0,0.0786091610789299
3260,39.908495512005175,0.757514238357544,3.916000000000001e-06,1024.0,0.06546216458082199
3280,40.01285835800809,1.1238694190979004,3.934e-06,1024.0,0.08899928629398346
3300,40.11707937400206,0.728036105632782,3.9520000000000004e-06,1024.0,0.0733107477426529
3320,40.22135045900359,0.8554629683494568,3.97e-06,1024.0,0.06486575305461884
3340,40.325546284992015,1.7569681406021118,3.988000000000001e-06,1024.0,0.07848196476697922
3360,40.430138142983196,1.3947386741638184,4.006e-06,1024.0,0.08161302655935287
3380,40.534457948990166,1.1105211973190308,4.024e-06,1024.0,0.0662274956703186
3400,40.638810236006975,0.9343688488006592,4.0420000000000004e-06,1024.0,0.07983408123254776
3420,40.7431380119815,0.6100751757621765,4.060000000000001e-06,1024.0,0.07379692047834396
3440,40.847521638992475,0.8377894163131714,4.078e-06,1024.0,0.08702586591243744
3460,40.951714013994206,1.5924352407455444,4.096000000000001e-06,1024.0,0.08494483679533005
3480,41.05595536000328,1.4135844707489014,4.114e-06,1024.0,0.08717416226863861
3500,41.16010283399373,1.4964410066604614,4.132e-06,1024.0,0.06007105112075806
3520,41.26427064000745,1.8040257692337036,4.150000000000001e-06,1024.0,0.15101836621761322
3540,41.368588855984854,1.1670645475387573,4.168000000000001e-06,1024.0,0.07819052785634995
3560,41.47301550299744,0.8683895468711853,4.186e-06,1024.0,0.0580286867916584
3580,41.577247278008144,0.9916849732398987,4.204e-06,1024.0,0.07027474790811539
3600,41.681639544985956,1.6372013092041016,4.222e-06,1024.0,0.09410957247018814
3620,41.78592245100299,1.0263164043426514,4.24e-06,1024.0,0.08801726996898651
3640,41.89016353699844,0.9619130492210388,4.258e-06,1024.0,0.08095581829547882
3660,41.9945653929899,0.8640884160995483,4.276e-06,1024.0,0.09417655318975449
3680,42.09873986800085,1.6652710437774658,4.294000000000001e-06,1024.0,0.08131647109985352
3700,42.202887102990644,0.766412079334259,4.3119999999999995e-06,1024.0,0.07379179447889328
3720,42.30720804899465,0.6381494998931885,4.33e-06,1024.0,0.07562487572431564
3740,42.41186208798899,1.5235713720321655,4.348e-06,1024.0,0.11593463271856308
3760,42.516177773999516,0.8521242141723633,4.366e-06,1024.0,0.0557047501206398
3780,42.620700041996315,1.7559412717819214,4.384000000000001e-06,1024.0,0.07650061696767807
3800,42.72503895798582,0.7431533932685852,4.4019999999999995e-06,1024.0,0.06883158534765244
3820,42.82954884498031,1.721756935119629,4.420000000000001e-06,1024.0,0.09757615625858307
3840,42.93389318199479,1.070682168006897,4.438e-06,1024.0,0.05614682659506798
3860,43.03806367699872,0.770567774772644,4.456e-06,1024.0,0.05959099158644676
3880,43.14247102299123,0.6321958303451538,4.474000000000001e-06,1024.0,0.057384904474020004
3900,43.2466542290058,0.924872875213623,4.4919999999999995e-06,1024.0,0.06395287811756134
3920,43.350805113994284,1.009813904762268,4.510000000000001e-06,1024.0,0.07982101291418076
3940,43.45520977998967,1.0461881160736084,4.5280000000000005e-06,1024.0,0.0577252171933651
3960,43.559390584996436,1.560442328453064,4.546e-06,1024.0,0.0489177480340004
3980,43.663753211993026,0.6426723003387451,4.564000000000001e-06,1024.0,0.058738913387060165
4000,43.7709708379989,2.767591714859009,4.582000000000001e-06,1024.0,0.05998346209526062
4020,43.87738463899586,1.9969542026519775,4.600000000000001e-06,1024.0,0.06324668973684311
4040,43.98286844298127,0.8668930530548096,4.6180000000000005e-06,1024.0,0.07215239107608795
4060,44.08803910500137,0.7080073356628418,4.636e-06,1024.0,0.06271136552095413
4080,44.19342988898279,0.6758593916893005,4.654000000000001e-06,1024.0,0.09445666521787643
4100,44.299036193988286,1.1641230583190918,4.672000000000001e-06,1024.0,0.09041469544172287
4120,44.405001331004314,0.6676182150840759,4.69e-06,1024.0,0.05300234630703926
4140,44.51048191500013,1.3058454990386963,4.7080000000000005e-06,1024.0,0.06458593904972076
4160,44.61592175898841,0.48693615198135376,4.726000000000001e-06,1024.0,0.04900022968649864
4180,44.72159271498094,1.1074888706207275,4.744000000000001e-06,1024.0,0.06771977990865707
4200,44.82723592000548,1.2242382764816284,4.762e-06,1024.0,0.056041982024908066
4220,44.93285202499828,1.020068645477295,4.78e-06,1024.0,0.07194151729345322
4240,45.03929682599846,0.8665996193885803,4.7980000000000005e-06,1024.0,0.04394981637597084
4260,45.155421253992245,0.8455308079719543,4.815999999999999e-06,1024.0,0.05246967077255249
4280,45.27053377497941,2.2402005195617676,4.834000000000001e-06,1024.0,0.06334300339221954
4300,45.38423050698475,0.6096097826957703,4.852e-06,1024.0,0.06723082810640335
4320,45.50168562398176,1.4235458374023438,4.87e-06,1024.0,0.0763324573636055
4340,45.612993968999945,2.554957866668701,4.8880000000000005e-06,1024.0,0.048791415989398956
4360,45.71865286398679,13.57725715637207,4.905999999999999e-06,1024.0,0.04779062420129776
4380,45.82388072699541,1.2393531799316406,4.924000000000001e-06,1024.0,0.04618540033698082
4400,45.92933049000567,0.5397657752037048,4.942e-06,1024.0,0.03620234131813049
4420,46.034987246006494,0.6701409220695496,4.960000000000001e-06,1024.0,0.04280932620167732
4440,46.1400575269945,0.6758279204368591,4.9780000000000005e-06,1024.0,0.055386703461408615
4460,46.24512783798855,0.7951731085777283,4.996000000000001e-06,1024.0,0.07365923374891281
4480,46.349876277003204,1.568886637687683,5.0140000000000015e-06,1024.0,0.06235773488879204
4500,46.45508267899277,1.6362413167953491,5.032e-06,1024.0,0.05631561204791069
4520,46.559945499000605,2.570373058319092,5.050000000000001e-06,1024.0,0.05509917065501213
4540,46.664855238981545,0.8218598365783691,5.0680000000000004e-06,1024.0,0.06726435571908951
4560,46.770053871005075,1.6979515552520752,5.086000000000001e-06,1024.0,0.07381302118301392
4580,46.87516278299154,0.6652005314826965,5.104e-06,1024.0,0.036106307059526443
4600,46.98003736298415,0.8345011472702026,5.122e-06,1024.0,0.053666677325963974
4620,47.08568208798533,0.7681839466094971,5.140000000000001e-06,1024.0,0.06285226345062256
4640,47.19173407598282,0.9161413908004761,5.158e-06,1024.0,0.04977986961603165
4660,47.298828320985194,0.7525807023048401,5.176000000000001e-06,1024.0,0.05698387697339058
4680,47.40395790300681,0.5852336287498474,5.194e-06,1024.0,0.03879841789603233
4700,47.509110334998695,1.0867785215377808,5.212e-06,1024.0,0.0691223070025444
4720,47.61397232400486,4.031277656555176,5.230000000000001e-06,1024.0,0.08216413855552673
4740,47.718973024981096,0.5618539452552795,5.248000000000001e-06,1024.0,0.0566626600921154
4760,47.823757114005275,0.7671141624450684,5.266e-06,1024.0,0.04010562226176262
4780,47.92858406400774,1.0335673093795776,5.2840000000000006e-06,1024.0,0.056414056569337845
4800,48.03330633198493,0.7666398286819458,5.302e-06,1024.0,0.04645281657576561
4820,48.13819500198588,0.5836008191108704,5.320000000000001e-06,1024.0,0.04525408893823624
4840,48.242775049991906,0.5067508220672607,5.338000000000001e-06,1024.0,0.06374259293079376
4860,48.34744017900084,0.8911232352256775,5.356e-06,1024.0,0.08809974044561386
4880,48.45208410700434,1.6455830335617065,5.3740000000000006e-06,1024.0,0.08921990543603897
4900,48.55777075199876,0.6719662547111511,5.391999999999999e-06,1024.0,0.04971485957503319
4920,48.663564688002225,0.9509568810462952,5.410000000000001e-06,1024.0,0.0479154959321022
4940,48.76885143099935,1.580596685409546,5.428000000000001e-06,1024.0,0.09730980545282364
4960,48.873613159987144,0.9781176447868347,5.446e-06,1024.0,0.04565201327204704
4980,48.97836169900256,0.5654721260070801,5.4640000000000005e-06,1024.0,0.04492036625742912
5000,49.08292474699556,0.6979840993881226,5.481999999999999e-06,1024.0,0.045657385140657425
5020,49.187780955981,0.9490419030189514,5.500000000000001e-06,1024.0,0.05045762658119202
5040,49.292402713996125,0.5166894793510437,5.518000000000001e-06,1024.0,0.03582925722002983
5060,49.397349973995006,0.6602322459220886,5.536e-06,1024.0,0.05637219175696373
5080,49.50198581299628,0.9136571288108826,5.5540000000000005e-06,1024.0,0.07041020691394806
5100,49.60709662400768,0.5023126006126404,5.572000000000001e-06,1024.0,0.03375178202986717
5120,49.711939653992886,0.7592602968215942,5.590000000000001e-06,1024.0,0.03760829567909241
5140,49.81704569500289,1.1710201501846313,5.608000000000001e-06,1024.0,0.07808247953653336
5160,49.92167588300072,0.5662162899971008,5.626e-06,1024.0,0.029592221602797508
5180,50.02686755498871,0.7512176632881165,5.644e-06,1024.0,0.08331210166215897
5200,50.131459833006375,1.4397311210632324,5.662000000000001e-06,1024.0,0.04151726886630058
5220,50.23642608299269,0.9405479431152344,5.680000000000001e-06,1024.0,0.061260856688022614
5240,50.3408457399928,0.6741926074028015,5.698000000000001e-06,1024.0,0.052754975855350494
5260,50.44612244199379,1.6518290042877197,5.715999999999999e-06,1024.0,0.06177720054984093
5280,50.55097755198949,0.8586934208869934,5.7340000000000005e-06,1024.0,0.05617222934961319
5300,50.65621641400503,1.0297616720199585,5.752000000000001e-06,1024.0,0.06961715221405029
5320,50.76078486198094,0.7628685235977173,5.7700000000000015e-06,1024.0,0.03460519388318062
5340,50.865737021988025,2.9283275604248047,5.788e-06,1024.0,0.041093118488788605
5360,50.97052980097942,0.4887847602367401,5.805999999999999e-06,1024.0,0.04105415195226669
5380,51.07547375099966,0.6609650254249573,5.8240000000000005e-06,1024.0,0.035001423209905624
5400,51.18014501000289,0.8977416753768921,5.842000000000001e-06,1024.0,0.060975827276706696
5420,51.28471720698872,0.7276737093925476,5.86e-06,1024.0,0.045994631946086884
5440,51.38943109600223,0.5347080230712891,5.878e-06,1024.0,0.024926964193582535
5460,51.494445855991216,0.899856448173523,5.896000000000001e-06,1024.0,0.04528094828128815
5480,51.59998406100203,0.9235966205596924,5.9140000000000005e-06,1024.0,0.059324365109205246
5500,51.70593778800685,0.5346910953521729,5.932e-06,1024.0,0.049653589725494385
5520,51.812578349985415,1.8245781660079956,5.950000000000001e-06,1024.0,0.050636809319257736
5540,51.92000187700614,1.589979887008667,5.968e-06,1024.0,0.037105537950992584
5560,52.025735892995726,1.2368144989013672,5.986000000000001e-06,1024.0,0.04576864838600159
5580,52.13159661900136,0.6610731482505798,6.004e-06,1024.0,0.039872556924819946
5600,52.23753314599162,1.1205815076828003,6.022e-06,1024.0,0.04223852977156639
5620,52.343031349999364,0.7517000436782837,6.040000000000001e-06,1024.0,0.04111934453248978
5640,52.44868204498198,0.7110559344291687,6.0579999999999994e-06,1024.0,0.05990654230117798
5660,52.55451824198826,0.9008058309555054,6.076e-06,1024.0,0.061511266976594925
5680,52.660310428007506,0.5213032364845276,6.094e-06,1024.0,0.051287006586790085
5700,52.766313975007506,0.789775550365448,6.112e-06,1024.0,0.03894631937146187
5720,52.873216089006746,0.7198147177696228,6.130000000000001e-06,1024.0,0.03510965034365654
5740,52.97971362998942,0.8491306304931641,6.147999999999999e-06,1024.0,0.01861175335943699
5760,53.0860794299806,0.4312364459037781,6.166e-06,1024.0,0.028901485726237297
5780,53.19172686498496,0.42237433791160583,6.184e-06,1024.0,0.039172470569610596
5800,53.29649899399374,0.5902417898178101,6.202e-06,1024.0,0.027926338836550713
5820,53.40139811398694,0.5916318297386169,6.220000000000001e-06,1024.0,0.03031105361878872
5840,53.506011861987645,0.4088457524776459,6.237999999999999e-06,1024.0,0.029474958777427673
5860,53.61063907999778,0.619441568851471,6.256e-06,1024.0,0.04769665375351906
5880,53.715417528990656,0.7290083169937134,6.274e-06,1024.0,0.048211585730314255
5900,53.82007047699881,0.5619664788246155,6.292e-06,1024.0,0.05920378118753433
5920,53.92452800300089,0.8176136612892151,6.3100000000000006e-06,1024.0,0.03439129889011383
5940,54.02941574298893,0.5321915149688721,6.327999999999999e-06,1024.0,0.038989029824733734
5960,54.13391402998241,0.8060352802276611,6.346e-06,1024.0,0.03928398713469505
5980,54.238543907995336,5.042747497558594,6.364e-06,1024.0,0.028147904202342033
6000,54.3432799569855,1.0186978578567505,6.382e-06,1024.0,0.03528788313269615
6020,54.44828935698024,0.45056796073913574,6.4000000000000006e-06,1024.0,0.03580779954791069
6040,54.553063825995196,0.7338788509368896,6.417999999999999e-06,1024.0,0.04268915206193924
6060,54.65764295400004,0.6561562418937683,6.436e-06,1024.0,0.040938474237918854
6080,54.7622349409794,1.1544914245605469,6.454e-06,1024.0,0.06493371725082397
6100,54.866961609979626,0.827610194683075,6.472000000000001e-06,1024.0,0.04627997428178787
6120,54.97152580699185,1.463098168373108,6.4900000000000005e-06,1024.0,0.04333959147334099
6140,55.0773614429927,0.5986871123313904,6.508e-06,1024.0,0.06445111334323883
6160,55.18344882098609,0.48172727227211,6.526e-06,1024.0,0.037143271416425705
6180,55.28896335500758,0.64513099193573,6.544e-06,1024.0,0.031011808663606644
6200,55.394543889997294,0.7599857449531555,6.562000000000001e-06,1024.0,0.021622654050588608
6220,55.50508824898861,0.5311408638954163,6.5800000000000005e-06,1024.0,0.026719022542238235
6240,55.61014212999726,0.5999247431755066,6.598e-06,1024.0,0.03276089206337929
6260,55.72519662999548,0.35155928134918213,6.616e-06,1024.0,0.026228398084640503
6280,55.840668393007945,0.4863758087158203,6.6339999999999995e-06,1024.0,0.04952853173017502
6300,55.95192796699121,1.0249240398406982,6.652000000000001e-06,1024.0,0.04485848918557167
6320,56.05644247398595,0.5293676853179932,6.6700000000000005e-06,1024.0,0.048748090863227844
6340,56.16090503099258,0.5955275297164917,6.688e-06,1024.0,0.024100033566355705
6360,56.26597998198122,0.48573800921440125,6.705999999999999e-06,1024.0,0.03315519914031029
6380,56.37149460599176,0.6918927431106567,6.724e-06,1024.0,0.03157571330666542
6400,56.47730981200584,0.4286468029022217,6.742000000000001e-06,1024.0,0.02487696148455143
6420,56.58301365698571,0.5838407278060913,6.760000000000001e-06,1024.0,0.02526702918112278
6440,56.68851944099879,0.3824157118797302,6.778e-06,1024.0,0.023366736248135567
6460,56.79360768198967,1.8423478603363037,6.795999999999999e-06,1024.0,0.048873599618673325
6480,56.89888990399777,1.2348891496658325,6.814e-06,1024.0,0.02740768902003765
6500,57.00465761998203,0.4629346430301666,6.832000000000001e-06,1024.0,0.025850096717476845
6520,57.11043103598058,0.9798271656036377,6.85e-06,1024.0,0.04637322947382927
6540,57.221161085995845,0.7377908825874329,6.868e-06,1024.0,0.033341653645038605
6560,57.33577188299387,0.5877749919891357,6.886000000000001e-06,1024.0,0.021834729239344597
6580,57.440975075005554,0.7593114972114563,6.904e-06,1024.0,0.04487261176109314
6600,57.547187853982905,0.8700586557388306,6.922e-06,1024.0,0.04570072889328003
6620,57.68419810698833,0.8064664602279663,6.9400000000000005e-06,1024.0,0.042844925075769424
6640,57.838717542006634,0.6847211718559265,6.958e-06,1024.0,0.03544483706355095
6660,57.97180952699273,0.5282044410705566,6.976000000000001e-06,1024.0,0.031498052179813385
6680,58.07703078899067,0.5067026019096375,6.9939999999999994e-06,1024.0,0.04029493033885956
6700,58.181552235997515,0.6331926584243774,7.012e-06,1024.0,0.03212985396385193
6720,58.28620245400816,0.6021490693092346,7.0300000000000005e-06,1024.0,0.04364178329706192
6740,58.39146447600797,0.7489920854568481,7.048e-06,1024.0,0.046287667006254196
6760,58.49652631700155,1.18991219997406,7.066000000000001e-06,1024.0,0.03242341801524162
6780,58.601178484997945,0.9868813753128052,7.0839999999999994e-06,1024.0,0.028006434440612793
6800,58.70669424900552,0.5312244296073914,7.102e-06,1024.0,0.03785215690732002
6820,58.81267076599761,0.5457665324211121,7.1200000000000004e-06,1024.0,0.020162658765912056
6840,58.918414451007266,0.409901887178421,7.138e-06,1024.0,0.021356692537665367
6860,59.024225266999565,0.5677425265312195,7.156e-06,1024.0,0.032412584871053696
6880,59.129423968988704,0.811549961566925,7.174000000000001e-06,1024.0,0.039327722042798996
6900,59.23389094599406,0.9154874086380005,7.192000000000002e-06,1024.0,0.048785965889692307
6920,59.33839044198976,2.1360511779785156,7.210000000000001e-06,1024.0,0.021947601810097694
6940,59.44302721999702,0.5359252691268921,7.228000000000001e-06,1024.0,0.02829231135547161
6960,59.54736956598936,0.5547924041748047,7.246e-06,1024.0,0.048549797385931015
6980,59.65195368300192,0.43418818712234497,7.264e-06,1024.0,0.03898357227444649
7000,59.75649097000132,0.3890954256057739,7.282e-06,1024.0,0.030329391360282898
7020,59.86104034798336,0.8117362856864929,7.3e-06,1024.0,0.03287091106176376
7040,59.96561673498945,0.5655532479286194,7.318000000000001e-06,1024.0,0.04955150559544563
7060,60.07026556300116,0.49220186471939087,7.3360000000000006e-06,1024.0,0.030768880620598793
7080,60.174896799988346,0.4588765501976013,7.354000000000001e-06,1024.0,0.042234327644109726
7100,60.27948433798156,0.6515665054321289,7.372e-06,1024.0,0.030436301603913307
7120,60.38415967600304,2.310774087905884,7.39e-06,1024.0,0.05024338886141777
7140,60.48884483400616,1.1604206562042236,7.408000000000001e-06,1024.0,0.06014402583241463
7160,60.59401495498605,0.9502476453781128,7.426e-06,1024.0,0.029272431507706642
7180,60.69989025199902,0.476767897605896,7.444e-06,1024.0,0.030019832774996758
7200,60.8054965059855,0.5226591229438782,7.462000000000001e-06,1024.0,0.027380434796214104
7220,60.91102989000501,0.896143913269043,7.4799999999999995e-06,1024.0,0.033968206495046616
7240,61.01593575999141,0.5055601000785828,7.498e-06,1024.0,0.03429872542619705
7260,61.12066482799128,0.5717312693595886,7.516e-06,1024.0,0.04876120015978813
7280,61.22522767499322,0.9099341630935669,7.534e-06,1024.0,0.02579924277961254
7300,61.3300897339941,0.39846834540367126,7.552000000000001e-06,1024.0,0.022357966750860214
7320,61.43609826199827,0.3865053057670593,7.57e-06,1024.0,0.028722381219267845
7340,61.541819346981356,0.4279143512248993,7.588000000000001e-06,1024.0,0.042469531297683716
7360,61.647417180996854,0.3994702696800232,7.606e-06,1024.0,0.01724552921950817
7380,61.752220399997896,0.40939807891845703,7.623999999999999e-06,1024.0,0.031368426978588104
7400,61.85665224600234,0.4479720890522003,7.641999999999999e-06,1024.0,0.03395368158817291
7420,61.961164602980716,0.2475878745317459,7.66e-06,1024.0,0.023859215900301933
7440,62.06590782199055,1.007106065750122,7.678000000000002e-06,1024.0,0.04506966099143028
7460,62.170301057980396,0.4992286264896393,7.696e-06,1024.0,0.018617812544107437
7480,62.27497238499927,0.5681175589561462,7.714000000000001e-06,1024.0,0.020684687420725822
7500,62.379522582981735,0.7348909974098206,7.732e-06,1024.0,0.039828021079301834
7520,62.484277890995145,0.36105671525001526,7.75e-06,1024.0,0.025130009278655052
7540,62.58885597798508,1.0484782457351685,7.767999999999999e-06,1024.0,0.03744613751769066
7560,62.69339843498892,0.6617578864097595,7.786e-06,1024.0,0.026627201586961746
7580,62.797955021989765,0.49594274163246155,7.804e-06,1024.0,0.029614998027682304
7600,62.90222851699218,1.0257513523101807,7.821999999999999e-06,1024.0,0.037889596074819565
7620,63.006777053989936,0.6193035244941711,7.840000000000001e-06,1024.0,0.046754635870456696
7640,63.11152592298458,0.9049121737480164,7.858000000000002e-06,1024.0,0.02646079659461975
7660,63.216153899993515,0.46468585729599,7.876e-06,1024.0,0.0230963546782732
7680,63.32203737698728,3.8373520374298096,7.894000000000001e-06,1024.0,0.02457595244050026
7700,63.427938642998924,0.3456959128379822,7.912000000000001e-06,1024.0,0.01680692844092846
7720,63.533247485000174,0.36288177967071533,7.93e-06,1024.0,0.017217878252267838
7740,63.63838136699633,1.1176121234893799,7.948e-06,1024.0,0.02691308967769146
7760,63.751392121979734,0.4087426960468292,7.966e-06,1024.0,0.015070796012878418
7780,63.86661674399511,0.2647501826286316,7.984e-06,1024.0,0.019029278308153152
7800,64.04416309800581,0.654335618019104,8.002e-06,1024.0,0.027468517422676086
7820,64.26609824199113,0.5806052684783936,8.020000000000001e-06,1024.0,0.024028463289141655
7840,64.49020480000763,3.1671431064605713,8.038000000000002e-06,1024.0,0.015070542693138123
7860,64.69865033900714,0.3444344699382782,8.056e-06,1024.0,0.023338859900832176
7880,64.91761045198655,0.23370636999607086,8.074e-06,1024.0,0.021670658141374588
7900,65.13990343699697,0.3477134704589844,8.092e-06,1024.0,0.045167889446020126
7920,65.36455476999981,0.27840086817741394,8.11e-06,1024.0,0.021481437608599663
7940,65.58675744399079,0.7621235251426697,8.128e-06,1024.0,0.03395919129252434
7960,65.81126381599461,0.30039161443710327,8.146e-06,1024.0,0.016146862879395485
7980,66.0358134569833,0.35214632749557495,8.164e-06,1024.0,0.019830184057354927
8000,66.25998176500434,0.33582696318626404,8.182e-06,1024.0,0.02346649207174778
8020,66.48204618899035,0.3810316026210785,8.200000000000001e-06,1024.0,0.021827589720487595
8040,66.70639945898438,0.4029107689857483,8.218e-06,1024.0,0.03341085463762283
8060,66.93062509800075,0.4683305323123932,8.235999999999999e-06,1024.0,0.036948490887880325
8080,67.15272994199768,0.787173867225647,8.254e-06,1024.0,0.03581715747714043
8100,67.37670557000092,0.3949260115623474,8.272e-06,1024.0,0.022454915568232536
8120,67.60080519798794,0.5063457489013672,8.29e-06,1024.0,0.030603483319282532
8140,67.82465107398457,0.4155758023262024,8.308e-06,1024.0,0.018171025440096855
8160,68.04870656199637,0.7577513456344604,8.326000000000001e-06,1024.0,0.02242632769048214
8180,68.27295713100466,0.6550792455673218,8.344000000000002e-06,1024.0,0.02279580943286419
8200,68.49755109200487,0.4534950852394104,8.362e-06,1024.0,0.026702571660280228
8220,68.71962437598268,0.69621741771698,8.380000000000001e-06,1024.0,0.023637903854250908
8240,68.94356160299503,0.3533523976802826,8.398e-06,1024.0,0.019116798415780067
8260,69.16788445200655,2.4943346977233887,8.416e-06,1024.0,0.027568107470870018
8280,69.39240616298048,0.40941497683525085,8.434e-06,1024.0,0.026582015678286552
8300,69.61439524698653,0.8562713861465454,8.452e-06,1024.0,0.02097214199602604
8320,69.83877302598557,0.34066298604011536,8.469999999999999e-06,1024.0,0.014064786024391651
8340,70.06315459599136,0.3024905025959015,8.488000000000002e-06,1024.0,0.017784947529435158
8360,70.28742793499259,0.40844330191612244,8.506000000000001e-06,1024.0,0.020514026284217834
8380,70.51159009398543,0.503332257270813,8.524e-06,1024.0,0.023267997428774834
8400,70.73366995700053,0.3021092414855957,8.542e-06,1024.0,0.01239090133458376
8420,70.95742246299051,0.3746834993362427,8.560000000000001e-06,1024.0,0.02773858979344368
8440,71.18200869398424,0.48987600207328796,8.578000000000002e-06,1024.0,0.019100124016404152
8460,71.40628842299338,0.5201823711395264,8.596e-06,1024.0,0.0215557012706995
8480,71.63029674999416,0.3630550801753998,8.614000000000001e-06,1024.0,0.0180398877710104
8500,71.85468093000236,0.5709294676780701,8.632e-06,1024.0,0.03888614848256111
8520,72.07876892699278,0.31989315152168274,8.65e-06,1024.0,0.012902398593723774
8540,72.30244821199449,0.690211832523346,8.668e-06,1024.0,0.048444963991642
8560,72.5251802399871,0.3846020996570587,8.686e-06,1024.0,0.03234853222966194
8580,72.74888898499194,0.7644864320755005,8.704e-06,1024.0,0.0341508686542511
8600,72.97287746198708,0.31146642565727234,8.722e-06,1024.0,0.019727660343050957
8620,73.19488235499011,0.3337598145008087,8.740000000000001e-06,1024.0,0.026985472068190575
8640,73.418719031004,0.24331672489643097,8.758000000000002e-06,1024.0,0.013872331939637661
8660,73.6425324769807,0.6150869727134705,8.776e-06,1024.0,0.03883706405758858
8680,73.86667568498524,0.23978160321712494,8.793999999999999e-06,1024.0,0.0233813114464283
8700,74.0903999999864,0.1654861718416214,8.812e-06,1024.0,0.014139889739453793
8720,74.31445695698494,0.38586199283599854,8.83e-06,1024.0,0.01680268906056881
8740,74.53873687598389,0.31868019700050354,8.848e-06,1024.0,0.021592875942587852
8760,74.76264026199351,0.5943660140037537,8.866e-06,1024.0,0.021002529188990593
8780,74.98682376000215,0.3670696020126343,8.884e-06,1024.0,0.023791687563061714
8800,75.21064980598749,0.4297516644001007,8.902e-06,1024.0,0.025134650990366936
8820,75.43485892398166,0.2486746609210968,8.92e-06,1024.0,0.01961190067231655
8840,75.65704304800602,0.3685978949069977,8.938e-06,1024.0,0.019313937053084373
8860,75.88067348199547,0.361754447221756,8.956e-06,1024.0,0.011608791537582874
8880,76.10468596898136,0.34228235483169556,8.973999999999999e-06,1024.0,0.016361797228455544
8900,76.3288991570007,0.5219339728355408,8.992000000000001e-06,1024.0,0.0233953557908535
8920,76.55275750299916,0.32840269804000854,9.01e-06,1024.0,0.02201666869223118
8940,76.77675826998893,0.4406200647354126,9.028e-06,1024.0,0.023119566962122917
8960,77.00068172600004,0.3551335334777832,9.046000000000001e-06,1024.0,0.013379481621086597
8980,77.22486991400365,0.3744010627269745,9.064e-06,1024.0,0.019910180941224098
9000,77.44897774100536,0.5273994207382202,9.082e-06,1024.0,0.022850334644317627
9020,77.67099012399558,0.5073694586753845,9.1e-06,1024.0,0.04285835102200508
9040,77.89478216899442,0.3366257846355438,9.118e-06,1024.0,0.01875562220811844
9060,78.11886520599364,0.635994017124176,9.136e-06,1024.0,0.021941034123301506
9080,78.3427691719844,0.23339387774467468,9.154e-06,1024.0,0.014673714525997639
9100,78.5670361710072,0.31645655632019043,9.172000000000001e-06,1024.0,0.01839008741080761
9120,78.79089475600631,0.6422571539878845,9.190000000000002e-06,1024.0,0.035168617963790894
9140,79.0152395349869,0.4869009256362915,9.208e-06,1024.0,0.01983267068862915
9160,79.23941475298489,0.6381834745407104,9.226000000000001e-06,1024.0,0.023570461198687553
9180,79.46339471900137,0.7015758156776428,9.244e-06,1024.0,0.024857522919774055
9200,79.68718399500358,0.47079819440841675,9.262e-06,1024.0,0.044690169394016266
9220,79.91122872100095,0.6792781352996826,9.280000000000001e-06,1024.0,0.026005301624536514
9240,80.13497179598198,0.34415632486343384,9.298e-06,1024.0,0.021543433889746666
9260,80.35876026100595,0.6762158274650574,9.316e-06,1024.0,0.030671169981360435
9280,80.58264001700445,2.7336692810058594,9.334e-06,1024.0,0.021226022392511368
9300,80.80650572199374,0.2985645830631256,9.352000000000001e-06,1024.0,0.02017277665436268
9320,81.03095255198423,1.0747365951538086,9.37e-06,1024.0,0.011609000153839588
9340,81.2553201209812,0.7059314250946045,9.388e-06,1024.0,0.025905493646860123
9360,81.47942542799865,0.4021073281764984,9.406000000000001e-06,1024.0,0.023416364565491676
9380,81.70312934200047,0.3922913670539856,9.424e-06,1024.0,0.023734748363494873
9400,81.92524737498024,11.51605224609375,9.442e-06,1024.0,0.014157387427985668
9420,82.14945748299942,0.6397972106933594,9.460000000000001e-06,1024.0,0.023956624791026115
9440,82.37388681198354,0.4080529510974884,9.478000000000001e-06,1024.0,0.02412121742963791
9460,82.59818057098892,0.21689409017562866,9.496e-06,1024.0,0.015540309250354767
9480,82.82227761700051,0.28688716888427734,9.514e-06,1024.0,0.012346896342933178
9500,83.04673109698342,0.612859308719635,9.532e-06,1024.0,0.018299896270036697
9520,83.27056700200774,0.37438249588012695,9.55e-06,1024.0,0.02121642231941223
9540,83.49504174100002,0.4039982557296753,9.568e-06,1024.0,0.015497255139052868
9560,83.71938194998074,0.24192297458648682,9.586000000000001e-06,1024.0,0.013441008515655994
9580,83.94339842599584,0.4145734906196594,9.604e-06,1024.0,0.02947118878364563
9600,84.1653377180046,0.36635833978652954,9.621999999999999e-06,1024.0,0.012656770646572113
9620,84.389351144986,0.19530873000621796,9.640000000000001e-06,1024.0,0.01206400990486145
9640,84.61182848998578,0.4493718147277832,9.658000000000001e-06,1024.0,0.017725830897688866
9660,84.83392185298726,0.3301178812980652,9.676e-06,1024.0,0.014250323176383972
9680,85.0577691780054,0.45136043429374695,9.694e-06,1024.0,0.019361823797225952
9700,85.27977349999128,0.3422905206680298,9.712e-06,1024.0,0.014349629171192646
9720,85.50376102598966,0.37347304821014404,9.73e-06,1024.0,0.014739200472831726
9740,85.72760076099075,0.3271411955356598,9.748e-06,1024.0,0.013597491197288036
9760,85.95147154599545,0.36548250913619995,9.766e-06,1024.0,0.02615603804588318
9780,86.17553684298764,0.3148650527000427,9.784e-06,1024.0,0.018972883000969887
9800,86.39990417100489,0.2367357611656189,9.801999999999999e-06,1024.0,0.01275161188095808
9820,86.62402746800217,0.6480836868286133,9.820000000000001e-06,1024.0,0.01440149825066328
9840,86.84819638499175,0.4424017369747162,9.838000000000001e-06,1024.0,0.021046927198767662
9860,87.07263734398293,0.4145843982696533,9.856000000000002e-06,1024.0,0.021856365725398064
9880,87.2968879819964,0.8636683225631714,9.874e-06,1024.0,0.030268702656030655
9900,87.5210382489895,0.2614065110683441,9.892000000000001e-06,1024.0,0.012182910926640034
9920,87.7451166259998,0.61516273021698,9.91e-06,1024.0,0.026606867089867592
9940,87.96923319197958,0.3495069444179535,9.928e-06,1024.0,0.019540714100003242
9960,88.19346764998045,0.612464964389801,9.946e-06,1024.0,0.030132627114653587
9980,88.41749945600168,0.4245169460773468,9.964e-06,1024.0,0.014387053437530994
10000,88.6418218339968,0.24994833767414093,9.982e-06,1024.0,0.023017680272459984
10020,88.86533062698436,0.5038257837295532,1e-05,1024.0,0.022982489317655563
10040,89.08938194299117,0.4496208727359772,9.999966428063314e-06,1024.0,0.031865786761045456
10060,89.31143895498826,0.3679768145084381,9.999865712708638e-06,1024.0,0.014238069765269756
10080,89.53579012298724,5.32213830947876,9.999697855302113e-06,1024.0,0.014483842067420483
10100,89.75996818998829,0.27657490968704224,9.999462858120636e-06,1024.0,0.01590733788907528
10120,89.98406929700286,0.3654612600803375,9.9991607243518e-06,1024.0,0.014323368668556213
10140,90.20823478398961,0.6701122522354126,9.998791458093878e-06,1024.0,0.022822173312306404
10160,90.43267134198686,0.5442848801612854,9.99835506435575e-06,1024.0,0.02698156051337719
10180,90.65688800998032,0.3274647891521454,9.997851549056843e-06,1024.0,0.0179419107735157
10200,90.88082267498248,0.7954082489013672,9.997280919027053e-06,1024.0,0.01658870093524456
10220,91.10480261099292,0.40023526549339294,9.996643182006641e-06,1024.0,0.02021750621497631
10240,91.3289982379938,0.28027161955833435,9.99593834664614e-06,1024.0,0.012792862020432949
10260,91.55285214199102,0.3157496154308319,9.995166422506233e-06,1024.0,0.015676645562052727
10280,91.77699238900095,0.5438094139099121,9.994327420057624e-06,1024.0,0.02863187901675701
10300,92.00100515500526,0.6060072183609009,9.993421350680889e-06,1024.0,0.01801665686070919
10320,92.22520678199362,0.3537813425064087,9.992448226666334e-06,1024.0,0.023897575214505196
10340,92.44935970799997,0.343433141708374,9.991408061213822e-06,1024.0,0.017044713720679283
10360,92.67133750999346,0.3076602518558502,9.990300868432594e-06,1024.0,0.0212513767182827
10380,92.89528315499774,0.39310094714164734,9.989126663341076e-06,1024.0,0.02024756371974945
10400,93.11920381998061,0.29534658789634705,9.987885461866675e-06,1024.0,0.015979478135704994
10420,93.34318346498185,0.8816936612129211,9.98657728084557e-06,1024.0,0.025149861350655556
10440,93.56750408298103,0.23654122650623322,9.985202138022476e-06,1024.0,0.010295197367668152
10460,93.78971783598536,0.3319426476955414,9.983760052050408e-06,1024.0,0.01393121201545
10480,94.01378347200807,0.2664022147655487,9.98225104249042e-06,1024.0,0.01454917248338461
10500,94.23794585900032,0.5170191526412964,9.980675129811354e-06,1024.0,0.026373697444796562
10520,94.46223490600823,0.3715868294239044,9.979032335389546e-06,1024.0,0.01629214733839035
10540,94.6862491320062,0.342527836561203,9.97732268150855e-06,1024.0,0.02478448674082756
10560,94.9100530660071,0.9014875292778015,9.975546191358828e-06,1024.0,0.029821768403053284
10580,95.13413132200367,0.3760996460914612,9.973702889037433e-06,1024.0,0.018254801630973816
10600,95.35655698599294,0.38637831807136536,9.971792799547694e-06,1024.0,0.012530751526355743
10620,95.57690939598251,0.307587593793869,9.969815948798862e-06,1024.0,0.023419512435793877
10640,95.79891091800528,0.20890432596206665,9.96777236360577e-06,1024.0,0.009531539864838123
10660,96.02106840000488,0.7431492209434509,9.965662071688464e-06,1024.0,0.029593652114272118
10680,96.24323219299549,0.320319265127182,9.963485101671825e-06,1024.0,0.01200276892632246
10700,96.46560297699762,0.4075857102870941,9.961241483085188e-06,1024.0,0.011668914929032326
10720,96.69011914599105,0.32533037662506104,9.958931246361935e-06,1024.0,0.012599888257682323
10740,96.91248137998627,0.35778793692588806,9.956554422839086e-06,1024.0,0.02020225301384926
10760,97.13623213299434,0.214735746383667,9.954111044756869e-06,1024.0,0.02326192520558834
10780,97.360155087983,0.28609129786491394,9.951601145258287e-06,1024.0,0.009525003843009472
10800,97.58449270599522,0.26966190338134766,9.94902475838867e-06,1024.0,0.01655893586575985
10820,97.80861420198926,0.420438289642334,9.946381919095209e-06,1024.0,0.02461898885667324
10840,98.03267458698247,0.4506280720233917,9.943672663226479e-06,1024.0,0.028462762013077736
10860,98.25645206100307,0.3880855143070221,9.940897027531967e-06,1024.0,0.021790634840726852
10880,98.48083427900565,0.32221466302871704,9.938055049661554e-06,1024.0,0.015448722057044506
10900,98.704541212006,0.4246653914451599,9.935146768165023e-06,1024.0,0.020852476358413696
10920,98.92830680598854,0.4163447916507721,9.932172222491518e-06,1024.0,0.01940106973052025
10940,99.15266924299067,0.28169283270835876,9.929131452989022e-06,1024.0,0.01830170676112175
10960,99.37492927600397,0.28968456387519836,9.92602450090381e-06,1024.0,0.013980596326291561
10980,99.5991329929966,0.20014126598834991,9.922851408379878e-06,1024.0,0.013770468533039093
11000,99.82342850000714,0.3726467490196228,9.919612218458385e-06,1024.0,0.021254030987620354
11020,100.04740096500609,0.7119888067245483,9.916306975077056e-06,1024.0,0.018322641029953957
11040,100.27176164198318,0.32873037457466125,9.912935723069601e-06,1024.0,0.016726156696677208
11060,100.49618722999003,0.4371490180492401,9.909498508165092e-06,1024.0,0.016738390550017357
11080,100.71995102398796,0.2743098735809326,9.905995376987352e-06,1024.0,0.010350088588893414
11100,100.94384340799297,0.3047691583633423,9.902426377054319e-06,1024.0,0.022996727377176285
11120,101.1683051759901,0.4159550368785858,9.898791556777405e-06,1024.0,0.021689435467123985
11140,101.39238891200512,0.3696081340312958,9.895090965460832e-06,1024.0,0.02199512906372547
11160,101.61693091099733,0.4038843810558319,9.891324653300975e-06,1024.0,0.009843836538493633
11180,101.83922581400839,0.24462062120437622,9.887492671385664e-06,1024.0,0.011910214088857174
11200,102.06298636700376,0.5967910885810852,9.883595071693512e-06,1024.0,0.018646588549017906
11220,102.28676434999215,0.3886195719242096,9.87963190709319e-06,1024.0,0.021461451426148415
11240,102.51133319898508,0.3824009597301483,9.875603231342723e-06,1024.0,0.01648569107055664
11260,102.73334313000669,0.22390635311603546,9.871509099088758e-06,1024.0,0.013166680932044983
11280,102.95712605398148,0.31206679344177246,9.86734956586582e-06,1024.0,0.013303360901772976
11300,103.18127010998433,0.41669774055480957,9.863124688095559e-06,1024.0,0.010809589177370071
11320,103.40587462898111,3.3348543643951416,9.858834523085987e-06,1024.0,0.02171638421714306
11340,103.63025908599957,0.19014237821102142,9.854479129030697e-06,1024.0,0.009851979091763496
11360,103.85416637998424,0.29701802134513855,9.850058565008082e-06,1024.0,0.009554373100399971
11380,104.07822377598495,0.23358969390392303,9.845572890980523e-06,1024.0,0.013325725682079792
11400,104.30224456000724,0.26558756828308105,9.84102216779358e-06,1024.0,0.01914471946656704
11420,104.52651679699193,0.392718642950058,9.836406457175169e-06,1024.0,0.0164813119918108
11440,104.7505231119867,0.38582298159599304,9.83172582173472e-06,1024.0,0.014439590275287628
11460,104.97477533799247,0.6839020252227783,9.826980324962336e-06,1024.0,0.019262434914708138
11480,105.19920313599869,0.33240053057670593,9.822170031227925e-06,1024.0,0.012326567433774471
11500,105.4237904449983,0.4118257462978363,9.81729500578032e-06,1024.0,0.018449073657393456
11520,105.6476134279801,0.35550597310066223,9.812355314746413e-06,1024.0,0.012973415665328503
11540,105.87201167599414,0.30833882093429565,9.807351025130239e-06,1024.0,0.010639484040439129
11560,106.09599207999418,0.3488486707210541,9.802282204812079e-06,1024.0,0.024463923647999763
11580,106.31989133398747,0.29579785466194153,9.797148922547538e-06,1024.0,0.012276864610612392
11600,106.54435978198308,0.2621780037879944,9.791951247966603e-06,1024.0,0.014071831479668617
11620,106.76816613500705,0.2057715207338333,9.786689251572711e-06,1024.0,0.009525655768811703
11640,106.99219525998342,0.32938653230667114,9.781363004741785e-06,1024.0,0.014387398958206177
11660,107.21650883698021,0.6402996778488159,9.775972579721268e-06,1024.0,0.014691874384880066
11680,107.44085419399198,0.2857351303100586,9.770518049629143e-06,1024.0,0.013686783611774445
11700,107.66516501098522,0.34537604451179504,9.76499948845294e-06,1024.0,0.018550027161836624
11720,107.88960448798025,1.0350066423416138,9.759416971048734e-06,1024.0,0.028178542852401733
11740,108.11355300300056,0.17243213951587677,9.753770573140132e-06,1024.0,0.010840262286365032
11760,108.33752339700004,0.5026464462280273,9.748060371317234e-06,1024.0,0.011682847514748573
11780,108.56200642499607,0.7082432508468628,9.74228644303562e-06,1024.0,0.025697892531752586
11800,108.78633088199422,0.2454850971698761,9.73644886661526e-06,1024.0,0.009165835566818714
11820,109.01022639498115,3.962510347366333,9.730547721239494e-06,1024.0,0.021812597289681435
11840,109.23434358098893,0.18901677429676056,9.724583086953928e-06,1024.0,0.011090805754065514
11860,109.45851219599717,0.689746081829071,9.718555044665357e-06,1024.0,0.016569113358855247
11880,109.6825722210051,0.17954598367214203,9.712463676140673e-06,1024.0,0.007963120937347412
11900,109.90672722598538,0.2912622094154358,9.706309064005752e-06,1024.0,0.010830829851329327
11920,110.13087409199215,0.29704228043556213,9.700091291744328e-06,1024.0,0.010660185478627682
11940,110.35515756800305,0.28170597553253174,9.69381044369687e-06,1024.0,0.016601238399744034
11960,110.57942185399588,0.29387301206588745,9.687466605059431e-06,1024.0,0.017976729199290276
11980,110.80318977698334,0.3257306218147278,9.681059861882498e-06,1024.0,0.01939999870955944
12000,111.0271733609843,0.3864804208278656,9.674590301069814e-06,1024.0,0.012688863091170788
12020,111.2513863669883,3.670154333114624,9.668058010377214e-06,1024.0,0.027138425037264824
12040,111.47561222300283,0.45846647024154663,9.661463078411428e-06,1024.0,0.016287490725517273
12060,111.69985343900044,0.27785104513168335,9.654805594628874e-06,1024.0,0.011427350342273712
12080,111.92387443399639,0.44951075315475464,9.648085649334447e-06,1024.0,0.011287075467407703
12100,112.14840074200765,0.3993244469165802,9.641303333680303e-06,1024.0,0.018549447879195213
12120,112.37247121598921,0.3394482433795929,9.634458739664614e-06,1024.0,0.0140277910977602
12140,112.59694073398714,0.22547698020935059,9.627551960130316e-06,1024.0,0.015182760544121265
12160,112.82117117900634,0.2326507866382599,9.620583088763863e-06,1024.0,0.012729248963296413
12180,113.04534713499015,0.39359477162361145,9.613552220093943e-06,1024.0,0.017372209578752518
12200,113.26943365999614,0.1997324824333191,9.606459449490205e-06,1024.0,0.009183360263705254
12220,113.4937092459877,0.5571520924568176,9.599304873161961e-06,1024.0,0.01193688903003931
12240,113.7181604130019,0.25854629278182983,9.592088588156878e-06,1024.0,0.009155914187431335
12260,113.94237396898097,0.3841259777545929,9.584810692359672e-06,1024.0,0.02576049603521824
12280,114.16673205498955,1.319841980934143,9.577471284490767e-06,1024.0,0.01208004541695118
12300,114.39067723898916,0.2755405604839325,9.570070464104969e-06,1024.0,0.020270679146051407
12320,114.61494513499201,0.21780093014240265,9.562608331590101e-06,1024.0,0.011312153190374374
12340,114.83888394900714,0.08577141910791397,9.55508498816566e-06,1024.0,0.006408024113625288
12360,115.06312226399314,0.2391359806060791,9.547500535881423e-06,1024.0,0.011195862665772438
12380,115.28700021799887,0.25163692235946655,9.539855077616079e-06,1024.0,0.009924294427037239
12400,115.51064542899258,0.310261607170105,9.532148717075826e-06,1024.0,0.012192157097160816
12420,115.73486191499978,0.3693773150444031,9.524381558792966e-06,1024.0,0.023559583351016045
12440,115.95899285998894,0.49944183230400085,9.516553708124488e-06,1024.0,0.01190374605357647
12460,116.18326686599175,0.3531028628349304,9.508665271250636e-06,1024.0,0.01920327916741371
12480,116.4074423009879,0.40783795714378357,9.500716355173475e-06,1024.0,0.022297924384474754
12500,116.6315444750071,0.321407675743103,9.49270706771543e-06,1024.0,0.018236441537737846
12520,116.85566417998052,0.36872491240501404,9.484637517517829e-06,1024.0,0.014318308793008327
12540,117.07976791498368,0.32329636812210083,9.476507814039436e-06,1024.0,0.01988082565367222
12560,117.30390120000811,0.1590600609779358,9.468318067554946e-06,1024.0,0.010456794872879982
12580,117.52765296198777,0.46744319796562195,9.460068389153521e-06,1024.0,0.023590117692947388
12600,117.75199741800316,0.3311583995819092,9.451758890737249e-06,1024.0,0.011598613113164902
12620,117.976451155002,5.259819984436035,9.443389685019644e-06,1024.0,0.014617444947361946
12640,118.20072733098641,0.2774793803691864,9.434960885524123e-06,1024.0,0.006913956254720688
12660,118.42517425797996,1.0014060735702515,9.42647260658245e-06,1024.0,0.010253025218844414
12680,118.64962271499098,0.4767163395881653,9.417924963333199e-06,1024.0,0.022727806121110916
12700,118.8739442609949,1.8242055177688599,9.40931807172018e-06,1024.0,0.013744893483817577
12720,119.09786427399376,0.34983518719673157,9.400652048490878e-06,1024.0,0.02125721424818039
12740,119.32197077898309,0.5333749651908875,9.39192701119486e-06,1024.0,0.01931433379650116
12760,119.54643759600003,0.1756158024072647,9.383143078182189e-06,1024.0,0.009574423544108868
12780,119.77093009298551,0.30634236335754395,9.374300368601809e-06,1024.0,0.010581058450043201
12800,119.99524850898888,0.24423064291477203,9.36539900239994e-06,1024.0,0.014950606040656567
12820,120.21934355300618,0.1842360943555832,9.356439100318438e-06,1024.0,0.018819503486156464
12840,120.44369342000573,0.535355806350708,9.34742078389317e-06,1024.0,0.02187541499733925
12860,120.66845703800209,0.16673560440540314,9.338344175452359e-06,1024.0,0.012127778492867947
12880,120.89264029299375,0.40436607599258423,9.329209398114918e-06,1024.0,0.014555010013282299
12900,121.11719421099406,0.44278594851493835,9.320016575788799e-06,1024.0,0.0162582378834486
12920,121.3411372039991,0.26804888248443604,9.310765833169291e-06,1024.0,0.016463488340377808
12940,121.56542351000826,0.214085191488266,9.301457295737343e-06,1024.0,0.009778347797691822
12960,121.78929052199237,0.5055655241012573,9.292091089757856e-06,1024.0,0.011750980280339718
12980,122.01320921600563,0.3479855954647064,9.28266734227797e-06,1024.0,0.025196779519319534
13000,122.23766487199464,0.3267884850502014,9.273186181125346e-06,1024.0,0.01880635693669319
13020,122.46154998498969,0.21291327476501465,9.263647734906423e-06,1024.0,0.011428909376263618
13040,122.6862921139982,0.41787612438201904,9.25405213300468e-06,1024.0,0.012318380177021027
13060,122.91024052698049,0.22528772056102753,9.244399505578879e-06,1024.0,0.012177865020930767
13080,123.13469935400644,0.2923729419708252,9.234689983561307e-06,1024.0,0.00993829220533371
13100,123.35930453200126,0.26956701278686523,9.224923698655982e-06,1024.0,0.008153100498020649
13120,123.58365342699108,0.3348953425884247,9.215100783336887e-06,1024.0,0.012054688297212124
13140,123.80805686398526,0.24284084141254425,9.205221370846158e-06,1024.0,0.016478147357702255
13160,124.03233779899892,0.2600305378437042,9.195285595192285e-06,1024.0,0.02093116007745266
13180,124.25636213299003,0.19407737255096436,9.185293591148291e-06,1024.0,0.012878854759037495
13200,124.4805059270002,0.6811265349388123,9.175245494249903e-06,1024.0,0.023755116388201714
13220,124.70449319999898,0.17754898965358734,9.165141440793715e-06,1024.0,0.009450658224523067
13240,124.92853221399128,0.3236624598503113,9.154981567835344e-06,1024.0,0.017303800210356712
13260,125.15290472999914,0.5615447759628296,9.144766013187559e-06,1024.0,0.023520881310105324
13280,125.376598361996,0.21391980350017548,9.134494915418422e-06,1024.0,0.013051829300820827
13300,125.60077858599834,0.2515909671783447,9.12416841384941e-06,1024.0,0.017916861921548843
13320,125.82495612098137,0.30382487177848816,9.11378664855351e-06,1024.0,0.012373022735118866
13340,126.04902068400406,0.607052206993103,9.103349760353339e-06,1024.0,0.019848119467496872
13360,126.27318884897977,0.3084961473941803,9.092857890819217e-06,1024.0,0.014013280160725117
13380,126.49778527600574,0.3958662450313568,9.08231118226726e-06,1024.0,0.023548899218440056
13400,126.72206757200183,0.15176449716091156,9.071709777757439e-06,1024.0,0.007379745598882437
13420,126.9464801279828,0.20569004118442535,9.061053821091643e-06,1024.0,0.009258242323994637
13440,127.17089305398986,0.3194647431373596,9.050343456811738e-06,1024.0,0.011249328032135963
13460,127.39470158598851,0.6491444110870361,9.039578830197583e-06,1024.0,0.009055244736373425
13480,127.6189940609911,0.4080144166946411,9.028760087265091e-06,1024.0,0.011198974214494228
13500,127.84263928199653,0.4082365036010742,9.017887374764217e-06,1024.0,0.015247592702507973
13520,128.06670100599877,0.3676448166370392,9.006960840176986e-06,1024.0,0.0178232379257679
13540,128.29072048899252,0.29446980357170105,8.995980631715495e-06,1024.0,0.015993906185030937
13560,128.51503081500414,0.3070245087146759,8.984946898319888e-06,1024.0,0.010539144277572632
13580,128.7396218520007,0.26226821541786194,8.973859789656347e-06,1024.0,0.010709374211728573
13600,128.9637565459998,0.4567961096763611,8.962719456115058e-06,1024.0,0.014301056042313576
13620,129.1878743999987,1.003431797027588,8.951526048808171e-06,1024.0,0.016036270186305046
13640,129.41225120599847,0.3438945412635803,8.940279719567752e-06,1024.0,0.007322018034756184
13660,129.63688288300182,0.7064855694770813,8.92898062094372e-06,1024.0,0.024299314245581627
13680,129.86147283000173,0.20697452127933502,8.917628906201782e-06,1024.0,0.006678205914795399
13700,130.08557934398414,0.2428717017173767,8.906224729321353e-06,1024.0,0.009485366754233837
13720,130.30939871599548,0.7010560035705566,8.894768244993464e-06,1024.0,0.013560324907302856
13740,130.53357599998708,0.23099814355373383,8.883259608618665e-06,1024.0,0.010467312298715115
13760,130.75775275498745,0.3281216025352478,8.871698976304925e-06,1024.0,0.012349801138043404
13780,130.9819670089928,0.44025951623916626,8.8600865048655e-06,1024.0,0.011112230829894543
13800,131.20639141500578,0.4933928847312927,8.848422351816817e-06,1024.0,0.016576966270804405
13820,131.43062457998167,0.27472490072250366,8.836706675376333e-06,1024.0,0.015310041606426239
13840,131.65500239498215,0.9360566139221191,8.824939634460392e-06,1024.0,0.010474657639861107
13860,131.87945843097987,0.12140458077192307,8.813121388682065e-06,1024.0,0.008351135067641735
13880,132.10376390599413,0.29904815554618835,8.801252098348987e-06,1024.0,0.022156165912747383
13900,132.32826998300152,0.35767269134521484,8.789331924461187e-06,1024.0,0.015587282367050648
13920,132.55310291200294,0.8282175064086914,8.777361028708894e-06,1024.0,0.015384993515908718
13940,132.77729075599927,0.4028237462043762,8.765339573470352e-06,1024.0,0.014304796233773232
13960,133.00170511199394,0.6638098359107971,8.753267721809613e-06,1024.0,0.01709810458123684
13980,133.22587038599886,0.10721860080957413,8.741145637474335e-06,1024.0,0.007028880994766951
14000,133.44993618899025,0.4287421405315399,8.728973484893543e-06,1024.0,0.015077938325703144
14020,133.67410944300354,0.19477136433124542,8.716751429175415e-06,1024.0,0.011981992982327938
14040,133.89803583497996,0.27946391701698303,8.704479636105035e-06,1024.0,0.014387560077011585
14060,134.12204769797972,0.2691733241081238,8.692158272142141e-06,1024.0,0.008799842558801174
14080,134.34614159198827,0.30213066935539246,8.679787504418878e-06,1024.0,0.011074880138039589
14100,134.57034483598545,0.22997577488422394,8.667367500737517e-06,1024.0,0.01241405587643385
14120,134.79458549100673,0.24848295748233795,8.654898429568194e-06,1024.0,0.011785467155277729
14140,135.01892879599473,0.5033155679702759,8.642380460046615e-06,1024.0,0.015321577899158001
14160,135.24360198300565,0.17804765701293945,8.629813761971758e-06,1024.0,0.01246766746044159
14180,135.46778795699356,0.2465234100818634,8.61719850580358e-06,1024.0,0.010485700331628323
14200,135.6920056109957,0.5133973360061646,8.6045348626607e-06,1024.0,0.01867818832397461
14220,135.91645127700758,0.21475757658481598,8.59182300431808e-06,1024.0,0.011274070478975773
14240,136.14061456097988,0.299454003572464,8.579063103204687e-06,1024.0,0.011079530231654644
14260,136.36477764497977,0.21042503416538239,8.566255332401168e-06,1024.0,0.009019684977829456
14280,136.58872270700522,0.2844471335411072,8.553399865637491e-06,1024.0,0.012557211332023144
14300,136.8128283910046,0.1714424043893814,8.54049687729059e-06,1024.0,0.007778603117913008
14320,137.0369535239879,0.4142671525478363,8.527546542382e-06,1024.0,0.018805399537086487
14340,137.26119971898152,0.19785483181476593,8.514549036575496e-06,1024.0,0.011595946736633778
14360,137.4856438539864,0.23016402125358582,8.501504536174685e-06,1024.0,0.011405296623706818
14380,137.70971990699763,0.2542138993740082,8.488413218120639e-06,1024.0,0.016457337886095047
14400,137.93407231199672,1.0038676261901855,8.475275259989475e-06,1024.0,0.01058234740048647
14420,138.1582061960071,0.2250736802816391,8.462090839989962e-06,1024.0,0.008969132788479328
14440,138.38227706900216,0.33706429600715637,8.448860136961096e-06,1024.0,0.012333634309470654
14460,138.60677014500834,0.39553552865982056,8.435583330369673e-06,1024.0,0.010603640228509903
14480,138.83075118699344,0.18177801370620728,8.42226060030786e-06,1024.0,0.007110276259481907
14500,139.05528449299163,8.9805908203125,8.408892127490747e-06,1024.0,0.007852988317608833
14520,139.2791628849809,0.4243689179420471,8.3954780932539e-06,1024.0,0.008444251492619514
14540,139.50337805898744,0.21240413188934326,8.382018679550901e-06,1024.0,0.013692410662770271
14560,139.727589282993,1.2051823139190674,8.368514068950867e-06,1024.0,0.020468024536967278
14580,139.95200645798468,0.3300810754299164,8.354964444636002e-06,1024.0,0.011646751314401627
14600,140.17602162098046,0.5157219171524048,8.341369990399079e-06,1024.0,0.010296865366399288
14620,140.40028078499017,0.13074101507663727,8.327730890640972e-06,1024.0,0.007428561802953482
14640,140.62448661899543,7.542904853820801,8.314047330368144e-06,1024.0,0.010231812484562397
14660,140.8486275819887,3.22343111038208,8.300319495190134e-06,1024.0,0.011406432837247849
14680,141.0727564060071,0.19827958941459656,8.286547571317055e-06,1024.0,0.012988276779651642
14700,141.2963743660075,0.27420538663864136,8.272731745557044e-06,1024.0,0.00960331317037344
14720,141.52021029699245,0.16655176877975464,8.258872205313753e-06,1024.0,0.008482475765049458
14740,141.7443894399912,0.3365471065044403,8.24496913858379e-06,1024.0,0.01562517322599888
14760,141.96853818398085,0.33824172616004944,8.231022733954176e-06,1024.0,0.017699940130114555
14780,142.19264148699585,0.23873189091682434,8.217033180599786e-06,1024.0,0.009019841440021992
14800,142.416892431007,0.13982026278972626,8.203000668280777e-06,1024.0,0.005156985949724913
14820,142.64113698498113,0.12959551811218262,8.188925387340027e-06,1024.0,0.008208333514630795
14840,142.86547490899102,0.1533195525407791,8.174807528700541e-06,1024.0,0.010437705554068089
14860,143.08954173198435,0.14743663370609283,8.160647283862872e-06,1024.0,0.007833807729184628
14880,143.31383805599762,0.2169969081878662,8.146444844902504e-06,1024.0,0.009492049925029278
14900,143.53825034099282,0.3466539978981018,8.132200404467277e-06,1024.0,0.01708863116800785
14920,143.76253390600323,0.1497717648744583,8.11791415577474e-06,1024.0,0.007265835534781218
14940,143.9867299689795,0.18237842619419098,8.10358629260956e-06,1024.0,0.00996321439743042
14960,144.21093010299955,0.46219968795776367,8.089217009320866e-06,1024.0,0.022136006504297256
14980,144.43518133700127,0.44422346353530884,8.074806500819644e-06,1024.0,0.010951860807836056
15000,144.65963544198894,0.21217674016952515,8.060354962576065e-06,1024.0,0.010322998277842999
15020,144.88367855499382,0.7817874550819397,8.045862590616844e-06,1024.0,0.010114992968738079
15040,145.10779973800527,0.5359773635864258,8.031329581522589e-06,1024.0,0.009933330118656158
15060,145.33195719099604,0.1793285757303238,8.016756132425118e-06,1024.0,0.010097838938236237
15080,145.55604038399179,0.18607263267040253,8.002142441004803e-06,1024.0,0.010711826384067535
15100,145.77995752499555,0.33214977383613586,7.987488705487873e-06,1024.0,0.0193221103399992
15120,146.0043489499949,0.34658828377723694,7.972795124643735e-06,1024.0,0.012497739866375923
15140,146.22870928398333,1.3175235986709595,7.958061897782275e-06,1024.0,0.01895623467862606
15160,146.4529252779903,0.11130628734827042,7.94328922475115e-06,1024.0,0.00727391941472888
15180,146.67745430400828,0.23626111447811127,7.92847730593309e-06,1024.0,0.011470614932477474
15200,146.90157525698305,0.17564699053764343,7.913626342243162e-06,1024.0,0.009970639832317829
15220,147.12558944898774,0.27862560749053955,7.89873653512606e-06,1024.0,0.00965746957808733
15240,147.34965329099214,0.3208700716495514,7.883808086553365e-06,1024.0,0.014536628499627113
15260,147.5739030749828,0.5212384462356567,7.868841199020805e-06,1024.0,0.018747685477137566
15280,147.79784320600447,0.24447306990623474,7.853836075545511e-06,1024.0,0.014682917855679989
15300,148.0219638189883,0.23661713302135468,7.838792919663266e-06,1024.0,0.00766967236995697
15320,148.24605024198536,0.6376326084136963,7.823711935425734e-06,1024.0,0.011519807390868664
15340,148.47040860599373,0.28355345129966736,7.808593327397702e-06,1024.0,0.010863534174859524
15360,148.69436522800243,0.5738815069198608,7.793437300654308e-06,1024.0,0.013199025765061378
15380,148.91856766099227,0.30067116022109985,7.778244060778237e-06,1024.0,0.017079714685678482
15400,149.14238701199065,0.45098569989204407,7.76301381385697e-06,1024.0,0.009866266511380672
15420,149.36690261698095,0.11616743355989456,7.747746766479944e-06,1024.0,0.00702333590015769
15440,149.5910162999935,0.962154746055603,7.732443125735792e-06,1024.0,0.04026348888874054
15460,149.81524812299176,0.1607763171195984,7.717103099209506e-06,1024.0,0.008058013394474983
15480,150.03949562698836,0.21199165284633636,7.701726894979629e-06,1024.0,0.01001336146146059
15500,150.2636877699988,0.3566015958786011,7.686314721615436e-06,1024.0,0.01097072008997202
15520,150.4880496939877,0.2946679890155792,7.670866788174107e-06,1024.0,0.011388803832232952
15540,150.71242277900456,0.37698864936828613,7.655383304197875e-06,1024.0,0.006957847159355879
15560,150.9360566480027,2.6485939025878906,7.639864479711207e-06,1024.0,0.006803939584642649
15580,151.1601319600013,1.185416340827942,7.624310525217933e-06,1024.0,0.01126550417393446
15600,151.38412382200477,0.2290230393409729,7.608721651698412e-06,1024.0,0.014762039296329021
15620,151.6082293340005,0.23666740953922272,7.593098070606654e-06,1024.0,0.009981251321732998
15640,151.83237209700746,1.0013446807861328,7.577439993867455e-06,1024.0,0.014400451444089413
15660,152.0563407089794,0.32595449686050415,7.561747633873528e-06,1024.0,0.021173758432269096
15680,152.28045607099193,0.46502313017845154,7.546021203482615e-06,1024.0,0.010371261276304722
15700,152.50473940500524,0.5907673239707947,7.530260916014607e-06,1024.0,0.013236216269433498
15720,152.72892137800227,0.5260679125785828,7.514466985248643e-06,1024.0,0.014346483163535595
15740,152.9529970799922,0.17607593536376953,7.498639625420215e-06,1024.0,0.009101628325879574
15760,153.17705977198784,0.409516304731369,7.482779051218263e-06,1024.0,0.01241297833621502
15780,153.4012887949939,0.12461769580841064,7.466885477782257e-06,1024.0,0.00754489516839385
15800,153.6256082089967,0.15661072731018066,7.450959120699287e-06,1024.0,0.0043113077990710735
15820,153.84999494298245,0.13880380988121033,7.435000196001129e-06,1024.0,0.00899488665163517
15840,154.07406729500508,0.15519388020038605,7.419008920161325e-06,1024.0,0.009464012458920479
15860,154.29798865600605,0.1392451375722885,7.402985510092235e-06,1024.0,0.00778948375955224
15880,154.5224500010081,0.4651348292827606,7.386930183142107e-06,1024.0,0.009659403935074806
15900,154.74660818398115,0.27784085273742676,7.3708431570921195e-06,1024.0,0.011298084631562233
15920,154.9706519760075,0.19876661896705627,7.3547246501534344e-06,1024.0,0.011920953169465065
15940,155.19501813000534,0.39089053869247437,7.338574880964227e-06,1024.0,0.011115687899291515
15960,155.4191097820003,0.21234142780303955,7.322394068586734e-06,1024.0,0.007879761047661304
15980,155.64316226399387,0.2675376534461975,7.306182432504275e-06,1024.0,0.009062285535037518
16000,155.86723208599142,0.15297508239746094,7.289940192618267e-06,1024.0,0.009748133830726147
16020,156.09118494699942,0.7807084918022156,7.273667569245258e-06,1024.0,0.016926875337958336
16040,156.31557581099332,0.2584909200668335,7.257364783113927e-06,1024.0,0.017648708075284958
16060,156.53975883399835,0.1754896193742752,7.241032055362094e-06,1024.0,0.007537736091762781
16080,156.7637984250032,0.2509251534938812,7.224669607533719e-06,1024.0,0.011057987809181213
16100,156.98785834698356,0.13865000009536743,7.208277661575896e-06,1024.0,0.007257852237671614
16120,157.21217516099568,7.045165538787842,7.191856439835849e-06,1024.0,0.01584494672715664
16140,157.4369768879842,0.21239116787910461,7.175406165057907e-06,1024.0,0.01191017683595419
16160,157.66133249198901,0.39467310905456543,7.158927060380487e-06,1024.0,0.01092309970408678
16180,157.8858073859883,0.2780723571777344,7.14241934933307e-06,1024.0,0.01685228757560253
16200,158.1101405499794,0.2749662399291992,7.125883255833156e-06,1024.0,0.0173339881002903
16220,158.33469907499966,0.16922621428966522,7.109319004183252e-06,1024.0,0.007426322437822819
16240,158.55880230700132,0.24235855042934418,7.0927268190678015e-06,1024.0,0.01263525802642107
16260,158.78304737998405,0.48516756296157837,7.076106925550152e-06,1024.0,0.015022325329482555
16280,159.00709707199712,0.1778360903263092,7.059459549069503e-06,1024.0,0.008518240414559841
16300,159.230983802001,0.2887861728668213,7.042784915437838e-06,1024.0,0.01432027854025364
16320,159.4554572670022,0.27093929052352905,7.026083250836878e-06,1024.0,0.015000075101852417
16340,159.67979128999286,0.3324228525161743,7.009354781814997e-06,1024.0,0.014841918833553791
16360,159.90418027399573,0.09183411300182343,6.992599735284151e-06,1024.0,0.005734669044613838
16380,160.1284168669954,0.3307379484176636,6.975818338516811e-06,1024.0,0.014002545736730099
16400,160.3524271780043,0.21486501395702362,6.959010819142875e-06,1024.0,0.0159128587692976
16420,160.5764615199878,0.2834487557411194,6.942177405146572e-06,1024.0,0.011881132610142231
16440,160.80058659199858,0.39649003744125366,6.925318324863383e-06,1024.0,0.01166633702814579
16460,161.02469861399732,0.2905350625514984,6.908433806976931e-06,1024.0,0.009762152098119259
16480,161.24837102298625,0.43527156114578247,6.891524080515892e-06,1024.0,0.017024269327521324
16500,161.47261266500573,0.39884382486343384,6.8745893748508785e-06,1024.0,0.021727439016103745
16520,161.69642813500832,0.1307298094034195,6.85762991969133e-06,1024.0,0.009571974165737629
16540,161.9207274389919,0.14285625517368317,6.840645945082402e-06,1024.0,0.00705491378903389
16560,162.14475105999736,0.12065284699201584,6.8236376814018375e-06,1024.0,0.008118905127048492
16580,162.36888790200464,0.22493721544742584,6.8066053593568506e-06,1024.0,0.006823699455708265
16600,162.5932412050024,0.2796679735183716,6.789549209980994e-06,1024.0,0.011116715148091316
16620,162.8171313359926,0.47569119930267334,6.772469464631016e-06,1024.0,0.008586950600147247
16640,163.0412960879912,0.3788871765136719,6.755366354983743e-06,1024.0,0.013213817961513996
16660,163.26521855799365,0.28351539373397827,6.738240113032913e-06,1024.0,0.015182164497673512
16680,163.4889880779956,0.46955886483192444,6.721090971086047e-06,1024.0,0.007401841226965189
16700,163.71301138898707,0.2476358413696289,6.703919161761294e-06,1024.0,0.01036544144153595
16720,163.93693723899196,0.3519923985004425,6.686724917984262e-06,1024.0,0.013659605756402016
16740,164.1608419599943,0.321342796087265,6.6695084729848804e-06,1024.0,0.007890853099524975
16760,164.38506824200158,0.28734496235847473,6.652270060294217e-06,1024.0,0.014045769348740578
16780,164.60911128300359,0.14962418377399445,6.635009913741324e-06,1024.0,0.009237581863999367
16800,164.83305390400346,0.49808791279792786,6.617728267450058e-06,1024.0,0.008657733909785748
16820,165.05728190700756,0.16187408566474915,6.600425355835909e-06,1024.0,0.005957360379397869
16840,165.2812649869884,0.2879808247089386,6.583101413602817e-06,1024.0,0.01023931335657835
16860,165.50544462900143,0.1953948587179184,6.56575667573999e-06,1024.0,0.008527795784175396
16880,165.72966521198396,0.2625853419303894,6.548391377518718e-06,1024.0,0.013358247466385365
16900,165.9536940130056,0.31324777007102966,6.531005754489181e-06,1024.0,0.013379241339862347
16920,166.17759520298569,0.23459787666797638,6.51360004247725e-06,1024.0,0.014399121515452862
16940,166.40189465598087,0.32290107011795044,6.496174477581294e-06,1024.0,0.016050290316343307
16960,166.62654022098286,0.16874754428863525,6.478729296168976e-06,1024.0,0.00971151515841484
16980,166.85037391100195,0.28116998076438904,6.461264734874042e-06,1024.0,0.013771019876003265
17000,167.07421913099824,0.2366248071193695,6.443781030593117e-06,1024.0,0.011846646666526794
17020,167.29861241398612,0.16732856631278992,6.426278420482489e-06,1024.0,0.0067479051649570465
17040,167.52287218699348,0.21197086572647095,6.40875714195489e-06,1024.0,0.007060246076434851
17060,167.74700456898427,0.23990537226200104,6.391217432676287e-06,1024.0,0.00806406419724226
17080,167.97103936999338,0.20194648206233978,6.373659530562639e-06,1024.0,0.009537317790091038
17100,168.1947987189924,0.2587960958480835,6.356083673776686e-06,1024.0,0.009376833215355873
17120,168.41917991198716,0.30492714047431946,6.338490100724713e-06,1024.0,0.007614762522280216
17140,168.64333732399973,0.28256145119667053,6.320879050053311e-06,1024.0,0.007797709200531244
17160,168.8675805660023,0.16325101256370544,6.30325076064615e-06,1024.0,0.00663905730471015
17180,169.09157591700205,0.27349209785461426,6.285605471620729e-06,1024.0,0.01227810513228178
17200,169.31611269098357,0.18012365698814392,6.267943422325142e-06,1024.0,0.00505751883611083
17220,169.5401921919838,0.5820538401603699,6.250264852334824e-06,1024.0,0.03159511089324951
17240,169.76413121298538,0.2006809413433075,6.232570001449302e-06,1024.0,0.009588862769305706
17260,169.9881969539856,0.3446589410305023,6.214859109688943e-06,1024.0,0.012222911231219769
17280,170.21200691300328,2.776684045791626,6.197132417291704e-06,1024.0,0.011743076145648956
17300,170.43652059699525,0.3771475553512573,6.179390164709865e-06,1024.0,0.01349519845098257
17320,170.6605991179822,0.21551483869552612,6.161632592606772e-06,1024.0,0.006498658563941717
17340,170.88490343099693,0.1454954892396927,6.14385994185357e-06,1024.0,0.009385394863784313
17360,171.108843650989,1.2807174921035767,6.126072453525941e-06,1024.0,0.009689182043075562
17380,171.33293314199545,0.18651658296585083,6.108270368900823e-06,1024.0,0.009235960431396961
17400,171.55680718200165,0.18913178145885468,6.090453929453149e-06,1024.0,0.007027724292129278
17420,171.78089008299867,0.44753241539001465,6.0726233768525685e-06,1024.0,0.011684226803481579
17440,172.00520185599453,0.10918647795915604,6.054778952960165e-06,1024.0,0.004681538324803114
17460,172.2293793069839,0.17193056643009186,6.03692089982518e-06,1024.0,0.00865369662642479
17480,172.45368172999588,0.21757759153842926,6.019049459681725e-06,1024.0,0.011015426367521286
17500,172.67760033000377,0.21270214021205902,6.001164874945498e-06,1024.0,0.009538616053760052
17520,172.9020636829955,0.2505580484867096,5.983267388210501e-06,1024.0,0.011475665494799614
17540,173.12624827498803,0.1592569351196289,5.965357242245736e-06,1024.0,0.009186896495521069
17560,173.35020135500235,0.4587527811527252,5.947434679991928e-06,1024.0,0.008726018480956554
17580,173.57432549700025,0.316491037607193,5.9294999445582205e-06,1024.0,0.010382270440459251
17600,173.798305556993,0.4333113431930542,5.911553279218872e-06,1024.0,0.008329231292009354
17620,174.0228448509879,0.19455397129058838,5.893594927409971e-06,1024.0,0.006739953067153692
17640,174.24699841198162,0.30954042077064514,5.875625132726126e-06,1024.0,0.009536282159388065
17660,174.4710991139873,0.21518869698047638,5.857644138917156e-06,1024.0,0.012100952677428722
17680,174.69517466399702,0.1916859894990921,5.839652189884791e-06,1024.0,0.009118940681219101
17700,174.91887283299002,0.3820631802082062,5.821649529679368e-06,1024.0,0.01040565874427557
17720,175.14250791998347,0.21630999445915222,5.803636402496507e-06,1024.0,0.008786546066403389
17740,175.36652937100735,0.17766505479812622,5.785613052673814e-06,1024.0,0.008200452663004398
17760,175.5907685830025,0.1709909290075302,5.767579724687548e-06,1024.0,0.006117105018347502
17780,175.81484511398594,0.14244718849658966,5.749536663149333e-06,1024.0,0.006108244881033897
17800,176.03928279699176,0.19816240668296814,5.731484112802808e-06,1024.0,0.009656443260610104
17820,176.2633306469943,0.1843014359474182,5.713422318520328e-06,1024.0,0.0066947489976882935
17840,176.48777207100648,0.3203568756580353,5.695351525299637e-06,1024.0,0.012290257029235363
17860,176.71285774899297,0.3341752588748932,5.677271978260541e-06,1024.0,0.011929819360375404
17880,176.936938008992,0.30114415287971497,5.659183922641593e-06,1024.0,0.008184872567653656
17900,177.1613649429928,0.18596549332141876,5.641087603796753e-06,1024.0,0.009287605062127113
17920,177.38553054400836,1.080388069152832,5.622983267192068e-06,1024.0,0.008784430101513863
17940,177.60999033699045,0.2456742227077484,5.6048711584023475e-06,1024.0,0.008234481327235699
17960,177.83415321898065,0.3365353047847748,5.586751523107818e-06,1024.0,0.014052522368729115
17980,178.0583773799881,0.26515892148017883,5.568624607090803e-06,1024.0,0.010336372070014477
18000,178.28264841198688,0.30590033531188965,5.550490656232385e-06,1024.0,0.010002260096371174
18020,178.50664077198599,0.6999538540840149,5.532349916509069e-06,1024.0,0.010752211324870586
18040,178.73093362498912,0.13996106386184692,5.514202633989447e-06,1024.0,0.00605267146602273
18060,178.95508286598488,0.2641374468803406,5.496049054830859e-06,1024.0,0.008529744111001492
18080,179.17942411798867,0.11981172859668732,5.477889425276059e-06,1024.0,0.006478712894022465
18100,179.40345134798554,0.3819970190525055,5.459723991649866e-06,1024.0,0.011345420964062214
18120,179.62702442498994,1.2038419246673584,5.441553000355833e-06,1024.0,0.011985990218818188
18140,179.85140838799998,0.4805835783481598,5.423376697872892e-06,1024.0,0.010813153348863125
18160,180.0756798599905,0.29241472482681274,5.405195330752031e-06,1024.0,0.009496329352259636
18180,180.30019566399278,0.1867823302745819,5.387009145612925e-06,1024.0,0.010132675059139729
18200,180.52436122499057,0.4131735563278198,5.3688183891406065e-06,1024.0,0.013034296222031116
18220,180.748307545,0.18680720031261444,5.350623308082118e-06,1024.0,0.01057386677712202
18240,180.97269127698382,0.2925025224685669,5.332424149243156e-06,1024.0,0.008217805996537209
18260,181.1972802009841,0.21972329914569855,5.314221159484738e-06,1024.0,0.010214578360319138
18280,181.42124198100646,0.14128921926021576,5.2960145857198404e-06,1024.0,0.007503143046051264
18300,181.64559272298357,0.2094285488128662,5.277804674910055e-06,1024.0,0.012692630290985107
18320,181.86996550598997,0.3898261785507202,5.25959167406224e-06,1024.0,0.015463486313819885
18340,182.094167156989,0.11261221021413803,5.2413758302251686e-06,1024.0,0.004708046559244394
18360,182.31825672800187,0.18635337054729462,5.223157390486176e-06,1024.0,0.012560759671032429
18380,182.54248690899112,0.13187366724014282,5.204936601967808e-06,1024.0,0.008456307463347912
18400,182.76645708899014,0.5189178586006165,5.186713711824476e-06,1024.0,0.020917929708957672
18420,182.99033228799817,0.1839970350265503,5.16848896723909e-06,1024.0,0.00936046615242958
18440,183.2140372149879,0.18241921067237854,5.150262615419721e-06,1024.0,0.005499126855283976
18460,183.43833107798127,0.4210478663444519,5.132034903596243e-06,1024.0,0.009221608750522137
18480,183.66241971799172,0.3296521008014679,5.11380607901697e-06,1024.0,0.009228084236383438
18500,183.88659073898452,0.14377501606941223,5.09557638894531e-06,1024.0,0.004135708790272474
18520,184.11054689798038,0.3909200429916382,5.077346080656428e-06,1024.0,0.012547532096505165
18540,184.33470884899725,0.2914876341819763,5.059115401433849e-06,1024.0,0.007695391308516264
18560,184.55847863698727,0.26180312037467957,5.040884598566148e-06,1024.0,0.008731233887374401
18580,184.78257216798374,0.2528838813304901,5.022653919343573e-06,1024.0,0.00963622983545065
18600,185.00639116598177,0.18161612749099731,5.004423611054687e-06,1024.0,0.010178429074585438
18620,185.2306324779929,0.1136789321899414,4.986193920983032e-06,1024.0,0.005848966538906097
18640,185.45484021899756,0.30383458733558655,4.967965096403759e-06,1024.0,0.009290572255849838
18660,185.67857300699688,0.19021010398864746,4.949737384580279e-06,1024.0,0.009121979586780071
18680,185.90221214399207,0.2497568279504776,4.931511032760912e-06,1024.0,0.010137738659977913
18700,186.12587284098845,0.2562631070613861,4.9132862881755275e-06,1024.0,0.01454463042318821
18720,186.35001292199013,0.24348115921020508,4.8950633980321935e-06,1024.0,0.008457004092633724
18740,186.57405616200413,0.18494509160518646,4.876842609513826e-06,1024.0,0.013377404771745205
18760,186.798397904,0.4644020199775696,4.858624169774832e-06,1024.0,0.008193450048565865
18780,187.0228287469945,0.2111889272928238,4.84040832593776e-06,1024.0,0.009288182482123375
18800,187.2469539269805,0.3784146308898926,4.8221953250899465e-06,1024.0,0.007138697896152735
18820,187.47149835000164,0.10588590055704117,4.80398541428016e-06,1024.0,0.008028930053114891
18840,187.69533461899846,2.717060089111328,4.785778840515263e-06,1024.0,0.006497859954833984
18860,187.91889015500783,0.17570029199123383,4.767575850756843e-06,1024.0,0.005986838601529598
18880,188.14320732699707,0.15633760392665863,4.749376691917882e-06,1024.0,0.00773002440109849
18900,188.36711211700458,0.1820836216211319,4.7311816108593925e-06,1024.0,0.008834917098283768
18920,188.5910773059877,0.35482606291770935,4.712990854387074e-06,1024.0,0.007492569275200367
18940,188.8152308659919,0.15080736577510834,4.6948046692479674e-06,1024.0,0.009143901988863945
18960,189.0391948260076,0.11052707582712173,4.676623302127108e-06,1024.0,0.004597509745508432
18980,189.26293186299154,0.43972352147102356,4.658446999644169e-06,1024.0,0.010725137777626514
19000,189.4870710639807,0.17143142223358154,4.640276008350135e-06,1024.0,0.006405776832252741
19020,189.7112314539845,0.1651889681816101,4.622110574723943e-06,1024.0,0.010303831659257412
19040,189.93490350199863,0.21930095553398132,4.603950945169142e-06,1024.0,0.012913542799651623
19060,190.15873967998778,0.19520121812820435,4.585797366010555e-06,1024.0,0.005970445927232504
19080,190.38284852000652,0.20399576425552368,4.5676500834909325e-06,1024.0,0.011292168870568275
19100,190.60690566999256,0.2433815896511078,4.549509343767616e-06,1024.0,0.012159097008407116
19120,190.83120911198785,0.3094276189804077,4.5313753929091976e-06,1024.0,0.007427451200783253
19140,191.05540623198613,0.18941575288772583,4.513248476892183e-06,1024.0,0.006093544419854879
19160,191.27958464299445,0.16250929236412048,4.495128841597656e-06,1024.0,0.007666845805943012
19180,191.5041259159916,0.22187918424606323,4.477016732807933e-06,1024.0,0.009510413743555546
19200,191.72822717600502,0.3739391267299652,4.458912396203249e-06,1024.0,0.018381530418992043
19220,191.95214766499703,0.38658666610717773,4.440816077358406e-06,1024.0,0.025890668854117393
19240,192.17607007399783,0.16419775784015656,4.422728021739457e-06,1024.0,0.00808678474277258
19260,192.40025133398012,0.22545529901981354,4.404648474700362e-06,1024.0,0.00843814667314291
19280,192.6240868419991,0.49403321743011475,4.38657768147967e-06,1024.0,0.010117130354046822
19300,192.84754765799153,0.1979030817747116,4.3685158871971904e-06,1024.0,0.008463322184979916
19320,193.0716111479851,0.24939271807670593,4.350463336850667e-06,1024.0,0.012016292661428452
19340,193.29595460899873,0.337758868932724,4.33242027531245e-06,1024.0,0.022011680528521538
19360,193.52030993098742,0.3922598659992218,4.314386947326188e-06,1024.0,0.012878365814685822
19380,193.74404528798186,1.0406180620193481,4.296363597503493e-06,1024.0,0.007674695458263159
19400,193.96793868698296,0.2334519624710083,4.278350470320633e-06,1024.0,0.01302870362997055
19420,194.19153013298637,0.2135867178440094,4.26034781011521e-06,1024.0,0.008974568918347359
19440,194.4155332929804,0.13240650296211243,4.242355861082847e-06,1024.0,0.006964296102523804
19460,194.63932204098091,0.25181615352630615,4.224374867273876e-06,1024.0,0.009706745855510235
19480,194.86350341100479,0.21291278302669525,4.2064050725900294e-06,1024.0,0.004932427313178778
19500,195.08774760199594,0.35540640354156494,4.188446720781128e-06,1024.0,0.007689373102039099
19520,195.3114385989902,0.7027055025100708,4.170500055441783e-06,1024.0,0.007094430271536112
19540,195.53511742598494,0.37264350056648254,4.152565320008074e-06,1024.0,0.0111482422798872
19560,195.75894757398055,0.2471107393503189,4.134642757754265e-06,1024.0,0.013660375960171223
19580,195.98269395099487,1.2763532400131226,4.116732611789502e-06,1024.0,0.014918580651283264
19600,196.20684014100698,2.9089701175689697,4.098835125054501e-06,1024.0,0.018835382536053658
19620,196.43090882099932,0.24648956954479218,4.0809505403182745e-06,1024.0,0.008371776901185513
19640,196.65517121198354,0.12802065908908844,4.063079100174818e-06,1024.0,0.005293446127325296
19660,196.87927930199658,0.14762605726718903,4.045221047039833e-06,1024.0,0.005618185270577669
19680,197.10307542898227,0.3396098017692566,4.027376623147431e-06,1024.0,0.010476254858076572
19700,197.32684085698565,0.18153776228427887,4.009546070546852e-06,1024.0,0.011207535862922668
19720,197.55099188699387,0.12755721807479858,3.991729631099179e-06,1024.0,0.0066605317406356335
19740,197.77489253500244,0.11527161300182343,3.9739275464740606e-06,1024.0,0.006246370263397694
19760,197.99884740400012,0.28135308623313904,3.9561400581464295e-06,1024.0,0.018515853211283684
19780,198.22251356000197,0.25421658158302307,3.93836740739323e-06,1024.0,0.017953310161828995
19800,198.44688695200603,0.2084265649318695,3.920609835290136e-06,1024.0,0.00901754479855299
19820,198.67090191098396,0.11211805790662766,3.902867582708297e-06,1024.0,0.0058035277761518955
19840,198.89497453998774,0.18501371145248413,3.885140890311059e-06,1024.0,0.010457165539264679
19860,199.11935216200072,0.36184754967689514,3.8674299985507e-06,1024.0,0.017358198761940002
19880,199.34324424000806,0.1726018488407135,3.849735147665177e-06,1024.0,0.005011172499507666
19900,199.56717468900024,0.3820721507072449,3.832056577674859e-06,1024.0,0.010411003604531288
19920,199.7910266169929,0.14233428239822388,3.8143945283792716e-06,1024.0,0.010369345545768738
19940,200.01488467497984,0.22778750956058502,3.7967492393538514e-06,1024.0,0.007278872188180685
19960,200.23914991499623,0.2330668419599533,3.7791209499466885e-06,1024.0,0.016135159879922867
19980,200.46296405300382,0.383089542388916,3.7615098992752856e-06,1024.0,0.011613709852099419
20000,200.68668086000253,0.30478784441947937,3.7439163262233118e-06,1024.0,0.011554923839867115
20020,200.91068819799693,0.2687044143676758,3.726340469437359e-06,1024.0,0.015960996970534325
20040,201.13454797599115,0.08752581477165222,3.708782567323713e-06,1024.0,0.004262448288500309
20060,201.35864887599018,8.405196189880371,3.6912428580451093e-06,1024.0,0.010400640778243542
20080,201.58251710399054,0.3503987789154053,3.6737215795175135e-06,1024.0,0.007494273129850626
20100,201.80641612198087,0.3083922863006592,3.656218969406885e-06,1024.0,0.011656326241791248
20120,202.03086298398557,0.19680385291576385,3.6387352651259584e-06,1024.0,0.008349699899554253
20140,202.25445501998183,0.4071965217590332,3.621270703831026e-06,1024.0,0.011792282573878765
20160,202.47825418700813,0.372783362865448,3.6038255224187076e-06,1024.0,0.026456797495484352
20180,202.701974814001,0.4803139865398407,3.5863999575227513e-06,1024.0,0.011911657638847828
20200,202.92573589098174,0.3082329034805298,3.56899424551082e-06,1024.0,0.015895146876573563
20220,203.1497246399813,0.21473370492458344,3.551608622481283e-06,1024.0,0.005668327212333679
20240,203.37348895700416,0.21439722180366516,3.534243324260012e-06,1024.0,0.009728814475238323
20260,203.59742648500833,0.3193872272968292,3.5168985863971855e-06,1024.0,0.010615288279950619
20280,203.82111187200644,0.1976923942565918,3.4995746441640926e-06,1024.0,0.010785124264657497
20300,204.04528991199913,0.4537198543548584,3.4822717325499434e-06,1024.0,0.011098362505435944
20320,204.26933704098337,0.19997604191303253,3.4649900862586755e-06,1024.0,0.006430503912270069
20340,204.49295197598985,0.8917093873023987,3.4477299397057816e-06,1024.0,0.018401026725769043
20360,204.71675771399168,0.2768003046512604,3.4304915270151177e-06,1024.0,0.00728641590103507
20380,204.94062598099117,1.367637038230896,3.413275082015735e-06,1024.0,0.011712751351296902
20400,205.16452105899225,0.2169981300830841,3.3960808382387055e-06,1024.0,0.008180694654583931
20420,205.38829037599498,0.28525373339653015,3.3789090289139508e-06,1024.0,0.008072728291153908
20440,205.61223886400694,0.08847129344940186,3.3617598869670877e-06,1024.0,0.005360605660825968
20460,205.836573965993,0.10867274552583694,3.3446336450162585e-06,1024.0,0.006472429726272821
20480,206.0604283529974,0.9705861210823059,3.3275305353689847e-06,1024.0,0.008942711167037487
20500,206.28416168998228,0.3681235611438751,3.31045079001901e-06,1024.0,0.012400155887007713
20520,206.5077592349844,0.24489611387252808,3.293394640643151e-06,1024.0,0.010464118793606758
20540,206.73211561600328,0.1261257380247116,3.2763623185981632e-06,1024.0,0.00624990975484252
20560,206.95591222398798,0.2405000627040863,3.2593540549175993e-06,1024.0,0.007142010610550642
20580,207.17963957000757,0.10072445124387741,3.2423700803086698e-06,1024.0,0.006191414315253496
20600,207.40393954099272,0.24342909455299377,3.2254106251491235e-06,1024.0,0.00694030849263072
20620,207.6279281390016,0.5247703194618225,3.2084759194841093e-06,1024.0,0.006676756776869297
20640,207.85148356397985,0.20273078978061676,3.1915661930230708e-06,1024.0,0.014216381125152111
20660,208.07559979398502,0.24763011932373047,3.174681675136619e-06,1024.0,0.00814016629010439
20680,208.29946354098502,0.18621677160263062,3.157822594853429e-06,1024.0,0.00980319269001484
20700,208.52357039999333,0.22206193208694458,3.1409891808571247e-06,1024.0,0.008080918341875076
20720,208.7480517619988,0.2004578560590744,3.124181661483187e-06,1024.0,0.010516240261495113
20740,208.97174034800264,0.2745426595211029,3.1074002647158472e-06,1024.0,0.012495029717683792
20760,209.19553666500724,0.2053539752960205,3.090645218185004e-06,1024.0,0.010556826367974281
20780,209.41959194399533,0.2910086512565613,3.07391674916312e-06,1024.0,0.012089009396731853
20800,209.6434438219876,0.27521124482154846,3.0572150845621607e-06,1024.0,0.008289443328976631
20820,209.86704893698334,0.29502955079078674,3.0405404509304987e-06,1024.0,0.00955365039408207
20840,210.09116479600198,0.11158348619937897,3.0238930744498495e-06,1024.0,0.0071166823618113995
20860,210.31480655199266,0.4775357246398926,3.007273180932202e-06,1024.0,0.006610894110053778
20880,210.53874304998317,0.7467054724693298,2.9906809958167505e-06,1024.0,0.02846779301762581
20900,210.7627811789862,0.0978846326470375,2.9741167441668433e-06,1024.0,0.005360194947570562
20920,210.98652413499076,0.8774455189704895,2.9575806506669323e-06,1024.0,0.006291006691753864
20940,211.21042459298042,0.6694028973579407,2.941072939619513e-06,1024.0,0.008537284098565578
20960,211.4344376710069,0.33302897214889526,2.924593834942095e-06,1024.0,0.006445133127272129
20980,211.65902459298377,0.17367489635944366,2.9081435601641522e-06,1024.0,0.008262966759502888
21000,211.88322853299906,0.29889288544654846,2.891722338424105e-06,1024.0,0.0069285109639167786
21020,212.1071127000032,0.3764272630214691,2.875330392466281e-06,1024.0,0.01811300590634346
21040,212.33124803900137,0.4472803771495819,2.858967944637906e-06,1024.0,0.010625638999044895
21060,212.5550105959992,2.282003402709961,2.8426352168860705e-06,1024.0,0.018297551199793816
21080,212.77947352698538,6.14799690246582,2.826332430754739e-06,1024.0,0.0122420284897089
21100,213.0035736959835,0.7180290818214417,2.8100598073817302e-06,1024.0,0.01733935810625553
21120,213.2276289750007,0.7950583100318909,2.7938175674957257e-06,1024.0,0.02523983083665371
21140,213.45212897699093,0.12011656910181046,2.7776059314132647e-06,1024.0,0.006234093103557825
21160,213.6760588339821,0.38348618149757385,2.7614251190357733e-06,1024.0,0.00900889839977026
21180,213.89991264100536,0.22361895442008972,2.7452753498465684e-06,1024.0,0.0074930633418262005
21200,214.12376790799317,0.30376866459846497,2.7291568429078804e-06,1024.0,0.012054008431732655
21220,214.34779592699488,0.16083835065364838,2.7130698168578954e-06,1024.0,0.007621392607688904
21240,214.57210114700138,0.26342880725860596,2.697014489907767e-06,1024.0,0.008742150850594044
21260,214.7959036139946,0.3587680459022522,2.680991079838677e-06,1024.0,0.010070517659187317
21280,215.02000461198622,0.2089454084634781,2.6649998039988718e-06,1024.0,0.012059479020535946
21300,215.24389831000008,0.24156615138053894,2.6490408793007138e-06,1024.0,0.00802225898951292
21320,215.46810189899406,0.28023985028266907,2.6331145222177436e-06,1024.0,0.010052157565951347
21340,215.69181856498471,0.5105729699134827,2.6172209487817384e-06,1024.0,0.026702458038926125
21360,215.91573803298525,0.2754080295562744,2.6013603745797867e-06,1024.0,0.011569610796868801
21380,216.13973807098228,0.408573716878891,2.585533014751359e-06,1024.0,0.008934997022151947
21400,216.36381754899048,0.18561972677707672,2.5697390839853942e-06,1024.0,0.008579650893807411
21420,216.58769064600347,0.3890669345855713,2.5539787965173836e-06,1024.0,0.012531520798802376
21440,216.81174196500797,0.4932204484939575,2.5382523661264706e-06,1024.0,0.01437185239046812
21460,217.0357152420038,0.23276077210903168,2.5225600061325426e-06,1024.0,0.006244332529604435
21480,217.25948352899286,0.20496129989624023,2.506901929393346e-06,1024.0,0.011180127039551735
21500,217.48376566899242,0.32025784254074097,2.4912783483015857e-06,1024.0,0.0106281116604805
21520,217.7076321860077,0.36971622705459595,2.4756894747820655e-06,1024.0,0.01742764189839363
21540,217.93110395999975,0.20705775916576385,2.4601355202887942e-06,1024.0,0.010593180544674397
21560,218.15519730898086,0.2793222963809967,2.4446166958021253e-06,1024.0,0.012576872482895851
21580,218.37907402598648,0.1740654706954956,2.4291332118258957e-06,1024.0,0.008104673586785793
21600,218.60292656198726,0.4352937340736389,2.413685278384565e-06,1024.0,0.011025293730199337
21620,218.82646905700676,0.50166255235672,2.398273105020374e-06,1024.0,0.007337667979300022
21640,219.05028332400252,0.08678776770830154,2.3828969007904955e-06,1024.0,0.0042118895798921585
21660,219.2743738720019,0.12307541072368622,2.3675568742642087e-06,1024.0,0.0054439217783510685
21680,219.49834128000657,0.26927146315574646,2.3522532335200583e-06,1024.0,0.010492630302906036
21700,219.722695799981,0.1740492284297943,2.336986186143035e-06,1024.0,0.010603716596961021
21720,219.94644059598795,2.505094289779663,2.321755939221764e-06,1024.0,0.009791387245059013
21740,220.17047480400652,0.3467642366886139,2.3065626993456953e-06,1024.0,0.010431609116494656
21760,220.39452224198612,0.30486708879470825,2.2914066726022983e-06,1024.0,0.014532223343849182
21780,220.6182793279877,0.22413380444049835,2.2762880645742663e-06,1024.0,0.016230324283242226
21800,220.84238961699884,0.1924489140510559,2.2612070803367345e-06,1024.0,0.01073163840919733
21820,221.06620119299623,0.6375956535339355,2.2461639244544863e-06,1024.0,0.007188504096120596
21840,221.29036533198087,0.29345959424972534,2.2311588009791955e-06,1024.0,0.01075823325663805
21860,221.51431644000695,4.895110130310059,2.2161919134466352e-06,1024.0,0.009745999239385128
21880,221.7384711279883,0.17347481846809387,2.20126346487394e-06,1024.0,0.00835356768220663
21900,221.96230762498453,0.32443541288375854,2.1863736577568383e-06,1024.0,0.013969692401587963
21920,222.1863239829836,0.20234613120555878,2.1715226940669108e-06,1024.0,0.008401036262512207
21940,222.41044481098652,0.21815869212150574,2.1567107752488505e-06,1024.0,0.007705391384661198
21960,222.6342971980048,0.6316173672676086,2.141938102217728e-06,1024.0,0.021335305646061897
21980,222.85843579599168,0.5725295543670654,2.1272048753562673e-06,1024.0,0.016575997695326805
22000,223.08262523499434,0.40646693110466003,2.1125112945121286e-06,1024.0,0.008893131278455257
22020,223.30642994199297,0.5461358428001404,2.0978575589951988e-06,1024.0,0.01033004280179739
22040,223.5299702360062,0.17259161174297333,2.0832438675748828e-06,1024.0,0.0069193653762340546
22060,223.75423831498483,0.9059794545173645,2.068670418477413e-06,1024.0,0.011384103447198868
22080,223.97817151300842,0.3398277163505554,2.054137409383156e-06,1024.0,0.0089639937505126
22100,224.20199396900716,0.6003783345222473,2.039645037423936e-06,1024.0,0.01638740673661232
22120,224.42615805799142,0.3843672275543213,2.025193499180356e-06,1024.0,0.024899708107113838
22140,224.65052750799805,0.2982391119003296,2.0107829906791334e-06,1024.0,0.023686503991484642
22160,224.87464260598063,0.4015534520149231,1.9964137073904406e-06,1024.0,0.016896748915314674
22180,225.0987438139855,0.497265487909317,1.982085844225259e-06,1024.0,0.011272359639406204
22200,225.322688921995,0.14929760992527008,1.967799595532722e-06,1024.0,0.008960976265370846
22220,225.54668717898312,0.16360510885715485,1.953555155097495e-06,1024.0,0.00797995924949646
22240,225.77123347000452,0.38534101843833923,1.9393527161371296e-06,1024.0,0.0072490074671804905
22260,225.99503762598033,0.3214961588382721,1.9251924712994568e-06,1024.0,0.011214886792004108
22280,226.2188729729969,0.19841529428958893,1.911074612659973e-06,1024.0,0.007741585373878479
22300,226.44252836800297,0.21731586754322052,1.8969993317192233e-06,1024.0,0.007287047803401947
22320,226.66670122600044,0.3349931836128235,1.8829668194002176e-06,1024.0,0.009188681840896606
22340,226.8903543909837,0.531842052936554,1.8689772660458259e-06,1024.0,0.009353279136121273
22360,227.1146314110083,0.29157230257987976,1.8550308614162113e-06,1024.0,0.010746409185230732
22380,227.3379309529846,0.17398886382579803,1.8411277946862486e-06,1024.0,0.006661577615886927
22400,227.56200142099988,0.18013544380664825,1.8272682544429558e-06,1024.0,0.007538556586951017
22420,227.78628728099284,0.20663133263587952,1.8134524286829477e-06,1024.0,0.0072044567205011845
22440,228.00977402398712,0.15370690822601318,1.7996805048098665e-06,1024.0,0.007670068182051182
22460,228.23374342100578,0.44659626483917236,1.7859526696318583e-06,1024.0,0.010508210398256779
22480,228.45749460699153,0.20891420543193817,1.7722691093590291e-06,1024.0,0.006927174516022205
22500,228.68153729499318,0.12258686870336533,1.7586300096009223e-06,1024.0,0.006821633782237768
22520,228.9050254689937,0.2686298191547394,1.7450355553639977e-06,1024.0,0.015081656165421009
22540,229.1283825809951,0.2679510712623596,1.731485931049131e-06,1024.0,0.0066696652211248875
22560,229.35220413698698,0.3684825301170349,1.7179813204490995e-06,1024.0,0.009576602838933468
22580,229.57639095600462,0.14357474446296692,1.704521906746098e-06,1024.0,0.005061708390712738
22600,229.80040312299388,0.6519631147384644,1.6911078725092523e-06,1024.0,0.010303343646228313
22620,230.0243384600035,0.13007916510105133,1.6777393996921404e-06,1024.0,0.008052549324929714
22640,230.24778915400384,0.10506943613290787,1.664416669630328e-06,1024.0,0.004387101624161005
22660,230.4713128079893,0.8482282161712646,1.6511398630389053e-06,1024.0,0.01159429457038641
22680,230.69545155600645,0.20260615646839142,1.637909160010039e-06,1024.0,0.01100036222487688
22700,230.9196748950053,0.4372386038303375,1.624724740010526e-06,1024.0,0.008649035356938839
22720,231.14373103200342,0.2885309159755707,1.6115867818793623e-06,1024.0,0.00557178957387805
22740,231.3677841000026,0.4428115785121918,1.5984954638253144e-06,1024.0,0.013341936282813549
22760,231.59172728698468,0.18313616514205933,1.5854509634245047e-06,1024.0,0.007838115096092224
22780,231.8157961939869,0.19131751358509064,1.5724534576180012e-06,1024.0,0.010443325154483318
22800,232.03976548099308,0.3384827673435211,1.5595031227094142e-06,1024.0,0.01304220873862505
22820,232.26362546699238,0.18984980881214142,1.54660013436251e-06,1024.0,0.008170290850102901
22840,232.48742686299374,0.19139142334461212,1.533744667598832e-06,1024.0,0.008252428844571114
22860,232.7112811190018,0.17769289016723633,1.5209368967953122e-06,1024.0,0.010601239278912544
22880,232.93508704498527,0.13546203076839447,1.5081769956819192e-06,1024.0,0.0055475980043411255
22900,233.1586602589814,0.3360772430896759,1.4954651373392979e-06,1024.0,0.009116791188716888
22920,233.3827378669812,0.2943490743637085,1.4828014941964188e-06,1024.0,0.014892694540321827
22940,233.60654365300434,0.2654125690460205,1.4701862380282426e-06,1024.0,0.011795783415436745
22960,233.83041844898253,0.49318718910217285,1.4576195399533854e-06,1024.0,0.01641736552119255
22980,234.05478618800407,0.26733627915382385,1.4451015704318048e-06,1024.0,0.010931700468063354
23000,234.27886498600128,0.2435639351606369,1.4326324992624816e-06,1024.0,0.008595815859735012
23020,234.50279374199454,0.15663310885429382,1.4202124955811231e-06,1024.0,0.007595814764499664
23040,234.72688058999483,0.1713116616010666,1.4078417278578607e-06,1024.0,0.007436275016516447
23060,234.95069743599743,0.6099117994308472,1.3955203638949675e-06,1024.0,0.00796342920511961
23080,235.17452711198712,1.8098537921905518,1.3832485708245857e-06,1024.0,0.0090485829859972
23100,235.39844421800808,0.12649080157279968,1.3710265151064579e-06,1024.0,0.004132748581469059
23120,235.62287277798168,0.21500246226787567,1.3588543625256664e-06,1024.0,0.009190152399241924
23140,235.84653771299054,0.3473614752292633,1.3467322781903875e-06,1024.0,0.011366109363734722
23160,236.07024147798074,0.2661437690258026,1.3346604265296503e-06,1024.0,0.012801636941730976
23180,236.2948510290007,0.1223384365439415,1.3226389712911077e-06,1024.0,0.007076342590153217
23200,236.51887450600043,0.21467073261737823,1.3106680755388135e-06,1024.0,0.007305789273232222
23220,236.74293199297972,0.1720988154411316,1.2987479016510128e-06,1024.0,0.005584562662988901
23240,236.96651642699726,0.26438799500465393,1.286878611317937e-06,1024.0,0.0066788154654204845
23260,237.1905682439974,0.3459247052669525,1.2750603655396072e-06,1024.0,0.017402151599526405
23280,237.41493664399604,0.14391925930976868,1.263293324623666e-06,1024.0,0.0068929377011954784
23300,237.63826574600535,0.34194278717041016,1.251577648183183e-06,1024.0,0.022489458322525024
23320,237.8623536329833,0.26708024740219116,1.2399134951344998e-06,1024.0,0.011253698728978634
23340,238.08618892898085,0.21255266666412354,1.2283010236950743e-06,1024.0,0.009154072031378746
23360,238.3102690759988,0.17256738245487213,1.2167403913813342e-06,1024.0,0.00654264772310853
23380,238.53441110398853,0.28475937247276306,1.205231755006537e-06,1024.0,0.0065586864948272705
23400,238.75856298199506,0.18029142916202545,1.193775270678649e-06,1024.0,0.0063542649149894714
23420,238.9823320079886,0.22641989588737488,1.1823710937982199e-06,1024.0,0.016823651269078255
23440,239.20638487499673,0.24178238213062286,1.1710193790562807e-06,1024.0,0.0052446466870605946
23460,239.4308817150013,0.265205055475235,1.159720280432249e-06,1024.0,0.009983663447201252
23480,239.65460655998322,0.24131184816360474,1.1484739511918296e-06,1024.0,0.009108520112931728
23500,239.87837794498773,0.2672974169254303,1.1372805438849435e-06,1024.0,0.009950154460966587
23520,240.10234398097964,0.11974398791790009,1.1261402103436547e-06,1024.0,0.004364134278148413
23540,240.32616708698333,0.3223763704299927,1.1150531016801136e-06,1024.0,0.014881077222526073
23560,240.5495802689984,0.25955575704574585,1.1040193682845068e-06,1024.0,0.01532919891178608
23580,240.77355267599341,0.27515238523483276,1.0930391598230153e-06,1024.0,0.014227136969566345
23600,240.99694890799583,0.14176547527313232,1.0821126252357866e-06,1024.0,0.005640601273626089
23620,241.2210807359952,0.18979495763778687,1.0712399127349086e-06,1024.0,0.006424450781196356
23640,241.44495834200643,0.35217320919036865,1.0604211698024143e-06,1024.0,0.011725480668246746
23660,241.66863987600664,0.13132791221141815,1.0496565431882616e-06,1024.0,0.006938764359802008
23680,241.89226629098994,0.12193697690963745,1.0389461789083549e-06,1024.0,0.004775029607117176
23700,242.11627430698718,0.15509510040283203,1.028290222242561e-06,1024.0,0.007614694535732269
23720,242.34049961500568,0.24494978785514832,1.0176888177327396e-06,1024.0,0.008338320069015026
23740,242.56459592300234,0.1995105892419815,1.0071421091807835e-06,1024.0,0.007919316180050373
23760,242.78870678998646,0.15697138011455536,9.966502396466613e-07,1024.0,0.006685435771942139
23780,243.01218833299936,0.22098246216773987,9.86213351446489e-07,1024.0,0.01028215792030096
23800,243.23606983898208,0.25421983003616333,9.758315861505904e-07,1024.0,0.007953090593218803
23820,243.46027326700278,0.18228667974472046,9.655050845815763e-07,1024.0,0.008010257966816425
23840,243.684404153988,0.37571027874946594,9.552339868124423e-07,1024.0,0.01452952902764082
23860,243.9086261719931,0.2446739375591278,9.450184321646578e-07,1024.0,0.010555612854659557
23880,244.13249813800212,0.2622385323047638,9.348585592062857e-07,1024.0,0.008651921525597572
23900,244.3561456919997,0.20632408559322357,9.247545057500974e-07,1024.0,0.007057664450258017
23920,244.58015368899214,0.09907815605401993,9.147064088517093e-07,1024.0,0.00600477447733283
23940,244.80430352600524,0.14094430208206177,9.047144048077158e-07,1024.0,0.007935374043881893
23960,245.02857185399625,0.19637557864189148,8.947786291538422e-07,1024.0,0.010450608097016811
23980,245.25247911998304,0.3252185583114624,8.848992166631135e-07,1024.0,0.007199754007160664
24000,245.4765127270075,0.1513933688402176,8.750763013440182e-07,1024.0,0.0072502451948821545
24020,245.70031054198625,0.1343691647052765,8.653100164386944e-07,1024.0,0.006872905883938074
24040,245.9239387959824,0.21780958771705627,8.556004944211212e-07,1024.0,0.01107877865433693
24060,246.14807709300658,2.689310312271118,8.459478669953222e-07,1024.0,0.025920886546373367
24080,246.3719157190062,0.3073166608810425,8.363522650935787e-07,1024.0,0.011448844335973263
24100,246.59644648898393,1.1250452995300293,8.268138188746545e-07,1024.0,0.006297481246292591
24120,246.81994040100835,0.31932592391967773,8.173326577220296e-07,1024.0,0.013281049206852913
24140,247.0441590489936,0.24558250606060028,8.079089102421454e-07,1024.0,0.01243844535201788
24160,247.26839034698787,0.22474662959575653,7.985427042626577e-07,1024.0,0.006414476782083511
24180,247.49287004699,0.29798638820648193,7.892341668307102e-07,1024.0,0.005938279442489147
24200,247.71691708400613,0.19366122782230377,7.799834242112026e-07,1024.0,0.010375970974564552
24220,247.9407533289923,4.9692912101745605,7.707906018850831e-07,1024.0,0.007845264859497547
24240,248.16456752398517,0.1595461368560791,7.616558245476449e-07,1024.0,0.007380075287073851
24260,248.38856613999815,0.17337578535079956,7.525792161068322e-07,1024.0,0.00712890038266778
24280,248.6127007670002,0.13832436501979828,7.435608996815641e-07,1024.0,0.005864204838871956
24300,248.83666149398778,0.1325123906135559,7.34600997600062e-07,1024.0,0.004582108464092016
24320,249.06053634898853,0.2421279102563858,7.25699631398192e-07,1024.0,0.011116991750895977
24340,249.28465175599558,1.2668788433074951,7.168569218178109e-07,1024.0,0.006628226023167372
24360,249.5084091309982,5.572935581207275,7.080729888051401e-07,1024.0,0.006215636618435383
24363,275.9186434400035,inf,6.993479515091222e-07,1024.0,0.5380443930625916
