name,display_name,family,variant,sort_order,seed_index,seed_label,seed,threshold,weighted_jaccard,jensen_shannon_similarity,exact_overlap_mass,intersection_variants,source_variants,groundtruth_variants,precision,recall,f1
Alpha_s01,Alpha,Alpha,base,0,1,s01,1608668,1,0.24062615884508365,0.6209665639903261,0.49576387885609036,74836.0,117810.0,273284.0,0.6352262116967999,0.2738396686231173,0.3827008340705815
Alpha_s01,Alpha,Alpha,base,0,1,s01,1608668,2,0.28691727180136056,0.7430359665974223,0.6029338204078158,25504.0,38390.0,107484.0,0.6643396717895286,0.2372818279930036,0.34967163442422916
Alpha_s01,Alpha,Alpha,base,0,1,s01,1608668,3,0.31613787666045085,0.819573491822727,0.6740723794971959,12691.0,18017.0,53134.0,0.70439029805184,0.23884894794293673,0.3567342693707748
Alpha_s01,Alpha,Alpha,base,0,1,s01,1608668,4,0.3320917080911543,0.866534260748063,0.7184455046462976,7218.0,9870.0,30491.0,0.731306990881459,0.23672559115804664,0.35767201010876837
Alpha_s01,Alpha,Alpha,base,0,1,s01,1608668,5,0.33991235467835273,0.8963064994000977,0.7514636206614743,4730.0,6168.0,19331.0,0.7668612191958496,0.24468470332626352,0.37099494097807756
Alpha_s01,Alpha,Alpha,base,0,1,s01,1608668,6,0.34366029077364724,0.9168952670425651,0.7760168606037383,3340.0,4133.0,13072.0,0.8081296878780547,0.2555079559363525,0.38825922696890436
Alpha_s01,Alpha,Alpha,base,0,1,s01,1608668,7,0.3450488803022304,0.9305296309637339,0.7936999541603988,2581.0,3056.0,9309.0,0.8445680628272252,0.2772585669781931,0.4174686615446826
Alpha_s01,Alpha,Alpha,base,0,1,s01,1608668,8,0.34525467468825377,0.9402534164756072,0.807524544811338,2148.0,2442.0,6930.0,0.8796068796068796,0.30995670995670993,0.45838668373879643
Alpha_s01,Alpha,Alpha,base,0,1,s01,1608668,9,0.34454474714789285,0.9471352391241624,0.8178682890225243,1833.0,2019.0,5290.0,0.9078751857355126,0.3465028355387524,0.501573402654262
Alpha_s01,Alpha,Alpha,base,0,1,s01,1608668,10,0.3430847636862895,0.9519061351534273,0.8256177575520194,1668.0,1786.0,4234.0,0.9339305711086227,0.3939537080774681,0.5541528239202658
Alpha_s02,Alpha,Alpha,base,0,2,s02,800022071,1,0.2429861023856125,0.6219930765543117,0.49727612163453516,75156.0,118633.0,273284.0,0.6335168123540668,0.27501061167137486,0.3835301862384128
Alpha_s02,Alpha,Alpha,base,0,2,s02,800022071,2,0.28995275152862704,0.7440983386629754,0.6045534265262122,25519.0,38473.0,107484.0,0.663296337691368,0.23742138364779874,0.34967832991908576
Alpha_s02,Alpha,Alpha,base,0,2,s02,800022071,3,0.31975172047531586,0.8200823098938477,0.6749977646910206,12639.0,18058.0,53134.0,0.6999113966109204,0.2378702902096586,0.35506798516687266
Alpha_s02,Alpha,Alpha,base,0,2,s02,800022071,4,0.33651179748668025,0.8670478287063547,0.7194624367874657,7262.0,9940.0,30491.0,0.7305835010060362,0.2381686399265357,0.3592293042467414
Alpha_s02,Alpha,Alpha,base,0,2,s02,800022071,5,0.34495310995393796,0.8971700139457561,0.7528940308406782,4703.0,6122.0,19331.0,0.7682130022868344,0.24328798303243496,0.36954386516324206
Alpha_s02,Alpha,Alpha,base,0,2,s02,800022071,6,0.3490316011067416,0.9170606831023238,0.776637015312844,3338.0,4133.0,13072.0,0.8076457778853133,0.25535495716034273,0.38802673641383323
Alpha_s02,Alpha,Alpha,base,0,2,s02,800022071,7,0.35101060187038996,0.9304991729430603,0.7939729436923315,2601.0,3084.0,9309.0,0.8433852140077821,0.279407025459233,0.41975308641975306
Alpha_s02,Alpha,Alpha,base,0,2,s02,800022071,8,0.35183736667509036,0.9402361089590443,0.8076841581414842,2141.0,2443.0,6930.0,0.8763814981580025,0.30894660894660897,0.45684412674703934
Alpha_s02,Alpha,Alpha,base,0,2,s02,800022071,9,0.3515806655926274,0.9471915843442337,0.8179552753158721,1832.0,2018.0,5290.0,0.9078295341922695,0.34631379962192815,0.5013683634373289
Alpha_s02,Alpha,Alpha,base,0,2,s02,800022071,10,0.35050699308464095,0.9517696425037694,0.8254631320379529,1656.0,1776.0,4234.0,0.9324324324324325,0.3911195087387813,0.5510815307820299
Alpha_s03,Alpha,Alpha,base,0,3,s03,1364179249,1,0.23964909276312205,0.619641598271902,0.4950474562624092,74331.0,117204.0,273284.0,0.6342019043718644,0.271991774125086,0.3807082419946324
Alpha_s03,Alpha,Alpha,base,0,3,s03,1364179249,2,0.2857570291149656,0.7417672489408531,0.6024205780820086,25166.0,37896.0,107484.0,0.6640806417563859,0.23413717390495328,0.3462099325904526
Alpha_s03,Alpha,Alpha,base,0,3,s03,1364179249,3,0.3147761144414773,0.8180042872060314,0.6735586772416744,12407.0,17675.0,53134.0,0.701951909476662,0.2335039710919562,0.3504356790803429
Alpha_s03,Alpha,Alpha,base,0,3,s03,1364179249,4,0.33107677710466066,0.8653621842419735,0.7182006466585464,7086.0,9653.0,30491.0,0.7340723091266964,0.23239644485257946,0.35302909525707454
Alpha_s03,Alpha,Alpha,base,0,3,s03,1364179249,5,0.3393389063578495,0.8951851977818919,0.7510385192977803,4595.0,6015.0,19331.0,0.7639235245220283,0.23770110185712068,0.36258186696125616
Alpha_s03,Alpha,Alpha,base,0,3,s03,1364179249,6,0.3434831094412133,0.9158763922510268,0.775553946757953,3273.0,4044.0,13072.0,0.8093471810089021,0.25038249694002446,0.38244917036690806
Alpha_s03,Alpha,Alpha,base,0,3,s03,1364179249,7,0.3453281338382987,0.9296151874798958,0.7930987021174527,2542.0,2995.0,9309.0,0.8487479131886477,0.2730690729401654,0.4131989596879063
Alpha_s03,Alpha,Alpha,base,0,3,s03,1364179249,8,0.3460598202422194,0.9391845060442394,0.8067146193736352,2109.0,2393.0,6930.0,0.8813205181780193,0.30432900432900434,0.4524294754907219
Alpha_s03,Alpha,Alpha,base,0,3,s03,1364179249,9,0.34601437723448664,0.9459359037953343,0.8165544947640914,1809.0,1998.0,5290.0,0.9054054054054054,0.34196597353497166,0.4964324917672887
Alpha_s03,Alpha,Alpha,base,0,3,s03,1364179249,10,0.3448239089285238,0.950758906362517,0.8242049007869252,1653.0,1767.0,4234.0,0.9354838709677419,0.3904109589041096,0.5509081819696717
Alpha_s04,Alpha,Alpha,base,0,4,s04,1418059007,1,0.2415903329652727,0.6210175081210922,0.4961141155806544,74819.0,117919.0,273284.0,0.6344948651192768,0.27377746227367866,0.3825072916107494
Alpha_s04,Alpha,Alpha,base,0,4,s04,1418059007,2,0.2882143862245802,0.7428639848396401,0.6031340395801027,25446.0,38368.0,107484.0,0.6632089241034195,0.23674221279446242,0.34892905136713925
Alpha_s04,Alpha,Alpha,base,0,4,s04,1418059007,3,0.317617245424164,0.818970912412858,0.6738304016333913,12607.0,17977.0,53134.0,0.7012849752461479,0.23726803929687207,0.3545724290194204
Alpha_s04,Alpha,Alpha,base,0,4,s04,1418059007,4,0.3341343531033528,0.8660161981161317,0.7183087102780734,7188.0,9848.0,30491.0,0.7298943948009748,0.23574169427044045,0.3563796821934108
Alpha_s04,Alpha,Alpha,base,0,4,s04,1418059007,5,0.34255289809551537,0.8957635823633366,0.7511069048812129,4709.0,6170.0,19331.0,0.7632090761750405,0.2435983653199524,0.36931885024116695
Alpha_s04,Alpha,Alpha,base,0,4,s04,1418059007,6,0.34660430372807016,0.9160516190970349,0.7752644563903116,3363.0,4184.0,13072.0,0.8037762906309751,0.25726744186046513,0.38977746870653696
Alpha_s04,Alpha,Alpha,base,0,4,s04,1418059007,7,0.3484385874323687,0.9300212635989656,0.7930947824325815,2585.0,3072.0,9309.0,0.8414713541666666,0.2776882586744011,0.4175753170180115
Alpha_s04,Alpha,Alpha,base,0,4,s04,1418059007,8,0.3488312396720733,0.9396156495773128,0.8067835709751529,2149.0,2453.0,6930.0,0.8760701182225846,0.3101010101010101,0.4580624533731216
Alpha_s04,Alpha,Alpha,base,0,4,s04,1418059007,9,0.3486617384654601,0.9463795586496897,0.8167093858779869,1847.0,2048.0,5290.0,0.90185546875,0.34914933837429113,0.5034069228672663
Alpha_s04,Alpha,Alpha,base,0,4,s04,1418059007,10,0.3473058679315674,0.9511200755063268,0.8245531008363122,1651.0,1772.0,4234.0,0.9317155756207675,0.38993859234766176,0.5497835497835497
Alpha_s05,Alpha,Alpha,base,0,5,s05,2068136963,1,0.24222123975267698,0.6208606096282607,0.4967950271427767,74406.0,117382.0,273284.0,0.6338791296791672,0.2722662139020213,0.38091873876917876
Alpha_s05,Alpha,Alpha,base,0,5,s05,2068136963,2,0.28917857267007335,0.7425868213509982,0.6039421994823051,25221.0,38038.0,107484.0,0.6630474788369525,0.23464887797253545,0.3466280012644136
Alpha_s05,Alpha,Alpha,base,0,5,s05,2068136963,3,0.31941935426739637,0.8188327279877382,0.6747598707040244,12557.0,17906.0,53134.0,0.7012733162068581,0.2363270222456431,0.3535191441441442
Alpha_s05,Alpha,Alpha,base,0,5,s05,2068136963,4,0.33655133497826717,0.8657033433233847,0.7192805095777757,7143.0,9800.0,30491.0,0.7288775510204082,0.23426584893903118,0.3545704996152987
Alpha_s05,Alpha,Alpha,base,0,5,s05,2068136963,5,0.34535957649640897,0.8956021666106451,0.7524499449702238,4662.0,6112.0,19331.0,0.7627617801047121,0.24116703740106565,0.36646621860629647
Alpha_s05,Alpha,Alpha,base,0,5,s05,2068136963,6,0.34999365723709247,0.9160453193741961,0.7767454786272401,3337.0,4134.0,13072.0,0.8072085147556846,0.2552784577723378,0.38788794606532606
Alpha_s05,Alpha,Alpha,base,0,5,s05,2068136963,7,0.35222870574496673,0.9296384450500009,0.7942466708257689,2571.0,3048.0,9309.0,0.843503937007874,0.2761843377376732,0.4161204175770818
Alpha_s05,Alpha,Alpha,base,0,5,s05,2068136963,8,0.3530683979487838,0.9392518145896445,0.8079738381494695,2143.0,2434.0,6930.0,0.8804437140509449,0.30923520923520925,0.4577103801794105
Alpha_s05,Alpha,Alpha,base,0,5,s05,2068136963,9,0.35319561171681807,0.9458615783641163,0.8175474595693283,1841.0,2039.0,5290.0,0.902893575282001,0.34801512287334596,0.5023877745940784
Alpha_s05,Alpha,Alpha,base,0,5,s05,2068136963,10,0.3524330371014853,0.9505046116745796,0.8249291307237911,1657.0,1791.0,4234.0,0.9251814628699051,0.3913556920170052,0.5500414937759336
Alpha_s06,Alpha,Alpha,base,0,6,s06,2072361201,1,0.24177814722166116,0.6209489018615658,0.4954479325074781,75157.0,118533.0,273284.0,0.6340597133287776,0.27501427086840063,0.38363317569171324
Alpha_s06,Alpha,Alpha,base,0,6,s06,2072361201,2,0.2884389813921529,0.742690143625028,0.6021236239127992,25603.0,38763.0,107484.0,0.6605009932151794,0.23820289531465147,0.3501336779557871
Alpha_s06,Alpha,Alpha,base,0,6,s06,2072361201,3,0.3177148972110567,0.818787160257665,0.6725684462707121,12767.0,18262.0,53134.0,0.6991019603548352,0.24027929386080477,0.3576390834220405
Alpha_s06,Alpha,Alpha,base,0,6,s06,2072361201,4,0.3339663086898474,0.8658843097745498,0.7170700284430394,7261.0,9971.0,30491.0,0.728211814261358,0.23813584336361548,0.35890465127774207
Alpha_s06,Alpha,Alpha,base,0,6,s06,2072361201,5,0.3421315442820819,0.8959584275625696,0.7502348673365973,4738.0,6215.0,19331.0,0.7623491552695093,0.24509854637628678,0.37093869881781877
Alpha_s06,Alpha,Alpha,base,0,6,s06,2072361201,6,0.34592631921489375,0.9161229070218193,0.7742199419753866,3393.0,4230.0,13072.0,0.8021276595744681,0.259562423500612,0.3922089931799791
Alpha_s06,Alpha,Alpha,base,0,6,s06,2072361201,7,0.34734476039449913,0.9297671977967169,0.7919403652306152,2601.0,3108.0,9309.0,0.8368725868725869,0.279407025459233,0.41894177337521143
Alpha_s06,Alpha,Alpha,base,0,6,s06,2072361201,8,0.3476845224490451,0.9396145116504354,0.8058970172969376,2161.0,2477.0,6930.0,0.8724263221639079,0.31183261183261185,0.4594450940788775
Alpha_s06,Alpha,Alpha,base,0,6,s06,2072361201,9,0.3469812659604754,0.9464609252888426,0.8161824016477712,1841.0,2042.0,5290.0,0.9015670910871695,0.34801512287334596,0.5021822149481724
Alpha_s06,Alpha,Alpha,base,0,6,s06,2072361201,10,0.34550299800133244,0.9513405025968324,0.824115142983318,1669.0,1793.0,4234.0,0.9308421639709983,0.394189891355692,0.5538410486145677
Alpha_s07,Alpha,Alpha,base,0,7,s07,2891725340,1,0.2398699093334994,0.6197073190532401,0.49527134052121136,74159.0,116974.0,273284.0,0.6339784909467061,0.2713623922366476,0.3800511456523633
Alpha_s07,Alpha,Alpha,base,0,7,s07,2891725340,2,0.2862032085561497,0.7417320062304787,0.6025623470275203,25141.0,37934.0,107484.0,0.6627563663204513,0.23390458114696142,0.34577562612606416
Alpha_s07,Alpha,Alpha,base,0,7,s07,2891725340,3,0.3155689299476818,0.8182365078402799,0.6738610527455339,12412.0,17681.0,53134.0,0.7019964934110061,0.2335980727970791,0.3505472004518817
Alpha_s07,Alpha,Alpha,base,0,7,s07,2891725340,4,0.3321673384679733,0.8654187431904445,0.7182819979204551,7066.0,9672.0,30491.0,0.7305624483043838,0.23174051359417533,0.35186614545726164
Alpha_s07,Alpha,Alpha,base,0,7,s07,2891725340,5,0.3408024837174771,0.895700891601644,0.7516107949514185,4600.0,6017.0,19331.0,0.7645005816852252,0.23795975376338524,0.3629477670822156
Alpha_s07,Alpha,Alpha,base,0,7,s07,2891725340,6,0.34489195746243306,0.9163223127107353,0.7761185830116115,3302.0,4068.0,13072.0,0.811701081612586,0.25260097919216645,0.3852975495915986
Alpha_s07,Alpha,Alpha,base,0,7,s07,2891725340,7,0.34678721101377846,0.9297506806553277,0.7934400523167014,2552.0,3014.0,9309.0,0.8467153284671532,0.27414330218068533,0.41418485758338064
Alpha_s07,Alpha,Alpha,base,0,7,s07,2891725340,8,0.34775190001485484,0.9397420990494729,0.8074023481581725,2114.0,2393.0,6930.0,0.8834099456748851,0.30505050505050507,0.4535020916014158
Alpha_s07,Alpha,Alpha,base,0,7,s07,2891725340,9,0.3477392062243575,0.946516631497416,0.817323583882107,1817.0,2002.0,5290.0,0.9075924075924076,0.34347826086956523,0.4983543609434997
Alpha_s07,Alpha,Alpha,base,0,7,s07,2891725340,10,0.3466657190070897,0.9511657501841817,0.8249045395164769,1640.0,1760.0,4234.0,0.9318181818181818,0.38734057628719887,0.5472138805472139
Alpha_s08,Alpha,Alpha,base,0,8,s08,2575967173,1,0.24302471141535606,0.6213702513776511,0.4963463070444965,75154.0,118661.0,273284.0,0.6333504689830695,0.2750032932773232,0.3834925818673538
Alpha_s08,Alpha,Alpha,base,0,8,s08,2575967173,2,0.28999665114858664,0.742988040194689,0.603056685648204,25548.0,38695.0,107484.0,0.6602403411293449,0.23769119124706933,0.3495440521552343
Alpha_s08,Alpha,Alpha,base,0,8,s08,2575967173,3,0.3197781762782172,0.8189552108902305,0.673347855442588,12742.0,18206.0,53134.0,0.6998791607162473,0.23980878533519026,0.3572189514998598
Alpha_s08,Alpha,Alpha,base,0,8,s08,2575967173,4,0.33653380839692626,0.8659129881604881,0.7178121889400126,7241.0,9961.0,30491.0,0.72693504668206,0.23747991210521138,0.3580045486008109
Alpha_s08,Alpha,Alpha,base,0,8,s08,2575967173,5,0.34514599680258734,0.8959806615770751,0.7509643141060807,4754.0,6240.0,19331.0,0.7618589743589743,0.24592623247633336,0.3718274607954323
Alpha_s08,Alpha,Alpha,base,0,8,s08,2575967173,6,0.3493212855669997,0.9161722622901998,0.7748434463193579,3374.0,4206.0,13072.0,0.802187351402758,0.25810893512851896,0.39055446232202795
Alpha_s08,Alpha,Alpha,base,0,8,s08,2575967173,7,0.3512846496427062,0.9297623409393915,0.7924011967373689,2616.0,3124.0,9309.0,0.8373879641485276,0.2810183693200129,0.4208155714630419
Alpha_s08,Alpha,Alpha,base,0,8,s08,2575967173,8,0.3515896029100943,0.9394000818528764,0.8062597183755211,2155.0,2458.0,6930.0,0.8767290480065093,0.31096681096681095,0.45909671921602047
Alpha_s08,Alpha,Alpha,base,0,8,s08,2575967173,9,0.3515829705913579,0.9462114552927579,0.8159104032380711,1853.0,2063.0,5290.0,0.8982064953950557,0.3502835538752363,0.5040119679042568
Alpha_s08,Alpha,Alpha,base,0,8,s08,2575967173,10,0.35043061351327354,0.9510915648624341,0.8238139125261841,1661.0,1792.0,4234.0,0.9268973214285714,0.3923004251299008,0.5512777962163956
Alpha_s09,Alpha,Alpha,base,0,9,s09,2918267749,1,0.24137064060859761,0.6208340151801582,0.4957544211081884,74749.0,117889.0,273284.0,0.634062550365174,0.27352131848187233,0.38217872910451384
Alpha_s09,Alpha,Alpha,base,0,9,s09,2918267749,2,0.2879996942198872,0.7428011860564672,0.6027994054772835,25503.0,38410.0,107484.0,0.6639677167404322,0.23727252428268394,0.34960999081524946
Alpha_s09,Alpha,Alpha,base,0,9,s09,2918267749,3,0.31747053941908715,0.819025799396407,0.6735266815842664,12658.0,18064.0,53134.0,0.7007307351638619,0.2382278766891256,0.3555717857243181
Alpha_s09,Alpha,Alpha,base,0,9,s09,2918267749,4,0.3339906905444355,0.8663043473370675,0.7181412379308425,7201.0,9874.0,30491.0,0.7292890419282966,0.23616804958840312,0.3567942524464264
Alpha_s09,Alpha,Alpha,base,0,9,s09,2918267749,5,0.34209356441866384,0.8962079591077095,0.7512854680176919,4699.0,6138.0,19331.0,0.7655588139459107,0.2430810615074233,0.3689976049314853
Alpha_s09,Alpha,Alpha,base,0,9,s09,2918267749,6,0.34618114245159787,0.9166212343461334,0.7755617295773138,3334.0,4132.0,13072.0,0.8068731848983544,0.25504895960832313,0.3875842827249477
Alpha_s09,Alpha,Alpha,base,0,9,s09,2918267749,7,0.3478766746603914,0.9298562970916955,0.7924936673521159,2578.0,3076.0,9309.0,0.8381014304291288,0.27693629820603716,0.4163100524828421
Alpha_s09,Alpha,Alpha,base,0,9,s09,2918267749,8,0.34839962447944667,0.9397428097474303,0.8065176145697477,2139.0,2439.0,6930.0,0.8769987699876999,0.30865800865800863,0.4566122318283701
Alpha_s09,Alpha,Alpha,base,0,9,s09,2918267749,9,0.34785509685425536,0.9465391979697912,0.8165302955182576,1844.0,2040.0,5290.0,0.903921568627451,0.34858223062381855,0.5031377899045021
Alpha_s09,Alpha,Alpha,base,0,9,s09,2918267749,10,0.34656007106373526,0.9512544717980871,0.8241777819680685,1657.0,1781.0,4234.0,0.9303761931499158,0.3913556920170052,0.5509559434746467
Alpha_s10,Alpha,Alpha,base,0,10,s10,3763609086,1,0.24119758679343298,0.6206064223976359,0.49578388543321705,74871.0,118257.0,273284.0,0.633121083741343,0.2739677405190205,0.38244270714944284
Alpha_s10,Alpha,Alpha,base,0,10,s10,3763609086,2,0.2877853407415255,0.7427010390575435,0.6029634153091679,25462.0,38488.0,107484.0,0.6615568488879651,0.23689107215957725,0.34886142547885896
Alpha_s10,Alpha,Alpha,base,0,10,s10,3763609086,3,0.31710724097396403,0.819203715043356,0.674057594477662,12593.0,17950.0,53134.0,0.7015598885793872,0.23700455452252794,0.3543132069101345
Alpha_s10,Alpha,Alpha,base,0,10,s10,3763609086,4,0.3334992427609813,0.8661889488317227,0.7184107424244002,7193.0,9855.0,30491.0,0.7298833079654997,0.23590567708504148,0.3565657066375849
Alpha_s10,Alpha,Alpha,base,0,10,s10,3763609086,5,0.3417361794487414,0.896194509929784,0.7516203616971,4672.0,6117.0,19331.0,0.7637730913846656,0.24168434121359475,0.3671801320339516
Alpha_s10,Alpha,Alpha,base,0,10,s10,3763609086,6,0.3456815930968544,0.9163254204333277,0.7755463016168815,3363.0,4189.0,13072.0,0.8028169014084507,0.25726744186046513,0.38966456172875275
Alpha_s10,Alpha,Alpha,base,0,10,s10,3763609086,7,0.34727718601995544,0.9302609251091213,0.7936303268499396,2595.0,3065.0,9309.0,0.8466557911908646,0.27876248791492103,0.41942783255212546
Alpha_s10,Alpha,Alpha,base,0,10,s10,3763609086,8,0.3478034123230354,0.9397078386140032,0.8070063491649465,2149.0,2452.0,6930.0,0.8764274061990212,0.3101010101010101,0.45811127691323805
Alpha_s10,Alpha,Alpha,base,0,10,s10,3763609086,9,0.3473784880879009,0.9467219138504739,0.817310864179154,1828.0,2020.0,5290.0,0.904950495049505,0.3455576559546314,0.5001367989056088
Alpha_s10,Alpha,Alpha,base,0,10,s10,3763609086,10,0.34614855051543647,0.9514993604650281,0.8250229620004005,1646.0,1770.0,4234.0,0.9299435028248587,0.38875767595654226,0.5483011325782812
AlphaQCL_s01,AlphaQCL,Alpha,QCL,1,1,s01,1608668,1,0.22071859933234633,0.6085664540256228,0.4697884562921787,75666.0,117424.0,273284.0,0.6443827496934187,0.2768768021545352,0.38732762062716913
AlphaQCL_s01,AlphaQCL,Alpha,QCL,1,1,s01,1608668,2,0.2599810590535457,0.7319352705043486,0.5741644853252521,26304.0,38561.0,107484.0,0.6821399859962138,0.244724796248744,0.360217741107193
AlphaQCL_s01,AlphaQCL,Alpha,QCL,1,1,s01,1608668,3,0.2807582045935509,0.8081994911304945,0.6435444303288274,13086.0,18176.0,53134.0,0.7199603873239436,0.2462829826476456,0.36701724863273033
AlphaQCL_s01,AlphaQCL,Alpha,QCL,1,1,s01,1608668,4,0.28851116751133565,0.855159808469395,0.6850127770358078,7567.0,10092.0,30491.0,0.7498018232263178,0.2481715916171985,0.3729147672670823
AlphaQCL_s01,AlphaQCL,Alpha,QCL,1,1,s01,1608668,5,0.2881541378918219,0.8855851899116123,0.7177683843005112,4876.0,6228.0,19331.0,0.7829158638407193,0.2522373389891884,0.3815485738878673
AlphaQCL_s01,AlphaQCL,Alpha,QCL,1,1,s01,1608668,6,0.28467451637722574,0.9067135972902459,0.7438798512091767,3416.0,4180.0,13072.0,0.8172248803827751,0.2613219094247246,0.396012056573151
AlphaQCL_s01,AlphaQCL,Alpha,QCL,1,1,s01,1608668,7,0.27945311269897205,0.9215970124724768,0.7641307023479973,2622.0,3084.0,9309.0,0.8501945525291829,0.2816629068643248,0.42314209634471067
AlphaQCL_s01,AlphaQCL,Alpha,QCL,1,1,s01,1608668,8,0.2737850181724615,0.9326620868008371,0.7801560211487611,2153.0,2420.0,6930.0,0.8896694214876033,0.31067821067821066,0.46053475935828875
AlphaQCL_s01,AlphaQCL,Alpha,QCL,1,1,s01,1608668,9,0.26822082964375726,0.9407515619980669,0.7931691281999338,1838.0,2016.0,5290.0,0.9117063492063492,0.3474480151228733,0.5031480974541473
AlphaQCL_s01,AlphaQCL,Alpha,QCL,1,1,s01,1608668,10,0.26266409833221377,0.9468718456756747,0.8039202839414613,1637.0,1748.0,4234.0,0.9364988558352403,0.38663202645252714,0.5473085924439987
AlphaQCL_s02,AlphaQCL,Alpha,QCL,1,2,s02,800022071,1,0.219223883706245,0.6076819788516489,0.46801357434300683,75468.0,117037.0,273284.0,0.6448217230448491,0.2761522811434259,0.3866971031535582
AlphaQCL_s02,AlphaQCL,Alpha,QCL,1,2,s02,800022071,2,0.2581464048270853,0.7314166927105006,0.5724447234133904,26147.0,38229.0,107484.0,0.6839572052630202,0.24326411372855494,0.35888355877649897
AlphaQCL_s02,AlphaQCL,Alpha,QCL,1,2,s02,800022071,3,0.27844457780444976,0.8076850269667434,0.6417431165577037,13055.0,18058.0,53134.0,0.7229482777716247,0.24569955207588362,0.3667546915383751
AlphaQCL_s02,AlphaQCL,Alpha,QCL,1,2,s02,800022071,4,0.28577342938265077,0.8545239504074091,0.6831180277531723,7551.0,10024.0,30491.0,0.75329209896249,0.24764684661047523,0.3727508330248056
AlphaQCL_s02,AlphaQCL,Alpha,QCL,1,2,s02,800022071,5,0.28511297706637806,0.8848991438417052,0.7156562632837675,4825.0,6171.0,19331.0,0.7818830011343381,0.24959908954528995,0.3784016939847855
AlphaQCL_s02,AlphaQCL,Alpha,QCL,1,2,s02,800022071,6,0.2810990016266985,0.9068351156770097,0.7428278145569512,3411.0,4122.0,13072.0,0.8275109170305677,0.2609394124847001,0.3967663138304059
AlphaQCL_s02,AlphaQCL,Alpha,QCL,1,2,s02,800022071,7,0.276040162480262,0.9214250868167766,0.762720556030095,2610.0,3058.0,9309.0,0.8534990189666448,0.2803738317757009,0.42209104875879355
AlphaQCL_s02,AlphaQCL,Alpha,QCL,1,2,s02,800022071,8,0.27027309572825525,0.93242881155206,0.7789886437825934,2124.0,2392.0,6930.0,0.8879598662207357,0.3064935064935065,0.4556962025316455
AlphaQCL_s02,AlphaQCL,Alpha,QCL,1,2,s02,800022071,9,0.2645693502776737,0.9408492550615689,0.792683267813154,1830.0,2001.0,5290.0,0.9145427286356822,0.34593572778827975,0.5019887532574406
AlphaQCL_s02,AlphaQCL,Alpha,QCL,1,2,s02,800022071,10,0.2588995179103215,0.9471324501682917,0.8041324716387102,1644.0,1742.0,4234.0,0.9437428243398392,0.3882853094000945,0.5502008032128514
AlphaQCL_s03,AlphaQCL,Alpha,QCL,1,3,s03,1364179249,1,0.22100637668490436,0.6088648598174202,0.4698240893008514,75820.0,117618.0,273284.0,0.6446292234181843,0.27744031849650913,0.387923315818287
AlphaQCL_s03,AlphaQCL,Alpha,QCL,1,3,s03,1364179249,2,0.2602574164181447,0.7322160732267686,0.5742152530017975,26270.0,38520.0,107484.0,0.6819833852544133,0.24440847009787503,0.35985315470809015
AlphaQCL_s03,AlphaQCL,Alpha,QCL,1,3,s03,1364179249,3,0.2811158417204225,0.8083148221555301,0.6433293626624841,13176.0,18328.0,53134.0,0.7189000436490616,0.24797681333985772,0.36875542246228765
AlphaQCL_s03,AlphaQCL,Alpha,QCL,1,3,s03,1364179249,4,0.28868202489484807,0.8553676892342778,0.6849997136578341,7602.0,10131.0,30491.0,0.7503701510216169,0.24931947131940574,0.3742799468268426
AlphaQCL_s03,AlphaQCL,Alpha,QCL,1,3,s03,1364179249,5,0.2884170928402832,0.8859536630261076,0.7180298884460523,4860.0,6219.0,19331.0,0.7814761215629522,0.2514096528891418,0.3804305283757338
AlphaQCL_s03,AlphaQCL,Alpha,QCL,1,3,s03,1364179249,6,0.284854897945862,0.90715831765828,0.7443186583275617,3430.0,4187.0,13072.0,0.8192022928110819,0.2623929008567931,0.3974737817950054
AlphaQCL_s03,AlphaQCL,Alpha,QCL,1,3,s03,1364179249,7,0.2796283868645704,0.9218623199978511,0.7644913550366175,2625.0,3088.0,9309.0,0.8500647668393783,0.28198517563648084,0.4234895539243366
AlphaQCL_s03,AlphaQCL,Alpha,QCL,1,3,s03,1364179249,8,0.2739380733760543,0.9331128679195837,0.7811146144152059,2145.0,2418.0,6930.0,0.8870967741935484,0.30952380952380953,0.4589216944801027
AlphaQCL_s03,AlphaQCL,Alpha,QCL,1,3,s03,1364179249,9,0.26837555886736214,0.9413268239217718,0.7944733281315326,1830.0,2006.0,5290.0,0.9122632103688934,0.34593572778827975,0.5016447368421053
AlphaQCL_s03,AlphaQCL,Alpha,QCL,1,3,s03,1364179249,10,0.2626228004967661,0.9476876537900715,0.805870701437427,1649.0,1748.0,4234.0,0.9433638443935927,0.389466225791214,0.5513206285523237
AlphaQCL_s04,AlphaQCL,Alpha,QCL,1,4,s04,1418059007,1,0.2173967470748319,0.6069199099139392,0.4688332863837762,74652.0,115666.0,273284.0,0.6454100600003458,0.2731663763703693,0.38386424990358653
AlphaQCL_s04,AlphaQCL,Alpha,QCL,1,4,s04,1418059007,2,0.2558401429718061,0.73087782672528,0.5740181483231095,25598.0,37394.0,107484.0,0.6845483232604161,0.2381563767630531,0.35337318295393366
AlphaQCL_s04,AlphaQCL,Alpha,QCL,1,4,s04,1418059007,3,0.2761491471108589,0.8073592293200686,0.6441780885494435,12738.0,17631.0,53134.0,0.72247745448358,0.23973350397109194,0.3600084787677524
AlphaQCL_s04,AlphaQCL,Alpha,QCL,1,4,s04,1418059007,4,0.28378728923476004,0.8548207980442325,0.6867332519955137,7294.0,9690.0,30491.0,0.752734778121775,0.2392181299399823,0.36305716632239116
AlphaQCL_s04,AlphaQCL,Alpha,QCL,1,4,s04,1418059007,5,0.28382194003701117,0.8858973906303724,0.7198668103642472,4706.0,5970.0,19331.0,0.7882747068676716,0.24344317417619368,0.37200110667562547
AlphaQCL_s04,AlphaQCL,Alpha,QCL,1,4,s04,1418059007,6,0.28061382446629196,0.9070751023323015,0.7458342629814215,3310.0,4020.0,13072.0,0.8233830845771144,0.25321297429620565,0.38731570325298387
AlphaQCL_s04,AlphaQCL,Alpha,QCL,1,4,s04,1418059007,7,0.27573612216399646,0.9221473705198044,0.7662966668808913,2538.0,2960.0,9309.0,0.8574324324324324,0.2726393812439575,0.41372565001222594
AlphaQCL_s04,AlphaQCL,Alpha,QCL,1,4,s04,1418059007,8,0.2708696124286651,0.933073794325802,0.7818724483486934,2081.0,2347.0,6930.0,0.8866638261610567,0.30028860028860027,0.4486364126333944
AlphaQCL_s04,AlphaQCL,Alpha,QCL,1,4,s04,1418059007,9,0.26561894253422,0.9416022838613325,0.7953567430733562,1795.0,1961.0,5290.0,0.9153493115757266,0.3393194706994329,0.49510412356916295
AlphaQCL_s04,AlphaQCL,Alpha,QCL,1,4,s04,1418059007,10,0.26019069844083315,0.9479991794822802,0.8065552896309471,1600.0,1690.0,4234.0,0.9467455621301775,0.3778932451582428,0.5401755570560433
AlphaQCL_s05,AlphaQCL,Alpha,QCL,1,5,s05,2068136963,1,0.2231340763255657,0.6098324759619514,0.47055791624121535,76363.0,118627.0,273284.0,0.6437236042384955,0.27942726248152105,0.3896956196687513
AlphaQCL_s05,AlphaQCL,Alpha,QCL,1,5,s05,2068136963,2,0.2628246199274328,0.7326983293189778,0.5749269629552232,26569.0,39137.0,107484.0,0.6788716559777193,0.247190279483458,0.36241738905068166
AlphaQCL_s05,AlphaQCL,Alpha,QCL,1,5,s05,2068136963,3,0.2841159541114752,0.8088623973952107,0.6438959214589657,13300.0,18539.0,53134.0,0.7174065483575166,0.2503105356269056,0.3711299931633949
AlphaQCL_s05,AlphaQCL,Alpha,QCL,1,5,s05,2068136963,4,0.29204105948614334,0.8556417154694969,0.6848382544009782,7733.0,10334.0,30491.0,0.7483065608670408,0.2536158210619527,0.37883649724433555
AlphaQCL_s05,AlphaQCL,Alpha,QCL,1,5,s05,2068136963,5,0.2917228189629502,0.885795087846662,0.7173658140010994,4969.0,6377.0,19331.0,0.7792065234436255,0.25704826444570894,0.3865722732223432
AlphaQCL_s05,AlphaQCL,Alpha,QCL,1,5,s05,2068136963,6,0.28796688473498866,0.90689635777456,0.7435352737750783,3487.0,4273.0,13072.0,0.81605429440674,0.2667533659730722,0.40207552608820984
AlphaQCL_s05,AlphaQCL,Alpha,QCL,1,5,s05,2068136963,7,0.2826775960378532,0.9216322126953174,0.763667652585586,2669.0,3148.0,9309.0,0.8478398983481575,0.2867117842947685,0.42851408846431727
AlphaQCL_s05,AlphaQCL,Alpha,QCL,1,5,s05,2068136963,8,0.2771700280314531,0.9326109045666945,0.7797529228888106,2155.0,2453.0,6930.0,0.8785161027313494,0.31096681096681095,0.45934136203772774
AlphaQCL_s05,AlphaQCL,Alpha,QCL,1,5,s05,2068136963,9,0.2714193312283509,0.9410723933281403,0.7936391773621915,1856.0,2043.0,5290.0,0.9084679393049437,0.3508506616257089,0.5062048274921587
AlphaQCL_s05,AlphaQCL,Alpha,QCL,1,5,s05,2068136963,10,0.2657070799176226,0.9473003262108979,0.8047066136078803,1658.0,1770.0,4234.0,0.9367231638418079,0.3915918752952291,0.5522984676882078
AlphaQCL_s06,AlphaQCL,Alpha,QCL,1,6,s06,2072361201,1,0.2191884253431247,0.6073285810416392,0.4685732116598457,75235.0,116829.0,273284.0,0.64397538282447,0.2752996882364134,0.3857087561809014
AlphaQCL_s06,AlphaQCL,Alpha,QCL,1,6,s06,2072361201,2,0.2581145170215031,0.7309227860438139,0.5731548238993425,26014.0,38140.0,107484.0,0.6820660723649712,0.2420267202560381,0.35727627314178984
AlphaQCL_s06,AlphaQCL,Alpha,QCL,1,6,s06,2072361201,3,0.2786820043239928,0.8072582158802893,0.6427394041559125,13005.0,18058.0,53134.0,0.7201794218628863,0.24475853502465464,0.36535003933026183
AlphaQCL_s06,AlphaQCL,Alpha,QCL,1,6,s06,2072361201,4,0.28623781655586156,0.8548124343360299,0.6851450651945948,7474.0,9948.0,30491.0,0.7513067953357458,0.24512151126561937,0.36964316625040183
AlphaQCL_s06,AlphaQCL,Alpha,QCL,1,6,s06,2072361201,5,0.2860912974873352,0.8854387411448805,0.7179008644418019,4836.0,6153.0,19331.0,0.7859580692345197,0.25016812373907193,0.37953225553288333
AlphaQCL_s06,AlphaQCL,Alpha,QCL,1,6,s06,2072361201,6,0.28253791434160896,0.9066127911417896,0.7440136267032387,3387.0,4111.0,13072.0,0.8238871320846509,0.2591034271725826,0.39422685212128267
AlphaQCL_s06,AlphaQCL,Alpha,QCL,1,6,s06,2072361201,7,0.2776896330553961,0.9215713802005672,0.7642134566794625,2593.0,3039.0,9309.0,0.8532411977624218,0.27854764206681704,0.419987042436022
AlphaQCL_s06,AlphaQCL,Alpha,QCL,1,6,s06,2072361201,8,0.27222208818869775,0.9327261715279335,0.7803523559361351,2125.0,2391.0,6930.0,0.8887494772061899,0.30663780663780665,0.4559596609805815
AlphaQCL_s06,AlphaQCL,Alpha,QCL,1,6,s06,2072361201,9,0.2664343944595412,0.9409942766242443,0.7937412969960238,1817.0,1984.0,5290.0,0.9158266129032258,0.34347826086956523,0.49958757217486943
AlphaQCL_s06,AlphaQCL,Alpha,QCL,1,6,s06,2072361201,10,0.26092045591095403,0.9470183425085872,0.8043119034626758,1646.0,1748.0,4234.0,0.9416475972540046,0.38875767595654226,0.5503176195252424
AlphaQCL_s07,AlphaQCL,Alpha,QCL,1,7,s07,2891725340,1,0.21938623368539756,0.6076518920429098,0.4680721324056356,75375.0,116846.0,273284.0,0.6450798486897283,0.27581197582002603,0.3864096583190218
AlphaQCL_s07,AlphaQCL,Alpha,QCL,1,7,s07,2891725340,2,0.25822509424177925,0.7311492328480658,0.5723450248412576,26140.0,38193.0,107484.0,0.684418610740188,0.2431989877563172,0.35887614379757954
AlphaQCL_s07,AlphaQCL,Alpha,QCL,1,7,s07,2891725340,3,0.27877519183461225,0.8074130029355675,0.6416145492203124,13011.0,18048.0,53134.0,0.7209109042553191,0.24487145707080213,0.3655699474586272
AlphaQCL_s07,AlphaQCL,Alpha,QCL,1,7,s07,2891725340,4,0.28605092937696874,0.854654234531663,0.6835854797917367,7558.0,10000.0,30491.0,0.7558,0.24787642255091666,0.37331752735175716
AlphaQCL_s07,AlphaQCL,Alpha,QCL,1,7,s07,2891725340,5,0.285851351392908,0.8850774947171165,0.7159311599993071,4831.0,6158.0,19331.0,0.784507957128938,0.2499094718328074,0.3790654792263329
AlphaQCL_s07,AlphaQCL,Alpha,QCL,1,7,s07,2891725340,6,0.2819813811501334,0.9063166623460888,0.7422966012127884,3415.0,4142.0,13072.0,0.8244809270883631,0.2612454100367197,0.3967700708725456
AlphaQCL_s07,AlphaQCL,Alpha,QCL,1,7,s07,2891725340,7,0.27684177362368634,0.9210766204246384,0.7625558858583897,2613.0,3058.0,9309.0,0.8544800523217789,0.28069610054785693,0.4225762108838037
AlphaQCL_s07,AlphaQCL,Alpha,QCL,1,7,s07,2891725340,8,0.2711304977084506,0.9320154488895651,0.778633154720285,2109.0,2379.0,6930.0,0.8865069356872636,0.30432900432900434,0.4531098936513052
AlphaQCL_s07,AlphaQCL,Alpha,QCL,1,7,s07,2891725340,9,0.26547410195704385,0.9403967854198669,0.7921901831934431,1831.0,2004.0,5290.0,0.9136726546906188,0.346124763705104,0.5020564847820126
AlphaQCL_s07,AlphaQCL,Alpha,QCL,1,7,s07,2891725340,10,0.25988909262457055,0.9466011979833483,0.8033165228307495,1638.0,1739.0,4234.0,0.9419206440483037,0.3868682097307511,0.5484681064791561
AlphaQCL_s08,AlphaQCL,Alpha,QCL,1,8,s08,2575967173,1,0.2224023675249984,0.6093094444069013,0.4703855842426028,76119.0,118415.0,273284.0,0.6428155216822193,0.2785344184072247,0.38866068077784216
AlphaQCL_s08,AlphaQCL,Alpha,QCL,1,8,s08,2575967173,2,0.26205792542193374,0.7325838188084983,0.5750347473772061,26463.0,38893.0,107484.0,0.6804052143059163,0.2462040861895724,0.3615731979750917
AlphaQCL_s08,AlphaQCL,Alpha,QCL,1,8,s08,2575967173,3,0.28304150101662745,0.8084247625745029,0.6438618689670227,13268.0,18507.0,53134.0,0.7169179229480737,0.24970828471411902,0.37040242319342276
AlphaQCL_s08,AlphaQCL,Alpha,QCL,1,8,s08,2575967173,4,0.29117644707493795,0.8553399671714867,0.6849866842640041,7662.0,10296.0,30491.0,0.7441724941724942,0.2512872650946181,0.3757079461593154
AlphaQCL_s08,AlphaQCL,Alpha,QCL,1,8,s08,2575967173,5,0.2908750909665949,0.8860422052549775,0.7182858962234524,4956.0,6353.0,19331.0,0.7801038879269636,0.25637576948942115,0.3859211960753776
AlphaQCL_s08,AlphaQCL,Alpha,QCL,1,8,s08,2575967173,6,0.2873524938285169,0.9074082763666211,0.7447375780019894,3461.0,4235.0,13072.0,0.817237308146399,0.26476438188494494,0.3999537759288149
AlphaQCL_s08,AlphaQCL,Alpha,QCL,1,8,s08,2575967173,7,0.2823882430949161,0.9219717214016082,0.7645793020400129,2642.0,3126.0,9309.0,0.8451695457453615,0.2838113653453647,0.424929634097306
AlphaQCL_s08,AlphaQCL,Alpha,QCL,1,8,s08,2575967173,8,0.2767535086239446,0.93297967808565,0.7807250734240146,2152.0,2446.0,6930.0,0.8798037612428454,0.31053391053391055,0.45904436860068254
AlphaQCL_s08,AlphaQCL,Alpha,QCL,1,8,s08,2575967173,9,0.27107957011206696,0.9412392169148074,0.7941642676811476,1853.0,2047.0,5290.0,0.9052271617000488,0.3502835538752363,0.5051110808232248
AlphaQCL_s08,AlphaQCL,Alpha,QCL,1,8,s08,2575967173,10,0.26518336603357223,0.9476627644848848,0.8056544570687694,1662.0,1771.0,4234.0,0.9384528514963297,0.3925366084081247,0.5535387177352207
AlphaQCL_s09,AlphaQCL,Alpha,QCL,1,9,s09,2918267749,1,0.21962535914256218,0.6079580754935536,0.4689379414243912,75434.0,117077.0,273284.0,0.6443110089940808,0.2760278684445485,0.3864832808605368
AlphaQCL_s09,AlphaQCL,Alpha,QCL,1,9,s09,2918267749,2,0.2586494649185594,0.7317142442488014,0.573599361332358,26179.0,38283.0,107484.0,0.6838283311130267,0.24356183245878457,0.35918966569936955
AlphaQCL_s09,AlphaQCL,Alpha,QCL,1,9,s09,2918267749,3,0.27914533105753503,0.8080704264010738,0.6431752113338964,12996.0,18021.0,53134.0,0.7211586482437157,0.24458915195543343,0.3652870493991989
AlphaQCL_s09,AlphaQCL,Alpha,QCL,1,9,s09,2918267749,4,0.28662323404732715,0.8552698678716274,0.6851930457984602,7471.0,9946.0,30491.0,0.7511562437160667,0.24502312157685874,0.3695130697133813
AlphaQCL_s09,AlphaQCL,Alpha,QCL,1,9,s09,2918267749,5,0.2863367578820483,0.8856203600022141,0.7177281838386966,4833.0,6175.0,19331.0,0.782672064777328,0.2500129325953132,0.378969654199012
AlphaQCL_s09,AlphaQCL,Alpha,QCL,1,9,s09,2918267749,6,0.28262424517531193,0.9073564591382346,0.7445174443086687,3420.0,4140.0,13072.0,0.8260869565217391,0.2616279069767442,0.39739716476876596
AlphaQCL_s09,AlphaQCL,Alpha,QCL,1,9,s09,2918267749,7,0.27770775186819124,0.9220908503363201,0.7645160949636358,2615.0,3060.0,9309.0,0.8545751633986928,0.2809109463959609,0.42283127172770646
AlphaQCL_s09,AlphaQCL,Alpha,QCL,1,9,s09,2918267749,8,0.2720705937241085,0.9330990868827964,0.7806396259104944,2129.0,2391.0,6930.0,0.890422417398578,0.3072150072150072,0.45681793798948606
AlphaQCL_s09,AlphaQCL,Alpha,QCL,1,9,s09,2918267749,9,0.26629225931260175,0.941512712093861,0.7943599254671119,1826.0,1984.0,5290.0,0.9203629032258065,0.345179584120983,0.502062139125653
AlphaQCL_s09,AlphaQCL,Alpha,QCL,1,9,s09,2918267749,10,0.2608521472829571,0.9471422306481552,0.8045988283448489,1629.0,1729.0,4234.0,0.9421631000578369,0.384742560226736,0.5463692772094584
AlphaQCL_s10,AlphaQCL,Alpha,QCL,1,10,s10,3763609086,1,0.21923117482329935,0.6075191570604839,0.46830943354584936,75444.0,117084.0,273284.0,0.6443578968945373,0.2760644604148066,0.3865275842282154
AlphaQCL_s10,AlphaQCL,Alpha,QCL,1,10,s10,3763609086,2,0.2580940857258094,0.7313146249677077,0.5728740065470694,26099.0,38165.0,107484.0,0.6838464561771256,0.2428175356332105,0.3583821378794224
AlphaQCL_s10,AlphaQCL,Alpha,QCL,1,10,s10,3763609086,3,0.27854464799656853,0.8075472500479595,0.6422321844555561,13029.0,18055.0,53134.0,0.7216283577956245,0.24521022320924454,0.3660396971442217
AlphaQCL_s10,AlphaQCL,Alpha,QCL,1,10,s10,3763609086,4,0.2859260644265185,0.8544735111771086,0.68376656983716,7509.0,9987.0,30491.0,0.7518774406728748,0.24626939096782657,0.3710163545629725
AlphaQCL_s10,AlphaQCL,Alpha,QCL,1,10,s10,3763609086,5,0.28553196462180014,0.8850663160225869,0.716484951465106,4825.0,6161.0,19331.0,0.7831520857003733,0.24959908954528995,0.3785501333751765
AlphaQCL_s10,AlphaQCL,Alpha,QCL,1,10,s10,3763609086,6,0.28164707177303405,0.9070697904607748,0.7436246855440896,3427.0,4132.0,13072.0,0.829380445304937,0.26216340269277844,0.3983957219251336
AlphaQCL_s10,AlphaQCL,Alpha,QCL,1,10,s10,3763609086,7,0.27651219658555615,0.9211945796990655,0.7628931656889663,2595.0,3048.0,9309.0,0.8513779527559056,0.27876248791492103,0.4200048555474629
AlphaQCL_s10,AlphaQCL,Alpha,QCL,1,10,s10,3763609086,8,0.27084003603371726,0.932425759662526,0.7789739689232172,2116.0,2380.0,6930.0,0.8890756302521008,0.30533910533910535,0.45456498388829214
AlphaQCL_s10,AlphaQCL,Alpha,QCL,1,10,s10,3763609086,9,0.2652277993593675,0.9407244489277912,0.7923928669034594,1822.0,1990.0,5290.0,0.9155778894472362,0.3444234404536862,0.5005494505494505
AlphaQCL_s10,AlphaQCL,Alpha,QCL,1,10,s10,3763609086,10,0.2595822537995139,0.9468903607641204,0.803507947030448,1637.0,1735.0,4234.0,0.9435158501440922,0.38663202645252714,0.5485005863628748
AlphaQCH_s01,AlphaQCH,Alpha,QCH,2,1,s01,1608668,1,0.22174643189726045,0.6076721901325964,0.4655498604283806,76428.0,118277.0,273284.0,0.6461780396864987,0.27966511028819835,0.39037595674747994
AlphaQCH_s01,AlphaQCH,Alpha,QCH,2,1,s01,1608668,2,0.26101821065371933,0.7294337363660867,0.5680305228283298,26978.0,39728.0,107484.0,0.6790676600886025,0.25099549700420526,0.3665190337744206
AlphaQCH_s01,AlphaQCH,Alpha,QCH,2,1,s01,1608668,3,0.2814900119590734,0.8051994734716809,0.6360521283501666,13511.0,18857.0,53134.0,0.7164978522564565,0.2542816275830918,0.3753524746148824
AlphaQCH_s01,AlphaQCH,Alpha,QCH,2,1,s01,1608668,4,0.28859458811941807,0.8516199267247562,0.6763225298658615,7868.0,10562.0,30491.0,0.7449346714637379,0.25804335705618053,0.38330938055684116
AlphaQCH_s01,AlphaQCH,Alpha,QCH,2,1,s01,1608668,5,0.2875005749152958,0.88173779969016,0.7088246561213368,5084.0,6558.0,19331.0,0.7752363525465081,0.2629972582897936,0.392753679168759
AlphaQCH_s01,AlphaQCH,Alpha,QCH,2,1,s01,1608668,6,0.282889368850492,0.9027319498023665,0.7352107199843648,3568.0,4412.0,13072.0,0.8087035358114234,0.2729498164014688,0.40814458933882414
AlphaQCH_s01,AlphaQCH,Alpha,QCH,2,1,s01,1608668,7,0.2767942727054877,0.9180845133565181,0.7563963926802879,2704.0,3208.0,9309.0,0.8428927680798005,0.29047158663658823,0.4320524087241352
AlphaQCH_s01,AlphaQCH,Alpha,QCH,2,1,s01,1608668,8,0.26998569867592237,0.9294593884900639,0.7733803072134127,2178.0,2469.0,6930.0,0.8821385176184691,0.3142857142857143,0.46345355888924356
AlphaQCH_s01,AlphaQCH,Alpha,QCH,2,1,s01,1608668,9,0.26325157554079376,0.9383521368722004,0.7881055899259687,1847.0,2017.0,5290.0,0.9157164105106594,0.34914933837429113,0.5055426303544547
AlphaQCH_s01,AlphaQCH,Alpha,QCH,2,1,s01,1608668,10,0.2571325629186794,0.9445803839942363,0.7994214003276612,1662.0,1774.0,4234.0,0.9368658399098083,0.3925366084081247,0.5532623169107856
AlphaQCH_s02,AlphaQCH,Alpha,QCH,2,2,s02,800022071,1,0.21954360949208993,0.6074024183740266,0.46572206941582645,76072.0,117485.0,273284.0,0.6475039366727667,0.2783624361470119,0.38934511181797943
AlphaQCH_s02,AlphaQCH,Alpha,QCH,2,2,s02,800022071,2,0.2581892443364878,0.7298904326817721,0.5686202869904473,26569.0,39035.0,107484.0,0.6806455744844371,0.247190279483458,0.36266968789030773
AlphaQCH_s02,AlphaQCH,Alpha,QCH,2,2,s02,800022071,3,0.27827804721053856,0.8064050170753356,0.6376319110743082,13229.0,18366.0,53134.0,0.7202983774365675,0.24897429141416041,0.370041958041958
AlphaQCH_s02,AlphaQCH,Alpha,QCH,2,2,s02,800022071,4,0.2846036870047755,0.8528838108646409,0.6788275953844338,7680.0,10225.0,30491.0,0.7511002444987775,0.2518776032271818,0.377247273798998
AlphaQCH_s02,AlphaQCH,Alpha,QCH,2,2,s02,800022071,5,0.28367909865523194,0.8830941024622165,0.7111454415143615,4968.0,6355.0,19331.0,0.7817466561762392,0.25699653406445605,0.38682550805886473
AlphaQCH_s02,AlphaQCH,Alpha,QCH,2,2,s02,800022071,6,0.27943760984182775,0.9042016130162863,0.737404075124783,3459.0,4259.0,13072.0,0.8121624794552712,0.2646113831089351,0.39916911891985457
AlphaQCH_s02,AlphaQCH,Alpha,QCH,2,2,s02,800022071,7,0.2731557161925044,0.9197187621667929,0.759087376446991,2654.0,3115.0,9309.0,0.8520064205457464,0.28510044043398863,0.42723760463618804
AlphaQCH_s02,AlphaQCH,Alpha,QCH,2,2,s02,800022071,8,0.26655328251149923,0.9307280469040781,0.7761215827620268,2158.0,2426.0,6930.0,0.8895300906842539,0.3113997113997114,0.46130825138948267
AlphaQCH_s02,AlphaQCH,Alpha,QCH,2,2,s02,800022071,9,0.26018739352640546,0.9394588258691036,0.7907308252606347,1835.0,2004.0,5290.0,0.9156686626746507,0.34688090737240074,0.5031532766657526
AlphaQCH_s02,AlphaQCH,Alpha,QCH,2,2,s02,800022071,10,0.25409208640777564,0.9459901587383505,0.8027393850492164,1648.0,1751.0,4234.0,0.9411764705882353,0.3892300425129901,0.5507101086048454
AlphaQCH_s03,AlphaQCH,Alpha,QCH,2,3,s03,1364179249,1,0.21991972175758884,0.6071793056296312,0.46525743726171204,76014.0,117348.0,273284.0,0.6477656202065651,0.27815020271951524,0.38918470581007186
AlphaQCH_s03,AlphaQCH,Alpha,QCH,2,3,s03,1364179249,2,0.25879372045033044,0.7292615866173466,0.5677125227554813,26727.0,39280.0,107484.0,0.6804226069246436,0.24866026571396674,0.3642173830094574
AlphaQCH_s03,AlphaQCH,Alpha,QCH,2,3,s03,1364179249,3,0.2788869099240773,0.8054752860288413,0.6364086729397678,13354.0,18561.0,53134.0,0.7194655460373902,0.2513268340422328,0.37252249110816654
AlphaQCH_s03,AlphaQCH,Alpha,QCH,2,3,s03,1364179249,4,0.28557869956890464,0.8518829165614564,0.6771052424432851,7763.0,10359.0,30491.0,0.7493966599092576,0.2545997179495589,0.38007343941248467
AlphaQCH_s03,AlphaQCH,Alpha,QCH,2,3,s03,1364179249,5,0.28432122077403704,0.8822414378054826,0.7098300774318518,5016.0,6423.0,19331.0,0.780943484353106,0.2594795923645957,0.3895317232274598
AlphaQCH_s03,AlphaQCH,Alpha,QCH,2,3,s03,1364179249,6,0.27980922644066636,0.9031893566242188,0.7361319394456508,3481.0,4297.0,13072.0,0.8101000698161508,0.2662943696450428,0.40082906327364837
AlphaQCH_s03,AlphaQCH,Alpha,QCH,2,3,s03,1364179249,7,0.27324759830728923,0.9188069745666951,0.7581872371180542,2623.0,3093.0,9309.0,0.8480439702554154,0.28177032978837685,0.4229962909208192
AlphaQCH_s03,AlphaQCH,Alpha,QCH,2,3,s03,1364179249,8,0.2667387477189964,0.9300797407487923,0.7752321929382485,2153.0,2431.0,6930.0,0.8856437679967092,0.31067821067821066,0.45999359042837296
AlphaQCH_s03,AlphaQCH,Alpha,QCH,2,3,s03,1364179249,9,0.26044248013693383,0.9387292608042922,0.7895757656386335,1848.0,2024.0,5290.0,0.9130434782608695,0.3493383742911153,0.505332239540607
AlphaQCH_s03,AlphaQCH,Alpha,QCH,2,3,s03,1364179249,10,0.25414285968565886,0.9451961959859012,0.8013136097386421,1662.0,1768.0,4234.0,0.9400452488687783,0.3925366084081247,0.5538153948683772
AlphaQCH_s04,AlphaQCH,Alpha,QCH,2,4,s04,1418059007,1,0.2091958205337288,0.600969918863942,0.4583598981944753,73515.0,112867.0,273284.0,0.6513418448262114,0.2690058693520294,0.3807577864617727
AlphaQCH_s04,AlphaQCH,Alpha,QCH,2,4,s04,1418059007,2,0.24533324915293475,0.7247881713819508,0.5624461556349188,25236.0,36571.0,107484.0,0.6900549615815811,0.23478843362733057,0.3503661795841866
AlphaQCH_s04,AlphaQCH,Alpha,QCH,2,4,s04,1418059007,3,0.26353700389608653,0.8018838991768654,0.6329867188444414,12387.0,17041.0,53134.0,0.7268939616219705,0.2331275642714646,0.35303170644816534
AlphaQCH_s04,AlphaQCH,Alpha,QCH,2,4,s04,1418059007,4,0.2691866326333626,0.8497206792983234,0.6765508884546183,7177.0,9416.0,30491.0,0.762213254035684,0.2353809320783182,0.3596862705790964
AlphaQCH_s04,AlphaQCH,Alpha,QCH,2,4,s04,1418059007,5,0.2674562821636164,0.8806419898538784,0.7093226850112456,4605.0,5793.0,19331.0,0.7949249093733817,0.23821840566964977,0.3665817544976915
AlphaQCH_s04,AlphaQCH,Alpha,QCH,2,4,s04,1418059007,6,0.26294734230602246,0.9026529166507311,0.7361970737744993,3189.0,3854.0,13072.0,0.8274519979242345,0.2439565483476132,0.37681673165544133
AlphaQCH_s04,AlphaQCH,Alpha,QCH,2,4,s04,1418059007,7,0.2566741136912418,0.9184800639611507,0.7581425481301397,2455.0,2827.0,9309.0,0.8684117438981253,0.26372327854764205,0.40458141067897163
AlphaQCH_s04,AlphaQCH,Alpha,QCH,2,4,s04,1418059007,8,0.25078083124775824,0.9299210808491553,0.7751279177459829,2025.0,2241.0,6930.0,0.9036144578313253,0.2922077922077922,0.4416094210009814
AlphaQCH_s04,AlphaQCH,Alpha,QCH,2,4,s04,1418059007,9,0.24483569377296255,0.938436029383477,0.7887298574244017,1759.0,1892.0,5290.0,0.9297040169133193,0.3325141776937618,0.4898357003620162
AlphaQCH_s04,AlphaQCH,Alpha,QCH,2,4,s04,1418059007,10,0.23898196278431127,0.9451318574189348,0.8005352871044096,1592.0,1666.0,4234.0,0.9555822328931572,0.37600377893245157,0.5396610169491525
AlphaQCH_s05,AlphaQCH,Alpha,QCH,2,5,s05,2068136963,1,0.21101267826148376,0.6025399842131931,0.4615566054287339,73541.0,113220.0,273284.0,0.6495407171877761,0.2691010084747003,0.3805445739242026
AlphaQCH_s05,AlphaQCH,Alpha,QCH,2,5,s05,2068136963,2,0.24774199202488936,0.7263804013948558,0.5660222995836922,25318.0,36785.0,107484.0,0.6882696751393231,0.23555133787354396,0.35098323271111603
AlphaQCH_s05,AlphaQCH,Alpha,QCH,2,5,s05,2068136963,3,0.2666602703842455,0.8039913963225647,0.6371335333066773,12421.0,17064.0,53134.0,0.727906704172527,0.2337674558663003,0.35388472606057153
AlphaQCH_s05,AlphaQCH,Alpha,QCH,2,5,s05,2068136963,4,0.2730264744823298,0.8518057678376847,0.6804837054381525,7173.0,9438.0,30491.0,0.7600127145581691,0.23524974582663738,0.35928773573092243
AlphaQCH_s05,AlphaQCH,Alpha,QCH,2,5,s05,2068136963,5,0.27172886961135756,0.8831939179292206,0.7138618926693177,4602.0,5787.0,19331.0,0.7952306894764126,0.23806321452589105,0.36643044828409904
AlphaQCH_s05,AlphaQCH,Alpha,QCH,2,5,s05,2068136963,6,0.26723846805929824,0.9049918979610485,0.7406704104064918,3210.0,3862.0,13072.0,0.8311755567063698,0.24556303549571604,0.37911893232549904
AlphaQCH_s05,AlphaQCH,Alpha,QCH,2,5,s05,2068136963,7,0.26141834155734744,0.920612702434781,0.7619560685924344,2482.0,2846.0,9309.0,0.8721011946591708,0.2666236974970459,0.4083916083916084
AlphaQCH_s05,AlphaQCH,Alpha,QCH,2,5,s05,2068136963,8,0.25582294852114634,0.9318224852130803,0.7781006546680387,2045.0,2261.0,6930.0,0.9044670499778859,0.2950937950937951,0.445000544010445
AlphaQCH_s05,AlphaQCH,Alpha,QCH,2,5,s05,2068136963,9,0.2503848827440327,0.9401211327547822,0.7914561161410485,1767.0,1909.0,5290.0,0.925615505500262,0.33402646502835537,0.4909015140991804
AlphaQCH_s05,AlphaQCH,Alpha,QCH,2,5,s05,2068136963,10,0.24485677373368378,0.9466514278158583,0.8030155053504135,1589.0,1674.0,4234.0,0.9492234169653524,0.3752952290977799,0.537914691943128
AlphaQCH_s06,AlphaQCH,Alpha,QCH,2,6,s06,2072361201,1,0.22152888750308558,0.6083671416962979,0.46650579009419724,76446.0,118289.0,273284.0,0.6462646568996272,0.27973097583466283,0.39045593031184483
AlphaQCH_s06,AlphaQCH,Alpha,QCH,2,6,s06,2072361201,2,0.26078779010590747,0.7306025536441104,0.5694057837740755,26860.0,39540.0,107484.0,0.6793120890237734,0.24989765918648357,0.3653825225813473
AlphaQCH_s06,AlphaQCH,Alpha,QCH,2,6,s06,2072361201,3,0.28128372583651157,0.8067149632885171,0.637829547016393,13431.0,18712.0,53134.0,0.7177746900384779,0.25277600030112546,0.3738830275867829
AlphaQCH_s06,AlphaQCH,Alpha,QCH,2,6,s06,2072361201,4,0.28825326150347386,0.8530939387567296,0.6781975654422898,7820.0,10500.0,30491.0,0.7447619047619047,0.25646912203601063,0.3815471688907321
AlphaQCH_s06,AlphaQCH,Alpha,QCH,2,6,s06,2072361201,5,0.2871150135142183,0.8834458301622659,0.7110363030941149,5022.0,6471.0,19331.0,0.7760778859527121,0.2597899746521132,0.38927214944577937
AlphaQCH_s06,AlphaQCH,Alpha,QCH,2,6,s06,2072361201,6,0.2827412804258939,0.9047843307864561,0.737626365370049,3466.0,4289.0,13072.0,0.8081137794357659,0.2651468788249694,0.3992857554288347
AlphaQCH_s06,AlphaQCH,Alpha,QCH,2,6,s06,2072361201,7,0.27620364748476467,0.920048002937149,0.7592717276260355,2667.0,3134.0,9309.0,0.8509891512444161,0.2864969384466645,0.4286747568914249
AlphaQCH_s06,AlphaQCH,Alpha,QCH,2,6,s06,2072361201,8,0.2700992914638261,0.9307777716920759,0.7754471110499703,2149.0,2445.0,6930.0,0.8789366053169734,0.3101010101010101,0.4584533333333333
AlphaQCH_s06,AlphaQCH,Alpha,QCH,2,6,s06,2072361201,9,0.263781303733465,0.9392598447186931,0.7897603182381029,1854.0,2039.0,5290.0,0.9092692496321726,0.3504725897920605,0.5059353254195661
AlphaQCH_s06,AlphaQCH,Alpha,QCH,2,6,s06,2072361201,10,0.2574456154092641,0.94599805273757,0.802270322608459,1677.0,1778.0,4234.0,0.9431946006749157,0.3960793575814832,0.5578842315369261
AlphaQCH_s07,AlphaQCH,Alpha,QCH,2,7,s07,2891725340,1,0.22482777392532874,0.6098648947978357,0.46829540679475556,77197.0,119880.0,273284.0,0.6439522856189522,0.28247903280104214,0.39269617767649123
AlphaQCH_s07,AlphaQCH,Alpha,QCH,2,7,s07,2891725340,2,0.2649228600788757,0.7317521519569476,0.5710766885781234,27203.0,40267.0,107484.0,0.6755655996225197,0.2530888318261323,0.3682276262089597
AlphaQCH_s07,AlphaQCH,Alpha,QCH,2,7,s07,2891725340,3,0.28603803787868737,0.807399110440966,0.6391874670841505,13663.0,19172.0,53134.0,0.712653870227415,0.25714231941882787,0.3779216109313197
AlphaQCH_s07,AlphaQCH,Alpha,QCH,2,7,s07,2891725340,4,0.2933749162492423,0.8535831215935352,0.6793540443135595,7989.0,10751.0,30491.0,0.7430936657055157,0.2620117411695254,0.3874205906600068
AlphaQCH_s07,AlphaQCH,Alpha,QCH,2,7,s07,2891725340,5,0.2928196082754566,0.8834163805009506,0.711502763118017,5134.0,6666.0,19331.0,0.7701770177017702,0.2655837773524391,0.39496865022887256
AlphaQCH_s07,AlphaQCH,Alpha,QCH,2,7,s07,2891725340,6,0.2885610978716411,0.9042102356920705,0.7374822153209171,3600.0,4491.0,13072.0,0.8016032064128257,0.27539779681762544,0.40995274155895917
AlphaQCH_s07,AlphaQCH,Alpha,QCH,2,7,s07,2891725340,7,0.28238464129336477,0.919804432299425,0.7590667909114099,2707.0,3220.0,9309.0,0.8406832298136646,0.29079385540874425,0.43211748742916434
AlphaQCH_s07,AlphaQCH,Alpha,QCH,2,7,s07,2891725340,8,0.2761608067637117,0.9309044056048981,0.7758535348597694,2198.0,2502.0,6930.0,0.8784972022382095,0.31717171717171716,0.46607294317217984
AlphaQCH_s07,AlphaQCH,Alpha,QCH,2,7,s07,2891725340,9,0.27001880418967555,0.9394835922022778,0.7900712202912237,1894.0,2083.0,5290.0,0.9092654824771963,0.35803402646502835,0.5137664451376643
AlphaQCH_s07,AlphaQCH,Alpha,QCH,2,7,s07,2891725340,10,0.26394050392076673,0.9454735011899994,0.8013606447611656,1703.0,1826.0,4234.0,0.9326396495071194,0.40222012281530467,0.5620462046204621
AlphaQCH_s08,AlphaQCH,Alpha,QCH,2,8,s08,2575967173,1,0.2135499564551488,0.6035433703090733,0.46308206681452735,74046.0,114467.0,273284.0,0.6468763923226781,0.27094890297273166,0.38192551405412234
AlphaQCH_s08,AlphaQCH,Alpha,QCH,2,8,s08,2575967173,2,0.25102042959560883,0.7273483558879867,0.5675248321973837,25609.0,37281.0,107484.0,0.6869182693597274,0.23825871757656952,0.3538009878078265
AlphaQCH_s08,AlphaQCH,Alpha,QCH,2,8,s08,2575967173,3,0.2704270533983827,0.8044078460455155,0.6380084972477729,12689.0,17492.0,53134.0,0.7254173336382346,0.23881130726088756,0.3593294254240648
AlphaQCH_s08,AlphaQCH,Alpha,QCH,2,8,s08,2575967173,4,0.276879302776261,0.8519273632284672,0.6808036937683554,7280.0,9628.0,30491.0,0.7561279601163273,0.2387589780590994,0.36292031207158704
AlphaQCH_s08,AlphaQCH,Alpha,QCH,2,8,s08,2575967173,5,0.27591307456210634,0.883113770333352,0.7140183547678046,4687.0,5923.0,19331.0,0.7913219652203275,0.24246029693238838,0.37118872257860136
AlphaQCH_s08,AlphaQCH,Alpha,QCH,2,8,s08,2575967173,6,0.2718984447895112,0.9049552500981902,0.7409011960950027,3277.0,3959.0,13072.0,0.8277342763324071,0.25068849449204406,0.3848276671951148
AlphaQCH_s08,AlphaQCH,Alpha,QCH,2,8,s08,2575967173,7,0.266133607878649,0.9203467002593719,0.7620628985029115,2509.0,2903.0,9309.0,0.8642783327592146,0.2695241164464497,0.4109073042908614
AlphaQCH_s08,AlphaQCH,Alpha,QCH,2,8,s08,2575967173,8,0.26041901510515636,0.9314448511918167,0.7786767797462807,2068.0,2306.0,6930.0,0.8967909800520382,0.2984126984126984,0.447812906019922
AlphaQCH_s08,AlphaQCH,Alpha,QCH,2,8,s08,2575967173,9,0.2550729827433327,0.94004148962102,0.7923864842983626,1776.0,1927.0,5290.0,0.9216398546964193,0.3357277882797732,0.4921712622973535
AlphaQCH_s08,AlphaQCH,Alpha,QCH,2,8,s08,2575967173,10,0.24948336985374023,0.94658566539263,0.8040870951949664,1605.0,1696.0,4234.0,0.9463443396226415,0.3790741615493623,0.5413153456998313
AlphaQCH_s09,AlphaQCH,Alpha,QCH,2,9,s09,2918267749,1,0.2229223638801317,0.6082997139810279,0.4667436103962598,76622.0,118740.0,273284.0,0.6452922351355904,0.28037499451120446,0.3909046384915209
AlphaQCH_s09,AlphaQCH,Alpha,QCH,2,9,s09,2918267749,2,0.2624187794014657,0.7299641087478879,0.5694618484787044,27114.0,39992.0,107484.0,0.6779855971194239,0.25226080160768116,0.3677072879654995
AlphaQCH_s09,AlphaQCH,Alpha,QCH,2,9,s09,2918267749,3,0.2831293700489379,0.8058120032561743,0.6377287621020522,13614.0,19021.0,53134.0,0.715735239997897,0.2562201227086235,0.3773543067008523
AlphaQCH_s09,AlphaQCH,Alpha,QCH,2,9,s09,2918267749,4,0.2901868748553137,0.8520211769539119,0.6779784126652846,7916.0,10638.0,30491.0,0.7441248354953939,0.2596175920763504,0.38493520387074814
AlphaQCH_s09,AlphaQCH,Alpha,QCH,2,9,s09,2918267749,5,0.2893047062970285,0.8822766418056315,0.7107085669843397,5082.0,6577.0,19331.0,0.7726927170442451,0.26289379752728775,0.3923112552107457
AlphaQCH_s09,AlphaQCH,Alpha,QCH,2,9,s09,2918267749,6,0.2852006717620043,0.903770769218724,0.7373268676684306,3541.0,4396.0,13072.0,0.8055050045495905,0.2708843329253366,0.4054270666361346
AlphaQCH_s09,AlphaQCH,Alpha,QCH,2,9,s09,2918267749,7,0.2787667949850961,0.9190434098888896,0.7587622066424269,2694.0,3191.0,9309.0,0.844249451582576,0.2893973573960683,0.43104000000000003
AlphaQCH_s09,AlphaQCH,Alpha,QCH,2,9,s09,2918267749,8,0.27246916901923146,0.9302325338328974,0.7754525891133721,2195.0,2496.0,6930.0,0.8794070512820513,0.31673881673881676,0.46573307871843844
AlphaQCH_s09,AlphaQCH,Alpha,QCH,2,9,s09,2918267749,9,0.2660903468559924,0.9391837405427704,0.7901448312520475,1853.0,2034.0,5290.0,0.9110127826941986,0.3502835538752363,0.50600764609503
AlphaQCH_s09,AlphaQCH,Alpha,QCH,2,9,s09,2918267749,10,0.25991414781699695,0.9455443478141448,0.8016555893300793,1659.0,1770.0,4234.0,0.9372881355932203,0.391828058573453,0.5526315789473684
AlphaQCH_s10,AlphaQCH,Alpha,QCH,2,10,s10,3763609086,1,0.21348205967781766,0.6040176343777057,0.46294143762443773,74058.0,114072.0,273284.0,0.6492215442878182,0.27099281333704134,0.3823769349125869
AlphaQCH_s10,AlphaQCH,Alpha,QCH,2,10,s10,3763609086,2,0.25090601594588063,0.727564275239088,0.5671015823794034,25677.0,37330.0,107484.0,0.6878381998392714,0.23889136987830747,0.35462040962890323
AlphaQCH_s10,AlphaQCH,Alpha,QCH,2,10,s10,3763609086,3,0.2702412318830888,0.8048298085925423,0.6377272618380772,12644.0,17363.0,53134.0,0.7282151701894833,0.2379643919147815,0.3587102997290665
AlphaQCH_s10,AlphaQCH,Alpha,QCH,2,10,s10,3763609086,4,0.2764937593221882,0.8518746380366934,0.6803255226394256,7317.0,9620.0,30491.0,0.7606029106029106,0.23997245088714703,0.3648375757273566
AlphaQCH_s10,AlphaQCH,Alpha,QCH,2,10,s10,3763609086,5,0.2756095982644977,0.8829756065601995,0.713425800537747,4717.0,5950.0,19331.0,0.7927731092436975,0.2440122083699757,0.3731656184486373
AlphaQCH_s10,AlphaQCH,Alpha,QCH,2,10,s10,3763609086,6,0.27146260353481455,0.9045028395700505,0.739960900864758,3312.0,3997.0,13072.0,0.8286214660995747,0.2533659730722154,0.38807194328900346
AlphaQCH_s10,AlphaQCH,Alpha,QCH,2,10,s10,3763609086,7,0.2659543303537895,0.919607363091814,0.7605764826069366,2543.0,2954.0,9309.0,0.8608666215301286,0.27317649586421744,0.4147435374704396
AlphaQCH_s10,AlphaQCH,Alpha,QCH,2,10,s10,3763609086,8,0.25998333259524375,0.9309344093185057,0.7773618765723445,2058.0,2295.0,6930.0,0.8967320261437909,0.296969696969697,0.44617886178861793
AlphaQCH_s10,AlphaQCH,Alpha,QCH,2,10,s10,3763609086,9,0.2539987804306018,0.9395523794161557,0.791345210124056,1781.0,1923.0,5290.0,0.9261570462818512,0.3366729678638941,0.49383058366837657
AlphaQCH_s10,AlphaQCH,Alpha,QCH,2,10,s10,3763609086,10,0.2482955178018748,0.9458270734229737,0.8025270822796227,1611.0,1703.0,4234.0,0.9459776864357017,0.3804912612187057,0.5426983324911571
Beta_s01,Beta,Beta,base,3,1,s01,1608668,1,0.164943596406922,0.5709380184831762,0.438090079745274,58478.0,88457.0,273284.0,0.6610895689431023,0.21398252367500475,0.32331419440981257
Beta_s01,Beta,Beta,base,3,1,s01,1608668,2,0.1921141527801998,0.6997564012985537,0.5477717315796269,17784.0,24812.0,107484.0,0.7167499596969208,0.16545718432510886,0.268851665961178
Beta_s01,Beta,Beta,base,3,1,s01,1608668,3,0.20588013879098543,0.7828459500616168,0.628699007703877,8185.0,10623.0,53134.0,0.7704979760896169,0.1540444912861821,0.256756120896529
Beta_s01,Beta,Beta,base,3,1,s01,1608668,4,0.21170311258223887,0.8367162992611539,0.6827816193317909,4562.0,5577.0,30491.0,0.8180025103102027,0.1496179200419796,0.25296661860929354
Beta_s01,Beta,Beta,base,3,1,s01,1608668,5,0.21262425167052515,0.8728303196347263,0.7185851214013163,3001.0,3439.0,19331.0,0.872637394591451,0.15524287413998242,0.26359244620114186
Beta_s01,Beta,Beta,base,3,1,s01,1608668,6,0.2115481848518556,0.8977927531528821,0.7442655012785133,2200.0,2411.0,13072.0,0.9124844462878474,0.16829865361077112,0.28418265194083836
Beta_s01,Beta,Beta,base,3,1,s01,1608668,7,0.2097798082286382,0.9150170207298545,0.7640399932280095,1806.0,1907.0,9309.0,0.9470372312532774,0.1940058008378988,0.32203994293865906
Beta_s01,Beta,Beta,base,3,1,s01,1608668,8,0.20796255587011364,0.9269379981840691,0.778873313014887,1580.0,1633.0,6930.0,0.9675443968156767,0.227994227994228,0.369029545719958
Beta_s01,Beta,Beta,base,3,1,s01,1608668,9,0.206059852725605,0.9354489737602574,0.7900210876537094,1438.0,1475.0,5290.0,0.9749152542372881,0.2718336483931947,0.4251293422025129
Beta_s01,Beta,Beta,base,3,1,s01,1608668,10,0.20371355631362695,0.9411703807507787,0.798261930467522,1331.0,1353.0,4234.0,0.983739837398374,0.31435994331601325,0.47646321818507253
Beta_s02,Beta,Beta,base,3,2,s02,800022071,1,0.1624722383078434,0.5693187535621504,0.4357270692940175,58053.0,87726.0,273284.0,0.6617536420217496,0.21242736493903777,0.3216143597130273
Beta_s02,Beta,Beta,base,3,2,s02,800022071,2,0.1891549437733078,0.6989452127122614,0.545810622439405,17610.0,24410.0,107484.0,0.7214256452273659,0.1638383387294853,0.2670326171016119
Beta_s02,Beta,Beta,base,3,2,s02,800022071,3,0.20230942031632393,0.7820906199390023,0.6268150161690348,8032.0,10394.0,53134.0,0.7727535116413315,0.15116497910942145,0.25286487847878103
Beta_s02,Beta,Beta,base,3,2,s02,800022071,4,0.20772417486924158,0.8361886920415478,0.6812150237030731,4446.0,5421.0,30491.0,0.8201438848920863,0.1458135187432357,0.24760525729561148
Beta_s02,Beta,Beta,base,3,2,s02,800022071,5,0.2082468733347961,0.8723273481252396,0.7175231677978375,2956.0,3363.0,19331.0,0.8789771037763902,0.15291500698360147,0.2605093857407244
Beta_s02,Beta,Beta,base,3,2,s02,800022071,6,0.20688921445514163,0.8970401742154304,0.7428882921144526,2173.0,2369.0,13072.0,0.9172646686365555,0.16623317013463892,0.2814584547632925
Beta_s02,Beta,Beta,base,3,2,s02,800022071,7,0.2051760777170613,0.9144173730417163,0.7627388960085699,1785.0,1884.0,9309.0,0.947452229299363,0.19174991943280695,0.31894934333958724
Beta_s02,Beta,Beta,base,3,2,s02,800022071,8,0.2033340769433572,0.9263434043410953,0.7776176861453633,1573.0,1626.0,6930.0,0.9674046740467405,0.22698412698412698,0.36769518466573164
Beta_s02,Beta,Beta,base,3,2,s02,800022071,9,0.20123370527389714,0.935053686973199,0.7892675208969002,1435.0,1470.0,5290.0,0.9761904761904762,0.2712665406427221,0.4245562130177515
Beta_s02,Beta,Beta,base,3,2,s02,800022071,10,0.19869960290487604,0.9409806848599928,0.7979926821194214,1321.0,1339.0,4234.0,0.9865571321882002,0.3119981105337742,0.4740714157545307
Beta_s03,Beta,Beta,base,3,3,s03,1364179249,1,0.1654724062758406,0.5710595672637471,0.4380661164577403,58404.0,88319.0,273284.0,0.6612846612846612,0.21371174309509522,0.3230282934599547
Beta_s03,Beta,Beta,base,3,3,s03,1364179249,2,0.1927982440529157,0.6994816100922701,0.5475089236675748,17802.0,24846.0,107484.0,0.7164936005795701,0.16562465111086302,0.2690546361369304
Beta_s03,Beta,Beta,base,3,3,s03,1364179249,3,0.20667227860778234,0.7824930909012309,0.6283373951666846,8133.0,10562.0,53134.0,0.7700246165498958,0.15306583355290398,0.2553692539562924
Beta_s03,Beta,Beta,base,3,3,s03,1364179249,4,0.21282219309742245,0.8362440295725106,0.6821672536985162,4574.0,5609.0,30491.0,0.815475129256552,0.15001147879702206,0.25340720221606644
Beta_s03,Beta,Beta,base,3,3,s03,1364179249,5,0.21391290726817042,0.8725215360745667,0.7181232390148343,3001.0,3436.0,19331.0,0.8733993015133876,0.15524287413998242,0.26362717968990207
Beta_s03,Beta,Beta,base,3,3,s03,1364179249,6,0.2129779110514479,0.8971685804099845,0.7436232017073956,2202.0,2415.0,13072.0,0.9118012422360249,0.1684516523867809,0.28436753406082516
Beta_s03,Beta,Beta,base,3,3,s03,1364179249,7,0.21141610547282558,0.9141270501061187,0.7631922370758948,1812.0,1918.0,9309.0,0.9447340980187695,0.19465033838221077,0.3227932662331879
Beta_s03,Beta,Beta,base,3,3,s03,1364179249,8,0.20972511225495566,0.9261077540496181,0.7780241167120012,1587.0,1638.0,6930.0,0.9688644688644689,0.22900432900432902,0.3704481792717087
Beta_s03,Beta,Beta,base,3,3,s03,1364179249,9,0.207895244422537,0.9343113360908071,0.7888632940945436,1435.0,1472.0,5290.0,0.9748641304347826,0.2712665406427221,0.4244306418219461
Beta_s03,Beta,Beta,base,3,3,s03,1364179249,10,0.20563944571385134,0.9401946854878267,0.7971882249403589,1352.0,1371.0,4234.0,0.9861415025528811,0.31931979215871514,0.48242640499553974
Beta_s04,Beta,Beta,base,3,4,s04,1418059007,1,0.16557538563965443,0.571671643323042,0.4387606594240673,58543.0,88596.0,273284.0,0.660786040001806,0.21422037148168205,0.32354924284293135
Beta_s04,Beta,Beta,base,3,4,s04,1418059007,2,0.19292781436232004,0.7007705926802376,0.5486413931544247,17806.0,24757.0,107484.0,0.7192309245869855,0.16566186595214172,0.26929620919382036
Beta_s04,Beta,Beta,base,3,4,s04,1418059007,3,0.20688420178572242,0.7834290841623215,0.629202004263842,8168.0,10605.0,53134.0,0.7702027345591702,0.15372454548876427,0.2562952038783163
Beta_s04,Beta,Beta,base,3,4,s04,1418059007,4,0.2128379485498935,0.8371175217847732,0.6830762204285775,4524.0,5542.0,30491.0,0.8163118007939372,0.14837165065101177,0.2511031554408459
Beta_s04,Beta,Beta,base,3,4,s04,1418059007,5,0.21380189731443539,0.8730991248588571,0.7186854922735066,3022.0,3452.0,19331.0,0.8754345307068366,0.15632921214629353,0.2652855199051925
Beta_s04,Beta,Beta,base,3,4,s04,1418059007,6,0.21292315631286982,0.8976698114476268,0.7440827326711593,2210.0,2422.0,13072.0,0.9124690338563171,0.16906364749082006,0.28527171808441976
Beta_s04,Beta,Beta,base,3,4,s04,1418059007,7,0.21156303923241745,0.9143212113812815,0.763171580428279,1811.0,1933.0,9309.0,0.9368856699430936,0.19454291545815877,0.32218466465041806
Beta_s04,Beta,Beta,base,3,4,s04,1418059007,8,0.20971542357965262,0.9265882553771105,0.7784771691577629,1579.0,1636.0,6930.0,0.965158924205379,0.22784992784992786,0.3686668223208032
Beta_s04,Beta,Beta,base,3,4,s04,1418059007,9,0.20775084131781452,0.9354602022266658,0.7901559618564918,1446.0,1479.0,5290.0,0.9776876267748479,0.27334593572778826,0.42724183778992464
Beta_s04,Beta,Beta,base,3,4,s04,1418059007,10,0.20559907710468422,0.9410901112880888,0.7982789399226107,1343.0,1363.0,4234.0,0.9853264856933236,0.31719414265470003,0.47989994639985706
Beta_s05,Beta,Beta,base,3,5,s05,2068136963,1,0.1671984778303178,0.5728254108126019,0.44048104309553643,58710.0,88808.0,273284.0,0.6610890910728763,0.21483145738499143,0.32428222661643996
Beta_s05,Beta,Beta,base,3,5,s05,2068136963,2,0.1948819605193162,0.7012255201482861,0.5499897959874906,17805.0,24875.0,107484.0,0.7157788944723618,0.16565256224182204,0.2690410172334333
Beta_s05,Beta,Beta,base,3,5,s05,2068136963,3,0.2092298360984686,0.7836126435378048,0.6303917473724243,8197.0,10683.0,53134.0,0.76729383132079,0.15427033537847706,0.25689079712302365
Beta_s05,Beta,Beta,base,3,5,s05,2068136963,4,0.21574012897448358,0.837640910093254,0.6842712765150607,4584.0,5619.0,30491.0,0.8158035237586759,0.15033944442622413,0.25389088895042927
Beta_s05,Beta,Beta,base,3,5,s05,2068136963,5,0.21707778341380327,0.8730172842802321,0.7191106060764736,3024.0,3494.0,19331.0,0.8654836863194046,0.15643267290879934,0.2649726177437021
Beta_s05,Beta,Beta,base,3,5,s05,2068136963,6,0.21639339689093154,0.8982780983260061,0.7452867462929782,2211.0,2420.0,13072.0,0.9136363636363637,0.16914014687882498,0.285437645236251
Beta_s05,Beta,Beta,base,3,5,s05,2068136963,7,0.21506506316628096,0.9149850244686238,0.7645149927745346,1824.0,1932.0,9309.0,0.9440993788819876,0.19593941347083468,0.3245262876968241
Beta_s05,Beta,Beta,base,3,5,s05,2068136963,8,0.21360207640522347,0.9267787246977871,0.779094858403426,1588.0,1645.0,6930.0,0.9653495440729484,0.22914862914862916,0.37037900874635565
Beta_s05,Beta,Beta,base,3,5,s05,2068136963,9,0.21201717841896828,0.9353011843204071,0.7900630050633242,1441.0,1480.0,5290.0,0.9736486486486486,0.2724007561436673,0.42570162481536195
Beta_s05,Beta,Beta,base,3,5,s05,2068136963,10,0.20973742577090934,0.9412466291810498,0.7983824364994385,1348.0,1367.0,4234.0,0.986100950987564,0.31837505904581953,0.48134261738975176
Beta_s06,Beta,Beta,base,3,6,s06,2072361201,1,0.16469290061723257,0.5703523833357443,0.43712043667685135,58452.0,88431.0,273284.0,0.6609899243477966,0.21388738455233383,0.3231936745780518
Beta_s06,Beta,Beta,base,3,6,s06,2072361201,2,0.19178173330911824,0.6991590415523273,0.5466502331051537,17852.0,24820.0,107484.0,0.7192586623690572,0.1660898366268468,0.26986334502358206
Beta_s06,Beta,Beta,base,3,6,s06,2072361201,3,0.20525140251094517,0.7820447935851356,0.6273578427896602,8151.0,10566.0,53134.0,0.7714366837024418,0.1534045996913464,0.25591836734693874
Beta_s06,Beta,Beta,base,3,6,s06,2072361201,4,0.2110363016840312,0.8356585933150459,0.6810686994296862,4545.0,5584.0,30491.0,0.813932664756447,0.1490603784723361,0.251975051975052
Beta_s06,Beta,Beta,base,3,6,s06,2072361201,5,0.21179894246190858,0.8720613102412695,0.7172150956580063,3001.0,3442.0,19331.0,0.8718768158047647,0.15524287413998242,0.26355772186361043
Beta_s06,Beta,Beta,base,3,6,s06,2072361201,6,0.21070746097945406,0.8971071925113501,0.74297111777392,2214.0,2422.0,13072.0,0.9141205615194055,0.16936964504283966,0.28578804698593
Beta_s06,Beta,Beta,base,3,6,s06,2072361201,7,0.20924772618659304,0.9138312653210683,0.7620702657343655,1821.0,1939.0,9309.0,0.9391438886023724,0.1956171446986787,0.32379089615931717
Beta_s06,Beta,Beta,base,3,6,s06,2072361201,8,0.2072872523773799,0.9257589787679827,0.7769205036046372,1586.0,1646.0,6930.0,0.9635479951397327,0.22886002886002885,0.36986940298507465
Beta_s06,Beta,Beta,base,3,6,s06,2072361201,9,0.20510556210481193,0.9347795052324841,0.7888155741415395,1439.0,1474.0,5290.0,0.9762550881953868,0.2720226843100189,0.42548787699586044
Beta_s06,Beta,Beta,base,3,6,s06,2072361201,10,0.20261996234195473,0.94063888763866,0.7972055946878895,1340.0,1355.0,4234.0,0.988929889298893,0.31648559282002836,0.4795133297548757
Beta_s07,Beta,Beta,base,3,7,s07,2891725340,1,0.1654355971582439,0.5710925443078219,0.4392620620086578,57839.0,87638.0,273284.0,0.6599762660033319,0.21164429677551558,0.32050692393370317
Beta_s07,Beta,Beta,base,3,7,s07,2891725340,2,0.19298599068924083,0.6997772472141972,0.5488624035671786,17556.0,24461.0,107484.0,0.7177139119414578,0.16333593837222285,0.26611087953313883
Beta_s07,Beta,Beta,base,3,7,s07,2891725340,3,0.20746579281261124,0.7827523571115893,0.629839552825224,8040.0,10443.0,53134.0,0.7698937087043953,0.15131554183761808,0.25292165405728484
Beta_s07,Beta,Beta,base,3,7,s07,2891725340,4,0.21393676433622225,0.8367511176418057,0.6840626090413269,4484.0,5458.0,30491.0,0.8215463539758153,0.14705978813420353,0.24946451917994938
Beta_s07,Beta,Beta,base,3,7,s07,2891725340,5,0.21569677831660464,0.8721352102419454,0.7186947876776827,2962.0,3400.0,19331.0,0.8711764705882353,0.15322538927111892,0.2606132594254542
Beta_s07,Beta,Beta,base,3,7,s07,2891725340,6,0.21555207675974575,0.8967744452174998,0.743844413538304,2207.0,2425.0,13072.0,0.9101030927835052,0.16883414932680538,0.2848293218042202
Beta_s07,Beta,Beta,base,3,7,s07,2891725340,7,0.21430820891275065,0.9138119400091398,0.7633268053307646,1810.0,1914.0,9309.0,0.9456635318704284,0.19443549253410677,0.3225519023434019
Beta_s07,Beta,Beta,base,3,7,s07,2891725340,8,0.21287391754040844,0.9254662556417055,0.7776512802262006,1579.0,1632.0,6930.0,0.9675245098039216,0.22784992784992786,0.36883905629525815
Beta_s07,Beta,Beta,base,3,7,s07,2891725340,9,0.21139741341986704,0.934107054214244,0.7886978934979275,1433.0,1468.0,5290.0,0.976158038147139,0.27088846880907375,0.42408996744599003
Beta_s07,Beta,Beta,base,3,7,s07,2891725340,10,0.20939114102363438,0.9399769393355617,0.7967481744972352,1340.0,1357.0,4234.0,0.9874723655121592,0.31648559282002836,0.47934179932033627
Beta_s08,Beta,Beta,base,3,8,s08,2575967173,1,0.16383781678507636,0.570636091484108,0.43708248916941117,58520.0,88265.0,273284.0,0.6630034555033139,0.21413620995008856,0.32371822353263324
Beta_s08,Beta,Beta,base,3,8,s08,2575967173,2,0.19070597270207712,0.6996781410627015,0.5468541942725704,17744.0,24712.0,107484.0,0.7180317254775008,0.16508503591232182,0.26844987745468846
Beta_s08,Beta,Beta,base,3,8,s08,2575967173,3,0.2039826310373232,0.7825733922083904,0.6276137487575629,8115.0,10553.0,53134.0,0.7689756467355254,0.15272706741446154,0.25484007725281455
Beta_s08,Beta,Beta,base,3,8,s08,2575967173,4,0.20926228567368288,0.8371185389772208,0.6825100640705395,4521.0,5489.0,30491.0,0.8236472945891784,0.14827326096225116,0.25130628126737076
Beta_s08,Beta,Beta,base,3,8,s08,2575967173,5,0.20989298946193824,0.872922116609555,0.7182365496191255,2938.0,3346.0,19331.0,0.8780633592349073,0.15198386012104909,0.2591171671737884
Beta_s08,Beta,Beta,base,3,8,s08,2575967173,6,0.20871351637926225,0.8975989002437175,0.7435862829268083,2186.0,2387.0,13072.0,0.915793883535819,0.16722766217870258,0.2828126010738082
Beta_s08,Beta,Beta,base,3,8,s08,2575967173,7,0.207039313904068,0.9149088688612992,0.7634365411283943,1804.0,1904.0,9309.0,0.9474789915966386,0.19379095498979482,0.32176937483278334
Beta_s08,Beta,Beta,base,3,8,s08,2575967173,8,0.2050203434245914,0.9267114656969474,0.7783127070289323,1567.0,1617.0,6930.0,0.969078540507112,0.2261183261183261,0.3666783666783667
Beta_s08,Beta,Beta,base,3,8,s08,2575967173,9,0.20296042901786288,0.9353702813218406,0.7898348096839107,1421.0,1456.0,5290.0,0.9759615384615384,0.26862003780718335,0.4212866884079454
Beta_s08,Beta,Beta,base,3,8,s08,2575967173,10,0.2003148577996628,0.9414500645515919,0.7987154086254775,1324.0,1339.0,4234.0,0.9887976101568334,0.3127066603684459,0.47514803516956755
Beta_s09,Beta,Beta,base,3,9,s09,2918267749,1,0.16447329524382837,0.5706075142457155,0.43826426841553534,57792.0,87360.0,273284.0,0.6615384615384615,0.21147231451530277,0.3204933396923282
Beta_s09,Beta,Beta,base,3,9,s09,2918267749,2,0.19164639062455008,0.6993212624453569,0.5479162527899633,17503.0,24323.0,107484.0,0.7196069563787362,0.16284284172528005,0.2655852875795671
Beta_s09,Beta,Beta,base,3,9,s09,2918267749,3,0.20586449344838606,0.782280891449466,0.6288535017251856,7982.0,10350.0,53134.0,0.7712077294685991,0.1502239620581925,0.251464936046878
Beta_s09,Beta,Beta,base,3,9,s09,2918267749,4,0.21198380876633405,0.836410185956415,0.6832499967389006,4475.0,5425.0,30491.0,0.8248847926267281,0.14676461906792168,0.24919256041875484
Beta_s09,Beta,Beta,base,3,9,s09,2918267749,5,0.21338484725995419,0.8719439658526913,0.7184064279087492,2934.0,3359.0,19331.0,0.873474248288181,0.15177693859603744,0.25861613045394444
Beta_s09,Beta,Beta,base,3,9,s09,2918267749,6,0.21288385490406678,0.8966705694635247,0.7436841963507795,2164.0,2373.0,13072.0,0.9119258322798146,0.16554467564259487,0.28022013596633216
Beta_s09,Beta,Beta,base,3,9,s09,2918267749,7,0.21173823634307914,0.9139672264318933,0.763294358795547,1782.0,1888.0,9309.0,0.9438559322033898,0.19142765066065098,0.3182995445208538
Beta_s09,Beta,Beta,base,3,9,s09,2918267749,8,0.21023123732251522,0.925761928892043,0.7777827654667147,1570.0,1617.0,6930.0,0.9709338280766853,0.22655122655122656,0.3673803673803674
Beta_s09,Beta,Beta,base,3,9,s09,2918267749,9,0.20875842320947857,0.9341496420731744,0.7885984249695106,1431.0,1466.0,5290.0,0.9761255115961801,0.27051039697542534,0.4236234458259325
Beta_s09,Beta,Beta,base,3,9,s09,2918267749,10,0.20674730040913053,0.9399007629539969,0.7965678401279322,1343.0,1363.0,4234.0,0.9853264856933236,0.31719414265470003,0.47989994639985706
Beta_s10,Beta,Beta,base,3,10,s10,3763609086,1,0.1655062221292078,0.5710642349554524,0.4373304608764337,58990.0,89249.0,273284.0,0.6609597866642763,0.21585603255221675,0.3254324433913603
Beta_s10,Beta,Beta,base,3,10,s10,3763609086,2,0.19264350132816685,0.6999887568080775,0.5469419744473369,18087.0,25148.0,107484.0,0.7192222045490695,0.16827620855197054,0.2727396103504433
Beta_s10,Beta,Beta,base,3,10,s10,3763609086,3,0.2060654429369513,0.7829279475843481,0.6275888210659778,8274.0,10757.0,53134.0,0.7691735614018779,0.15571950163736967,0.2590036155327041
Beta_s10,Beta,Beta,base,3,10,s10,3763609086,4,0.2115537402633569,0.8367696277310593,0.6815800860690985,4621.0,5654.0,30491.0,0.8172974885037142,0.15155291725427175,0.2556923502559137
Beta_s10,Beta,Beta,base,3,10,s10,3763609086,5,0.21195929629826832,0.8725841655671626,0.7172529207533078,3066.0,3512.0,19331.0,0.873006833712984,0.15860534892142156,0.2684410979293438
Beta_s10,Beta,Beta,base,3,10,s10,3763609086,6,0.2106435488256332,0.8972428813791727,0.7426628587583328,2234.0,2458.0,13072.0,0.9088689991863304,0.17089963280293757,0.2877012234385061
Beta_s10,Beta,Beta,base,3,10,s10,3763609086,7,0.20877041284577635,0.9142797172214401,0.7622971750019312,1828.0,1949.0,9309.0,0.9379168804515136,0.19636910516704265,0.3247468466868005
Beta_s10,Beta,Beta,base,3,10,s10,3763609086,8,0.20637077539629745,0.9264203317637116,0.7777220654963724,1583.0,1633.0,6930.0,0.9693815064298836,0.22842712842712842,0.3697302347308187
Beta_s10,Beta,Beta,base,3,10,s10,3763609086,9,0.20416630947278183,0.9349953882965544,0.7893001748714973,1439.0,1475.0,5290.0,0.9755932203389831,0.2720226843100189,0.4254249815225425
Beta_s10,Beta,Beta,base,3,10,s10,3763609086,10,0.2015480651421519,0.9412334558632649,0.7982963051228191,1339.0,1357.0,4234.0,0.9867354458364038,0.3162494095418044,0.47898408155964944
BetaQCL_s01,BetaQCL,Beta,QCL,4,1,s01,1608668,1,0.11397750008919823,0.5287809716426087,0.39643024451159337,43858.0,64176.0,273284.0,0.6834018947893293,0.16048506315774066,0.2599300657855746
BetaQCL_s01,BetaQCL,Beta,QCL,4,1,s01,1608668,2,0.13019725914001534,0.662625311323105,0.5067337052081621,11321.0,14758.0,107484.0,0.767109364412522,0.10532730452904618,0.18522275486330392
BetaQCL_s01,BetaQCL,Beta,QCL,4,1,s01,1608668,3,0.13795042048885445,0.7514551068973403,0.5928590859823659,4750.0,5638.0,53134.0,0.8424973394820858,0.08939661986675199,0.16164159803988296
BetaQCL_s01,BetaQCL,Beta,QCL,4,1,s01,1608668,4,0.14140238098522576,0.810627234337347,0.6543094450213238,2647.0,2918.0,30491.0,0.907128169979438,0.08681250204978518,0.15846029513005477
BetaQCL_s01,BetaQCL,Beta,QCL,4,1,s01,1608668,5,0.14267513111378122,0.8505839410248625,0.6967219306685224,1885.0,1975.0,19331.0,0.9544303797468354,0.09751176866173504,0.17694546137238337
BetaQCL_s01,BetaQCL,Beta,QCL,4,1,s01,1608668,6,0.14257847384438663,0.8785183322216041,0.726418127295279,1530.0,1569.0,13072.0,0.9751434034416826,0.11704406364749081,0.20900211734171165
BetaQCL_s01,BetaQCL,Beta,QCL,4,1,s01,1608668,7,0.14219403342832468,0.8986075854545894,0.7469256926074641,1341.0,1358.0,9309.0,0.9874815905743741,0.1440541411537222,0.25142964282366176
BetaQCL_s01,BetaQCL,Beta,QCL,4,1,s01,1608668,8,0.14147060854868918,0.9129127955304661,0.7610004538677488,1218.0,1230.0,6930.0,0.9902439024390244,0.17575757575757575,0.2985294117647059
BetaQCL_s01,BetaQCL,Beta,QCL,4,1,s01,1608668,9,0.14063848144952545,0.9236260633928692,0.77255098715463,1135.0,1139.0,5290.0,0.9964881474978051,0.21455576559546313,0.3530875719396485
BetaQCL_s01,BetaQCL,Beta,QCL,4,1,s01,1608668,10,0.13955497077593693,0.9302201302546483,0.7806517543317502,1054.0,1057.0,4234.0,0.9971617786187322,0.24893717524799244,0.3984123984123984
BetaQCL_s02,BetaQCL,Beta,QCL,4,2,s02,800022071,1,0.11217878751683547,0.5276006047698252,0.3954983593060024,43523.0,63648.0,273284.0,0.6838078179989945,0.1592592321540961,0.2583488656464806
BetaQCL_s02,BetaQCL,Beta,QCL,4,2,s02,800022071,2,0.1281202820163288,0.6622444530880681,0.5064682321210155,11200.0,14536.0,107484.0,0.7705008255365988,0.10420155558036545,0.18357646287493853
BetaQCL_s02,BetaQCL,Beta,QCL,4,2,s02,800022071,3,0.13564581896611574,0.7513482370846403,0.592940591120299,4687.0,5540.0,53134.0,0.846028880866426,0.08821093838220348,0.15976412039404164
BetaQCL_s02,BetaQCL,Beta,QCL,4,2,s02,800022071,4,0.1387112261396935,0.8108220627604756,0.6549230577162896,2610.0,2874.0,30491.0,0.9081419624217119,0.08559902922173757,0.15645137119736252
BetaQCL_s02,BetaQCL,Beta,QCL,4,2,s02,800022071,5,0.13983876767026854,0.8511585452128242,0.697936105333478,1864.0,1947.0,19331.0,0.9573703133025167,0.09642543065542393,0.17520443650719053
BetaQCL_s02,BetaQCL,Beta,QCL,4,2,s02,800022071,6,0.13956461136521234,0.8789586775826451,0.7277023893165433,1534.0,1572.0,13072.0,0.9758269720101781,0.1173500611995104,0.20950559956296094
BetaQCL_s02,BetaQCL,Beta,QCL,4,2,s02,800022071,7,0.13915498101636625,0.8989680974489562,0.7484947506479749,1351.0,1372.0,9309.0,0.9846938775510204,0.14512837039424212,0.2529725681116
BetaQCL_s02,BetaQCL,Beta,QCL,4,2,s02,800022071,8,0.13833871655798646,0.9138302897902182,0.7634227711438342,1218.0,1229.0,6930.0,0.9910496338486574,0.17575757575757575,0.2985660007353842
BetaQCL_s02,BetaQCL,Beta,QCL,4,2,s02,800022071,9,0.13740572699137646,0.9246031555356973,0.7750139676550596,1120.0,1125.0,5290.0,0.9955555555555555,0.21172022684310018,0.34918160561184725
BetaQCL_s02,BetaQCL,Beta,QCL,4,2,s02,800022071,10,0.1362403551800068,0.9318138508058239,0.78383520391533,1039.0,1041.0,4234.0,0.9980787704130644,0.2453944260746339,0.39393364928909946
BetaQCL_s03,BetaQCL,Beta,QCL,4,3,s03,1364179249,1,0.11499934848058815,0.5297435674570203,0.39796034942679315,44117.0,64689.0,273284.0,0.6819861181962931,0.16143279518742407,0.26106819183780955
BetaQCL_s03,BetaQCL,Beta,QCL,4,3,s03,1364179249,2,0.13136698788077422,0.6637811914626957,0.5087207307337103,11435.0,14899.0,107484.0,0.7675011745754748,0.10638792750548919,0.18687235972316416
BetaQCL_s03,BetaQCL,Beta,QCL,4,3,s03,1364179249,3,0.13923110902451266,0.7521642929037939,0.5947983235272016,4788.0,5718.0,53134.0,0.8373557187827911,0.090111792825686,0.16271324678855434
BetaQCL_s03,BetaQCL,Beta,QCL,4,3,s03,1364179249,4,0.1428031515178266,0.8121460993043745,0.6569723014694472,2686.0,2960.0,30491.0,0.9074324324324324,0.08809156800367321,0.1605931063346387
BetaQCL_s03,BetaQCL,Beta,QCL,4,3,s03,1364179249,5,0.1441359348198971,0.8515773697561941,0.6989964744137096,1897.0,1996.0,19331.0,0.9504008016032064,0.09813253323676996,0.17789656304215315
BetaQCL_s03,BetaQCL,Beta,QCL,4,3,s03,1364179249,6,0.14404073228467776,0.8790581957408512,0.7282371568526141,1536.0,1578.0,13072.0,0.973384030418251,0.1175030599755202,0.20969283276450515
BetaQCL_s03,BetaQCL,Beta,QCL,4,3,s03,1364179249,7,0.14377924004412157,0.8987246550375856,0.748414958228603,1330.0,1358.0,9309.0,0.979381443298969,0.14287248898915028,0.24936720727477266
BetaQCL_s03,BetaQCL,Beta,QCL,4,3,s03,1364179249,8,0.1429279489731662,0.913563621365993,0.763327196697497,1219.0,1231.0,6930.0,0.9902518277822908,0.1759018759018759,0.29873789976718534
BetaQCL_s03,BetaQCL,Beta,QCL,4,3,s03,1364179249,9,0.14206611180028245,0.9241265311240607,0.7750243234727934,1137.0,1142.0,5290.0,0.9956217162872154,0.21493383742911154,0.353544776119403
BetaQCL_s03,BetaQCL,Beta,QCL,4,3,s03,1364179249,10,0.14101778050275904,0.9314934574740297,0.784071567194803,1067.0,1070.0,4234.0,0.997196261682243,0.25200755786490314,0.40233785822021106
BetaQCL_s04,BetaQCL,Beta,QCL,4,4,s04,1418059007,1,0.11096825891221633,0.5237227678429648,0.38857594643348825,44206.0,64545.0,273284.0,0.6848865132853048,0.16175846372272068,0.26170636623854077
BetaQCL_s04,BetaQCL,Beta,QCL,4,4,s04,1418059007,2,0.1262949170044711,0.6579759567265802,0.4989198452509602,11500.0,15010.0,107484.0,0.7661558960692871,0.1069926686762681,0.18776429865952615
BetaQCL_s04,BetaQCL,Beta,QCL,4,4,s04,1418059007,3,0.13272784476297111,0.7479006102369471,0.5852388935788823,4791.0,5698.0,53134.0,0.8408213408213409,0.09016825384875973,0.16287054664128367
BetaQCL_s04,BetaQCL,Beta,QCL,4,4,s04,1418059007,4,0.13484234315026725,0.8083275980411214,0.6475876365973018,2686.0,2947.0,30491.0,0.9114353579911775,0.08809156800367321,0.16065554159937795
BetaQCL_s04,BetaQCL,Beta,QCL,4,4,s04,1418059007,5,0.13476175005756352,0.8487415517981375,0.6908390675315745,1905.0,1986.0,19331.0,0.959214501510574,0.09854637628679323,0.17873059060843458
BetaQCL_s04,BetaQCL,Beta,QCL,4,4,s04,1418059007,6,0.13351500546417464,0.8772507595076896,0.7218598139972345,1536.0,1567.0,13072.0,0.9802169751116784,0.1175030599755202,0.20985039961746024
BetaQCL_s04,BetaQCL,Beta,QCL,4,4,s04,1418059007,7,0.13238258990725876,0.8971703645036597,0.743166601966224,1329.0,1354.0,9309.0,0.981536189069424,0.14276506606509828,0.24927318765825754
BetaQCL_s04,BetaQCL,Beta,QCL,4,4,s04,1418059007,8,0.13080839065375754,0.9122495419114499,0.75913636470181,1201.0,1212.0,6930.0,0.990924092409241,0.1733044733044733,0.29501351019405553
BetaQCL_s04,BetaQCL,Beta,QCL,4,4,s04,1418059007,9,0.12914969155014833,0.9240048331947606,0.7717708594759377,1107.0,1109.0,5290.0,0.9981965734896303,0.20926275992438564,0.3459915611814346
BetaQCL_s04,BetaQCL,Beta,QCL,4,4,s04,1418059007,10,0.1273352250857107,0.9315568108138556,0.7812806055712476,1025.0,1026.0,4234.0,0.9990253411306043,0.2420878601794993,0.38973384030418246
BetaQCL_s05,BetaQCL,Beta,QCL,4,5,s05,2068136963,1,0.1109541538309474,0.5249697306323404,0.3923500386000715,43370.0,63519.0,273284.0,0.6827878272642831,0.158699375009148,0.2575392737000561
BetaQCL_s05,BetaQCL,Beta,QCL,4,5,s05,2068136963,2,0.12672438746459624,0.659623394811574,0.5028877624869723,11214.0,14573.0,107484.0,0.7695052494338845,0.1043318075248409,0.18375021506345396
BetaQCL_s05,BetaQCL,Beta,QCL,4,5,s05,2068136963,3,0.13377729853806175,0.7489267164540816,0.5891907537359887,4649.0,5518.0,53134.0,0.8425154041319318,0.08749576542326946,0.15852826843074405
BetaQCL_s05,BetaQCL,Beta,QCL,4,5,s05,2068136963,4,0.13653772923691632,0.8089514949648196,0.651497628357518,2672.0,2928.0,30491.0,0.912568306010929,0.08763241612279034,0.15990903378317725
BetaQCL_s05,BetaQCL,Beta,QCL,4,5,s05,2068136963,5,0.13751789735276865,0.8495444142309572,0.6946450449544411,1877.0,1965.0,19331.0,0.9552162849872774,0.09709792561171175,0.17627723516153268
BetaQCL_s05,BetaQCL,Beta,QCL,4,5,s05,2068136963,6,0.13688291493892188,0.8779524845737133,0.7252076636920964,1503.0,1540.0,13072.0,0.9759740259740259,0.11497858017135863,0.2057213249384068
BetaQCL_s05,BetaQCL,Beta,QCL,4,5,s05,2068136963,7,0.13620593896695754,0.8980963230992377,0.7461972772999254,1320.0,1343.0,9309.0,0.9828741623231572,0.14179825974863036,0.2478407810739767
BetaQCL_s05,BetaQCL,Beta,QCL,4,5,s05,2068136963,8,0.1351446876104505,0.912928018797256,0.7612417012974041,1204.0,1217.0,6930.0,0.9893179950698439,0.17373737373737375,0.29556892107524246
BetaQCL_s05,BetaQCL,Beta,QCL,4,5,s05,2068136963,9,0.1338984869621204,0.9236450583978699,0.772775342647708,1107.0,1113.0,5290.0,0.9946091644204852,0.20926275992438564,0.345775417772919
BetaQCL_s05,BetaQCL,Beta,QCL,4,5,s05,2068136963,10,0.13248681890200784,0.9310031502549463,0.7817025255144803,1026.0,1027.0,4234.0,0.9990262901655307,0.24232404345772318,0.39003991636570995
BetaQCL_s06,BetaQCL,Beta,QCL,4,6,s06,2072361201,1,0.11318707099865134,0.5279239477011918,0.3961644810610201,43855.0,64334.0,273284.0,0.6816768738147791,0.16047408556666326,0.2597906509724008
BetaQCL_s06,BetaQCL,Beta,QCL,4,6,s06,2072361201,2,0.1292162816507276,0.6625139227517478,0.5072282843837975,11375.0,14819.0,107484.0,0.7675956542276807,0.10582970488630866,0.18601342567230567
BetaQCL_s06,BetaQCL,Beta,QCL,4,6,s06,2072361201,3,0.13665386572895943,0.7514617738272403,0.5936755486592759,4722.0,5627.0,53134.0,0.8391682957170784,0.08886965031806376,0.1607188441313116
BetaQCL_s06,BetaQCL,Beta,QCL,4,6,s06,2072361201,4,0.1400418916942403,0.8121552107849119,0.65657363185626,2645.0,2894.0,30491.0,0.9139599170697996,0.08674690892394477,0.15845439568668562
BetaQCL_s06,BetaQCL,Beta,QCL,4,6,s06,2072361201,5,0.14123664849148057,0.8518387606082729,0.6989644697645656,1886.0,1979.0,19331.0,0.9530065689742294,0.09756349904298794,0.17700610042233691
BetaQCL_s06,BetaQCL,Beta,QCL,4,6,s06,2072361201,6,0.1407311153063476,0.8800987981137901,0.7293022283070729,1501.0,1535.0,13072.0,0.9778501628664495,0.11482558139534883,0.20551790237557332
BetaQCL_s06,BetaQCL,Beta,QCL,4,6,s06,2072361201,7,0.14016216606992699,0.9001515301398506,0.7501416639275221,1333.0,1348.0,9309.0,0.9888724035608308,0.14319475776130627,0.25016421131650557
BetaQCL_s06,BetaQCL,Beta,QCL,4,6,s06,2072361201,8,0.1393740680699958,0.9145240869945698,0.7645219186599491,1205.0,1215.0,6930.0,0.9917695473251029,0.1738816738816739,0.29588704726826276
BetaQCL_s06,BetaQCL,Beta,QCL,4,6,s06,2072361201,9,0.13833262503595145,0.9253030237126856,0.7762827258035379,1117.0,1120.0,5290.0,0.9973214285714286,0.2111531190926276,0.3485179407176287
BetaQCL_s06,BetaQCL,Beta,QCL,4,6,s06,2072361201,10,0.1372169935869035,0.9324075308608559,0.7849914143532365,1044.0,1047.0,4234.0,0.997134670487106,0.2465753424657534,0.39537966294262455
BetaQCL_s07,BetaQCL,Beta,QCL,4,7,s07,2891725340,1,0.1118410304355765,0.526270994380411,0.39350922427131524,43623.0,63725.0,273284.0,0.6845508042369557,0.15962515185667658,0.2588832939179666
BetaQCL_s07,BetaQCL,Beta,QCL,4,7,s07,2891725340,2,0.12763622841420547,0.6604633091657341,0.5039244981106193,11273.0,14687.0,107484.0,0.7675495336011439,0.10488072643370176,0.18454461369719494
BetaQCL_s07,BetaQCL,Beta,QCL,4,7,s07,2891725340,3,0.13485361467949356,0.7498332767172036,0.5903417155423923,4729.0,5598.0,53134.0,0.8447659878528045,0.08900139270523581,0.16103657290744397
BetaQCL_s07,BetaQCL,Beta,QCL,4,7,s07,2891725340,4,0.1375569657639554,0.809954407300179,0.6527418594355335,2645.0,2879.0,30491.0,0.9187217783952761,0.08674690892394477,0.15852562181600238
BetaQCL_s07,BetaQCL,Beta,QCL,4,7,s07,2891725340,5,0.1385125437287665,0.8499909375972762,0.6954554771767298,1863.0,1940.0,19331.0,0.9603092783505155,0.09637370027417103,0.17516806920220018
BetaQCL_s07,BetaQCL,Beta,QCL,4,7,s07,2891725340,6,0.13790144342751864,0.8781046950283196,0.7257596884567676,1498.0,1532.0,13072.0,0.9778067885117493,0.11459608323133415,0.2051492741714599
BetaQCL_s07,BetaQCL,Beta,QCL,4,7,s07,2891725340,7,0.1369912528012723,0.8980598289663007,0.7467626197850403,1310.0,1328.0,9309.0,0.9864457831325302,0.14072403050811044,0.24631004982607882
BetaQCL_s07,BetaQCL,Beta,QCL,4,7,s07,2891725340,8,0.13605572103721103,0.9133702928743989,0.7622748275780608,1193.0,1198.0,6930.0,0.9958263772954925,0.17215007215007214,0.2935531496062992
BetaQCL_s07,BetaQCL,Beta,QCL,4,7,s07,2891725340,9,0.1349795440007899,0.9242532687692334,0.7741331680723386,1112.0,1114.0,5290.0,0.9982046678635548,0.2102079395085066,0.3472829481574016
BetaQCL_s07,BetaQCL,Beta,QCL,4,7,s07,2891725340,10,0.13366841817872585,0.9316788635482699,0.7832965251865146,1046.0,1047.0,4234.0,0.9990448901623686,0.24704770902220122,0.3961370952471122
BetaQCL_s08,BetaQCL,Beta,QCL,4,8,s08,2575967173,1,0.11322431470215533,0.5265443603000546,0.39366156767482335,44313.0,64948.0,273284.0,0.6822842889696372,0.16214999780448178,0.26202724756971546
BetaQCL_s08,BetaQCL,Beta,QCL,4,8,s08,2575967173,2,0.12903219901182406,0.6607555302254544,0.5045157862331209,11560.0,15082.0,107484.0,0.7664765946160986,0.10755089129544862,0.1886330630027903
BetaQCL_s08,BetaQCL,Beta,QCL,4,8,s08,2575967173,3,0.13605338329343464,0.7499567415179343,0.5909017781754475,4766.0,5681.0,53134.0,0.8389368069001937,0.08969774532314526,0.16206749978746918
BetaQCL_s08,BetaQCL,Beta,QCL,4,8,s08,2575967173,4,0.13872293476761827,0.8097881337414776,0.6529906728101421,2656.0,2949.0,30491.0,0.9006442861987114,0.08710767111606704,0.15885167464114833
BetaQCL_s08,BetaQCL,Beta,QCL,4,8,s08,2575967173,5,0.13921212465232446,0.8503527823679031,0.6963609261774022,1884.0,1976.0,19331.0,0.9534412955465587,0.09746003828048212,0.17684329093725068
BetaQCL_s08,BetaQCL,Beta,QCL,4,8,s08,2575967173,6,0.1386407331790118,0.8782699465744848,0.7263935735915441,1511.0,1551.0,13072.0,0.9742101869761445,0.1155905752753978,0.2066607399302469
BetaQCL_s08,BetaQCL,Beta,QCL,4,8,s08,2575967173,7,0.13768846515273145,0.8986213347098125,0.747939698099687,1326.0,1345.0,9309.0,0.9858736059479554,0.14244279729294232,0.24892059320443027
BetaQCL_s08,BetaQCL,Beta,QCL,4,8,s08,2575967173,8,0.1367444279225475,0.9133533818948485,0.7629328663049829,1215.0,1226.0,6930.0,0.9910277324632952,0.17532467532467533,0.2979401667484061
BetaQCL_s08,BetaQCL,Beta,QCL,4,8,s08,2575967173,9,0.13570772492767805,0.9242907483990644,0.7748122849347376,1112.0,1119.0,5290.0,0.9937444146559428,0.2102079395085066,0.3470120143548135
BetaQCL_s08,BetaQCL,Beta,QCL,4,8,s08,2575967173,10,0.13429288792814081,0.9317069650422277,0.7840855857943883,1038.0,1040.0,4234.0,0.9980769230769231,0.24515824279641002,0.39362912400455063
BetaQCL_s09,BetaQCL,Beta,QCL,4,9,s09,2918267749,1,0.11275275363193966,0.5279005229511906,0.39568095101839995,43891.0,64235.0,273284.0,0.6832879271425235,0.16060581665959223,0.26008017326432
BetaQCL_s09,BetaQCL,Beta,QCL,4,9,s09,2918267749,2,0.12868036995583465,0.6626976126105997,0.5069037102919429,11306.0,14679.0,107484.0,0.770215954765311,0.10518774887425106,0.18509696061819048
BetaQCL_s09,BetaQCL,Beta,QCL,4,9,s09,2918267749,3,0.1361380698446483,0.7515600834261358,0.5932058886863546,4745.0,5639.0,53134.0,0.8414612519950346,0.08930251816162908,0.16146870161468702
BetaQCL_s09,BetaQCL,Beta,QCL,4,9,s09,2918267749,4,0.13906608687974573,0.8116715143267184,0.6557329075208187,2649.0,2915.0,30491.0,0.9087478559176673,0.0868780951756256,0.15859426450338263
BetaQCL_s09,BetaQCL,Beta,QCL,4,9,s09,2918267749,5,0.13989086550592986,0.8519616682681969,0.698809869190606,1855.0,1933.0,19331.0,0.9596482152095189,0.09595985722414774,0.17447328818660646
BetaQCL_s09,BetaQCL,Beta,QCL,4,9,s09,2918267749,6,0.13974156949259375,0.8795851406293099,0.7283794965825767,1507.0,1550.0,13072.0,0.9722580645161291,0.11528457772337822,0.20612775270140882
BetaQCL_s09,BetaQCL,Beta,QCL,4,9,s09,2918267749,7,0.13904611920086427,0.8994369349759085,0.7491296325024679,1342.0,1367.0,9309.0,0.9817117776152158,0.1441615640777742,0.2514050206069689
BetaQCL_s09,BetaQCL,Beta,QCL,4,9,s09,2918267749,8,0.13823800681784015,0.9148583533264932,0.7645924825506681,1219.0,1228.0,6930.0,0.992671009771987,0.1759018759018759,0.298847756803138
BetaQCL_s09,BetaQCL,Beta,QCL,4,9,s09,2918267749,9,0.13714859696341417,0.9253007440017739,0.7759959664443112,1130.0,1134.0,5290.0,0.9964726631393298,0.21361058601134217,0.3518057285180573
BetaQCL_s09,BetaQCL,Beta,QCL,4,9,s09,2918267749,10,0.13588617820683235,0.9326122853214363,0.7850785268909306,1054.0,1056.0,4234.0,0.9981060606060606,0.24893717524799244,0.3984877126654064
BetaQCL_s10,BetaQCL,Beta,QCL,4,10,s10,3763609086,1,0.11016562811531078,0.5235661588411824,0.38949113111773,43561.0,63585.0,273284.0,0.6850829598175671,0.1593982816410767,0.2586227880867637
BetaQCL_s10,BetaQCL,Beta,QCL,4,10,s10,3763609086,2,0.12531171727128976,0.6581166330025208,0.5001017458673157,11232.0,14565.0,107484.0,0.7711637487126674,0.10449927431059507,0.18405722291866383
BetaQCL_s10,BetaQCL,Beta,QCL,4,10,s10,3763609086,3,0.1321207493028799,0.7475149712443255,0.5862194474161166,4721.0,5588.0,53134.0,0.8448460987831067,0.08885082997703918,0.1607915261741766
BetaQCL_s10,BetaQCL,Beta,QCL,4,10,s10,3763609086,4,0.1344041507975934,0.8079382012847982,0.6487305402438273,2619.0,2864.0,30491.0,0.9144553072625698,0.08589419828801942,0.15703792534852345
BetaQCL_s10,BetaQCL,Beta,QCL,4,10,s10,3763609086,5,0.13479396401625074,0.8486712266104322,0.6922737800193065,1862.0,1940.0,19331.0,0.9597938144329897,0.09632196989291811,0.17507404447369657
BetaQCL_s10,BetaQCL,Beta,QCL,4,10,s10,3763609086,6,0.13408539297509517,0.8771451825650167,0.7229957049021364,1511.0,1547.0,13072.0,0.9767291531997414,0.1155905752753978,0.20671728572405776
BetaQCL_s10,BetaQCL,Beta,QCL,4,10,s10,3763609086,7,0.13302722628209274,0.8973061512441707,0.7443932605347305,1313.0,1336.0,9309.0,0.9827844311377245,0.1410462992802664,0.2466885861906999
BetaQCL_s10,BetaQCL,Beta,QCL,4,10,s10,3763609086,8,0.13185531869944464,0.9122847867775656,0.7599567046346191,1189.0,1201.0,6930.0,0.9900083263946711,0.17157287157287157,0.2924609519124339
BetaQCL_s10,BetaQCL,Beta,QCL,4,10,s10,3763609086,9,0.13040174796207024,0.9235053466855572,0.7720507811973676,1099.0,1103.0,5290.0,0.9963735267452403,0.20775047258979207,0.3438135460660097
BetaQCL_s10,BetaQCL,Beta,QCL,4,10,s10,3763609086,10,0.12899125437505035,0.9310217413316952,0.7812377357764486,1015.0,1016.0,4234.0,0.9990157480314961,0.23972602739726026,0.3866666666666666
BetaQCH_s01,BetaQCH,Beta,QCH,5,1,s01,1608668,1,0.1244041619204493,0.5365758690457603,0.40327240460849845,47504.0,69886.0,273284.0,0.679735569355808,0.17382649551382445,0.27685403735757785
BetaQCH_s01,BetaQCH,Beta,QCH,5,1,s01,1608668,2,0.1424675675281276,0.6686608903305771,0.5129332516800976,13026.0,17262.0,107484.0,0.7546054918317692,0.12119013062409288,0.20884036361887354
BetaQCH_s01,BetaQCH,Beta,QCH,5,1,s01,1608668,3,0.15090239716547638,0.7560671994459702,0.5978323579590246,5599.0,6833.0,53134.0,0.8194058246743744,0.10537508939661987,0.18673603815431822
BetaQCH_s01,BetaQCH,Beta,QCH,5,1,s01,1608668,4,0.15442593877708383,0.8146918538272018,0.6582500749567406,3067.0,3484.0,30491.0,0.8803099885189437,0.10058705847627168,0.18054451802796173
BetaQCH_s01,BetaQCH,Beta,QCH,5,1,s01,1608668,5,0.15453428283337534,0.8541949257526672,0.6999077859397533,2082.0,2216.0,19331.0,0.9395306859205776,0.10770265376855827,0.19325196082981386
BetaQCH_s01,BetaQCH,Beta,QCH,5,1,s01,1608668,6,0.15367706255031677,0.8813741057184434,0.7286490776329769,1660.0,1719.0,13072.0,0.9656777196044212,0.12698898408812728,0.2244608207693868
BetaQCH_s01,BetaQCH,Beta,QCH,5,1,s01,1608668,7,0.15234226421409772,0.9002807365775867,0.7479092141859217,1444.0,1469.0,9309.0,0.9829816201497618,0.15511870233107744,0.2679532380775654
BetaQCH_s01,BetaQCH,Beta,QCH,5,1,s01,1608668,8,0.15139736732016587,0.9136798073341623,0.7618463424736619,1304.0,1323.0,6930.0,0.9856386999244142,0.18816738816738818,0.31600630073912517
BetaQCH_s01,BetaQCH,Beta,QCH,5,1,s01,1608668,9,0.1494525680588162,0.9236731280273694,0.7737962572296614,1213.0,1220.0,5290.0,0.9942622950819672,0.22930056710775049,0.37265745007680495
BetaQCH_s01,BetaQCH,Beta,QCH,5,1,s01,1608668,10,0.14763473000304272,0.9306045945276098,0.7829726486405827,1133.0,1139.0,4234.0,0.9947322212467077,0.26759565422768067,0.4217383212358087
BetaQCH_s02,BetaQCH,Beta,QCH,5,2,s02,800022071,1,0.1252657902648337,0.5369769732503843,0.40650731562654174,46109.0,68226.0,273284.0,0.6758273971799608,0.16872191566282696,0.2700301601710053
BetaQCH_s02,BetaQCH,Beta,QCH,5,2,s02,800022071,2,0.1442534220702316,0.66827400112169,0.5155590133162533,12576.0,16700.0,107484.0,0.7530538922155688,0.11700346098023892,0.20253816916833087
BetaQCH_s02,BetaQCH,Beta,QCH,5,2,s02,800022071,3,0.1540298080538492,0.7547234611558518,0.6002432513783957,5453.0,6687.0,53134.0,0.8154628383430537,0.10262731960703128,0.18231055983684658
BetaQCH_s02,BetaQCH,Beta,QCH,5,2,s02,800022071,4,0.15875044412556152,0.8131465277560398,0.6608240469153372,3006.0,3405.0,30491.0,0.8828193832599119,0.09858646813813912,0.1773660608921407
BetaQCH_s02,BetaQCH,Beta,QCH,5,2,s02,800022071,5,0.16040550289352398,0.8515702669865102,0.7012019330521003,2077.0,2226.0,19331.0,0.9330637915543576,0.10744400186229372,0.19269842742496637
BetaQCH_s02,BetaQCH,Beta,QCH,5,2,s02,800022071,6,0.1608789854844186,0.8789260997989212,0.7295246896802312,1642.0,1702.0,13072.0,0.9647473560517039,0.12561199510403917,0.22228238797888183
BetaQCH_s02,BetaQCH,Beta,QCH,5,2,s02,800022071,7,0.16075062089005016,0.8982781094580878,0.7485547181814488,1443.0,1472.0,9309.0,0.9802989130434783,0.15501127940702547,0.26769316389945275
BetaQCH_s02,BetaQCH,Beta,QCH,5,2,s02,800022071,8,0.16067693632298652,0.9116165986101434,0.7625320325887424,1315.0,1337.0,6930.0,0.9835452505609573,0.18975468975468976,0.3181323333736543
BetaQCH_s02,BetaQCH,Beta,QCH,5,2,s02,800022071,9,0.15934912588688252,0.921607085690767,0.7743233469419732,1220.0,1226.0,5290.0,0.9951060358890701,0.23062381852551986,0.37446286065070594
BetaQCH_s02,BetaQCH,Beta,QCH,5,2,s02,800022071,10,0.15811026723177243,0.928004265096711,0.7825741190350829,1144.0,1146.0,4234.0,0.9982547993019197,0.2701936702881436,0.42527881040892196
BetaQCH_s03,BetaQCH,Beta,QCH,5,3,s03,1364179249,1,0.1235064063394943,0.535830236630628,0.40453504400194373,46428.0,68416.0,273284.0,0.6786131898971001,0.16988919951405865,0.27174714661984195
BetaQCH_s03,BetaQCH,Beta,QCH,5,3,s03,1364179249,2,0.141828423731103,0.6677950314180596,0.5136920341872965,12583.0,16668.0,107484.0,0.7549196064314855,0.11706858695247664,0.20270313808879434
BetaQCH_s03,BetaQCH,Beta,QCH,5,3,s03,1364179249,3,0.15067547920484073,0.7547156455721047,0.5985729743672478,5317.0,6494.0,53134.0,0.8187557745611334,0.10006775322768849,0.17833903535251897
BetaQCH_s03,BetaQCH,Beta,QCH,5,3,s03,1364179249,4,0.15465371572762257,0.8131315892743346,0.6591383719169367,2982.0,3365.0,30491.0,0.8861812778603269,0.09779935062805419,0.1761578449905482
BetaQCH_s03,BetaQCH,Beta,QCH,5,3,s03,1364179249,5,0.15601107614376306,0.8516163210508603,0.6996225541732175,2037.0,2187.0,19331.0,0.9314128943758574,0.10537478661217733,0.1893298633702017
BetaQCH_s03,BetaQCH,Beta,QCH,5,3,s03,1364179249,6,0.15562648523601036,0.8790639403907857,0.7282996904276204,1640.0,1707.0,13072.0,0.9607498535442296,0.12545899632802937,0.22193653156505855
BetaQCH_s03,BetaQCH,Beta,QCH,5,3,s03,1364179249,7,0.1549236848811249,0.8988485881319258,0.7481198881901062,1423.0,1452.0,9309.0,0.9800275482093664,0.1528628209259856,0.26447356193662297
BetaQCH_s03,BetaQCH,Beta,QCH,5,3,s03,1364179249,8,0.15433858952174373,0.9122665750031019,0.7619168673900059,1297.0,1314.0,6930.0,0.987062404870624,0.18715728715728716,0.3146530810286269
BetaQCH_s03,BetaQCH,Beta,QCH,5,3,s03,1364179249,9,0.1531026550039915,0.9220442235924293,0.7731752878754689,1205.0,1213.0,5290.0,0.9934047815333883,0.2277882797731569,0.37059818545286793
BetaQCH_s03,BetaQCH,Beta,QCH,5,3,s03,1364179249,10,0.15160045829678298,0.9291689182773439,0.7819942501656548,1135.0,1137.0,4234.0,0.9982409850483729,0.2680680207841285,0.4226401042636382
BetaQCH_s04,BetaQCH,Beta,QCH,5,4,s04,1418059007,1,0.1176649312683736,0.5291224077231489,0.39115726540897366,46787.0,68207.0,273284.0,0.6859559869221634,0.1712028512463225,0.27401600627834993
BetaQCH_s04,BetaQCH,Beta,QCH,5,4,s04,1418059007,2,0.13416868684838865,0.6619028624350991,0.5002842130357765,12784.0,16729.0,107484.0,0.7641819594715763,0.11893863272673141,0.20583996844130645
BetaQCH_s04,BetaQCH,Beta,QCH,5,4,s04,1418059007,3,0.14076049930139375,0.7501461426215139,0.5849549546812727,5451.0,6552.0,53134.0,0.831959706959707,0.10258967892498212,0.1826558992058439
BetaQCH_s04,BetaQCH,Beta,QCH,5,4,s04,1418059007,4,0.1424512025047819,0.8095943367341341,0.6460939099826143,2953.0,3304.0,30491.0,0.8937651331719129,0.0968482503033682,0.17475957981949994
BetaQCH_s04,BetaQCH,Beta,QCH,5,4,s04,1418059007,5,0.14132333007597012,0.8501147440634371,0.6895514757417106,2007.0,2119.0,19331.0,0.9471448796602171,0.10382287517459003,0.18713286713286711
BetaQCH_s04,BetaQCH,Beta,QCH,5,4,s04,1418059007,6,0.1393474760204439,0.8779139392778258,0.7198579961600954,1605.0,1662.0,13072.0,0.9657039711191335,0.12278151774785802,0.21786344509298222
BetaQCH_s04,BetaQCH,Beta,QCH,5,4,s04,1418059007,7,0.13697541008551692,0.8983630740243849,0.7420301062556482,1382.0,1404.0,9309.0,0.9843304843304843,0.1484584810398539,0.2580042938485952
BetaQCH_s04,BetaQCH,Beta,QCH,5,4,s04,1418059007,8,0.1350773855465735,0.9123730320045803,0.7568467065671596,1235.0,1250.0,6930.0,0.988,0.1782106782106782,0.3019559902200489
BetaQCH_s04,BetaQCH,Beta,QCH,5,4,s04,1418059007,9,0.13247602777944698,0.9233512875087057,0.7699379797932955,1122.0,1128.0,5290.0,0.9946808510638298,0.2120982986767486,0.34964163290744776
BetaQCH_s04,BetaQCH,Beta,QCH,5,4,s04,1418059007,10,0.13002264610316955,0.9311733480927444,0.780476936536542,1016.0,1018.0,4234.0,0.9980353634577603,0.23996221067548418,0.3869002284843869
BetaQCH_s05,BetaQCH,Beta,QCH,5,5,s05,2068136963,1,0.12716899753989971,0.5387476946174563,0.4088060742388727,44844.0,66610.0,273284.0,0.6732322474102987,0.16409303142518405,0.2638705008031916
BetaQCH_s05,BetaQCH,Beta,QCH,5,5,s05,2068136963,2,0.1473542577973813,0.6689611722147154,0.5170337717969966,12147.0,16190.0,107484.0,0.7502779493514515,0.11301216925309814,0.19643579086954413
BetaQCH_s05,BetaQCH,Beta,QCH,5,5,s05,2068136963,3,0.1586806308822104,0.7549156802522623,0.6017078074812563,5268.0,6436.0,53134.0,0.8185208203853325,0.09914555651748409,0.17686755078059424
BetaQCH_s05,BetaQCH,Beta,QCH,5,5,s05,2068136963,4,0.1652377240841777,0.8124800410438053,0.6614500634041307,2959.0,3367.0,30491.0,0.8788238788238788,0.09704502968088945,0.17478882391163092
BetaQCH_s05,BetaQCH,Beta,QCH,5,5,s05,2068136963,5,0.16838655806405872,0.8510424106867529,0.7014305396344396,2009.0,2146.0,19331.0,0.9361602982292637,0.10392633593709585,0.1870838571495088
BetaQCH_s05,BetaQCH,Beta,QCH,5,5,s05,2068136963,6,0.17033199740982516,0.8773327093715453,0.7278047458386395,1637.0,1699.0,13072.0,0.9635079458505003,0.12522949816401469,0.22165053144675376
BetaQCH_s05,BetaQCH,Beta,QCH,5,5,s05,2068136963,7,0.17132684927025763,0.8963279273805771,0.7461539446301263,1440.0,1466.0,9309.0,0.9822646657571623,0.15468901063486948,0.2672853828306264
BetaQCH_s05,BetaQCH,Beta,QCH,5,5,s05,2068136963,8,0.17213321200500478,0.9093599112997818,0.7598234255735831,1317.0,1331.0,6930.0,0.9894815927873779,0.19004329004329004,0.318847597143203
BetaQCH_s05,BetaQCH,Beta,QCH,5,5,s05,2068136963,9,0.1721934176867478,0.9187877473551542,0.7706763990474708,1235.0,1242.0,5290.0,0.9943639291465378,0.2334593572778828,0.378138395590937
BetaQCH_s05,BetaQCH,Beta,QCH,5,5,s05,2068136963,10,0.17200667743768994,0.9251710608425741,0.7783356164503502,1167.0,1169.0,4234.0,0.998289136013687,0.27562588568729335,0.43198223209328157
BetaQCH_s06,BetaQCH,Beta,QCH,5,6,s06,2072361201,1,0.1151703872637165,0.5271030564158252,0.3929263455659707,45158.0,65958.0,273284.0,0.6846478061796901,0.1652420192912867,0.26622882779844476
BetaQCH_s06,BetaQCH,Beta,QCH,5,6,s06,2072361201,2,0.13136623296804606,0.6601875080361754,0.5023623191432978,12007.0,15668.0,107484.0,0.7663390349757467,0.11170964980834357,0.19499480317006626
BetaQCH_s06,BetaQCH,Beta,QCH,5,6,s06,2072361201,3,0.13829130817601343,0.7480417502090628,0.5873692928779433,5099.0,6122.0,53134.0,0.8328977458346946,0.09596491888433019,0.1721007155393547
BetaQCH_s06,BetaQCH,Beta,QCH,5,6,s06,2072361201,4,0.1409371915137678,0.8078662815688914,0.6490733629731746,2793.0,3106.0,30491.0,0.8992273019961365,0.09160080023613525,0.16626484507545314
BetaQCH_s06,BetaQCH,Beta,QCH,5,6,s06,2072361201,5,0.14082744358769048,0.8478289697507375,0.6916878167047122,1941.0,2054.0,19331.0,0.944985394352483,0.10040867001189799,0.18152910918868367
BetaQCH_s06,BetaQCH,Beta,QCH,5,6,s06,2072361201,6,0.13960882079006157,0.8761257118865503,0.7220812476105536,1539.0,1587.0,13072.0,0.9697542533081286,0.11773255813953488,0.2099733951838461
BetaQCH_s06,BetaQCH,Beta,QCH,5,6,s06,2072361201,7,0.13824129167744587,0.8966035856486119,0.7435345367684548,1354.0,1374.0,9309.0,0.9854439592430859,0.1454506391663981,0.25348684826359635
BetaQCH_s06,BetaQCH,Beta,QCH,5,6,s06,2072361201,8,0.13690754322166468,0.9110386732831679,0.7581323356377389,1233.0,1241.0,6930.0,0.9935535858178888,0.17792207792207793,0.30179904540447927
BetaQCH_s06,BetaQCH,Beta,QCH,5,6,s06,2072361201,9,0.13514093544911773,0.9214540327566514,0.7697864141828545,1135.0,1141.0,5290.0,0.9947414548641542,0.21455576559546313,0.3529777639558389
BetaQCH_s06,BetaQCH,Beta,QCH,5,6,s06,2072361201,10,0.1332936506160518,0.9285749064899134,0.7786692018801096,1035.0,1037.0,4234.0,0.9980713596914176,0.2444496929617383,0.3927148548662493
BetaQCH_s07,BetaQCH,Beta,QCH,5,7,s07,2891725340,1,0.12333653337994567,0.5345910923437799,0.3972569087069463,48249.0,70744.0,273284.0,0.6820225036752233,0.17655259729804892,0.28049461090376365
BetaQCH_s07,BetaQCH,Beta,QCH,5,7,s07,2891725340,2,0.14109380899657262,0.6671454838402603,0.5066482996463626,13421.0,17666.0,107484.0,0.7597079135061701,0.1248650962003647,0.21447862564922093
BetaQCH_s07,BetaQCH,Beta,QCH,5,7,s07,2891725340,3,0.14834899948099878,0.7541190533147758,0.5904769390174084,5769.0,7011.0,53134.0,0.8228498074454429,0.10857454737079836,0.1918363953778369
BetaQCH_s07,BetaQCH,Beta,QCH,5,7,s07,2891725340,4,0.1505979958462564,0.8129648408719451,0.6508083083837244,3151.0,3543.0,30491.0,0.8893593000282247,0.103341969761569,0.18516777340306753
BetaQCH_s07,BetaQCH,Beta,QCH,5,7,s07,2891725340,5,0.14994928399075141,0.852257360448472,0.6923998320392906,2117.0,2271.0,19331.0,0.9321884632320564,0.10951321711241012,0.19600037033608
BetaQCH_s07,BetaQCH,Beta,QCH,5,7,s07,2891725340,6,0.14789341229755792,0.8800392528329567,0.7224018910015526,1658.0,1720.0,13072.0,0.963953488372093,0.1268359853121175,0.22417522985397514
BetaQCH_s07,BetaQCH,Beta,QCH,5,7,s07,2891725340,7,0.14563815827009757,0.8994520485835424,0.7431899010024303,1428.0,1454.0,9309.0,0.9821182943603851,0.15339993554624556,0.2653535259685961
BetaQCH_s07,BetaQCH,Beta,QCH,5,7,s07,2891725340,8,0.143662029044379,0.9130087641782335,0.7574980034892569,1290.0,1305.0,6930.0,0.9885057471264368,0.18614718614718614,0.31329690346083794
BetaQCH_s07,BetaQCH,Beta,QCH,5,7,s07,2891725340,9,0.14108325500143787,0.9238068444532951,0.770747175595601,1174.0,1180.0,5290.0,0.9949152542372881,0.2219281663516068,0.3629057187017002
BetaQCH_s07,BetaQCH,Beta,QCH,5,7,s07,2891725340,10,0.13855551080681971,0.9307059518419191,0.7805497814066472,1074.0,1079.0,4234.0,0.995366079703429,0.2536608408124705,0.40429136081309996
BetaQCH_s08,BetaQCH,Beta,QCH,5,8,s08,2575967173,1,0.12327009828164234,0.5352906195721909,0.4031696676694559,46882.0,69209.0,273284.0,0.6773974483087459,0.17155047496377396,0.2737690989304891
BetaQCH_s08,BetaQCH,Beta,QCH,5,8,s08,2575967173,2,0.14132035497062898,0.6678505885180526,0.5131068469497222,12776.0,16914.0,107484.0,0.7553505971384652,0.11886420304417401,0.20540523159536328
BetaQCH_s08,BetaQCH,Beta,QCH,5,8,s08,2575967173,3,0.14981255262945403,0.7551246447242786,0.5981325489177893,5472.0,6693.0,53134.0,0.8175705961452263,0.10298490608649828,0.18292744078760426
BetaQCH_s08,BetaQCH,Beta,QCH,5,8,s08,2575967173,4,0.15323302513764148,0.8138600469489083,0.6589354853638616,3010.0,3416.0,30491.0,0.8811475409836066,0.09871765438981994,0.1775444598460495
BetaQCH_s08,BetaQCH,Beta,QCH,5,8,s08,2575967173,5,0.15398333254564645,0.8534731964722361,0.7006635544119504,2068.0,2210.0,19331.0,0.9357466063348416,0.10697842843101754,0.19200594215681724
BetaQCH_s08,BetaQCH,Beta,QCH,5,8,s08,2575967173,6,0.15335445364325345,0.8812033518724119,0.7299621182639053,1630.0,1687.0,13072.0,0.966212211025489,0.12469400244798041,0.22088217358899653
BetaQCH_s08,BetaQCH,Beta,QCH,5,8,s08,2575967173,7,0.15239326804221737,0.9005835631988581,0.7497327796531199,1429.0,1459.0,9309.0,0.9794379712131597,0.15350735847029756,0.26541604754829123
BetaQCH_s08,BetaQCH,Beta,QCH,5,8,s08,2575967173,8,0.15141062519298587,0.91492561114098,0.7646033520161541,1305.0,1315.0,6930.0,0.9923954372623575,0.18831168831168832,0.31655548817465134
BetaQCH_s08,BetaQCH,Beta,QCH,5,8,s08,2575967173,9,0.14970383723924802,0.9245820467760111,0.7761350404190696,1213.0,1219.0,5290.0,0.9950779327317474,0.22930056710775049,0.37271470271931173
BetaQCH_s08,BetaQCH,Beta,QCH,5,8,s08,2575967173,10,0.14781149301825994,0.9315987317893221,0.7853517360013123,1124.0,1126.0,4234.0,0.9982238010657194,0.26547000472366555,0.4194029850746268
BetaQCH_s09,BetaQCH,Beta,QCH,5,9,s09,2918267749,1,0.12432518194612945,0.5365720993678729,0.4066806946485649,45051.0,66720.0,273284.0,0.6752248201438849,0.1648504852095256,0.26500276467335676
BetaQCH_s09,BetaQCH,Beta,QCH,5,9,s09,2918267749,2,0.14359848007610576,0.6676395760652767,0.5153298188863041,12081.0,16086.0,107484.0,0.7510257366654234,0.11239812437199956,0.19553289633406168
BetaQCH_s09,BetaQCH,Beta,QCH,5,9,s09,2918267749,3,0.15382644759708922,0.754067883202557,0.6001978805496286,5148.0,6317.0,53134.0,0.8149438024378661,0.09688711559453457,0.17318463945097645
BetaQCH_s09,BetaQCH,Beta,QCH,5,9,s09,2918267749,4,0.15933333333333333,0.8119535189103825,0.660341796013452,2902.0,3285.0,30491.0,0.8834094368340943,0.09517562559443771,0.17183799147323542
BetaQCH_s09,BetaQCH,Beta,QCH,5,9,s09,2918267749,5,0.16186424654944223,0.8508022228937224,0.7009520131584924,2018.0,2146.0,19331.0,0.940354147250699,0.10439190936837205,0.1879219630302184
BetaQCH_s09,BetaQCH,Beta,QCH,5,9,s09,2918267749,6,0.16304461942257217,0.8769669702838243,0.7277903612699206,1627.0,1696.0,13072.0,0.9593160377358491,0.12446450428396573,0.22034127843986998
BetaQCH_s09,BetaQCH,Beta,QCH,5,9,s09,2918267749,7,0.16343791595360335,0.8960989829624495,0.7461177139128524,1428.0,1460.0,9309.0,0.9780821917808219,0.15339993554624556,0.26520568297892094
BetaQCH_s09,BetaQCH,Beta,QCH,5,9,s09,2918267749,8,0.1638918110959021,0.9097265178608782,0.7602629357028644,1321.0,1339.0,6930.0,0.9865571321882002,0.1906204906204906,0.319506590881606
BetaQCH_s09,BetaQCH,Beta,QCH,5,9,s09,2918267749,9,0.16340248000927107,0.919548404312637,0.7714979195479668,1237.0,1243.0,5290.0,0.995172968624296,0.2338374291115312,0.37869279044849224
BetaQCH_s09,BetaQCH,Beta,QCH,5,9,s09,2918267749,10,0.16282722513089004,0.9260863173928564,0.7796117172298707,1173.0,1178.0,4234.0,0.9957555178268251,0.27704298535663674,0.43348115299334805
BetaQCH_s10,BetaQCH,Beta,QCH,5,10,s10,3763609086,1,0.12679918968209766,0.5400516268688506,0.406108973047117,48208.0,70951.0,273284.0,0.6794548350269904,0.17640257021999092,0.2800877307653202
BetaQCH_s10,BetaQCH,Beta,QCH,5,10,s10,3763609086,2,0.14545942041673962,0.6727794688716081,0.5165750697630145,13355.0,17602.0,107484.0,0.758720599931826,0.12425105131926613,0.2135330892346066
BetaQCH_s10,BetaQCH,Beta,QCH,5,10,s10,3763609086,3,0.15418482898590835,0.7599356798495708,0.6014120997282058,5725.0,6989.0,53134.0,0.8191443697238517,0.10774645236571687,0.19044292533639373
BetaQCH_s10,BetaQCH,Beta,QCH,5,10,s10,3763609086,4,0.15741459948106892,0.8183795514225299,0.6617407770640196,3210.0,3605.0,30491.0,0.8904299583911235,0.10527696697386114,0.1882918817456593
BetaQCH_s10,BetaQCH,Beta,QCH,5,10,s10,3763609086,5,0.157622494817951,0.8572739443265536,0.7028040530830988,2145.0,2297.0,19331.0,0.9338267305180671,0.1109616677874916,0.19835398557425563
BetaQCH_s10,BetaQCH,Beta,QCH,5,10,s10,3763609086,6,0.1565979551047125,0.8846278620940956,0.7316075294983373,1698.0,1758.0,13072.0,0.9658703071672355,0.12989596083231333,0.22899527983816587
BetaQCH_s10,BetaQCH,Beta,QCH,5,10,s10,3763609086,7,0.15518179155683862,0.9035982596684023,0.7508104988397195,1457.0,1484.0,9309.0,0.9818059299191375,0.15651520034375335,0.26998980820902435
BetaQCH_s10,BetaQCH,Beta,QCH,5,10,s10,3763609086,8,0.15402831089177277,0.9168955620393746,0.7648116104997175,1319.0,1337.0,6930.0,0.9865370231862378,0.19033189033189032,0.31910003628885936
BetaQCH_s10,BetaQCH,Beta,QCH,5,10,s10,3763609086,9,0.15198702073506248,0.9268150964923872,0.7768320042584986,1226.0,1233.0,5290.0,0.9943227899432279,0.23175803402646503,0.37590065920588683
BetaQCH_s10,BetaQCH,Beta,QCH,5,10,s10,3763609086,10,0.1501535101459913,0.9338523704901962,0.7860858055430361,1135.0,1137.0,4234.0,0.9982409850483729,0.2680680207841285,0.4226401042636382
Gamma_s01,Gamma,Gamma,base,6,1,s01,1608668,1,0.17581378097624364,0.578261134253487,0.44327974870514225,62351.0,94663.0,273284.0,0.6586628355323622,0.22815459375594618,0.3389129412659975
Gamma_s01,Gamma,Gamma,base,6,1,s01,1608668,2,0.2050287957272932,0.7056614603710987,0.5518281438497384,19636.0,27680.0,107484.0,0.709393063583815,0.18268765583714786,0.29055073836228584
Gamma_s01,Gamma,Gamma,base,6,1,s01,1608668,3,0.21961199950977944,0.7869383654744202,0.630128866039736,9193.0,12167.0,53134.0,0.7555683405934084,0.1730153950389581,0.2815577096828532
Gamma_s01,Gamma,Gamma,base,6,1,s01,1608668,4,0.22520561660495222,0.8400216831679832,0.6824355863087903,5149.0,6411.0,30491.0,0.8031508345031976,0.1688695024761405,0.2790634653948295
Gamma_s01,Gamma,Gamma,base,6,1,s01,1608668,5,0.22538773547494667,0.8748096242377057,0.7162915526450268,3390.0,3988.0,19331.0,0.850050150451354,0.17536599244736434,0.2907500321626142
Gamma_s01,Gamma,Gamma,base,6,1,s01,1608668,6,0.22312100115855504,0.8991883150519975,0.742843370007676,2460.0,2751.0,13072.0,0.8942202835332607,0.18818849449204406,0.3109397712191114
Gamma_s01,Gamma,Gamma,base,6,1,s01,1608668,7,0.22038680163445845,0.9160106726624111,0.7631028444140588,1928.0,2088.0,9309.0,0.9233716475095786,0.20711139757224192,0.3383346494691586
Gamma_s01,Gamma,Gamma,base,6,1,s01,1608668,8,0.2173240275285473,0.9279293035042899,0.7786467257886166,1675.0,1758.0,6930.0,0.9527872582480091,0.2417027417027417,0.3855893186003683
Gamma_s01,Gamma,Gamma,base,6,1,s01,1608668,9,0.21421688914012615,0.9364300714020735,0.7903746775289799,1494.0,1547.0,5290.0,0.9657401422107305,0.2824196597353497,0.4370337867485739
Gamma_s01,Gamma,Gamma,base,6,1,s01,1608668,10,0.21117782125849885,0.9421187212169694,0.7989012635219603,1380.0,1416.0,4234.0,0.9745762711864406,0.32593292394898443,0.48849557522123893
Gamma_s02,Gamma,Gamma,base,6,2,s02,800022071,1,0.17486825195803812,0.577530050933913,0.44261287659427484,61982.0,94198.0,273284.0,0.6579969850739931,0.22680435005342428,0.33733352926129717
Gamma_s02,Gamma,Gamma,base,6,2,s02,800022071,2,0.20410801416778562,0.7052669971398834,0.5512508603532453,19490.0,27456.0,107484.0,0.7098630536130536,0.18132931413047523,0.288869127019416
Gamma_s02,Gamma,Gamma,base,6,2,s02,800022071,3,0.21872283244013774,0.786519660761775,0.6295639819289972,9146.0,12090.0,53134.0,0.7564929693961951,0.17213083901080287,0.2804489145099963
Gamma_s02,Gamma,Gamma,base,6,2,s02,800022071,4,0.2243793761935073,0.8394879539631963,0.6816902149758408,5086.0,6360.0,30491.0,0.799685534591195,0.16680331901216752,0.2760305012075656
Gamma_s02,Gamma,Gamma,base,6,2,s02,800022071,5,0.22470577217244717,0.8744491311187679,0.7157063913836614,3380.0,3993.0,19331.0,0.846481342349111,0.17484868863483524,0.28983021780140633
Gamma_s02,Gamma,Gamma,base,6,2,s02,800022071,6,0.22231578947368422,0.8992111598887648,0.7427818471622769,2419.0,2700.0,13072.0,0.8959259259259259,0.18505201958384332,0.3067461323865077
Gamma_s02,Gamma,Gamma,base,6,2,s02,800022071,7,0.2196876478939896,0.9153895601201638,0.762364113276218,1936.0,2105.0,9309.0,0.9197149643705463,0.20797078096465785,0.33923252146486765
Gamma_s02,Gamma,Gamma,base,6,2,s02,800022071,8,0.2164457802044685,0.9275744298608112,0.7783989544852365,1656.0,1741.0,6930.0,0.9511774842044802,0.23896103896103896,0.3819628647214854
Gamma_s02,Gamma,Gamma,base,6,2,s02,800022071,9,0.2136978676029802,0.9362372077104821,0.7901987748948869,1491.0,1548.0,5290.0,0.9631782945736435,0.28185255198487713,0.4360924246855806
Gamma_s02,Gamma,Gamma,base,6,2,s02,800022071,10,0.21053266385533556,0.9420240079508915,0.798911279721817,1392.0,1429.0,4234.0,0.9741077676696991,0.3287671232876712,0.4916122196715522
Gamma_s03,Gamma,Gamma,base,6,3,s03,1364179249,1,0.17491894055640803,0.5778568749392756,0.4415872892018549,62590.0,94918.0,273284.0,0.6594112813165047,0.2290291418451135,0.33997642598356337
Gamma_s03,Gamma,Gamma,base,6,3,s03,1364179249,2,0.20379717187754218,0.7056500242714995,0.5500806820640984,19828.0,27817.0,107484.0,0.7128015242477621,0.18447396821852555,0.2930946556196924
Gamma_s03,Gamma,Gamma,base,6,3,s03,1364179249,3,0.2178226137805634,0.7872327324422177,0.6284935099312845,9240.0,12183.0,53134.0,0.7584338832799803,0.17389995106711334,0.2829278748258493
Gamma_s03,Gamma,Gamma,base,6,3,s03,1364179249,4,0.22287295102034155,0.8399129150608077,0.6804695480448417,5169.0,6456.0,30491.0,0.8006505576208178,0.16952543373454462,0.27980620889382085
Gamma_s03,Gamma,Gamma,base,6,3,s03,1364179249,5,0.2224675933156333,0.8752556502449129,0.7152746254587117,3400.0,3979.0,19331.0,0.8544860517718019,0.17588329625989343,0.29172029172029174
Gamma_s03,Gamma,Gamma,base,6,3,s03,1364179249,6,0.21994328758067602,0.8997666860224759,0.7419841275214734,2439.0,2730.0,13072.0,0.8934065934065935,0.18658200734394126,0.3086951018858372
Gamma_s03,Gamma,Gamma,base,6,3,s03,1364179249,7,0.2167475185845802,0.9162687274008956,0.7621204455533032,1953.0,2115.0,9309.0,0.9234042553191489,0.20979697067354172,0.3419117647058823
Gamma_s03,Gamma,Gamma,base,6,3,s03,1364179249,8,0.21306255393104118,0.9283154194175842,0.7783358304397058,1682.0,1763.0,6930.0,0.9540555870674986,0.2427128427128427,0.38697802829863104
Gamma_s03,Gamma,Gamma,base,6,3,s03,1364179249,9,0.2097694873738347,0.9369286357831327,0.7903965434839717,1502.0,1558.0,5290.0,0.9640564826700898,0.2839319470699433,0.4386682242990654
Gamma_s03,Gamma,Gamma,base,6,3,s03,1364179249,10,0.20630771911482837,0.9429242823464329,0.7996595129973874,1390.0,1424.0,4234.0,0.976123595505618,0.32829475673122344,0.4913396960056557
Gamma_s04,Gamma,Gamma,base,6,4,s04,1418059007,1,0.17497905225461785,0.5773659736666997,0.44166127249306386,62371.0,94696.0,273284.0,0.6586445045197263,0.2282277776964623,0.3389912495244307
Gamma_s04,Gamma,Gamma,base,6,4,s04,1418059007,2,0.20398556942835486,0.7049756860248357,0.5500455497179381,19689.0,27698.0,107484.0,0.710845548415048,0.18318075248409066,0.2912961784853013
Gamma_s04,Gamma,Gamma,base,6,4,s04,1418059007,3,0.21829026386386022,0.7861932985789468,0.6281208115783925,9207.0,12185.0,53134.0,0.7556011489536315,0.17327887981330223,0.28190878611123865
Gamma_s04,Gamma,Gamma,base,6,4,s04,1418059007,4,0.22339001496395047,0.8390361600483605,0.6802579707146508,5149.0,6418.0,30491.0,0.8022748519788095,0.1688695024761405,0.2790105394348262
Gamma_s04,Gamma,Gamma,base,6,4,s04,1418059007,5,0.22330724693802348,0.8742157762142337,0.7148326006442989,3376.0,3972.0,19331.0,0.8499496475327291,0.1746417671098236,0.28974810110286225
Gamma_s04,Gamma,Gamma,base,6,4,s04,1418059007,6,0.22072706900091518,0.8986144153178943,0.7414145986146029,2424.0,2710.0,13072.0,0.8944649446494465,0.1854345165238678,0.30718540108984915
Gamma_s04,Gamma,Gamma,base,6,4,s04,1418059007,7,0.21778772761192616,0.9154551506389559,0.7617288220326224,1940.0,2092.0,9309.0,0.9273422562141491,0.20840047266086584,0.3403210244715376
Gamma_s04,Gamma,Gamma,base,6,4,s04,1418059007,8,0.2143829621705728,0.9274331547544133,0.7776499472445418,1670.0,1744.0,6930.0,0.9575688073394495,0.240981240981241,0.3850587964030435
Gamma_s04,Gamma,Gamma,base,6,4,s04,1418059007,9,0.21139220992771746,0.9359483923257558,0.789440624846233,1494.0,1550.0,5290.0,0.9638709677419355,0.2824196597353497,0.43684210526315786
Gamma_s04,Gamma,Gamma,base,6,4,s04,1418059007,10,0.20814552407160056,0.9416829054696867,0.7980689898929098,1381.0,1418.0,4234.0,0.9739069111424542,0.3261691072272083,0.48867657466383585
Gamma_s05,Gamma,Gamma,base,6,5,s05,2068136963,1,0.17442335415665544,0.5771845601693362,0.44256400266509727,61953.0,94122.0,273284.0,0.6582201823165679,0.22669823333967595,0.33724544509343884
Gamma_s05,Gamma,Gamma,base,6,5,s05,2068136963,2,0.2033734612227232,0.704911790939939,0.5512163421019249,19462.0,27400.0,107484.0,0.7102919708029197,0.18106881024152433,0.288573885709202
Gamma_s05,Gamma,Gamma,base,6,5,s05,2068136963,3,0.21781681361874508,0.7865513782135456,0.6299633614565834,9065.0,11985.0,53134.0,0.7563621193158114,0.17060639138781195,0.2784133662986225
Gamma_s05,Gamma,Gamma,base,6,5,s05,2068136963,4,0.22341039361163578,0.8395972894511183,0.6822485696167799,5096.0,6334.0,30491.0,0.8045468898010736,0.1671312846413696,0.2767684996605567
Gamma_s05,Gamma,Gamma,base,6,5,s05,2068136963,5,0.22347729927964963,0.8743679116735252,0.7162305914481252,3364.0,3938.0,19331.0,0.8542407313357034,0.1740210025347887,0.289140057587348
Gamma_s05,Gamma,Gamma,base,6,5,s05,2068136963,6,0.22152332511124176,0.8986877236025669,0.7423958666312931,2400.0,2696.0,13072.0,0.8902077151335311,0.1835985312117503,0.30441400304414
Gamma_s05,Gamma,Gamma,base,6,5,s05,2068136963,7,0.21862795974257673,0.9157353565310616,0.7629827206611871,1938.0,2091.0,9309.0,0.926829268292683,0.20818562681276184,0.34
Gamma_s05,Gamma,Gamma,base,6,5,s05,2068136963,8,0.21576165110485487,0.9275969542664074,0.7783985850868032,1665.0,1749.0,6930.0,0.9519725557461407,0.24025974025974026,0.38368475630833043
Gamma_s05,Gamma,Gamma,base,6,5,s05,2068136963,9,0.21272349628487613,0.936517144515593,0.7906687064566703,1502.0,1556.0,5290.0,0.9652956298200515,0.2839319470699433,0.4387963774466842
Gamma_s05,Gamma,Gamma,base,6,5,s05,2068136963,10,0.20972713627104106,0.9422552761007221,0.7993135876897766,1379.0,1416.0,4234.0,0.9738700564971752,0.3256967406707605,0.4881415929203539
Gamma_s06,Gamma,Gamma,base,6,6,s06,2072361201,1,0.17519247265494198,0.5781230737400047,0.4415475697619745,62683.0,95129.0,273284.0,0.6589263000767379,0.22936944716851335,0.3402865805495463
Gamma_s06,Gamma,Gamma,base,6,6,s06,2072361201,2,0.2042091487843991,0.7060802476751871,0.5501249939779971,19808.0,27820.0,107484.0,0.7120057512580877,0.18428789401213203,0.2927925264589369
Gamma_s06,Gamma,Gamma,base,6,6,s06,2072361201,3,0.21836930640705826,0.7874562948125559,0.6281870999551004,9235.0,12201.0,53134.0,0.7569051717072371,0.17380584936199045,0.28269686997780674
Gamma_s06,Gamma,Gamma,base,6,6,s06,2072361201,4,0.22347834369769626,0.8406336184998366,0.6804538902111881,5188.0,6425.0,30491.0,0.8074708171206225,0.17014856843002854,0.28107053851988295
Gamma_s06,Gamma,Gamma,base,6,6,s06,2072361201,5,0.22294053898742322,0.8751549485463103,0.7142887102936797,3423.0,4007.0,19331.0,0.8542550536561018,0.17707309502871035,0.2933413317336533
Gamma_s06,Gamma,Gamma,base,6,6,s06,2072361201,6,0.22037753962705178,0.8991182344982668,0.7403521144234194,2481.0,2784.0,13072.0,0.8911637931034483,0.18979498164014688,0.312941473259334
Gamma_s06,Gamma,Gamma,base,6,6,s06,2072361201,7,0.21729217087646338,0.9163861977666794,0.7611714289345872,1945.0,2100.0,9309.0,0.9261904761904762,0.2089375872811258,0.3409588921027259
Gamma_s06,Gamma,Gamma,base,6,6,s06,2072361201,8,0.21392843401308195,0.9279495422304554,0.7766136571481839,1666.0,1754.0,6930.0,0.9498289623717218,0.2404040404040404,0.383694150161216
Gamma_s06,Gamma,Gamma,base,6,6,s06,2072361201,9,0.21040798585089482,0.9366983982036973,0.7889678242991933,1496.0,1550.0,5290.0,0.9651612903225807,0.2827977315689981,0.43742690058479533
Gamma_s06,Gamma,Gamma,base,6,6,s06,2072361201,10,0.2069711130371072,0.9423300685579956,0.7977387190162353,1371.0,1406.0,4234.0,0.9751066856330014,0.3238072744449693,0.4861702127659575
Gamma_s07,Gamma,Gamma,base,6,7,s07,2891725340,1,0.17683872928530298,0.5787603913088968,0.4428406507430284,62802.0,95475.0,273284.0,0.6577847604084839,0.2298048916145841,0.34061270368994384
Gamma_s07,Gamma,Gamma,base,6,7,s07,2891725340,2,0.2064059100700535,0.7062784308151022,0.5513939572315582,19927.0,28066.0,107484.0,0.710004988242001,0.18539503554017342,0.29401696790852083
Gamma_s07,Gamma,Gamma,base,6,7,s07,2891725340,3,0.22101145254564009,0.7871745221990756,0.629114455559815,9376.0,12411.0,53134.0,0.755458867133994,0.17645951744645613,0.2860935235334503
Gamma_s07,Gamma,Gamma,base,6,7,s07,2891725340,4,0.2265079692970058,0.8397171806630307,0.6805185556356818,5256.0,6588.0,30491.0,0.7978142076502732,0.17237873470860254,0.28350279133741474
Gamma_s07,Gamma,Gamma,base,6,7,s07,2891725340,5,0.22620979824210946,0.8746787648941389,0.7147388369433547,3453.0,4063.0,19331.0,0.8498646320452867,0.17862500646629767,0.29520389843549627
Gamma_s07,Gamma,Gamma,base,6,7,s07,2891725340,6,0.2237725523192946,0.8987448552697769,0.7410990074106405,2490.0,2804.0,13072.0,0.8880171184022825,0.19048347613219094,0.31368102796674224
Gamma_s07,Gamma,Gamma,base,6,7,s07,2891725340,7,0.22072431790054536,0.9153528204596435,0.7613814785099859,1976.0,2155.0,9309.0,0.9169373549883991,0.21226769792673755,0.34473133286810886
Gamma_s07,Gamma,Gamma,base,6,7,s07,2891725340,8,0.21728708004162633,0.9273797366271945,0.7774007808363712,1684.0,1776.0,6930.0,0.9481981981981982,0.243001443001443,0.38685963703193205
Gamma_s07,Gamma,Gamma,base,6,7,s07,2891725340,9,0.21412215864102685,0.9359026927054274,0.7893477466605476,1516.0,1584.0,5290.0,0.9570707070707071,0.28657844990548204,0.4410823392493453
Gamma_s07,Gamma,Gamma,base,6,7,s07,2891725340,10,0.21064667994747233,0.9420833039057113,0.7986880337661092,1398.0,1437.0,4234.0,0.9728601252609603,0.33018422295701466,0.4930347381414213
Gamma_s08,Gamma,Gamma,base,6,8,s08,2575967173,1,0.17621559039532197,0.5785903018934946,0.4430121669640402,62623.0,95091.0,273284.0,0.6585586438253883,0.22914989534696506,0.3399959280624364
Gamma_s08,Gamma,Gamma,base,6,8,s08,2575967173,2,0.20555202070390413,0.7062099446752657,0.5516992644930376,19773.0,27831.0,107484.0,0.7104667457152096,0.18396226415094338,0.2922514133688061
Gamma_s08,Gamma,Gamma,base,6,8,s08,2575967173,3,0.2199483558274413,0.787117897597128,0.6296736330597256,9234.0,12242.0,53134.0,0.7542885149485378,0.17378702902096585,0.2824889867841409
Gamma_s08,Gamma,Gamma,base,6,8,s08,2575967173,4,0.22532436969302888,0.8402280211146493,0.6819169002246597,5184.0,6452.0,30491.0,0.8034717916924985,0.17001738217834772,0.28064856671087896
Gamma_s08,Gamma,Gamma,base,6,8,s08,2575967173,5,0.22525147480879795,0.8751927775578457,0.7162186157131765,3411.0,4002.0,19331.0,0.8523238380809596,0.17645233045367545,0.29237560536579094
Gamma_s08,Gamma,Gamma,base,6,8,s08,2575967173,6,0.22292814123328614,0.8995820371255486,0.7428937441026643,2437.0,2727.0,13072.0,0.8936560322698937,0.18642900856793146,0.3085005380087347
Gamma_s08,Gamma,Gamma,base,6,8,s08,2575967173,7,0.22007673748281362,0.9163344150458234,0.7631838075502039,1958.0,2112.0,9309.0,0.9270833333333334,0.2103340852938017,0.3428771561159268
Gamma_s08,Gamma,Gamma,base,6,8,s08,2575967173,8,0.21699718090794207,0.9276959908261042,0.7783330239964097,1682.0,1768.0,6930.0,0.9513574660633484,0.2427128427128427,0.3867555759944815
Gamma_s08,Gamma,Gamma,base,6,8,s08,2575967173,9,0.21402637437917452,0.9361892435033506,0.7901349516628479,1515.0,1575.0,5290.0,0.9619047619047619,0.28638941398865786,0.4413692643845593
Gamma_s08,Gamma,Gamma,base,6,8,s08,2575967173,10,0.2107139347264784,0.9420550661327729,0.7989880752640997,1394.0,1432.0,4234.0,0.973463687150838,0.32923948984411905,0.49205788916343096
Gamma_s09,Gamma,Gamma,base,6,9,s09,2918267749,1,0.17343143866302554,0.5768379042598242,0.44109601600224246,62072.0,94130.0,273284.0,0.6594284500159354,0.2271336777857467,0.33788587261236647
Gamma_s09,Gamma,Gamma,base,6,9,s09,2918267749,2,0.20211359215830826,0.7049929991262875,0.5497183341956636,19445.0,27307.0,107484.0,0.712088475482477,0.18091064716608984,0.2885207469341425
Gamma_s09,Gamma,Gamma,base,6,9,s09,2918267749,3,0.21594743263784277,0.7865346142758645,0.6282989417465099,8996.0,11839.0,53134.0,0.7598614747867218,0.16930778785711598,0.27691502624166964
Gamma_s09,Gamma,Gamma,base,6,9,s09,2918267749,4,0.2212203136953817,0.8394486911401768,0.6804474994736317,5079.0,6291.0,30491.0,0.8073438245112065,0.1665737430717261,0.2761676907182861
Gamma_s09,Gamma,Gamma,base,6,9,s09,2918267749,5,0.22100784951912716,0.8740601413277836,0.7144623492397959,3352.0,3936.0,19331.0,0.8516260162601627,0.17340023795975376,0.28813340783083335
Gamma_s09,Gamma,Gamma,base,6,9,s09,2918267749,6,0.21890808636777978,0.8985692213238142,0.7407418061022565,2386.0,2684.0,13072.0,0.8889716840536512,0.18252753977968175,0.30286874841330286
Gamma_s09,Gamma,Gamma,base,6,9,s09,2918267749,7,0.2156943739152184,0.9160825341791339,0.7618185370324505,1918.0,2055.0,9309.0,0.9333333333333333,0.20603716833172198,0.33755719816965857
Gamma_s09,Gamma,Gamma,base,6,9,s09,2918267749,8,0.21243481326304445,0.9277179038663571,0.7772074084421607,1654.0,1729.0,6930.0,0.9566223250433776,0.23867243867243867,0.38203025753551223
Gamma_s09,Gamma,Gamma,base,6,9,s09,2918267749,9,0.20937482603128654,0.9360512854914347,0.7886798310513432,1483.0,1539.0,5290.0,0.9636127355425601,0.28034026465028355,0.4343242055937912
Gamma_s09,Gamma,Gamma,base,6,9,s09,2918267749,10,0.2060375604895464,0.9417357436226247,0.7974463701277639,1370.0,1402.0,4234.0,0.9771754636233951,0.3235710911667454,0.4861603974449965
Gamma_s10,Gamma,Gamma,base,6,10,s10,3763609086,1,0.17519336626017182,0.5772758593256229,0.4416184967994815,62386.0,94841.0,273284.0,0.6577956790839405,0.22828266565184935,0.3389392190152802
Gamma_s10,Gamma,Gamma,base,6,10,s10,3763609086,2,0.2042878538212155,0.7048439928302259,0.5500885211898301,19642.0,27688.0,107484.0,0.7094047963016469,0.1827434780990659,0.29062231823158646
Gamma_s10,Gamma,Gamma,base,6,10,s10,3763609086,3,0.21885946603263334,0.7859442002849499,0.6279939842781868,9238.0,12255.0,53134.0,0.7538147694818441,0.17386231038506417,0.2825551698297879
Gamma_s10,Gamma,Gamma,base,6,10,s10,3763609086,4,0.2240006963977737,0.8388978866553414,0.6802106987626566,5201.0,6471.0,30491.0,0.8037397620151445,0.17057492374799121,0.2814241653590174
Gamma_s10,Gamma,Gamma,base,6,10,s10,3763609086,5,0.22384942463426968,0.8735938094542057,0.7142626749290562,3410.0,4018.0,19331.0,0.8486809357889498,0.17640060007242253,0.29208959698488157
Gamma_s10,Gamma,Gamma,base,6,10,s10,3763609086,6,0.22152004396246497,0.898156325292623,0.7409948436367438,2434.0,2741.0,13072.0,0.8879970813571689,0.18619951040391677,0.3078479731866186
Gamma_s10,Gamma,Gamma,base,6,10,s10,3763609086,7,0.21859970158071332,0.9153315731603948,0.7617396346064548,1956.0,2116.0,9309.0,0.9243856332703214,0.21011923944569771,0.3424070021881838
Gamma_s10,Gamma,Gamma,base,6,10,s10,3763609086,8,0.21530298120544394,0.9272709129735399,0.7776335172048687,1669.0,1754.0,6930.0,0.951539338654504,0.24083694083694085,0.38438507600184246
Gamma_s10,Gamma,Gamma,base,6,10,s10,3763609086,9,0.21221826402685484,0.9359046827262596,0.7897532131284246,1498.0,1557.0,5290.0,0.962106615285806,0.2831758034026465,0.4375638965970498
Gamma_s10,Gamma,Gamma,base,6,10,s10,3763609086,10,0.20877211010485963,0.9419658487509992,0.7990885392594692,1380.0,1414.0,4234.0,0.9759547383309759,0.32593292394898443,0.48866855524079317
GammaQCL_s01,GammaQCL,Gamma,QCL,7,1,s01,1608668,1,0.16846112544255915,0.577041451837063,0.44791168569311,56843.0,85875.0,273284.0,0.6619272197962154,0.20799973653781414,0.31653390281184657
GammaQCL_s01,GammaQCL,Gamma,QCL,7,1,s01,1608668,2,0.19750278449621345,0.7060673449660116,0.5587543054063955,16956.0,23525.0,107484.0,0.7207651434643996,0.15775371218041756,0.25885244525185297
GammaQCL_s01,GammaQCL,Gamma,QCL,7,1,s01,1608668,3,0.21389873128357526,0.7889934997915665,0.6407872770070338,7653.0,9868.0,53134.0,0.7755370895824889,0.1440320698611059,0.24294466842322468
GammaQCL_s01,GammaQCL,Gamma,QCL,7,1,s01,1608668,4,0.22266784486131136,0.8425181206311602,0.6948061987473206,4290.0,5175.0,30491.0,0.8289855072463768,0.1406972549276836,0.24056524421017217
GammaQCL_s01,GammaQCL,Gamma,QCL,7,1,s01,1608668,5,0.22670748039028124,0.8780116524290099,0.7291208152099291,2853.0,3227.0,19331.0,0.8841028819336846,0.14758677771455175,0.25294795637911166
GammaQCL_s01,GammaQCL,Gamma,QCL,7,1,s01,1608668,6,0.22827922621706118,0.9010522281613046,0.7529467545407291,2164.0,2346.0,13072.0,0.9224211423699915,0.16554467564259487,0.2807108574393566
GammaQCL_s01,GammaQCL,Gamma,QCL,7,1,s01,1608668,7,0.22896568474903034,0.9174357665811198,0.7716563641037091,1771.0,1867.0,9309.0,0.948580610605249,0.19024599849607907,0.3169291338582677
GammaQCL_s01,GammaQCL,Gamma,QCL,7,1,s01,1608668,8,0.22926461222685104,0.9290277979308882,0.7856226135060537,1551.0,1601.0,6930.0,0.9687695190505934,0.22380952380952382,0.3636150509905052
GammaQCL_s01,GammaQCL,Gamma,QCL,7,1,s01,1608668,9,0.22910227336056965,0.9367317505102903,0.7950690134626115,1422.0,1455.0,5290.0,0.977319587628866,0.2688090737240076,0.4216456634544107
GammaQCL_s01,GammaQCL,Gamma,QCL,7,1,s01,1608668,10,0.2282055983649447,0.9419644092833549,0.8018281277691174,1344.0,1359.0,4234.0,0.9889624724061811,0.317430325932924,0.4806007509386734
GammaQCL_s02,GammaQCL,Gamma,QCL,7,2,s02,800022071,1,0.16268710243681458,0.5728653891845921,0.44319231033024636,55916.0,84210.0,273284.0,0.6640066500415628,0.2046076608948932,0.31282203337678394
GammaQCL_s02,GammaQCL,Gamma,QCL,7,2,s02,800022071,2,0.19016838615788503,0.7027299796265425,0.5544123282806288,16529.0,22763.0,107484.0,0.7261345165399992,0.15378102787391612,0.2538100685620398
GammaQCL_s02,GammaQCL,Gamma,QCL,7,2,s02,800022071,3,0.20520093588458033,0.7863193304959921,0.6370607853156088,7441.0,9505.0,53134.0,0.7828511309836927,0.14004215756389507,0.2375836140423698
GammaQCL_s02,GammaQCL,Gamma,QCL,7,2,s02,800022071,4,0.21277930244915175,0.8403373476520363,0.6920404568219909,4111.0,4918.0,30491.0,0.8359089060593737,0.13482667016496672,0.23220085289050807
GammaQCL_s02,GammaQCL,Gamma,QCL,7,2,s02,800022071,5,0.21620264289525723,0.8761612849513394,0.7272035070701713,2761.0,3099.0,19331.0,0.8909325588899645,0.14282758263928405,0.24618814088274632
GammaQCL_s02,GammaQCL,Gamma,QCL,7,2,s02,800022071,6,0.21698791815070884,0.9001328501284854,0.7516034273048323,2088.0,2243.0,13072.0,0.9308961212661614,0.15973072215422277,0.2726738491674829
GammaQCL_s02,GammaQCL,Gamma,QCL,7,2,s02,800022071,7,0.21724054113589925,0.9169662750073018,0.7705590919902869,1727.0,1798.0,9309.0,0.9605116796440489,0.18551938983779137,0.31097506077248577
GammaQCL_s02,GammaQCL,Gamma,QCL,7,2,s02,800022071,8,0.21737560306594875,0.9282733513425381,0.7841443113109672,1523.0,1566.0,6930.0,0.9725415070242657,0.21976911976911978,0.35852165725047086
GammaQCL_s02,GammaQCL,Gamma,QCL,7,2,s02,800022071,9,0.21713886304089605,0.9364943684524822,0.7943081609173712,1389.0,1416.0,5290.0,0.9809322033898306,0.26257088846880905,0.41425589024753945
GammaQCL_s02,GammaQCL,Gamma,QCL,7,2,s02,800022071,10,0.2160663333303518,0.9417237287093804,0.8009569188465644,1327.0,1343.0,4234.0,0.9880863737900223,0.31341521020311763,0.47588309126770667
GammaQCL_s03,GammaQCL,Gamma,QCL,7,3,s03,1364179249,1,0.1642611804242693,0.5738584288350272,0.44424695363154165,56091.0,84616.0,273284.0,0.6628888153540702,0.20524802037440903,0.3134450963956413
GammaQCL_s03,GammaQCL,Gamma,QCL,7,3,s03,1364179249,2,0.19233455262032415,0.7034876221968512,0.5552994371963854,16670.0,23021.0,107484.0,0.7241214543243126,0.15509285102899037,0.25546913911344393
GammaQCL_s03,GammaQCL,Gamma,QCL,7,3,s03,1364179249,3,0.20768397995921348,0.7870332722049171,0.6378315300080959,7515.0,9596.0,53134.0,0.7831388078365986,0.14143486279971393,0.23959827833572453
GammaQCL_s03,GammaQCL,Gamma,QCL,7,3,s03,1364179249,4,0.2158083917577138,0.8406147990051023,0.692120975672551,4125.0,4975.0,30491.0,0.8291457286432161,0.1352858220458496,0.23261715445779058
GammaQCL_s03,GammaQCL,Gamma,QCL,7,3,s03,1364179249,5,0.21913672270991108,0.8762303946003509,0.7269055639704549,2774.0,3118.0,19331.0,0.8896728672225785,0.14350007759557187,0.2471379571473117
GammaQCL_s03,GammaQCL,Gamma,QCL,7,3,s03,1364179249,6,0.22024732218917145,0.8999432406892816,0.7511185833491346,2100.0,2264.0,13072.0,0.9275618374558304,0.1606487148102815,0.2738654147104851
GammaQCL_s03,GammaQCL,Gamma,QCL,7,3,s03,1364179249,7,0.22067145190080134,0.9168495600963666,0.7701958216234608,1740.0,1814.0,9309.0,0.9592061742006616,0.18691588785046728,0.31286523419940665
GammaQCL_s03,GammaQCL,Gamma,QCL,7,3,s03,1364179249,8,0.2207942929721263,0.9280919052652987,0.7837137807735651,1530.0,1572.0,6930.0,0.9732824427480916,0.22077922077922077,0.3599153140437544
GammaQCL_s03,GammaQCL,Gamma,QCL,7,3,s03,1364179249,9,0.2203799091614807,0.9363328516730265,0.7937971257267107,1408.0,1431.0,5290.0,0.983927323549965,0.2661625708884688,0.41898527004909986
GammaQCL_s03,GammaQCL,Gamma,QCL,7,3,s03,1364179249,10,0.21954939682511282,0.9415579730862378,0.8004307281439987,1329.0,1342.0,4234.0,0.9903129657228018,0.3138875767595654,0.47668579626972735
GammaQCL_s04,GammaQCL,Gamma,QCL,7,4,s04,1418059007,1,0.16042960997497627,0.5713335279987641,0.4407263865945389,56163.0,84409.0,273284.0,0.6653674371216339,0.20551148256026697,0.31402906962115557
GammaQCL_s04,GammaQCL,Gamma,QCL,7,4,s04,1418059007,2,0.18698423759687893,0.7014687960246431,0.5520414792011976,16648.0,22911.0,107484.0,0.7266378595434507,0.1548881694019575,0.2553472142336746
GammaQCL_s04,GammaQCL,Gamma,QCL,7,4,s04,1418059007,3,0.20134251235711195,0.7860688517813774,0.6352262468238978,7497.0,9550.0,53134.0,0.7850261780104713,0.14109609666127151,0.2391997958011614
GammaQCL_s04,GammaQCL,Gamma,QCL,7,4,s04,1418059007,4,0.20787686240140227,0.840362719966804,0.6906055063381357,4120.0,4925.0,30491.0,0.8365482233502538,0.13512183923124857,0.23266320307205784
GammaQCL_s04,GammaQCL,Gamma,QCL,7,4,s04,1418059007,5,0.21003402428153523,0.8762166597323731,0.7263462840957879,2783.0,3117.0,19331.0,0.8928456849534809,0.14396565102684808,0.24795081967213115
GammaQCL_s04,GammaQCL,Gamma,QCL,7,4,s04,1418059007,6,0.21035017065322845,0.9002271248060316,0.7504496684136488,2085.0,2268.0,13072.0,0.9193121693121693,0.15950122399020808,0.2718383311603651
GammaQCL_s04,GammaQCL,Gamma,QCL,7,4,s04,1418059007,7,0.20994957625831537,0.9177190854624123,0.7700721746626581,1725.0,1808.0,9309.0,0.9540929203539823,0.1853045439896874,0.31033552217324817
GammaQCL_s04,GammaQCL,Gamma,QCL,7,4,s04,1418059007,8,0.20931497066246824,0.9295369798141471,0.7843235585081755,1509.0,1553.0,6930.0,0.9716677398583387,0.21774891774891775,0.3557703642579276
GammaQCL_s04,GammaQCL,Gamma,QCL,7,4,s04,1418059007,9,0.20825720339346526,0.937865356238193,0.7951922017867383,1402.0,1425.0,5290.0,0.983859649122807,0.2650283553875236,0.417572598659717
GammaQCL_s04,GammaQCL,Gamma,QCL,7,4,s04,1418059007,10,0.20691861037299478,0.9431820519776863,0.8022129333543111,1322.0,1333.0,4234.0,0.991747936984246,0.31223429381199813,0.4749416202622598
GammaQCL_s05,GammaQCL,Gamma,QCL,7,5,s05,2068136963,1,0.16266752494020814,0.5728380071207398,0.4417911829515506,56726.0,85489.0,273284.0,0.6635473569699025,0.207571610485795,0.3162222352295184
GammaQCL_s05,GammaQCL,Gamma,QCL,7,5,s05,2068136963,2,0.18999386790751363,0.7030852191932342,0.5529479752994544,17030.0,23477.0,107484.0,0.7253908080248754,0.15844218674407354,0.26007742763112685
GammaQCL_s05,GammaQCL,Gamma,QCL,7,5,s05,2068136963,3,0.20452403608615294,0.787068717427566,0.6354812549248401,7625.0,9780.0,53134.0,0.7796523517382413,0.14350510031241767,0.24239437962933527
GammaQCL_s05,GammaQCL,Gamma,QCL,7,5,s05,2068136963,4,0.2112703813087284,0.8414227777700082,0.6905322597389152,4210.0,5065.0,30491.0,0.8311944718657454,0.1380735298940671,0.23680953988075149
GammaQCL_s05,GammaQCL,Gamma,QCL,7,5,s05,2068136963,5,0.21342119714442614,0.8774868920502618,0.7262489233301035,2807.0,3154.0,19331.0,0.8899809765377299,0.14520718017691792,0.2496775628196576
GammaQCL_s05,GammaQCL,Gamma,QCL,7,5,s05,2068136963,6,0.21349667556672425,0.9012036970895022,0.750270433597957,2131.0,2305.0,13072.0,0.9245119305856833,0.1630201958384333,0.27716719776289267
GammaQCL_s05,GammaQCL,Gamma,QCL,7,5,s05,2068136963,7,0.21298394658224293,0.9178704932992645,0.7690946718977103,1760.0,1850.0,9309.0,0.9513513513513514,0.18906434633150715,0.315440451653374
GammaQCL_s05,GammaQCL,Gamma,QCL,7,5,s05,2068136963,8,0.21218822402830584,0.9297621247554725,0.7834471704042334,1550.0,1593.0,6930.0,0.9730069052102951,0.22366522366522368,0.3637216942391177
GammaQCL_s05,GammaQCL,Gamma,QCL,7,5,s05,2068136963,9,0.2111837732369905,0.9379697568771896,0.7938223296839797,1415.0,1441.0,5290.0,0.9819569743233866,0.2674858223062382,0.42044272767790825
GammaQCL_s05,GammaQCL,Gamma,QCL,7,5,s05,2068136963,10,0.20982464300249104,0.9430336537796811,0.8004464293758756,1329.0,1345.0,4234.0,0.9881040892193309,0.3138875767595654,0.4764294676465316
GammaQCL_s06,GammaQCL,Gamma,QCL,7,6,s06,2072361201,1,0.16568678267308404,0.5751255122873165,0.4452769299407866,56719.0,85588.0,273284.0,0.6626980417815581,0.20754599610661437,0.31609598965647917
GammaQCL_s06,GammaQCL,Gamma,QCL,7,6,s06,2072361201,2,0.19386776293251112,0.7046839168391779,0.5562823995942521,16897.0,23401.0,107484.0,0.7220631596940301,0.1572047932715567,0.2581961263704779
GammaQCL_s06,GammaQCL,Gamma,QCL,7,6,s06,2072361201,3,0.20932062283863648,0.7880748281778558,0.6385638325423177,7585.0,9746.0,53134.0,0.7782680073876462,0.1427522866714345,0.24125318066157764
GammaQCL_s06,GammaQCL,Gamma,QCL,7,6,s06,2072361201,4,0.21727492185832134,0.8421253427225058,0.6931722379546649,4225.0,5075.0,30491.0,0.8325123152709359,0.1385654783378702,0.2375864589776753
GammaQCL_s06,GammaQCL,Gamma,QCL,7,6,s06,2072361201,5,0.22068316552178413,0.8775505257452239,0.7276680541312514,2831.0,3203.0,19331.0,0.8838588822978458,0.14644870932698775,0.25126475548060706
GammaQCL_s06,GammaQCL,Gamma,QCL,7,6,s06,2072361201,6,0.22176970458392226,0.9012639495486886,0.7519068247233527,2141.0,2319.0,13072.0,0.9232427770590772,0.16378518971848224,0.2782145409654993
GammaQCL_s06,GammaQCL,Gamma,QCL,7,6,s06,2072361201,7,0.22209697314735743,0.9176735256154548,0.7704692867180019,1764.0,1860.0,9309.0,0.9483870967741935,0.1894940380277151,0.3158742949234488
GammaQCL_s06,GammaQCL,Gamma,QCL,7,6,s06,2072361201,8,0.22212350967720998,0.9292427387860972,0.7843097863540369,1540.0,1591.0,6930.0,0.9679446888749215,0.2222222222222222,0.36145992254430237
GammaQCL_s06,GammaQCL,Gamma,QCL,7,6,s06,2072361201,9,0.2215785072578743,0.9374062360456807,0.7945846137039045,1413.0,1440.0,5290.0,0.98125,0.2671077504725898,0.41991084695393754
GammaQCL_s06,GammaQCL,Gamma,QCL,7,6,s06,2072361201,10,0.22048600237990856,0.9427911372318291,0.8012391648279237,1330.0,1340.0,4234.0,0.9925373134328358,0.3141237600377893,0.47721564406171507
GammaQCL_s07,GammaQCL,Gamma,QCL,7,7,s07,2891725340,1,0.16728620032515423,0.5756222349013403,0.4467032404421405,56532.0,85620.0,273284.0,0.6602662929222144,0.2068617262627889,0.31502574504602904
GammaQCL_s07,GammaQCL,Gamma,QCL,7,7,s07,2891725340,2,0.19608596102186887,0.705004725351355,0.5577799755776638,16833.0,23359.0,107484.0,0.7206216019521383,0.15660935581109747,0.25730073446802654
GammaQCL_s07,GammaQCL,Gamma,QCL,7,7,s07,2891725340,3,0.2123910806174957,0.7884371894571007,0.6402600198297664,7582.0,9748.0,53134.0,0.7778005744768157,0.14269582564836075,0.24115009064597182
GammaQCL_s07,GammaQCL,Gamma,QCL,7,7,s07,2891725340,4,0.22103885937324652,0.8422031883377257,0.6946132501696571,4254.0,5094.0,30491.0,0.8351001177856302,0.13951657866255615,0.23908950400449624
GammaQCL_s07,GammaQCL,Gamma,QCL,7,7,s07,2891725340,5,0.22489939685158408,0.8768770404552183,0.7281747074158299,2829.0,3200.0,19331.0,0.8840625,0.14634524856448192,0.25112067817673434
GammaQCL_s07,GammaQCL,Gamma,QCL,7,7,s07,2891725340,6,0.22665717565695584,0.9002674109163032,0.7521677766670675,2123.0,2305.0,13072.0,0.9210412147505423,0.16240820073439413,0.2761266827079404
GammaQCL_s07,GammaQCL,Gamma,QCL,7,7,s07,2891725340,7,0.22733051731924567,0.9165807650185445,0.7707403264690736,1757.0,1853.0,9309.0,0.9481921208850512,0.18874207755935116,0.314818132951084
GammaQCL_s07,GammaQCL,Gamma,QCL,7,7,s07,2891725340,8,0.2276053412944364,0.9279039783736902,0.7843580424404313,1552.0,1604.0,6930.0,0.9675810473815462,0.22395382395382396,0.36372158425123036
GammaQCL_s07,GammaQCL,Gamma,QCL,7,7,s07,2891725340,9,0.22762857779835707,0.9360877453348895,0.7942412381815198,1418.0,1449.0,5290.0,0.9786059351276742,0.26805293005671077,0.4208339516248701
GammaQCL_s07,GammaQCL,Gamma,QCL,7,7,s07,2891725340,10,0.226904586212294,0.9413969639978724,0.8010922438188448,1336.0,1352.0,4234.0,0.9881656804733728,0.31554085970713275,0.4783387039026136
GammaQCL_s08,GammaQCL,Gamma,QCL,7,8,s08,2575967173,1,0.16566970266103898,0.5746277352995779,0.4450073764864859,56625.0,85491.0,273284.0,0.6623504228515282,0.20720203158618872,0.315657445474183
GammaQCL_s08,GammaQCL,Gamma,QCL,7,8,s08,2575967173,2,0.19374191907989766,0.7040737931381926,0.5559813341853401,16808.0,23266.0,107484.0,0.722427576721396,0.15637676305310558,0.2571013384321224
GammaQCL_s08,GammaQCL,Gamma,QCL,7,8,s08,2575967173,3,0.20943846225964233,0.7874150950027762,0.638230204665865,7548.0,9741.0,53134.0,0.774869109947644,0.14205593405352504,0.24009542743538767
GammaQCL_s08,GammaQCL,Gamma,QCL,7,8,s08,2575967173,4,0.21752658570091565,0.8413028642897962,0.6927486267963532,4200.0,5071.0,30491.0,0.8282390061131927,0.13774556426486503,0.23620718744727517
GammaQCL_s08,GammaQCL,Gamma,QCL,7,8,s08,2575967173,5,0.2208033433944741,0.876990660790225,0.7276974689580765,2838.0,3193.0,19331.0,0.8888192922016912,0.1468108219957581,0.25199786893979753
GammaQCL_s08,GammaQCL,Gamma,QCL,7,8,s08,2575967173,6,0.22191897475988384,0.9004965451739626,0.7517622665764758,2123.0,2299.0,13072.0,0.9234449760765551,0.16240820073439413,0.27623446750374087
GammaQCL_s08,GammaQCL,Gamma,QCL,7,8,s08,2575967173,7,0.22238209857326174,0.9171663727067761,0.7706275961608154,1758.0,1842.0,9309.0,0.9543973941368078,0.18884950048340315,0.3153080441216034
GammaQCL_s08,GammaQCL,Gamma,QCL,7,8,s08,2575967173,8,0.22271351728502234,0.9285151093643427,0.7841285609515825,1531.0,1582.0,6930.0,0.9677623261694058,0.2209235209235209,0.35972744360902253
GammaQCL_s08,GammaQCL,Gamma,QCL,7,8,s08,2575967173,9,0.22233609193430814,0.9364582056992077,0.7941351390312943,1412.0,1440.0,5290.0,0.9805555555555555,0.2669187145557656,0.4196136701337296
GammaQCL_s08,GammaQCL,Gamma,QCL,7,8,s08,2575967173,10,0.22150019230941242,0.9416991416592742,0.8006587419011427,1344.0,1360.0,4234.0,0.9882352941176471,0.317430325932924,0.4805148373257061
GammaQCL_s09,GammaQCL,Gamma,QCL,7,9,s09,2918267749,1,0.16473583687487278,0.5735886632482528,0.44403285702759754,55588.0,83922.0,273284.0,0.6623769690903458,0.2034074442704293,0.311237773161705
GammaQCL_s09,GammaQCL,Gamma,QCL,7,9,s09,2918267749,2,0.19307133510806299,0.7026948992957389,0.5545821347744007,16418.0,22718.0,107484.0,0.7226868562373449,0.15274831602843214,0.2521927466551973
GammaQCL_s09,GammaQCL,Gamma,QCL,7,9,s09,2918267749,3,0.2089593226157103,0.7858396137099946,0.6367750764841913,7325.0,9425.0,53134.0,0.7771883289124668,0.13785899800504386,0.2341789350852795
GammaQCL_s09,GammaQCL,Gamma,QCL,7,9,s09,2918267749,4,0.21762557427678086,0.8396046841983021,0.6911431743439531,4092.0,4924.0,30491.0,0.8310316815597075,0.1342035354694828,0.2310885218127912
GammaQCL_s09,GammaQCL,Gamma,QCL,7,9,s09,2918267749,5,0.22179957944951825,0.8755354643942339,0.7259957831644727,2764.0,3103.0,19331.0,0.8907508862391235,0.14298277378304278,0.24641169653204956
GammaQCL_s09,GammaQCL,Gamma,QCL,7,9,s09,2918267749,6,0.2236706629670349,0.8987609318573767,0.749529491011331,2091.0,2266.0,13072.0,0.9227714033539276,0.15996022031823745,0.2726561481288303
GammaQCL_s09,GammaQCL,Gamma,QCL,7,9,s09,2918267749,7,0.22481123372851822,0.9153361008456283,0.7680154150438498,1730.0,1819.0,9309.0,0.9510720175920836,0.18584165860994736,0.31092739036664274
GammaQCL_s09,GammaQCL,Gamma,QCL,7,9,s09,2918267749,8,0.2253451976644634,0.9270859602154812,0.7817759136977438,1522.0,1566.0,6930.0,0.9719029374201787,0.2196248196248196,0.3582862523540489
GammaQCL_s09,GammaQCL,Gamma,QCL,7,9,s09,2918267749,9,0.22556120151797773,0.9349695584322794,0.7914001975407916,1407.0,1435.0,5290.0,0.9804878048780488,0.2659735349716446,0.41843866171003713
GammaQCL_s09,GammaQCL,Gamma,QCL,7,9,s09,2918267749,10,0.22509225092250923,0.9402772369512388,0.7979000849283582,1335.0,1349.0,4234.0,0.9896219421793921,0.31530467642890886,0.47823750671681897
GammaQCL_s10,GammaQCL,Gamma,QCL,7,10,s10,3763609086,1,0.16541421250316593,0.5748083525971855,0.44593428276968294,56014.0,84665.0,273284.0,0.6615957007027697,0.2049662622034221,0.3129719596925819
GammaQCL_s10,GammaQCL,Gamma,QCL,7,10,s10,3763609086,2,0.19387513872973192,0.7045527205744604,0.5572381248333631,16628.0,22938.0,107484.0,0.7249106286511465,0.154702095195564,0.25498765545690144
GammaQCL_s10,GammaQCL,Gamma,QCL,7,10,s10,3763609086,3,0.20978972973096663,0.7878738007510467,0.6398257452747198,7455.0,9552.0,53134.0,0.780464824120603,0.14030564233823917,0.2378521519956609
GammaQCL_s10,GammaQCL,Gamma,QCL,7,10,s10,3763609086,4,0.2183584585946461,0.8414743654819884,0.6942122515508602,4181.0,5019.0,30491.0,0.8330344690177326,0.13712242956938112,0.23548296254576173
GammaQCL_s10,GammaQCL,Gamma,QCL,7,10,s10,3763609086,5,0.22238567678028676,0.8768125680530328,0.7285190925118867,2772.0,3147.0,19331.0,0.880838894184938,0.14339661683306607,0.24664116024557345
GammaQCL_s10,GammaQCL,Gamma,QCL,7,10,s10,3763609086,6,0.2238516289606976,0.9007865299921199,0.7531711271565505,2089.0,2255.0,13072.0,0.9263858093126386,0.15980722154222765,0.2725908527435245
GammaQCL_s10,GammaQCL,Gamma,QCL,7,10,s10,3763609086,7,0.22471671253677516,0.9169418920567891,0.7714508227142967,1736.0,1824.0,9309.0,0.9517543859649122,0.18648619615425932,0.31186562471930296
GammaQCL_s10,GammaQCL,Gamma,QCL,7,10,s10,3763609086,8,0.22523808751237082,0.928041120214455,0.7847591981899072,1521.0,1577.0,6930.0,0.9644895370957515,0.21948051948051947,0.3575878688139179
GammaQCL_s10,GammaQCL,Gamma,QCL,7,10,s10,3763609086,9,0.22503473353801823,0.9364207591172058,0.7950528638854133,1409.0,1437.0,5290.0,0.9805149617258176,0.266351606805293,0.41890887468410887
GammaQCL_s10,GammaQCL,Gamma,QCL,7,10,s10,3763609086,10,0.2242301705165596,0.941799906936979,0.8017867214548249,1337.0,1349.0,4234.0,0.9911045218680504,0.31577704298535664,0.4789539674010389
GammaQCH_s01,GammaQCH,Gamma,QCH,8,1,s01,1608668,1,0.1703146695374019,0.5763782209299239,0.44164564188623057,61156.0,92152.0,273284.0,0.6636426773157392,0.22378185331010964,0.33470156196981143
GammaQCH_s01,GammaQCH,Gamma,QCH,8,1,s01,1608668,2,0.19824405642695078,0.7050867392052835,0.551388622929776,19203.0,26687.0,107484.0,0.7195638325776595,0.17865914926872836,0.28624665538752786
GammaQCH_s01,GammaQCH,Gamma,QCH,8,1,s01,1608668,3,0.2115213366098738,0.7878439442380865,0.6319607293285305,8799.0,11406.0,53134.0,0.771436086270384,0.16560018067527382,0.27266811279826464
GammaQCH_s01,GammaQCH,Gamma,QCH,8,1,s01,1608668,4,0.21645561332773192,0.841076733373468,0.6854324618310342,4871.0,5952.0,30491.0,0.818380376344086,0.15975205798432324,0.26732157067200835
GammaQCH_s01,GammaQCH,Gamma,QCH,8,1,s01,1608668,5,0.21633096181161732,0.8761006403554426,0.7205432991782899,3196.0,3700.0,19331.0,0.8637837837837837,0.16533029848429984,0.27753896921540533
GammaQCH_s01,GammaQCH,Gamma,QCH,8,1,s01,1608668,6,0.2141461222527616,0.9003058368538377,0.7465684265306354,2322.0,2572.0,13072.0,0.9027993779160186,0.17763157894736842,0.2968550242904628
GammaQCH_s01,GammaQCH,Gamma,QCH,8,1,s01,1608668,7,0.21117545995517073,0.9172847072120484,0.7670697592488283,1888.0,2002.0,9309.0,0.9430569430569431,0.20281448061016222,0.3338343205728937
GammaQCH_s01,GammaQCH,Gamma,QCH,8,1,s01,1608668,8,0.2080942901278366,0.9289288764527163,0.7824848478204325,1641.0,1702.0,6930.0,0.964159811985899,0.23679653679653678,0.3802131603336422
GammaQCH_s01,GammaQCH,Gamma,QCH,8,1,s01,1608668,9,0.2051390798836467,0.9368976242585144,0.7937121389252497,1468.0,1517.0,5290.0,0.967699406723797,0.2775047258979206,0.43132069928015276
GammaQCH_s01,GammaQCH,Gamma,QCH,8,1,s01,1608668,10,0.20188133463882219,0.9433648522520478,0.8032169570537571,1366.0,1387.0,4234.0,0.9848594087959625,0.32262635805384976,0.4860345134317737
GammaQCH_s02,GammaQCH,Gamma,QCH,8,2,s02,800022071,1,0.16957138337971228,0.5762123256171727,0.44165640841060266,60642.0,91079.0,273284.0,0.6658175869300278,0.22190102603884604,0.33286585081361164
GammaQCH_s02,GammaQCH,Gamma,QCH,8,2,s02,800022071,2,0.19740091901206203,0.7046197929737319,0.5511040608533095,18899.0,26228.0,107484.0,0.7205658075339332,0.175830821331547,0.282682182601412
GammaQCH_s02,GammaQCH,Gamma,QCH,8,2,s02,800022071,3,0.21100442929532282,0.7871968614304612,0.6314456336452151,8755.0,11322.0,53134.0,0.7732732732732732,0.16477208567019233,0.27165818542881964
GammaQCH_s02,GammaQCH,Gamma,QCH,8,2,s02,800022071,4,0.21597482972406568,0.8403366769199414,0.6848838157486408,4831.0,5897.0,30491.0,0.8192301170086485,0.158440195467515,0.2655270968451138
GammaQCH_s02,GammaQCH,Gamma,QCH,8,2,s02,800022071,5,0.21596912714707797,0.8756160811738146,0.7201894602452348,3140.0,3626.0,19331.0,0.8659680088251517,0.16243339713413688,0.2735549070000436
GammaQCH_s02,GammaQCH,Gamma,QCH,8,2,s02,800022071,6,0.21392878797382342,0.8997259435613557,0.7458558908716116,2320.0,2559.0,13072.0,0.9066041422430637,0.17747858017135862,0.29684601113172543
GammaQCH_s02,GammaQCH,Gamma,QCH,8,2,s02,800022071,7,0.21138877509217535,0.9167845950222294,0.7661052551285523,1888.0,1999.0,9309.0,0.9444722361180591,0.20281448061016222,0.33392288645206936
GammaQCH_s02,GammaQCH,Gamma,QCH,8,2,s02,800022071,8,0.20869928391277198,0.9283101958835823,0.7810474154243584,1619.0,1679.0,6930.0,0.9642644431209053,0.23362193362193362,0.3761180160297363
GammaQCH_s02,GammaQCH,Gamma,QCH,8,2,s02,800022071,9,0.20585462430470444,0.9363051297968568,0.792160155510544,1463.0,1505.0,5290.0,0.9720930232558139,0.27655954631379964,0.43061074319352466
GammaQCH_s02,GammaQCH,Gamma,QCH,8,2,s02,800022071,10,0.20282112040059017,0.9426020951483259,0.801210056271747,1358.0,1380.0,4234.0,0.9840579710144928,0.3207368918280586,0.4837905236907731
GammaQCH_s03,GammaQCH,Gamma,QCH,8,3,s03,1364179249,1,0.16907242458869912,0.5758553572237746,0.4388052681860507,61491.0,92326.0,273284.0,0.6660204059528193,0.2250076843137542,0.33637482563387217
GammaQCH_s03,GammaQCH,Gamma,QCH,8,3,s03,1364179249,2,0.19641959798994976,0.7049363530963666,0.5484155324614346,19274.0,26636.0,107484.0,0.7236071482204535,0.17931971270142533,0.28741425589024755
GammaQCH_s03,GammaQCH,Gamma,QCH,8,3,s03,1364179249,3,0.20907127528215316,0.7873538809430212,0.6282927498902204,8877.0,11462.0,53134.0,0.77447216890595,0.16706816727519103,0.27484673973620655
GammaQCH_s03,GammaQCH,Gamma,QCH,8,3,s03,1364179249,4,0.21325776594119059,0.8407240733026857,0.6818646417663707,4908.0,5978.0,30491.0,0.8210103713616594,0.16096553081237086,0.26916010858537387
GammaQCH_s03,GammaQCH,Gamma,QCH,8,3,s03,1364179249,5,0.21237730368589744,0.8760796623018633,0.7176623056194362,3160.0,3644.0,19331.0,0.867178924259056,0.16346800475919507,0.27508161044613716
GammaQCH_s03,GammaQCH,Gamma,QCH,8,3,s03,1364179249,6,0.20921501230574013,0.9009549709512299,0.744738503575672,2358.0,2575.0,13072.0,0.9157281553398058,0.18038555691554467,0.3013996293219148
GammaQCH_s03,GammaQCH,Gamma,QCH,8,3,s03,1364179249,7,0.20606706461473115,0.9174680456239431,0.7647585531400598,1909.0,2027.0,9309.0,0.9417858904785397,0.20507036201525405,0.336803105151729
GammaQCH_s03,GammaQCH,Gamma,QCH,8,3,s03,1364179249,8,0.20252174089315036,0.9289946774379829,0.7803593260503994,1634.0,1698.0,6930.0,0.9623085983510011,0.2357864357864358,0.37876680574872507
GammaQCH_s03,GammaQCH,Gamma,QCH,8,3,s03,1364179249,9,0.19897475901264836,0.937683399310206,0.7929866597076232,1441.0,1477.0,5290.0,0.975626269465132,0.2724007561436673,0.4258903502290528
GammaQCH_s03,GammaQCH,Gamma,QCH,8,3,s03,1364179249,10,0.1954726530539249,0.9437732915821955,0.802378511605747,1341.0,1361.0,4234.0,0.9853049228508449,0.31672177609825225,0.47935656836461127
GammaQCH_s04,GammaQCH,Gamma,QCH,8,4,s04,1418059007,1,0.17153936391203328,0.5770591562287521,0.439289915335402,62194.0,93588.0,273284.0,0.6645510108133521,0.22758009982289487,0.3390501319261214
GammaQCH_s04,GammaQCH,Gamma,QCH,8,4,s04,1418059007,2,0.19951044339636165,0.7056446482888683,0.5482940910740406,19781.0,27430.0,107484.0,0.721144732045206,0.1840366938335008,0.2932386557362468
GammaQCH_s04,GammaQCH,Gamma,QCH,8,4,s04,1418059007,3,0.2124675738406226,0.7879383595997111,0.6276805911111868,9139.0,11840.0,53134.0,0.771875,0.17199909662363083,0.28131252501000403
GammaQCH_s04,GammaQCH,Gamma,QCH,8,4,s04,1418059007,4,0.21672490773197844,0.8408555863838787,0.6804954140440326,5086.0,6232.0,30491.0,0.8161103979460848,0.16680331901216752,0.2769926204286142
GammaQCH_s04,GammaQCH,Gamma,QCH,8,4,s04,1418059007,5,0.21554177900946495,0.8763570674219985,0.7164891830857743,3215.0,3731.0,19331.0,0.8616992763334227,0.1663131757281051,0.2788136328158876
GammaQCH_s04,GammaQCH,Gamma,QCH,8,4,s04,1418059007,6,0.21221600607525795,0.900601237145554,0.7429788199958262,2385.0,2632.0,13072.0,0.9061550151975684,0.18245104039167687,0.30374426897605705
GammaQCH_s04,GammaQCH,Gamma,QCH,8,4,s04,1418059007,7,0.2087373488495508,0.9171677194729222,0.7632439231703436,1914.0,2048.0,9309.0,0.9345703125,0.205607476635514,0.337060843532623
GammaQCH_s04,GammaQCH,Gamma,QCH,8,4,s04,1418059007,8,0.20497727834733928,0.92914587003346,0.7794151368965747,1658.0,1724.0,6930.0,0.9617169373549884,0.23924963924963924,0.3831754102149295
GammaQCH_s04,GammaQCH,Gamma,QCH,8,4,s04,1418059007,9,0.20119210349275182,0.9375830845476584,0.7917481486431985,1477.0,1519.0,5290.0,0.9723502304147466,0.2792060491493384,0.4338375679248054
GammaQCH_s04,GammaQCH,Gamma,QCH,8,4,s04,1418059007,10,0.19749300383559684,0.9435775367571236,0.8011964725211614,1364.0,1387.0,4234.0,0.9834174477289113,0.322153991497402,0.4853228962818004
GammaQCH_s05,GammaQCH,Gamma,QCH,8,5,s05,2068136963,1,0.16929747343401008,0.5758199471325123,0.4405904019873666,61014.0,91700.0,273284.0,0.6653653217011996,0.22326224733244537,0.3343379435810885
GammaQCH_s05,GammaQCH,Gamma,QCH,8,5,s05,2068136963,2,0.19678043931158606,0.7043217725900768,0.5500835093406691,18995.0,26413.0,107484.0,0.7191534471661681,0.17672397752223587,0.2837255502363757
GammaQCH_s05,GammaQCH,Gamma,QCH,8,5,s05,2068136963,3,0.21006446379295024,0.7874053312461379,0.6307249674368675,8716.0,11269.0,53134.0,0.7734492856509007,0.16403809237023376,0.27067062093380745
GammaQCH_s05,GammaQCH,Gamma,QCH,8,5,s05,2068136963,4,0.21473541154413991,0.840435169441238,0.6840613294121511,4877.0,5935.0,30491.0,0.8217354675652907,0.15994883736184448,0.26777576456377317
GammaQCH_s05,GammaQCH,Gamma,QCH,8,5,s05,2068136963,5,0.21471113851392587,0.8759955309027652,0.7196175218226456,3153.0,3640.0,19331.0,0.8662087912087912,0.1631058920904247,0.2745200470158025
GammaQCH_s05,GammaQCH,Gamma,QCH,8,5,s05,2068136963,6,0.21225711577597503,0.8999841242040094,0.7453005296666871,2300.0,2537.0,13072.0,0.9065825778478518,0.1759485924112607,0.29470177461720803
GammaQCH_s05,GammaQCH,Gamma,QCH,8,5,s05,2068136963,7,0.20940375148853543,0.9165628186024576,0.7651813238842643,1876.0,1995.0,9309.0,0.9403508771929825,0.2015254055215383,0.33191790516631287
GammaQCH_s05,GammaQCH,Gamma,QCH,8,5,s05,2068136963,8,0.20635139463878066,0.9282198808722231,0.7804631291445996,1632.0,1693.0,6930.0,0.9639692852923804,0.2354978354978355,0.37852255595500406
GammaQCH_s05,GammaQCH,Gamma,QCH,8,5,s05,2068136963,9,0.2033776284608693,0.9364624244490337,0.7918420510865172,1451.0,1494.0,5290.0,0.9712182061579652,0.27429111531190925,0.4277712264150943
GammaQCH_s05,GammaQCH,Gamma,QCH,8,5,s05,2068136963,10,0.20025301517196986,0.9425047386864518,0.800706204597741,1347.0,1373.0,4234.0,0.9810633648943918,0.31813887576759564,0.4804708400214018
GammaQCH_s06,GammaQCH,Gamma,QCH,8,6,s06,2072361201,1,0.1698953247744761,0.5760758938663485,0.4403416271958166,61185.0,92032.0,273284.0,0.6648231050069541,0.22388797002385796,0.33497027231218995
GammaQCH_s06,GammaQCH,Gamma,QCH,8,6,s06,2072361201,2,0.1977117821510396,0.7047596228340893,0.549753081331754,19217.0,26646.0,107484.0,0.7211964272311041,0.17878940121320383,0.2865429061358384
GammaQCH_s06,GammaQCH,Gamma,QCH,8,6,s06,2072361201,3,0.21082928051572342,0.7872546970565667,0.6297836964324918,8829.0,11417.0,53134.0,0.7733204869930805,0.16616479090601122,0.2735511456058001
GammaQCH_s06,GammaQCH,Gamma,QCH,8,6,s06,2072361201,4,0.2153620333563421,0.8402153150279461,0.6829834258451767,4933.0,6008.0,30491.0,0.8210719041278296,0.16178544488537602,0.2703087755828927
GammaQCH_s06,GammaQCH,Gamma,QCH,8,6,s06,2072361201,5,0.21511964477377485,0.8754727179261258,0.7183155870942598,3174.0,3670.0,19331.0,0.864850136239782,0.1641922300967358,0.27598800052171646
GammaQCH_s06,GammaQCH,Gamma,QCH,8,6,s06,2072361201,6,0.2125351896758369,0.8996703054619732,0.7443536280248804,2330.0,2574.0,13072.0,0.9052059052059052,0.1782435740514076,0.2978397034385785
GammaQCH_s06,GammaQCH,Gamma,QCH,8,6,s06,2072361201,7,0.20951763269083434,0.9166146421700504,0.76465038836226,1887.0,2001.0,9309.0,0.9430284857571214,0.20270705768611022,0.3336870026525198
GammaQCH_s06,GammaQCH,Gamma,QCH,8,6,s06,2072361201,8,0.20662188838940077,0.9282252532373594,0.7797841204957416,1633.0,1703.0,6930.0,0.9588960657662948,0.23564213564213565,0.3783157650874551
GammaQCH_s06,GammaQCH,Gamma,QCH,8,6,s06,2072361201,9,0.20321788437388832,0.9369059584800745,0.7919246027332499,1459.0,1497.0,5290.0,0.9746158984635939,0.2758034026465028,0.42993959039339913
GammaQCH_s06,GammaQCH,Gamma,QCH,8,6,s06,2072361201,10,0.1998613936643491,0.942883774192508,0.8010296979708458,1359.0,1379.0,4234.0,0.9854967367657723,0.3209730751062825,0.48423303046499194
GammaQCH_s07,GammaQCH,Gamma,QCH,8,7,s07,2891725340,1,0.16904850541404087,0.5746358246523351,0.4360263522833702,61727.0,92540.0,273284.0,0.6670304733088395,0.22587125481184409,0.33746829076277113
GammaQCH_s07,GammaQCH,Gamma,QCH,8,7,s07,2891725340,2,0.19624428636240557,0.7027827821292314,0.5444945809623263,19387.0,26895.0,107484.0,0.7208403048893847,0.18037103196754867,0.28854210851397916
GammaQCH_s07,GammaQCH,Gamma,QCH,8,7,s07,2891725340,3,0.2089058170799174,0.7851699790730061,0.623715535291833,9020.0,11670.0,53134.0,0.7729220222793488,0.16975947604170588,0.27837787790877105
GammaQCH_s07,GammaQCH,Gamma,QCH,8,7,s07,2891725340,4,0.21255879265449687,0.8377488326989485,0.6763684474427132,4994.0,6125.0,30491.0,0.8153469387755102,0.16378603522350857,0.2727769281188552
GammaQCH_s07,GammaQCH,Gamma,QCH,8,7,s07,2891725340,5,0.21135328816635635,0.8737060421452598,0.7126628237514443,3233.0,3724.0,19331.0,0.8681525241675617,0.1672443225906575,0.2804597701149425
GammaQCH_s07,GammaQCH,Gamma,QCH,8,7,s07,2891725340,6,0.20805782964640307,0.8975904536587658,0.7383257057349011,2335.0,2584.0,13072.0,0.9036377708978328,0.17862607099143207,0.29828819621870206
GammaQCH_s07,GammaQCH,Gamma,QCH,8,7,s07,2891725340,7,0.2042884339707076,0.9146467266503908,0.7590704506428527,1903.0,2021.0,9309.0,0.9416130628401781,0.2044258244709421,0.3359223300970874
GammaQCH_s07,GammaQCH,Gamma,QCH,8,7,s07,2891725340,8,0.2005335236072034,0.9264416593378275,0.7749266117644334,1645.0,1710.0,6930.0,0.9619883040935673,0.23737373737373738,0.38078703703703703
GammaQCH_s07,GammaQCH,Gamma,QCH,8,7,s07,2891725340,9,0.19664023998285837,0.9349856168381558,0.7873013412503986,1466.0,1507.0,5290.0,0.9727936297279363,0.2771266540642722,0.43136677946152713
GammaQCH_s07,GammaQCH,Gamma,QCH,8,7,s07,2891725340,10,0.19309734434158357,0.9411287020759076,0.7967503817218182,1350.0,1376.0,4234.0,0.9811046511627907,0.31884742560226736,0.48128342245989303
GammaQCH_s08,GammaQCH,Gamma,QCH,8,8,s08,2575967173,1,0.1701931429429365,0.5768780630767784,0.44356282411707937,60397.0,90835.0,273284.0,0.6649089007541146,0.2210045227675239,0.3317431938459679
GammaQCH_s08,GammaQCH,Gamma,QCH,8,8,s08,2575967173,2,0.1983761407943016,0.7052846996635617,0.5533264590972227,18898.0,26228.0,107484.0,0.7205276803416196,0.17582151762122736,0.28266722508077063
GammaQCH_s08,GammaQCH,Gamma,QCH,8,8,s08,2575967173,3,0.2122556147636261,0.7883399658330756,0.6344140761634581,8627.0,11150.0,53134.0,0.7737219730941705,0.16236308201904617,0.2684027129612345
GammaQCH_s08,GammaQCH,Gamma,QCH,8,8,s08,2575967173,4,0.21748432272536253,0.8410059994498775,0.6875048710239409,4816.0,5882.0,30491.0,0.8187691261475688,0.1579482470237119,0.2648118109586781
GammaQCH_s08,GammaQCH,Gamma,QCH,8,8,s08,2575967173,5,0.21801260901413036,0.8762084591268873,0.722386797940348,3133.0,3609.0,19331.0,0.8681075090052646,0.1620712844653665,0.27314734088927634
GammaQCH_s08,GammaQCH,Gamma,QCH,8,8,s08,2575967173,6,0.21633717201572653,0.90062776235869,0.7483570839058007,2279.0,2504.0,13072.0,0.9101437699680511,0.17434210526315788,0.2926296866974833
GammaQCH_s08,GammaQCH,Gamma,QCH,8,8,s08,2575967173,7,0.21423586086560711,0.9171682138539224,0.7678823857178987,1873.0,1982.0,9309.0,0.9450050454086781,0.2012031367493823,0.3317686653086529
GammaQCH_s08,GammaQCH,Gamma,QCH,8,8,s08,2575967173,8,0.21184063305712758,0.9284441398580986,0.7824453614875062,1647.0,1713.0,6930.0,0.9614711033274956,0.23766233766233766,0.3811176674765706
GammaQCH_s08,GammaQCH,Gamma,QCH,8,8,s08,2575967173,9,0.20934098894506814,0.9368075480048275,0.7936462289449627,1469.0,1513.0,5290.0,0.9709187045604759,0.2776937618147448,0.4318682933999706
GammaQCH_s08,GammaQCH,Gamma,QCH,8,8,s08,2575967173,10,0.20641469792807493,0.9425830253976887,0.8019727519098343,1362.0,1387.0,4234.0,0.9819754866618601,0.3216816249409542,0.484611279131827
GammaQCH_s09,GammaQCH,Gamma,QCH,8,9,s09,2918267749,1,0.1695048491942115,0.5758058951386783,0.44030601180684015,61184.0,92150.0,273284.0,0.6639609332609875,0.22388431082683216,0.3348566362188521
GammaQCH_s09,GammaQCH,Gamma,QCH,8,9,s09,2918267749,2,0.19726850165852503,0.7047672801922215,0.5500083128852551,19112.0,26579.0,107484.0,0.7190639226456977,0.1778125116296379,0.2851196825373145
GammaQCH_s09,GammaQCH,Gamma,QCH,8,9,s09,2918267749,3,0.21032665532019604,0.7878659493778379,0.630660424539182,8838.0,11395.0,53134.0,0.7756033347959631,0.16633417397523242,0.2739233522912179
GammaQCH_s09,GammaQCH,Gamma,QCH,8,9,s09,2918267749,4,0.21491709089718616,0.8406008496494335,0.6836229798338531,4871.0,5952.0,30491.0,0.818380376344086,0.15975205798432324,0.26732157067200835
GammaQCH_s09,GammaQCH,Gamma,QCH,8,9,s09,2918267749,5,0.2145807129850382,0.8756050386141345,0.7185297183636621,3180.0,3688.0,19331.0,0.8622559652928417,0.16450261238425326,0.2762934966766584
GammaQCH_s09,GammaQCH,Gamma,QCH,8,9,s09,2918267749,6,0.21190093703501076,0.900215451174349,0.744838519693987,2343.0,2581.0,13072.0,0.9077876791941109,0.17923806609547124,0.2993675333801827
GammaQCH_s09,GammaQCH,Gamma,QCH,8,9,s09,2918267749,7,0.20898494543716645,0.9172347929460416,0.7651025806935754,1879.0,1992.0,9309.0,0.9432730923694779,0.20184767429369427,0.33253694363330677
GammaQCH_s09,GammaQCH,Gamma,QCH,8,9,s09,2918267749,8,0.205863987284287,0.9286797898991924,0.7801878489834226,1637.0,1698.0,6930.0,0.964075382803298,0.23621933621933622,0.3794622160407974
GammaQCH_s09,GammaQCH,Gamma,QCH,8,9,s09,2918267749,9,0.2027570189571835,0.9370550645087872,0.7918363220085144,1462.0,1506.0,5290.0,0.9707835325365206,0.2763705103969754,0.4302530900529723
GammaQCH_s09,GammaQCH,Gamma,QCH,8,9,s09,2918267749,10,0.19949480272717113,0.9431372963121495,0.8008644057267038,1361.0,1384.0,4234.0,0.9833815028901735,0.32144544166273026,0.4845140619437522
GammaQCH_s10,GammaQCH,Gamma,QCH,8,10,s10,3763609086,1,0.1683801298215055,0.5763455583583375,0.4446239183849599,59506.0,89594.0,273284.0,0.6641739402192111,0.21774417821753195,0.3279669751266266
GammaQCH_s10,GammaQCH,Gamma,QCH,8,10,s10,3763609086,2,0.1962176257990773,0.7053065205790624,0.5551087867877026,18214.0,25348.0,107484.0,0.7185576771342906,0.16945777976256932,0.2742411467116358
GammaQCH_s10,GammaQCH,Gamma,QCH,8,10,s10,3763609086,3,0.21038547438877775,0.7887377876955013,0.6369092211567742,8321.0,10765.0,53134.0,0.7729679516953089,0.1566040576655249,0.2604422604422605
GammaQCH_s10,GammaQCH,Gamma,QCH,8,10,s10,3763609086,4,0.21636313473321334,0.8423064410156595,0.6909826142243627,4597.0,5596.0,30491.0,0.8214796283059328,0.1507657997441868,0.2547731870202566
GammaQCH_s10,GammaQCH,Gamma,QCH,8,10,s10,3763609086,5,0.21737455003430547,0.8778523459565439,0.7263219028153217,3035.0,3472.0,19331.0,0.8741359447004609,0.15700170710258135,0.2661930447748104
GammaQCH_s10,GammaQCH,Gamma,QCH,8,10,s10,3763609086,6,0.2164185871324145,0.9021180222843883,0.751789718231727,2235.0,2440.0,13072.0,0.9159836065573771,0.17097613219094246,0.288164002062919
GammaQCH_s10,GammaQCH,Gamma,QCH,8,10,s10,3763609086,7,0.21488647836219132,0.9191318116447107,0.7715319320968996,1831.0,1922.0,9309.0,0.9526534859521332,0.19669137393919864,0.32606179325082363
GammaQCH_s10,GammaQCH,Gamma,QCH,8,10,s10,3763609086,8,0.21341898643825838,0.9302790813207439,0.7855284652441676,1599.0,1655.0,6930.0,0.9661631419939577,0.23073593073593074,0.37251019219569015
GammaQCH_s10,GammaQCH,Gamma,QCH,8,10,s10,3763609086,9,0.21149526781427885,0.938325822770337,0.7960717010770517,1446.0,1482.0,5290.0,0.9757085020242915,0.27334593572778826,0.42705256940342584
GammaQCH_s10,GammaQCH,Gamma,QCH,8,10,s10,3763609086,10,0.2090690800799503,0.9441853079984651,0.8042484532221744,1344.0,1363.0,4234.0,0.9860601614086574,0.317430325932924,0.48025728068608187
