chunks,time,grad_norm,lr,scale,loss
45,16.02920955303125,inf,1.4e-07,65536.0,0.4902166724205017
90,16.271443137025926,3.5914459228515625,1.4252e-07,32768.0,0.46475750207901
135,16.490277288015932,4.807384014129639,1.4504e-07,32768.0,0.5431596040725708
180,16.71104218804976,5.1792378425598145,1.4756e-07,32768.0,0.49807798862457275
225,16.930840378045104,inf,1.5008e-07,32768.0,0.4783330261707306
270,17.148020765045658,6.558635234832764,1.526e-07,16384.0,0.47139859199523926
315,17.368669543007854,5.23084831237793,1.5512e-07,16384.0,0.5358397960662842
360,17.588449244038202,inf,1.5764e-07,16384.0,0.5090771913528442
405,17.80570892203832,4.418119430541992,1.6016e-07,8192.0,0.4987526834011078
450,18.02643677103333,4.319438457489014,1.6268e-07,8192.0,0.530932605266571
495,18.24700599903008,6.475214958190918,1.652e-07,8192.0,0.5063630938529968
540,18.46758600702742,3.3330538272857666,1.6772e-07,8192.0,0.4898279905319214
585,18.687959563045297,8.349991798400879,1.7024000000000002e-07,8192.0,0.49247074127197266
630,18.908401200023945,8.020562171936035,1.7276e-07,8192.0,0.5069795250892639
675,19.12921142001869,8.764707565307617,1.7528e-07,8192.0,0.5070303082466125
720,19.349798379000276,4.591667652130127,1.778e-07,8192.0,0.5108469724655151
765,19.57096163200913,6.801974773406982,1.8032e-07,8192.0,0.5070949196815491
810,19.79157646105159,7.190341472625732,1.8284e-07,8192.0,0.48024266958236694
855,20.011736535001546,5.142801284790039,1.8536000000000001e-07,8192.0,0.41975632309913635
900,20.23211054201238,4.726334571838379,1.8788e-07,8192.0,0.44566553831100464
945,20.451473509019706,inf,1.904e-07,8192.0,0.5643007755279541
990,20.668700248003006,5.0192670822143555,1.9292e-07,4096.0,0.48588496446609497
1035,20.889026314020157,8.111457824707031,1.9543999999999998e-07,4096.0,0.47578173875808716
1080,21.109619573049713,6.546292304992676,1.9795999999999998e-07,4096.0,0.5045291781425476
1125,21.33031283301534,6.367098331451416,2.0047999999999998e-07,4096.0,0.4497109353542328
1170,21.550613729050383,9.417990684509277,2.03e-07,4096.0,0.4816221594810486
1215,21.771396820025984,5.245893478393555,2.0552e-07,4096.0,0.5479932427406311
1260,21.992223541019484,5.4539008140563965,2.0804e-07,4096.0,0.5583353638648987
1305,22.212540228036232,inf,2.1056e-07,4096.0,0.5253053307533264
1350,22.43002350802999,8.426892280578613,2.1308e-07,2048.0,0.49556615948677063
1395,22.650515697023366,7.003477573394775,2.156e-07,2048.0,0.49162396788597107
1440,22.87108943599742,3.7684528827667236,2.1811999999999997e-07,2048.0,0.4939247965812683
1485,23.09166414500214,6.245543003082275,2.2064000000000002e-07,2048.0,0.5306403636932373
1530,23.312333934998605,7.590289115905762,2.2316000000000002e-07,2048.0,0.5699056386947632
1575,23.532967355044093,6.723556995391846,2.2568e-07,2048.0,0.4825551509857178
1620,23.753512114053592,6.608598232269287,2.2820000000000004e-07,2048.0,0.5371128916740417
1665,23.974166794039775,6.887266635894775,2.3072e-07,2048.0,0.45757320523262024
1710,24.194496931042522,6.379119873046875,2.3324e-07,2048.0,0.46726593375205994
1755,24.415251352009363,13.189637184143066,2.3576000000000001e-07,2048.0,0.518027126789093
1800,24.635717891040258,5.679533004760742,2.3828000000000001e-07,2048.0,0.48801320791244507
1845,24.856395972019527,7.315044403076172,2.408e-07,2048.0,0.46506085991859436
1890,25.076855271006934,3.302356004714966,2.4332e-07,2048.0,0.4669818580150604
1935,25.297332569025457,3.8041372299194336,2.4584e-07,2048.0,0.4491952359676361
1980,25.51787416904699,6.756429195404053,2.4836e-07,2048.0,0.5123077630996704
2025,25.738703841052484,7.817833423614502,2.5088000000000003e-07,2048.0,0.5161631107330322
2070,25.959436712029856,7.515410900115967,2.534e-07,2048.0,0.521255612373352
2115,26.18016017402988,4.088129043579102,2.5592000000000003e-07,2048.0,0.47321319580078125
2160,26.400560202018823,6.503260612487793,2.5844000000000003e-07,2048.0,0.44366562366485596
2205,26.621237923041917,4.701301574707031,2.6096000000000003e-07,2048.0,0.419695109128952
2250,26.84207537601469,4.527841567993164,2.6348e-07,2048.0,0.4898718297481537
2295,27.062552835035603,6.850776672363281,2.6599999999999997e-07,2048.0,0.5362139344215393
2340,27.283118325052783,17.3610782623291,2.6851999999999997e-07,2048.0,0.4700714349746704
2385,27.503786246001255,11.880167007446289,2.7103999999999997e-07,2048.0,0.46821320056915283
2430,27.72471989999758,9.57320499420166,2.7356e-07,2048.0,0.483444482088089
2475,27.945265870017465,5.370172023773193,2.7607999999999997e-07,2048.0,0.49359580874443054
2520,28.166010772052687,5.878561496734619,2.786e-07,2048.0,0.4652969539165497
2565,28.38659423304489,6.535961627960205,2.8112e-07,2048.0,0.48679009079933167
2610,28.60700621199794,8.91471004486084,2.8363999999999996e-07,2048.0,0.5021086931228638
2655,28.827962056035176,4.630032062530518,2.8616e-07,2048.0,0.5015040040016174
2700,29.048174413037486,11.384521484375,2.8867999999999996e-07,2048.0,0.46629971265792847
2745,29.26901870704023,5.111239910125732,2.912e-07,2048.0,0.47201764583587646
2790,29.48993550101295,3.740218162536621,2.9372e-07,2048.0,0.4759006202220917
2835,29.71016605902696,10.154746055603027,2.9624e-07,2048.0,0.450145423412323
2880,29.930855870014057,4.167590618133545,2.9876e-07,2048.0,0.4832648038864136
2925,30.151255760050844,5.190206050872803,3.0128e-07,2048.0,0.47049757838249207
2970,30.371848831011448,4.250827789306641,3.038e-07,2048.0,0.4645760655403137
3015,30.59247261303244,4.314106464385986,3.0631999999999995e-07,2048.0,0.5199528336524963
3060,30.812991003040224,5.110414981842041,3.0884e-07,2048.0,0.4585939347743988
3105,31.033612365019508,3.1674952507019043,3.1136e-07,2048.0,0.4385162591934204
3150,31.253895734029356,53.13370895385742,3.1388e-07,2048.0,0.46993163228034973
3195,31.474537425034214,3.2522659301757812,3.1640000000000005e-07,2048.0,0.44382843375205994
3240,31.695172657025978,3.4385263919830322,3.1892000000000005e-07,2048.0,0.43481820821762085
3285,31.915734979033004,3.6333978176116943,3.2144e-07,2048.0,0.45934781432151794
3330,32.136639183037914,5.56607723236084,3.2396e-07,2048.0,0.45679420232772827
3375,32.35733932600124,5.683001518249512,3.2648e-07,2048.0,0.47552457451820374
3420,32.577946888050064,16.783845901489258,3.29e-07,2048.0,0.5212703347206116
3465,32.799970203021076,4.042250156402588,3.3152000000000005e-07,2048.0,0.48570728302001953
3510,33.020656656008214,3.989596366882324,3.3404e-07,2048.0,0.40484216809272766
3555,33.24157523002941,3.948246955871582,3.3656e-07,2048.0,0.4675384759902954
3600,33.46234206401277,4.602874755859375,3.3908e-07,2048.0,0.447695791721344
3645,33.68301454704488,4.427248001098633,3.4160000000000004e-07,2048.0,0.42963454127311707
3690,33.90388576104306,51.95381546020508,3.4412e-07,2048.0,0.4974231421947479
3735,34.124705485999584,4.068694591522217,3.4664e-07,2048.0,0.4697302281856537
3780,34.345277558022644,4.410950183868408,3.4916e-07,2048.0,0.40918225049972534
3825,34.56615294201765,6.690645217895508,3.5167999999999993e-07,2048.0,0.47020596265792847
3870,34.78675444499822,4.514726638793945,3.542e-07,2048.0,0.43241187930107117
3915,35.007642590033356,4.049568176269531,3.5672000000000003e-07,2048.0,0.5077977776527405
3960,35.22871117701288,4.317581653594971,3.5924e-07,2048.0,0.4908830225467682
4005,35.44962686201325,3.9558310508728027,3.6176000000000003e-07,2048.0,0.44963395595550537
4050,35.67043783701956,5.041684627532959,3.6428e-07,2048.0,0.44179874658584595
4095,35.89141872304026,6.1857805252075195,3.668e-07,2048.0,0.4873236119747162
4140,36.11199338600272,4.107936859130859,3.6932000000000003e-07,2048.0,0.40539225935935974
4185,36.33265160903102,4.844301223754883,3.7183999999999997e-07,2048.0,0.44853606820106506
4230,36.55393675802043,4.184847831726074,3.743599999999999e-07,2048.0,0.4560133218765259
4275,36.77485088404501,3.263962984085083,3.7687999999999997e-07,2048.0,0.45950615406036377
4320,36.995971961005125,4.814663410186768,3.794e-07,2048.0,0.4647844135761261
4365,37.216807977005374,9.694275856018066,3.8192e-07,2048.0,0.42928534746170044
4410,37.437705792021006,4.748350143432617,3.8444e-07,2048.0,0.4822342097759247
4455,37.658255034999456,4.800583839416504,3.8695999999999997e-07,2048.0,0.40811222791671753
4500,37.879169991007075,17.80709457397461,3.8947999999999996e-07,2048.0,0.44424188137054443
4545,38.10003959701862,2.730318546295166,3.92e-07,2048.0,0.3757801055908203
4590,38.320755821012426,17.953832626342773,3.9452000000000007e-07,2048.0,0.38914966583251953
4635,38.5417743580183,4.327749729156494,3.970399999999999e-07,2048.0,0.4150775671005249
4680,38.76297284703469,13.586505889892578,3.9955999999999996e-07,2048.0,0.4891057312488556
4725,38.98414531600429,2.7839713096618652,4.0208e-07,2048.0,0.39719662070274353
4770,39.20528486400144,8.677871704101562,4.046e-07,2048.0,0.4657006561756134
4815,39.4266565850121,6.1232757568359375,4.0712000000000006e-07,2048.0,0.4446090757846832
4860,39.64772999304114,12.352174758911133,4.0963999999999995e-07,2048.0,0.4211314916610718
4905,39.86876699101413,4.026371002197266,4.1215999999999995e-07,2048.0,0.404812753200531
4950,40.09000591002405,4.877626895904541,4.1468e-07,2048.0,0.43719109892845154
4995,40.311138309014495,8.600635528564453,4.1720000000000006e-07,2048.0,0.39741894602775574
5040,40.532248997013085,8.372166633605957,4.1972e-07,2048.0,0.450351357460022
5085,40.753478297032416,7.617000579833984,4.2223999999999995e-07,2048.0,0.4674946665763855
5130,40.974546395009384,5.4040751457214355,4.2476e-07,2048.0,0.3893577754497528
5175,41.19557616300881,5.4929728507995605,4.2728e-07,2048.0,0.41471144556999207
5220,41.41626304801321,2.9292140007019043,4.2980000000000005e-07,2048.0,0.3862374424934387
5265,41.63739246700425,4.991804122924805,4.3232e-07,2048.0,0.4397803544998169
5310,41.858850889024325,7.5557050704956055,4.3483999999999994e-07,2048.0,0.41084739565849304
5355,42.07997178804362,3.211700201034546,4.3736e-07,2048.0,0.3888150751590729
5400,42.30129504902288,4.772912502288818,4.3988000000000005e-07,2048.0,0.39244768023490906
5445,42.522709110053256,3.207263231277466,4.424e-07,2048.0,0.3629896342754364
5490,42.743810789019335,3.639971971511841,4.4491999999999994e-07,2048.0,0.42720896005630493
5535,42.965369413024746,6.547881603240967,4.4744e-07,2048.0,0.35980674624443054
5580,43.18670452403603,4.990415096282959,4.4996e-07,2048.0,0.43093469738960266
5625,43.40800959500484,3.725383758544922,4.5248000000000004e-07,2048.0,0.37588486075401306
5670,43.6291769350064,3.1503758430480957,4.55e-07,2048.0,0.39067700505256653
5715,43.8503929550061,3.855198383331299,4.5751999999999993e-07,2048.0,0.3968445360660553
5760,44.071843997051474,9.847635269165039,4.6004e-07,2048.0,0.38273003697395325
5805,44.292945177003276,3.084073543548584,4.6256000000000003e-07,2048.0,0.3936142921447754
5850,44.514002576004714,3.004265546798706,4.6508000000000003e-07,2048.0,0.39382925629615784
5895,44.73519814602332,5.521681308746338,4.6760000000000003e-07,2048.0,0.38405516743659973
5940,44.95622615504544,7.52667760848999,4.7012e-07,2048.0,0.3889254629611969
5985,45.17747501604026,4.055847644805908,4.7264e-07,2048.0,0.3687838017940521
6030,45.39875891699921,13.174875259399414,4.7516e-07,2048.0,0.3751903772354126
6075,45.61970804503653,18.96368980407715,4.776800000000001e-07,2048.0,0.36865004897117615
6120,45.84086676599691,9.156272888183594,4.802e-07,2048.0,0.3823244869709015
6165,46.06230942904949,2.955509662628174,4.8272e-07,2048.0,0.3536839187145233
6210,46.283659250999335,2.367079019546509,4.8524e-07,2048.0,0.36254024505615234
6255,46.50509354402311,3.314350128173828,4.8776e-07,2048.0,0.42223769426345825
6300,46.726314845029265,4.299339771270752,4.9028e-07,2048.0,0.4020197093486786
6345,46.94747010502033,3.0567739009857178,4.928000000000001e-07,2048.0,0.36566752195358276
6390,47.16853596502915,12.770954132080078,4.9532e-07,2048.0,0.33137160539627075
6435,47.3898074470344,2.83941912651062,4.9784e-07,2048.0,0.37620383501052856
6480,47.6113392310217,3.1087136268615723,5.003599999999999e-07,2048.0,0.32813194394111633
6525,47.832660743035376,3.605576515197754,5.0288e-07,2048.0,0.350910484790802
6570,48.05389984505018,3.1202480792999268,5.054e-07,2048.0,0.344418466091156
6615,48.27549914002884,5.034685134887695,5.0792e-07,2048.0,0.3408060669898987
6660,48.49679402203765,13.89111042022705,5.104400000000001e-07,2048.0,0.4090496897697449
6705,48.718315736041404,3.2300562858581543,5.1296e-07,2048.0,0.3572399616241455
6750,48.939719019050244,2.896743059158325,5.1548e-07,2048.0,0.3540702760219574
6795,49.16087282000808,2.96555233001709,5.18e-07,2048.0,0.3547496199607849
6840,49.382053072040435,6.620920181274414,5.2052e-07,2048.0,0.35623419284820557
6885,49.60342435503844,2.3595027923583984,5.230400000000001e-07,2048.0,0.37236228585243225
6930,49.82478111801902,4.152968406677246,5.2556e-07,2048.0,0.3805387020111084
6975,50.045975300017744,11.092549324035645,5.2808e-07,2048.0,0.3669971525669098
7020,50.2673679330037,6.5547566413879395,5.305999999999999e-07,2048.0,0.3790366053581238
7065,50.488908488012385,3.8392045497894287,5.3312e-07,2048.0,0.3818758726119995
7110,50.71052312402753,3.657039165496826,5.3564e-07,2048.0,0.3809449076652527
7155,50.932342111016624,3.8118414878845215,5.381599999999999e-07,2048.0,0.3495798707008362
7200,51.1539347670041,3.5449860095977783,5.406799999999999e-07,2048.0,0.3358083665370941
7245,51.375111258006655,3.8059823513031006,5.431999999999999e-07,2048.0,0.37195122241973877
7290,51.59684727503918,4.144229888916016,5.4572e-07,2048.0,0.3345925509929657
7335,51.818229049036745,3.461503028869629,5.4824e-07,2048.0,0.33270880579948425
7380,52.0397648140206,5.155083656311035,5.507599999999999e-07,2048.0,0.3481190800666809
7425,52.26145377103239,3.6949737071990967,5.532799999999999e-07,2048.0,0.3181605637073517
7470,52.48264640301932,2.369415521621704,5.558e-07,2048.0,0.3215847611427307
7515,52.70392083603656,4.732212543487549,5.5832e-07,2048.0,0.2929466664791107
7560,52.92516769905342,8.460378646850586,5.6084e-07,2048.0,0.3587563633918762
7605,53.146603194007184,3.255775213241577,5.633599999999999e-07,2048.0,0.2968262732028961
7650,53.36806125903968,4.972168445587158,5.658799999999999e-07,2048.0,0.32580968737602234
7695,53.58905909903115,3.8229966163635254,5.684e-07,2048.0,0.3015325367450714
7740,53.81029397202656,3.9619815349578857,5.7092e-07,2048.0,0.32865267992019653
7785,54.03182410803856,9.667276382446289,5.7344e-07,2048.0,0.3263826370239258
7830,54.25303956103744,9.463460922241211,5.759599999999999e-07,2048.0,0.2837609350681305
7875,54.47445287602022,6.773741245269775,5.7848e-07,2048.0,0.3032139241695404
7920,54.69573023903649,3.061154842376709,5.81e-07,2048.0,0.31757792830467224
7965,54.916983733011875,64.96475982666016,5.8352e-07,2048.0,0.4402267634868622
8010,55.13843974802876,2.782344102859497,5.860400000000001e-07,2048.0,0.30220508575439453
8055,55.35976364201633,3.31531023979187,5.885599999999999e-07,2048.0,0.33179032802581787
8100,55.581226847018115,2.5684566497802734,5.9108e-07,2048.0,0.299357533454895
8145,55.802375870000105,2.7420170307159424,5.936e-07,2048.0,0.27931591868400574
8190,56.02398820704548,3.5845816135406494,5.961199999999999e-07,2048.0,0.31166332960128784
8235,56.24528197100153,8.537644386291504,5.986400000000001e-07,2048.0,0.29919636249542236
8280,56.46660778502701,2.5977087020874023,6.0116e-07,2048.0,0.2693933844566345
8325,56.68799063004553,4.057847023010254,6.0368e-07,2048.0,0.29599684476852417
8370,56.90915318304906,2.5896377563476562,6.062e-07,2048.0,0.2775094509124756
8415,57.130703730043024,3.055288791656494,6.087199999999999e-07,2048.0,0.2841014564037323
8460,57.35209704504814,4.2251296043396,6.112399999999999e-07,2048.0,0.30123600363731384
8505,57.57357081101509,2.9585177898406982,6.1376e-07,2048.0,0.2793113887310028
8550,57.79520528903231,3.051670551300049,6.1628e-07,2048.0,0.27498143911361694
8595,58.016607745026704,4.146338939666748,6.188e-07,2048.0,0.27213534712791443
8640,58.23817756102653,4.047635078430176,6.213199999999999e-07,2048.0,0.25028806924819946
8685,58.45957376703154,3.155853033065796,6.2384e-07,2048.0,0.2593407928943634
8730,58.68126561504323,3.096784830093384,6.2636e-07,2048.0,0.3087314963340759
8775,58.90272256202297,3.922184944152832,6.2888e-07,2048.0,0.27936217188835144
8820,59.12393272604095,3.854647636413574,6.314000000000001e-07,2048.0,0.24025574326515198
8865,59.34525393100921,2.783111333847046,6.339199999999999e-07,2048.0,0.26187288761138916
8910,59.56696018902585,3.1257455348968506,6.3644e-07,2048.0,0.22878414392471313
8955,59.78800234204391,56.1584358215332,6.3896e-07,2048.0,0.29797354340553284
9000,60.009479149011895,4.866669654846191,6.414799999999999e-07,2048.0,0.2662836015224457
9045,60.23115183704067,3.139230966567993,6.440000000000001e-07,2048.0,0.28621479868888855
9090,60.452740625012666,4.340951442718506,6.4652e-07,2048.0,0.23663856089115143
9135,60.67428253201069,2.6516454219818115,6.4904e-07,2048.0,0.26715412735939026
9180,60.89576389902504,3.6904356479644775,6.5156e-07,2048.0,0.26172327995300293
9225,61.11719890602399,10.819056510925293,6.540799999999999e-07,2048.0,0.2233988493680954
9270,61.33871718303999,2.2184605598449707,6.565999999999999e-07,2048.0,0.22194118797779083
9315,61.5602018799982,5.343799591064453,6.5912e-07,2048.0,0.24810965359210968
9360,61.78151931602042,3.0295913219451904,6.6164e-07,2048.0,0.20927098393440247
9405,62.00323707499774,2.804068088531494,6.6416e-07,2048.0,0.20613357424736023
9450,62.224696322053205,2.769327402114868,6.666799999999999e-07,2048.0,0.22236335277557373
9495,62.44587951700669,8.807952880859375,6.692e-07,2048.0,0.23157615959644318
9540,62.66691604000516,2.4981751441955566,6.7172e-07,2048.0,0.24178895354270935
9585,62.88840427802643,6.2989501953125,6.7424e-07,2048.0,0.2056971937417984
9630,63.10990376502741,2.002121925354004,6.767600000000001e-07,2048.0,0.22807766497135162
9675,63.33141752303345,2.2168495655059814,6.792799999999999e-07,2048.0,0.21843470633029938
9720,63.55311693204567,2.959803581237793,6.818e-07,2048.0,0.20087450742721558
9765,63.77428275701823,5.560449600219727,6.8432e-07,2048.0,0.20312181115150452
9810,63.99580895504914,9.42655086517334,6.8684e-07,2048.0,0.2590368688106537
9855,64.21726782299811,2.2673838138580322,6.893600000000001e-07,2048.0,0.21127645671367645
9900,64.43862994899973,2.8929443359375,6.9188e-07,2048.0,0.19198358058929443
9945,64.66008376702666,2.4502246379852295,6.944e-07,2048.0,0.20555613934993744
9990,64.88151639403077,3.337857723236084,6.9692e-07,2048.0,0.19308589398860931
10035,65.10533147404203,2.9111928939819336,6.994400000000001e-07,2048.0,0.19357427954673767
10080,65.32916370301973,1.8630021810531616,7.019600000000001e-07,2048.0,0.19750402867794037
10125,65.55219677503919,1.9890586137771606,7.0448e-07,2048.0,0.17687492072582245
10170,65.77429533901159,2.351322650909424,7.07e-07,2048.0,0.18989254534244537
10215,65.99618867103709,2.0785603523254395,7.0952e-07,2048.0,0.202616885304451
10260,66.21752775803907,5.454867362976074,7.120400000000001e-07,2048.0,0.22892050445079803
10305,66.43952082004398,1.9768414497375488,7.1456e-07,2048.0,0.18802128732204437
10350,66.66079353704117,2.2990529537200928,7.1708e-07,2048.0,0.21258272230625153
10395,66.88245013699634,2.205779552459717,7.196e-07,2048.0,0.18196195363998413
10440,67.10421773802955,2.433345079421997,7.221200000000001e-07,2048.0,0.17252793908119202
10485,67.32598705904093,2.232917308807373,7.246400000000001e-07,2048.0,0.22620244324207306
10530,67.54784705099883,3.7004966735839844,7.2716e-07,2048.0,0.1857796162366867
10575,67.76942672103178,2.1290721893310547,7.2968e-07,2048.0,0.19537773728370667
10620,67.99091478902847,2.3858275413513184,7.322e-07,2048.0,0.219694122672081
10665,68.21269829099765,1.845900535583496,7.347200000000001e-07,2048.0,0.15880528092384338
10710,68.4344324520207,2.254188299179077,7.372400000000001e-07,2048.0,0.18412338197231293
10755,68.65613089204999,3.157824754714966,7.3976e-07,2048.0,0.19701237976551056
10800,68.87744546000613,5.091214179992676,7.4228e-07,2048.0,0.22606056928634644
10845,69.0992346710409,2.2449612617492676,7.448e-07,2048.0,0.19156228005886078
10890,69.32118909503333,1.5235751867294312,7.4732e-07,2048.0,0.16303463280200958
10935,69.54275202401914,2.9225211143493652,7.498399999999999e-07,2048.0,0.2029722034931183
10980,69.76443124504294,1.7325968742370605,7.523599999999999e-07,2048.0,0.17159509658813477
11025,69.98579270305345,3.012566566467285,7.548799999999999e-07,2048.0,0.20567521452903748
11070,70.20772178604966,1.358335256576538,7.574e-07,2048.0,0.16869404911994934
11115,70.42929762601852,3.0457029342651367,7.5992e-07,2048.0,0.1829501986503601
11160,70.65125991002424,2.2973997592926025,7.6244e-07,2048.0,0.17541593313217163
11205,70.87281810003333,1.6142109632492065,7.649599999999999e-07,2048.0,0.16372299194335938
11250,71.09421735903015,6.655938148498535,7.6748e-07,2048.0,0.21761387586593628
11295,71.31592309003463,1.7056055068969727,7.7e-07,2048.0,0.15325310826301575
11340,71.53757280099671,1.746378779411316,7.7252e-07,2048.0,0.21730086207389832
11385,71.75914481200743,1.805185079574585,7.750399999999999e-07,2048.0,0.16538798809051514
11430,71.9809101340361,2.0410165786743164,7.775599999999999e-07,2048.0,0.15470530092716217
11475,72.20275650703115,1.687035083770752,7.8008e-07,2048.0,0.1952735334634781
11520,72.42471265100176,1.740569829940796,7.826e-07,2048.0,0.15331615507602692
11565,72.64648877299624,1.673354983329773,7.8512e-07,2048.0,0.2016005516052246
11610,72.8681306540384,2.0305120944976807,7.876399999999999e-07,2048.0,0.17822463810443878
11655,73.08984410599805,2.135453701019287,7.9016e-07,2048.0,0.18649886548519135
11700,73.31146246701246,2.0244498252868652,7.9268e-07,2048.0,0.18718616664409637
11745,73.53291052702116,1.7552319765090942,7.952e-07,2048.0,0.17266780138015747
11790,73.75456387904705,1.0730080604553223,7.977200000000001e-07,2048.0,0.19084420800209045
11835,73.97649466304574,1.7055094242095947,8.002399999999999e-07,2048.0,0.16768066585063934
11880,74.1983502060175,1.4895597696304321,8.0276e-07,2048.0,0.20276446640491486
11925,74.41987748700194,1.449520468711853,8.0528e-07,2048.0,0.18611650168895721
11970,74.64178716100287,1.8383687734603882,8.078e-07,2048.0,0.1528879553079605
12015,74.86332551203668,2.371675729751587,8.103199999999999e-07,2048.0,0.18468225002288818
12060,75.08506826404482,1.4779834747314453,8.128399999999998e-07,2048.0,0.1866377592086792
12105,75.30676064704312,2.765554904937744,8.1536e-07,2048.0,0.19396036863327026
12150,75.52848350902786,1.59768807888031,8.1788e-07,2048.0,0.1753687709569931
12195,75.75010551104788,1.6526228189468384,8.204000000000001e-07,2048.0,0.15826831758022308
12240,75.97154716099612,8.788494110107422,8.229200000000001e-07,2048.0,0.1903407722711563
12285,76.19325835403288,1.367957353591919,8.2544e-07,2048.0,0.1544860601425171
12330,76.41487861605128,2.610279083251953,8.2796e-07,2048.0,0.18518729507923126
12375,76.63640570704592,1.7635878324508667,8.3048e-07,2048.0,0.1721423715353012
12420,76.85813583002891,2.0999295711517334,8.330000000000001e-07,2048.0,0.19264400005340576
12465,77.07968295103638,1.73182213306427,8.3552e-07,2048.0,0.20028191804885864
12510,77.3009710200131,22.10869789123535,8.380399999999998e-07,2048.0,0.20653079450130463
12555,77.52266564301681,1.298194169998169,8.405599999999999e-07,2048.0,0.15666399896144867
12600,77.74405967304483,1.6643590927124023,8.430799999999999e-07,2048.0,0.145075261592865
12645,77.9659127080231,2.209507942199707,8.456000000000001e-07,2048.0,0.16573409736156464
12690,78.18756200000644,1.4111403226852417,8.4812e-07,2048.0,0.14682894945144653
12735,78.40922669303836,1.6774981021881104,8.5064e-07,2048.0,0.15398897230625153
12780,78.63070320402039,1.930575966835022,8.5316e-07,2048.0,0.16537193953990936
12825,78.85233877704013,2.341132164001465,8.556800000000001e-07,2048.0,0.1783265322446823
12870,79.0739547390258,2.378384828567505,8.582e-07,2048.0,0.1925622820854187
12915,79.29561825201381,3.347686767578125,8.607199999999998e-07,2048.0,0.15168625116348267
12960,79.51739834604086,1.6459779739379883,8.632399999999999e-07,2048.0,0.18918152153491974
13005,79.73916759999702,1.9217610359191895,8.657599999999999e-07,2048.0,0.1683364063501358
13050,79.96069852204528,2.368950366973877,8.682799999999999e-07,2048.0,0.1569177806377411
13095,80.18254623701796,1.6020876169204712,8.708e-07,2048.0,0.14332370460033417
13140,80.4044955430436,1.567910075187683,8.733199999999999e-07,2048.0,0.18822789192199707
13185,80.62604715500493,2.0510849952697754,8.7584e-07,2048.0,0.21725748479366302
13230,80.84771580802044,2.5364744663238525,8.783600000000001e-07,2048.0,0.1970503181219101
13275,81.06928399100434,10.33737564086914,8.808800000000001e-07,2048.0,0.15816959738731384
13320,81.29134578804951,1.3204379081726074,8.834e-07,2048.0,0.11968127638101578
13365,81.51290800003335,1.9646612405776978,8.859199999999999e-07,2048.0,0.15567874908447266
13410,81.73485698603326,2.5154056549072266,8.884399999999999e-07,2048.0,0.1272253692150116
13455,81.95668003102764,1.7856543064117432,8.909599999999999e-07,2048.0,0.1420849710702896
13500,82.1786867280025,1.8750091791152954,8.9348e-07,2048.0,0.16239266097545624
13545,82.40061076404527,1.2168021202087402,8.96e-07,2048.0,0.1488930583000183
13590,82.62260712101124,1.3278971910476685,8.985199999999999e-07,2048.0,0.1507556289434433
13635,82.84413440403296,5.651927947998047,9.010399999999999e-07,2048.0,0.14055532217025757
13680,83.06592195900157,2.1074373722076416,9.0356e-07,2048.0,0.14727354049682617
13725,83.28752006200375,1.377274751663208,9.060800000000001e-07,2048.0,0.14912764728069305
13770,83.5090264940518,1.6037043333053589,9.086e-07,2048.0,0.17225107550621033
13815,83.73069161805324,2.472325325012207,9.111199999999999e-07,2048.0,0.19138260185718536
13860,83.95262597501278,1.226455569267273,9.136399999999999e-07,2048.0,0.16600091755390167
13905,84.17430733900983,1.265515685081482,9.1616e-07,2048.0,0.13540233671665192
13950,84.3961382250418,1.6288864612579346,9.1868e-07,2048.0,0.15154244005680084
13995,84.61813717201585,1.3694015741348267,9.212e-07,2048.0,0.15035027265548706
14040,84.83992748800665,1.5945625305175781,9.237199999999999e-07,2048.0,0.1460413932800293
14085,85.06184346403461,1.2267807722091675,9.2624e-07,2048.0,0.1740846186876297
14130,85.28351713903248,1.967246651649475,9.2876e-07,2048.0,0.2055368423461914
14175,85.50524096301524,1.9250417947769165,9.3128e-07,2048.0,0.16935375332832336
14220,85.72704038902884,1.4359357357025146,9.338e-07,2048.0,0.15851405262947083
14265,85.9492629590095,2.093526601791382,9.363199999999999e-07,2048.0,0.13319708406925201
14310,86.17122324602678,1.2866792678833008,9.3884e-07,2048.0,0.15210804343223572
14355,86.39292510104133,1.5137712955474854,9.4136e-07,2048.0,0.13230252265930176
14400,86.61451591504738,1.2033146619796753,9.4388e-07,2048.0,0.14289818704128265
14445,86.83627777104266,1.1559442281723022,9.464000000000001e-07,2048.0,0.1343989074230194
14490,87.05769572302233,1.458322525024414,9.4892e-07,2048.0,0.14422380924224854
14535,87.27914374601096,1.3568695783615112,9.5144e-07,2048.0,0.1519683599472046
14580,87.50077905104263,1.6498165130615234,9.5396e-07,2048.0,0.13347004354000092
14625,87.72250295605045,3.915391206741333,9.5648e-07,2048.0,0.16228686273097992
14670,87.94400200003292,4.488524913787842,9.59e-07,2048.0,0.19172793626785278
14715,88.16589631704846,1.106241226196289,9.6152e-07,2048.0,0.13273058831691742
14760,88.38767927302979,1.644039511680603,9.640399999999998e-07,2048.0,0.17388400435447693
14805,88.60931397799868,2.1513147354125977,9.6656e-07,2048.0,0.15697409212589264
14850,88.8308582919999,1.79640793800354,9.6908e-07,2048.0,0.15269418060779572
14895,89.0524939870229,1.1140035390853882,9.716e-07,2048.0,0.16685107350349426
14940,89.27417051204247,1.2372288703918457,9.741199999999998e-07,2048.0,0.16597425937652588
14985,89.49617127003148,1.1590145826339722,9.7664e-07,2048.0,0.14395417273044586
15030,89.71783669601427,1.569664716720581,9.7916e-07,2048.0,0.16322198510169983
15075,89.9397080130293,1.7451090812683105,9.8168e-07,2048.0,0.13519130647182465
15120,90.16139026900055,1.301435947418213,9.842e-07,2048.0,0.18002770841121674
15165,90.38332546700258,1.186728596687317,9.8672e-07,2048.0,0.15686368942260742
15210,90.60468029003823,2.6810576915740967,9.892399999999998e-07,2048.0,0.14903847873210907
15255,90.82646933599608,1.0867985486984253,9.9176e-07,2048.0,0.14598378539085388
15300,91.0483295940212,1.0189732313156128,9.9428e-07,2048.0,0.1671537607908249
15345,91.27029528201092,2.7209630012512207,9.968000000000001e-07,2048.0,0.14174066483974457
15390,91.49231334100477,1.5641947984695435,9.9932e-07,2048.0,0.13377489149570465
15435,91.71435908100102,2.099569082260132,1.00184e-06,2048.0,0.14380376040935516
15480,91.93616337800631,1.2935235500335693,1.00436e-06,2048.0,0.14505121111869812
15525,92.15819707704941,0.9868677258491516,1.0068800000000001e-06,2048.0,0.1410730630159378
15570,92.37993640400236,2.3554112911224365,1.0093999999999998e-06,2048.0,0.15530529618263245
15615,92.6017628510017,1.1124354600906372,1.01192e-06,2048.0,0.12498962134122849
15660,92.82335878704907,1.7527371644973755,1.0144399999999998e-06,2048.0,0.1625853329896927
15705,93.04524791502627,2.156430959701538,1.01696e-06,2048.0,0.13509021699428558
15750,93.26728352502687,1.0239349603652954,1.0194799999999998e-06,2048.0,0.13136018812656403
15795,93.48915949300863,0.7431867122650146,1.022e-06,2048.0,0.1337156891822815
15840,93.71096990001388,1.883208990097046,1.02452e-06,2048.0,0.17302803695201874
15885,93.93287413904909,1.0425961017608643,1.02704e-06,2048.0,0.1402820497751236
15930,94.1546180860023,0.90533447265625,1.02956e-06,2048.0,0.15164946019649506
15975,94.3765469850041,1.5411251783370972,1.0320800000000001e-06,2048.0,0.17612816393375397
16020,94.59856109501561,0.8851832747459412,1.0346e-06,2048.0,0.12342201918363571
16065,94.82064827502472,1.2327619791030884,1.03712e-06,2048.0,0.12937262654304504
16110,95.04273695603479,0.8934332132339478,1.0396399999999998e-06,2048.0,0.14298368990421295
16155,95.26448602305027,1.0248774290084839,1.04216e-06,2048.0,0.1365775316953659
16200,95.48619456001325,1.3365201950073242,1.04468e-06,2048.0,0.12128353118896484
16245,95.70774702599738,1.3284940719604492,1.0472e-06,2048.0,0.14118030667304993
16290,95.92965485504828,1.5610909461975098,1.04972e-06,2048.0,0.13785581290721893
16335,96.15156849403866,1.3276610374450684,1.05224e-06,2048.0,0.1519562155008316
16380,96.37327374104643,1.1945652961730957,1.05476e-06,2048.0,0.15971216559410095
16425,96.59492885804502,0.8864498734474182,1.0572800000000001e-06,2048.0,0.14579083025455475
16470,96.81703238905175,1.4888534545898438,1.0598e-06,2048.0,0.14927396178245544
16515,97.0390441690106,2.4443869590759277,1.0623199999999999e-06,2048.0,0.13090583682060242
16560,97.2607392470236,1.6857703924179077,1.0648399999999998e-06,2048.0,0.15771056711673737
16605,97.4824763040524,0.8293994069099426,1.0673599999999999e-06,2048.0,0.14687995612621307
16650,97.70440039405366,2.0667786598205566,1.06988e-06,2048.0,0.14430756866931915
16695,97.92628520302242,1.0942851305007935,1.0723999999999999e-06,2048.0,0.12016908824443817
16740,98.14844530500704,0.8605279326438904,1.07492e-06,2048.0,0.13696962594985962
16785,98.37024423404364,1.1386960744857788,1.0774399999999999e-06,2048.0,0.16281954944133759
16830,98.59231360501144,1.4579548835754395,1.07996e-06,2048.0,0.15515340864658356
16875,98.81419703405118,0.7759259343147278,1.0824799999999999e-06,2048.0,0.1477380096912384
16920,99.0360057229991,2.211456060409546,1.085e-06,2048.0,0.18591010570526123
16965,99.2577822120511,1.2357360124588013,1.08752e-06,2048.0,0.1584181934595108
17010,99.47951410000678,0.7273423075675964,1.09004e-06,2048.0,0.13840289413928986
17055,99.70133951900061,0.9460927844047546,1.0925599999999999e-06,2048.0,0.12802694737911224
17100,99.92291879601544,1.0680997371673584,1.09508e-06,2048.0,0.14608128368854523
17145,100.14455360302236,1.2598497867584229,1.0976e-06,2048.0,0.13076862692832947
17190,100.36639487301,1.6697026491165161,1.10012e-06,2048.0,0.13810987770557404
17235,100.58821235201322,0.9918608069419861,1.1026399999999999e-06,2048.0,0.11938461661338806
17280,100.80968379799742,1.196185827255249,1.10516e-06,2048.0,0.1359957456588745
17325,101.03144334704848,0.9444301724433899,1.1076799999999999e-06,2048.0,0.12437247484922409
17370,101.253280457051,0.7900083661079407,1.1102e-06,2048.0,0.13617002964019775
17415,101.47513092600275,1.0841119289398193,1.1127199999999999e-06,2048.0,0.13442440330982208
17460,101.69716913800221,0.9563338756561279,1.11524e-06,2048.0,0.09919463843107224
17505,101.91923608002253,1.5697036981582642,1.1177599999999999e-06,2048.0,0.12938575446605682
17550,102.14098401903175,1.279000997543335,1.12028e-06,2048.0,0.14834964275360107
17595,102.36288938904181,1.737097978591919,1.1228e-06,2048.0,0.13885031640529633
17640,102.58487294003135,0.9594866633415222,1.12532e-06,2048.0,0.1512153595685959
17685,102.8065344390343,1.4226490259170532,1.1278399999999999e-06,2048.0,0.12958095967769623
17730,103.02825493802084,1.1141688823699951,1.13036e-06,2048.0,0.11888691782951355
17775,103.24985141505022,1.131874918937683,1.13288e-06,2048.0,0.14030183851718903
17820,103.47170365601778,1.1568907499313354,1.1354e-06,2048.0,0.13571272790431976
17865,103.6935050250031,1.0352745056152344,1.1379199999999999e-06,2048.0,0.1321161985397339
17910,103.91550614702282,0.8284470438957214,1.1404399999999997e-06,2048.0,0.10611619055271149
17955,104.13746962801088,0.7412492632865906,1.1429599999999999e-06,2048.0,0.11959730833768845
18000,104.35948881000513,0.933405339717865,1.14548e-06,2048.0,0.1272476762533188
18045,104.58127328002593,1.577609658241272,1.148e-06,2048.0,0.16155341267585754
18090,104.80290121905273,0.7708518505096436,1.1505200000000002e-06,2048.0,0.14824411273002625
18135,105.02483942004619,0.9943180084228516,1.1530399999999998e-06,2048.0,0.11511232703924179
18180,105.24636885803193,1.6190727949142456,1.15556e-06,2048.0,0.14756758511066437
18225,105.46840713004349,1.7388509511947632,1.15808e-06,2048.0,0.14031289517879486
18270,105.6901774800499,1.2465851306915283,1.1606e-06,2048.0,0.15058119595050812
18315,105.91222224204103,1.01121187210083,1.1631199999999998e-06,2048.0,0.13304217159748077
18360,106.13404090300901,1.0341347455978394,1.1656399999999997e-06,2048.0,0.11934725940227509
18405,106.35564982204232,1.7111456394195557,1.1681599999999998e-06,2048.0,0.11843457072973251
18450,106.57747539202683,1.9678614139556885,1.17068e-06,2048.0,0.13178382813930511
18495,106.79923947202042,1.2126442193984985,1.1731999999999998e-06,2048.0,0.10519543290138245
18540,107.02109512401512,0.8762643337249756,1.1757200000000002e-06,2048.0,0.12504075467586517
18585,107.24300165503519,1.2078545093536377,1.17824e-06,2048.0,0.15671011805534363
18630,107.46488598600263,1.0518571138381958,1.18076e-06,2048.0,0.15388792753219604
18675,107.68672016699566,1.2216323614120483,1.18328e-06,2048.0,0.1372050642967224
18720,107.90844596701209,1.0526634454727173,1.1858e-06,2048.0,0.1225980594754219
18765,108.13033138803439,0.7215938568115234,1.18832e-06,2048.0,0.11454977840185165
18810,108.35223507002229,0.9609454870223999,1.1908399999999997e-06,2048.0,0.11579390615224838
18855,108.57430232403567,0.9683712720870972,1.1933599999999998e-06,2048.0,0.12606137990951538
18900,108.79568986099912,1.3328917026519775,1.19588e-06,2048.0,0.1081361472606659
18945,109.01768460404128,1.4101279973983765,1.1983999999999998e-06,2048.0,0.10510266572237015
18990,109.23936099302955,0.9382979869842529,1.20092e-06,2048.0,0.126504048705101
19035,109.4610075430246,1.2320796251296997,1.20344e-06,2048.0,0.12345214933156967
19080,109.68308659701142,1.4478259086608887,1.20596e-06,2048.0,0.09903698414564133
19125,109.90493844804587,1.2468836307525635,1.20848e-06,2048.0,0.14470523595809937
19170,110.12668100901647,1.3699711561203003,1.211e-06,2048.0,0.12548035383224487
19215,110.34867918200325,0.6970520615577698,1.21352e-06,2048.0,0.1059858575463295
19260,110.570832936035,1.325391411781311,1.21604e-06,2048.0,0.12111359089612961
19305,110.79282060003607,0.7808400988578796,1.2185599999999998e-06,2048.0,0.1188482940196991
19350,111.01466684200568,0.9127576351165771,1.22108e-06,2048.0,0.11829566955566406
19395,111.23633397201775,1.0906544923782349,1.2236e-06,2048.0,0.14256170392036438
19440,111.45846587599954,0.9706109762191772,1.22612e-06,2048.0,0.12051567435264587
19485,111.68065547104925,3.612340211868286,1.2286399999999998e-06,2048.0,0.11400831490755081
19530,111.90266554499976,0.9920177459716797,1.23116e-06,2048.0,0.12441463768482208
19575,112.12442495604046,1.397948145866394,1.23368e-06,2048.0,0.12596701085567474
19620,112.34636856900761,1.3137097358703613,1.2362e-06,2048.0,0.12335898727178574
19665,112.56818264100002,0.9105919003486633,1.23872e-06,2048.0,0.10617095232009888
19710,112.79026339499978,0.8085380792617798,1.24124e-06,2048.0,0.1540670543909073
19755,113.01215167803457,1.1967291831970215,1.2437599999999998e-06,2048.0,0.10008863359689713
19800,113.23391621001065,0.9627520442008972,1.24628e-06,2048.0,0.1339220106601715
19845,113.45639320800547,1.1674587726593018,1.2488e-06,2048.0,0.1357477903366089
19890,113.67821785999695,0.736875057220459,1.25132e-06,2048.0,0.12231909483671188
19935,113.90027973405086,2.2630763053894043,1.2538399999999998e-06,2048.0,0.12978729605674744
19980,114.1221525670262,1.0148334503173828,1.25636e-06,2048.0,0.11978726089000702
20025,114.34399965003831,0.7839146256446838,1.25888e-06,2048.0,0.10830755531787872
20070,114.56570971105248,1.4262291193008423,1.2614e-06,2048.0,0.12808486819267273
20115,114.7873110420187,1.8102729320526123,1.26392e-06,2048.0,0.13634109497070312
20160,115.00925502501195,1.2660460472106934,1.26644e-06,2048.0,0.11779289692640305
20205,115.23113313800422,0.7118375897407532,1.26896e-06,2048.0,0.11791682988405228
20250,115.45344616501825,0.9578697085380554,1.27148e-06,2048.0,0.12942422926425934
20295,115.6751119469991,1.0076044797897339,1.274e-06,2048.0,0.09176120907068253
20340,115.89685734902741,1.2117999792099,1.27652e-06,2048.0,0.11611264944076538
20385,116.11868898104876,0.8313538432121277,1.27904e-06,2048.0,0.10710347443819046
20430,116.34069719602121,1.50557279586792,1.2815599999999999e-06,2048.0,0.14204038679599762
20475,116.56254287902266,1.3826086521148682,1.28408e-06,2048.0,0.12235959619283676
20520,116.78444506204687,1.0043094158172607,1.2866e-06,2048.0,0.12703034281730652
20565,117.00628480501473,1.1195051670074463,1.2891199999999998e-06,2048.0,0.11342406272888184
20610,117.2281206890475,1.0325493812561035,1.2916399999999999e-06,2048.0,0.13714608550071716
20655,117.45021362404805,0.7396496534347534,1.29416e-06,2048.0,0.11822813004255295
20700,117.67218020901782,0.7031490206718445,1.2966799999999999e-06,2048.0,0.0959448292851448
20745,117.8940619820496,1.4570220708847046,1.2992e-06,2048.0,0.12680040299892426
20790,118.11600556602934,1.3066142797470093,1.30172e-06,2048.0,0.11837306618690491
20835,118.33770442800596,0.8304432034492493,1.30424e-06,2048.0,0.1195906549692154
20880,118.55931745003909,0.9639739394187927,1.3067599999999999e-06,2048.0,0.13442230224609375
20925,118.78132702503353,0.6840284466743469,1.30928e-06,2048.0,0.09889513999223709
20970,119.00303437700495,0.6087941527366638,1.3118e-06,2048.0,0.10046649724245071
21015,119.22489645105088,0.8006296157836914,1.31432e-06,2048.0,0.10237539559602737
21060,119.4467543650535,1.5397143363952637,1.3168399999999999e-06,2048.0,0.11342113465070724
21105,119.66864091902971,3.746363401412964,1.3193599999999998e-06,2048.0,0.12625004351139069
21150,119.89054156304337,0.7699482440948486,1.3218799999999999e-06,2048.0,0.10490688681602478
21195,120.11234913702356,0.9026772975921631,1.3244e-06,2048.0,0.1108272448182106
21240,120.33412023005076,0.6288213729858398,1.3269199999999999e-06,2048.0,0.09644570201635361
21285,120.55584833200555,1.737404465675354,1.32944e-06,2048.0,0.15469466149806976
21330,120.7776323860162,1.1402252912521362,1.3319599999999999e-06,2048.0,0.10334792733192444
21375,120.9995906810509,0.9075419902801514,1.33448e-06,2048.0,0.11419340968132019
21420,121.22116821300006,1.089133381843567,1.3369999999999999e-06,2048.0,0.11846356093883514
21465,121.44326449901564,0.9769403338432312,1.33952e-06,2048.0,0.11967150866985321
21510,121.6654083559988,0.8119604587554932,1.3420399999999999e-06,2048.0,0.11406431347131729
21555,121.88753987301607,0.911046028137207,1.3445599999999998e-06,2048.0,0.11213671416044235
21600,122.11017254402395,0.9442815184593201,1.34708e-06,2048.0,0.1225460097193718
21645,122.3320595290279,0.7779150605201721,1.3496e-06,2048.0,0.08858850598335266
21690,122.55425305600511,1.6128400564193726,1.35212e-06,2048.0,0.13779902458190918
21735,122.77602734003449,0.8345573544502258,1.35464e-06,2048.0,0.11470981687307358
21780,122.99760313204024,0.790104866027832,1.35716e-06,2048.0,0.09915784746408463
21825,123.21945397701347,0.6583269238471985,1.35968e-06,2048.0,0.1009121835231781
21870,123.44135977199767,0.9761485457420349,1.3621999999999998e-06,2048.0,0.12479811906814575
21915,123.66347653901903,0.8488203883171082,1.3647199999999997e-06,2048.0,0.10764268785715103
21960,123.88525123300496,0.8558629751205444,1.36724e-06,2048.0,0.10670085996389389
22005,124.10732196003664,0.5101785659790039,1.36976e-06,2048.0,0.10803232342004776
22050,124.32893274200615,1.1536153554916382,1.3722799999999998e-06,2048.0,0.13022656738758087
22095,124.55053270503413,1.2100807428359985,1.3748000000000002e-06,2048.0,0.12433071434497833
22140,124.77257395104971,0.9895371794700623,1.37732e-06,2048.0,0.10049771517515182
22185,124.9943832459976,1.2262792587280273,1.37984e-06,2048.0,0.12680049240589142
22230,125.2163800720009,1.3968291282653809,1.3823599999999998e-06,2048.0,0.10867366939783096
22275,125.43814753601328,0.8999351859092712,1.38488e-06,2048.0,0.11481613665819168
22320,125.66004264203366,1.1686327457427979,1.3873999999999998e-06,2048.0,0.09658583998680115
22365,125.88199489802355,1.9415483474731445,1.38992e-06,2048.0,0.13180777430534363
22410,126.10405552503653,0.8222412467002869,1.3924399999999998e-06,2048.0,0.10149814188480377
22455,126.32562865701038,0.8245694637298584,1.39496e-06,2048.0,0.09603194147348404
22500,126.5476200139965,2.2921667098999023,1.3974799999999998e-06,2048.0,0.10556883364915848
22545,126.76954449003097,1.3362629413604736,1.4e-06,2048.0,0.13551180064678192
22590,126.99148604599759,1.0880717039108276,1.3999981990387806e-06,2048.0,0.1397136151790619
22635,127.21326584101189,1.0180302858352661,1.399992796164484e-06,2048.0,0.10196507722139359
22680,127.43499460502062,0.8797526359558105,1.3999837914051908e-06,2048.0,0.11889383941888809
22725,127.65714237303473,0.7311950922012329,1.3999711848077052e-06,2048.0,0.1171332523226738
22770,127.87887838802999,0.6816059947013855,1.3999549764375504e-06,2048.0,0.10317596793174744
22815,128.10062489204574,3.225742816925049,1.3999351663789704e-06,2048.0,0.09922116994857788
22860,128.32247223804006,0.726725161075592,1.3999117547349305e-06,2048.0,0.08808400481939316
22905,128.5444516550051,0.7272270917892456,1.3998847416271135e-06,2048.0,0.12835747003555298
22950,128.76632989104837,0.6296700239181519,1.3998541271959228e-06,2048.0,0.08909164369106293
22995,128.98829079803545,0.9443213939666748,1.3998199116004793e-06,2048.0,0.08042905479669571
23040,129.21022411400918,1.1514077186584473,1.3997820950186208e-06,2048.0,0.1088222935795784
23085,129.4319180379971,0.6884989738464355,1.3997406776469025e-06,2048.0,0.09711149334907532
23130,129.65370238403557,0.893907904624939,1.3996956597005944e-06,2048.0,0.11034079641103745
23175,129.87603524402948,0.9248462319374084,1.3996470414136807e-06,2048.0,0.10839852690696716
23220,130.09809367201524,2.708904504776001,1.3995948230388588e-06,2048.0,0.15641333162784576
23265,130.32005309901433,0.6140015721321106,1.399539004847538e-06,2048.0,0.07436034083366394
23310,130.54171152302297,0.7121918797492981,1.3994795871298377e-06,2048.0,0.10696583241224289
23355,130.76357204001397,1.3249915838241577,1.3994165701945858e-06,2048.0,0.09585806727409363
23400,130.98553262703354,0.7189980149269104,1.3993499543693185e-06,2048.0,0.10547712445259094
23445,131.20736168301664,0.7276914119720459,1.3992797400002764e-06,2048.0,0.10673464089632034
23490,131.42908128804993,1.0715850591659546,1.3992059274524044e-06,2048.0,0.12285542488098145
23535,131.65076331305318,0.5141109824180603,1.399128517109349e-06,2048.0,0.12210406363010406
23580,131.87237943703076,1.0896096229553223,1.3990475093734568e-06,2048.0,0.12221431732177734
23625,132.09430749400053,1.3100939989089966,1.3989629046657715e-06,2048.0,0.11705603450536728
23670,132.3160723200417,1.2148078680038452,1.3988747034260333e-06,2048.0,0.10906883329153061
23715,132.53836702002445,1.2901633977890015,1.3987829061126747e-06,2048.0,0.11161429435014725
23760,132.76063304103445,0.7587339878082275,1.3986875132028197e-06,2048.0,0.10598009079694748
23805,132.9829016610165,0.8115779757499695,1.3985885251922805e-06,2048.0,0.10386661440134048
23850,133.2049542600289,0.7579230666160583,1.398485942595555e-06,2048.0,0.12984560430049896
23895,133.42693675804185,0.7409210801124573,1.3983797659458247e-06,2048.0,0.11666811257600784
23940,133.64875627402216,1.097907304763794,1.3982699957949507e-06,2048.0,0.10306879878044128
23985,133.87040192901623,1.0564814805984497,1.3981566327134728e-06,2048.0,0.12228487432003021
24030,134.0922781060217,1.0193339586257935,1.3980396772906037e-06,2048.0,0.10191750526428223
24075,134.3142261240282,0.5346806049346924,1.397919130134229e-06,2048.0,0.07656113058328629
24120,134.5360152600333,0.6800228953361511,1.397794991870902e-06,2048.0,0.1068047434091568
24165,134.7578401369974,0.7485010623931885,1.3976672631458412e-06,2048.0,0.10702386498451233
24210,134.97952604299644,0.5337002277374268,1.3975359446229268e-06,2048.0,0.09151583909988403
24255,135.20160883205244,0.8817482590675354,1.397401036984697e-06,2048.0,0.08829621225595474
24300,135.42323643702548,0.9446748495101929,1.3972625409323453e-06,2048.0,0.09619318693876266
24345,135.64489191200119,0.8279349207878113,1.3971204571857157e-06,2048.0,0.10573750734329224
24390,135.86680019000778,1.4388539791107178,1.3969747864832998e-06,2048.0,0.12063509970903397
24435,136.08873590803705,0.8977084159851074,1.3968255295822325e-06,2048.0,0.10547860711812973
24480,136.31074254703708,0.549730122089386,1.3966726872582883e-06,2048.0,0.09174612909555435
24525,136.53273366502253,0.6603081226348877,1.3965162603058778e-06,2048.0,0.11005785316228867
24570,136.75474926404422,0.5447939038276672,1.396356249538042e-06,2048.0,0.09824596345424652
24615,136.97699181502685,0.9484281539916992,1.3961926557864498e-06,2048.0,0.11195597052574158
24660,137.19926093704998,1.2820998430252075,1.3960254799013924e-06,2048.0,0.09918810427188873
24705,137.42146917805076,0.8520001173019409,1.39585472275178e-06,2048.0,0.11210674047470093
24750,137.64356744702673,0.5339314937591553,1.3956803852251364e-06,2048.0,0.09415633231401443
24795,137.86521230300423,0.8426439762115479,1.3955024682275944e-06,2048.0,0.09156583249568939
24840,138.0870711710304,0.8093093633651733,1.3953209726838923e-06,2048.0,0.10014074295759201
24885,138.30920949100982,0.8507401347160339,1.3951358995373673e-06,2048.0,0.11615077406167984
24930,138.53092476801248,1.1546293497085571,1.3949472497499513e-06,2048.0,0.10471778362989426
24975,138.75283908605343,0.7652521729469299,1.394755024302167e-06,2048.0,0.0957767516374588
25020,138.97453916299855,0.5496382713317871,1.3945592241931215e-06,2048.0,0.10396800935268402
25065,139.19616729801055,2.8656697273254395,1.394359850440501e-06,2048.0,0.08169282227754593
25110,139.41808045702055,0.5564786791801453,1.3941569040805667e-06,2048.0,0.064687579870224
25155,139.64011270704214,0.9875189065933228,1.3939503861681483e-06,2048.0,0.08025083690881729
25200,139.86201782501303,0.8620814681053162,1.3937402977766388e-06,2048.0,0.09331835061311722
25245,140.08390417404007,0.6942148208618164,1.3935266399979897e-06,2048.0,0.10914046317338943
25290,140.30568862101063,0.8479690551757812,1.3933094139427039e-06,2048.0,0.11995379626750946
25335,140.5276670110179,0.5835204124450684,1.393088620739831e-06,2048.0,0.09941128641366959
25380,140.74957117903978,3.0829877853393555,1.3928642615369614e-06,2048.0,0.09912389516830444
25425,140.97153101902222,0.5436059236526489,1.3926363375002198e-06,2048.0,0.08515051752328873
25470,141.1934025370283,1.8826699256896973,1.3924048498142597e-06,2048.0,0.08952684700489044
25515,141.41526724601863,1.0044381618499756,1.392169799682256e-06,2048.0,0.0884135290980339
25560,141.63734025601298,0.55281662940979,1.391931188325901e-06,2048.0,0.0723913386464119
25605,141.85911601403495,0.5655251741409302,1.391689016985396e-06,2048.0,0.12161915004253387
25650,142.0809291220503,1.9116371870040894,1.3914432869194456e-06,2048.0,0.09925287216901779
25695,142.30288403201848,0.6267499923706055,1.3911939994052515e-06,2048.0,0.0817897841334343
25740,142.52473113004817,0.719330906867981,1.3909411557385052e-06,2048.0,0.08437376469373703
25785,142.74672768003074,1.4728039503097534,1.3906847572333817e-06,2048.0,0.08725655823945999
25830,142.96872088999953,0.6499113440513611,1.3904248052225324e-06,2048.0,0.08136878162622452
25875,143.1903759270208,0.7931258082389832,1.3901613010570788e-06,2048.0,0.09301628917455673
25920,143.41220108501147,0.5166047215461731,1.3898942461066045e-06,2048.0,0.08408233523368835
25965,143.6342829670175,0.6143811345100403,1.389623641759149e-06,2048.0,0.08634642511606216
26010,143.8562257460435,0.7970032095909119,1.3893494894211992e-06,2048.0,0.09262116253376007
26055,144.07843994902214,0.5909070372581482,1.3890717905176846e-06,2048.0,0.09114225208759308
26100,144.30036737804767,0.6138975024223328,1.3887905464919664e-06,2048.0,0.10042654722929001
26145,144.52223611803493,0.5621000528335571,1.3885057588058333e-06,2048.0,0.08780959993600845
26190,144.74426099803532,0.8276099562644958,1.3882174289394915e-06,2048.0,0.10196142643690109
26235,144.96612251800252,0.6348727345466614,1.3879255583915586e-06,2048.0,0.10059808194637299
26280,145.18781579501228,0.7643892168998718,1.3876301486790544e-06,2048.0,0.09835278242826462
26325,145.4096131340484,0.5209628939628601,1.3873312013373953e-06,2048.0,0.0867084413766861
26370,145.63142587302718,0.5711574554443359,1.387028717920383e-06,2048.0,0.09202349931001663
26415,145.85313544102246,0.661217212677002,1.386722700000199e-06,2048.0,0.10737656056880951
26460,146.07457326701842,0.833811342716217,1.386413149167396e-06,2048.0,0.10081450641155243
26505,146.29667008802062,0.7492837309837341,1.386100067030889e-06,2048.0,0.08966172486543655
26550,146.5184715570067,0.7176153659820557,1.3857834552179472e-06,2048.0,0.11054901778697968
26595,146.74019479501294,2.4186389446258545,1.3854633153741856e-06,2048.0,0.09999096393585205
26640,146.96182171301916,0.4922536015510559,1.3851396491635564e-06,2048.0,0.09220930188894272
26685,147.1837317130412,0.851294994354248,1.3848124582683402e-06,2048.0,0.09732489287853241
26730,147.4056490030489,0.5931726694107056,1.3844817443891376e-06,2048.0,0.09399403631687164
26775,147.62747927301098,1.0614815950393677,1.3841475092448606e-06,2048.0,0.09083772450685501
26820,147.84956923499703,0.695304811000824,1.3838097545727228e-06,2048.0,0.09297928214073181
26865,148.07097025000257,0.47905752062797546,1.3834684821282304e-06,2048.0,0.09944992512464523
26910,148.29267631901894,1.1689568758010864,1.3831236936851745e-06,2048.0,0.08954831212759018
26955,148.51415893505327,0.7770478129386902,1.3827753910356202e-06,2048.0,0.10427463799715042
27000,148.73607850499684,0.5670905113220215,1.382423575989898e-06,2048.0,0.08254988491535187
27045,148.9580089560477,1.141478180885315,1.3820682503765948e-06,2048.0,0.09465586394071579
27090,149.17977251502452,0.9567165374755859,1.3817094160425432e-06,2048.0,0.10163595527410507
27135,149.40184331702767,0.5929855704307556,1.3813470748528134e-06,2048.0,0.08584077656269073
27180,149.62352286605164,1.0653547048568726,1.3809812286907023e-06,2048.0,0.09150594472885132
27225,149.84541002602782,0.698176383972168,1.3806118794577247e-06,2048.0,0.10013065487146378
27270,150.06720949604642,0.44890347123146057,1.380239029073602e-06,2048.0,0.07499558478593826
27315,150.28931225900305,0.512145459651947,1.379862679476254e-06,2048.0,0.09026434272527695
27360,150.51138558104867,1.2779618501663208,1.3794828326217875e-06,2048.0,0.10997812449932098
27405,150.73310102004325,0.42210838198661804,1.3790994904844864e-06,2048.0,0.09474145621061325
27450,150.95492759003537,0.5718834400177002,1.3787126550568023e-06,2048.0,0.09188593178987503
27495,151.1766588090104,0.8571629524230957,1.3783223283493425e-06,2048.0,0.09908813238143921
27540,151.39855825999985,1.0372892618179321,1.377928512390861e-06,2048.0,0.08796367049217224
27585,151.62026774900733,0.9962674379348755,1.3775312092282485e-06,2048.0,0.08773371577262878
27630,151.84226608101744,0.5272824168205261,1.3771304209265182e-06,2048.0,0.06488150358200073
27675,152.0643111540121,0.9765092730522156,1.3767261495688002e-06,2048.0,0.06773151457309723
27720,152.28621290501906,0.7470085620880127,1.376318397256326e-06,2048.0,0.09410712867975235
27765,152.5081673359964,0.40189605951309204,1.3759071661084215e-06,2048.0,0.10453286021947861
27810,152.7301790480269,0.47310584783554077,1.3754924582624925e-06,2048.0,0.07684514671564102
27855,152.95221165101975,0.5218930840492249,1.3750742758740162e-06,2048.0,0.08357450366020203
27900,153.17413043201668,0.5728138089179993,1.3746526211165288e-06,2048.0,0.08893755823373795
27945,153.39601941301953,0.8517787456512451,1.3742274961816141e-06,2048.0,0.085308738052845
27990,153.61804760602536,0.480089008808136,1.3737989032788926e-06,2048.0,0.08430621773004532
28035,153.83990905701648,0.4303967356681824,1.3733668446360104e-06,2048.0,0.09118904918432236
28080,154.06185906904284,0.8164482712745667,1.372931322498626e-06,2048.0,0.08367616683244705
28125,154.28383702103747,0.7187858819961548,1.3724923391304006e-06,2048.0,0.08263351023197174
28170,154.50574158300878,0.6819725632667542,1.3720498968129847e-06,2048.0,0.09194730222225189
28215,154.7276575040305,0.5539084076881409,1.3716039978460075e-06,2048.0,0.08638612180948257
28260,154.94942836504197,0.3979874551296234,1.3711546445470642e-06,2048.0,0.09398432821035385
28305,155.17157611902803,0.5263303518295288,1.3707018392517044e-06,2048.0,0.08495614677667618
28350,155.39365432201885,0.36113664507865906,1.3702455843134191e-06,2048.0,0.059973910450935364
28395,155.61544931301614,0.8442776203155518,1.36978588210363e-06,2048.0,0.09043502807617188
28440,155.83712919201935,1.124932050704956,1.3693227350116755e-06,2048.0,0.07632622867822647
28485,156.05903282400686,0.6033087372779846,1.368856145444799e-06,2048.0,0.08382432162761688
28530,156.28072180401068,1.2094439268112183,1.3683861158281378e-06,2048.0,0.09172232449054718
28575,156.5023795540328,0.816009521484375,1.367912648604707e-06,2048.0,0.08621926605701447
28620,156.7244872180163,0.45430779457092285,1.3674357462353906e-06,2048.0,0.09060046076774597
28665,156.946624092001,0.8878634572029114,1.3669554111989263e-06,2048.0,0.11313918977975845
28710,157.16859725501854,0.47853177785873413,1.3664716459918933e-06,2048.0,0.07211776822805405
28755,157.39065117802238,1.1245957612991333,1.3659844531287e-06,2048.0,0.09160418063402176
28800,157.612730421999,0.6329345703125,1.36549383514157e-06,2048.0,0.07161183655261993
28845,157.83450361300493,0.4758325517177582,1.3649997945805288e-06,2048.0,0.08397071808576584
28890,158.05598699103575,0.37095385789871216,1.3645023340133918e-06,2048.0,0.06922020763158798
28935,158.27745379001135,1.1424096822738647,1.3640014560257494e-06,2048.0,0.11078713089227676
28980,158.49955931404838,0.6944272518157959,1.3634971632209546e-06,2048.0,0.08017662912607193
29025,158.72132790501928,0.5549178123474121,1.3629894582201096e-06,2048.0,0.10980821400880814
29070,158.94286725402344,1.0638107061386108,1.3624783436620509e-06,2048.0,0.08601921796798706
29115,159.16476125601912,0.5133978724479675,1.3619638222033373e-06,2048.0,0.08115948736667633
29160,159.3865535480436,0.9345036745071411,1.3614458965182347e-06,2048.0,0.09612791240215302
29205,159.60858734202338,0.8494391441345215,1.3609245692987032e-06,2048.0,0.09605976194143295
29250,159.83064895600546,0.5065333247184753,1.3603998432543819e-06,2048.0,0.08623020350933075
29295,160.05296533199726,0.6215423941612244,1.3598717211125765e-06,2048.0,0.09646443277597427
29340,160.27465985302115,0.6219837069511414,1.3593402056182433e-06,2048.0,0.08709722012281418
29385,160.49618105200352,0.6610259413719177,1.3588052995339764e-06,2048.0,0.11307933181524277
29430,160.71815535600763,1.2492824792861938,1.3582670056399925e-06,2048.0,0.08268396556377411
29475,160.9401670700172,0.5197098851203918,1.357725326734117e-06,2048.0,0.08432374894618988
29520,161.16212179302238,0.6543801426887512,1.3571802656317684e-06,2048.0,0.07890018075704575
29565,161.3840061550145,0.7903979420661926,1.3566318251659458e-06,2048.0,0.08794742077589035
29610,161.6060919400188,0.5117105841636658,1.3560800081872114e-06,2048.0,0.09124035388231277
29655,161.82833679602481,0.7493804693222046,1.3555248175636779e-06,2048.0,0.07930164784193039
29700,162.0506778540439,0.8039584755897522,1.3549662561809925e-06,2048.0,0.06332997977733612
29745,162.27272294805152,1.3494690656661987,1.3544043269423224e-06,2048.0,0.08833305537700653
29790,162.49436710902955,0.721119225025177,1.353839032768339e-06,2048.0,0.0889216959476471
29835,162.71569744701264,0.6155652403831482,1.3532703765972041e-06,2048.0,0.10043156892061234
29880,162.93762328004232,0.7446262240409851,1.3526983613845532e-06,2048.0,0.0688338577747345
29925,163.15975523600355,1.7051392793655396,1.35212299010348e-06,2048.0,0.0810803771018982
29970,163.3813664460322,0.3993479013442993,1.3515442657445234e-06,2048.0,0.07268687337636948
30015,163.6033162100357,0.5684356689453125,1.3509621913156481e-06,2048.0,0.09437520802021027
30060,163.82530837401282,0.3539251685142517,1.350376769842233e-06,2048.0,0.07962943613529205
30105,164.04690374503843,0.5585728883743286,1.349788004367052e-06,2048.0,0.06258239597082138
30150,164.26842307503102,0.5335349440574646,1.3491958979502604e-06,2048.0,0.08537609875202179
30195,164.49027723801555,1.1426643133163452,1.3486004536693785e-06,2048.0,0.07577043026685715
30240,164.71207290003076,0.4909907281398773,1.3480016746192753e-06,2048.0,0.08584915846586227
30285,164.93380431301193,0.5321639180183411,1.3473995639121518e-06,2048.0,0.09425341337919235
30330,165.15589163801633,0.5489326119422913,1.3467941246775262e-06,2048.0,0.08568713814020157
30375,165.37786757200956,0.44107261300086975,1.3461853600622177e-06,2048.0,0.07546193152666092
30420,165.59998039802304,0.85382080078125,1.345573273230328e-06,2048.0,0.10041151195764542
30465,165.82183672103565,0.3961043059825897,1.3449578673632268e-06,2048.0,0.05711684376001358
30510,166.04370524501428,0.6020986437797546,1.3443391456595352e-06,2048.0,0.07399120181798935
30555,166.26574632001575,1.0073126554489136,1.3437171113351083e-06,2048.0,0.08538423478603363
30600,166.48791046603583,0.5582675337791443,1.3430917676230186e-06,2048.0,0.10123743861913681
30645,166.70963097905042,0.5809763073921204,1.34246311777354e-06,2048.0,0.0914781242609024
30690,166.93151886202395,1.0227755308151245,1.3418311650541295e-06,2048.0,0.10032356530427933
30735,167.1535590980202,0.4254721403121948,1.3411959127494117e-06,2048.0,0.07601339370012283
30780,167.3752371800365,0.9268869757652283,1.3405573641611608e-06,2048.0,0.08863131701946259
30825,167.5972384950146,0.70290207862854,1.3399155226082836e-06,2048.0,0.06271959096193314
30870,167.81900563801173,1.1627388000488281,1.3392703914268026e-06,2048.0,0.09682537615299225
30915,168.0410374730127,0.4843560457229614,1.3386219739698383e-06,2048.0,0.08350060135126114
30960,168.26273924601264,0.8011305928230286,1.3379702736075913e-06,2048.0,0.07979369908571243
31005,168.48489393200725,0.5247306823730469,1.3373152937273268e-06,2048.0,0.07055115699768066
31050,168.7065766050364,0.5101742148399353,1.3366570377333539e-06,2048.0,0.10088161379098892
31095,168.92832877801266,0.6088704466819763,1.3359955090470107e-06,2048.0,0.08878790587186813
31140,169.15018271200825,1.1666995286941528,1.3353307111066447e-06,2048.0,0.08615069836378098
31185,169.37194583500968,0.6608951091766357,1.334662647367596e-06,2048.0,0.0774461179971695
31230,169.5938660200336,0.7721110582351685,1.3339913213021792e-06,2048.0,0.08885527402162552
31275,169.8156712630298,0.6574759483337402,1.3333167363996646e-06,2048.0,0.0835099145770073
31320,170.03727067500586,0.5360588431358337,1.33263889616626e-06,2048.0,0.07658882439136505
31365,170.25899136799853,0.805207371711731,1.331957804125095e-06,2048.0,0.07390749454498291
31410,170.48073444102192,0.4849053621292114,1.3312734638161982e-06,2048.0,0.06784528493881226
31455,170.70271088700974,0.704788327217102,1.3305858787964835e-06,2048.0,0.06580094248056412
31500,170.92458117101341,2.025725841522217,1.3298950526397282e-06,2048.0,0.0662233904004097
31545,171.14623395400122,0.845764696598053,1.3292009889365562e-06,2048.0,0.08611252158880234
31590,171.36825454002246,0.5940617918968201,1.3285036912944183e-06,2048.0,0.08934417366981506
31635,171.59013130504172,0.6361382603645325,1.3278031633375746e-06,2048.0,0.06556273996829987
31680,171.81210833002115,0.6510616540908813,1.3270994087070742e-06,2048.0,0.06127341836690903
31725,172.03377960302169,0.5347384214401245,1.3263924310607385e-06,2048.0,0.08853708952665329
31770,172.25562950700987,0.4301002025604248,1.325682234073139e-06,2048.0,0.0762997642159462
31815,172.47738332103472,0.5351431369781494,1.324968821435581e-06,2048.0,0.08739932626485825
31860,172.69945579802152,0.5983111262321472,1.324252196856084e-06,2048.0,0.0703044980764389
31905,172.92147722403752,0.5797402262687683,1.3235323640593596e-06,2048.0,0.08029761165380478
31950,173.14360367204063,0.5239521265029907,1.3228093267867973e-06,2048.0,0.07814060151576996
31995,173.36598596104886,0.6504518389701843,1.32208308879644e-06,2048.0,0.08021927624940872
32040,173.5880579079967,0.9558919072151184,1.3213536538629668e-06,2048.0,0.0905415266752243
32085,173.81010420504026,0.6639973521232605,1.3206210257776743e-06,2048.0,0.0700988918542862
32130,174.03198043000884,0.79115891456604,1.3198852083484551e-06,2048.0,0.07396620512008667
32175,174.25397303601494,0.5372824668884277,1.3191462053997777e-06,2048.0,0.07532034069299698
32220,174.4752787760226,0.7638120651245117,1.3184040207726695e-06,2048.0,0.06793096661567688
32265,174.69700873002876,0.3740632236003876,1.3176586583246936e-06,2048.0,0.0781688392162323
32310,174.91903224703856,0.6916003823280334,1.3169101219299304e-06,2048.0,0.08909716457128525
32355,175.14086998201674,0.4373721480369568,1.316158415478957e-06,2048.0,0.06294336169958115
32400,175.36251912504667,0.9644902348518372,1.3154035428788275e-06,2048.0,0.0730954259634018
32445,175.58456764300354,0.5267636179924011,1.3146455080530518e-06,2048.0,0.07505253702402115
32490,175.8063893369981,0.7403835654258728,1.3138843149415761e-06,2048.0,0.0914159044623375
32535,176.02829766302602,0.4471396207809448,1.3131199675007624e-06,2048.0,0.05945034697651863
32580,176.2502924700384,0.5284512042999268,1.3123524697033664e-06,2048.0,0.05778449401259422
32625,176.47203623404494,1.0532896518707275,1.3115818255385195e-06,2048.0,0.07906337827444077
32670,176.69397573103197,0.5727168917655945,1.310808039011705e-06,2048.0,0.07221918553113937
32715,176.91567477502394,0.8562765121459961,1.3100311141447405e-06,2048.0,0.06630430370569229
32760,177.13714488700498,1.6706126928329468,1.309251054975754e-06,2048.0,0.09390401095151901
32805,177.35901662200922,0.6328703761100769,1.3084678655591653e-06,2048.0,0.07165978848934174
32850,177.5808092780062,0.614541232585907,1.3076815499656632e-06,2048.0,0.07952318340539932
32895,177.80267421301687,0.7657861709594727,1.3068921122821853e-06,2048.0,0.06535027176141739
32940,178.02444102801383,0.45405617356300354,1.3060995566118968e-06,2048.0,0.06354013085365295
32985,178.24633026501397,0.5603610873222351,1.3053038870741684e-06,2048.0,0.07281739264726639
33030,178.46848451299593,0.4324147403240204,1.3045051078045557e-06,2048.0,0.07058694213628769
33075,178.69036927900743,0.7883594036102295,1.3037032229547774e-06,2048.0,0.08904717862606049
33120,178.91209750401322,0.5884480476379395,1.3028982366926934e-06,2048.0,0.08793320506811142
33165,179.1339580900385,0.4312804937362671,1.3020901532022835e-06,2048.0,0.09707628935575485
33210,179.35593364702072,0.6644534468650818,1.301278976683626e-06,2048.0,0.08618312329053879
33255,179.57788115402218,0.510690450668335,1.300464711352875e-06,2048.0,0.08660487085580826
33300,179.79963663901435,0.3682200014591217,1.299647361442239e-06,2048.0,0.07343552261590958
33345,180.02201464003883,0.8235166668891907,1.2988269311999594e-06,2048.0,0.09147613495588303
33390,180.24384983599884,0.3949849009513855,1.2980034248902867e-06,2048.0,0.07283709198236465
33435,180.4656477420358,0.6721224784851074,1.2971768467934612e-06,2048.0,0.075887531042099
33480,180.68755555903772,0.4213433265686035,1.2963472012056871e-06,2048.0,0.0645115002989769
33525,180.9090841920115,0.5758063793182373,1.2955144924391135e-06,2048.0,0.07412528246641159
33570,181.13085148704704,0.6375641226768494,1.2946787248218106e-06,2048.0,0.07356981188058853
33615,181.3527194840135,1.6448442935943604,1.2938399026977463e-06,2048.0,0.09546829015016556
33660,181.57495039404603,0.44431212544441223,1.2929980304267653e-06,2048.0,0.07836870849132538
33705,181.79664931900334,0.617235541343689,1.2921531123845657e-06,2048.0,0.06657376885414124
33750,182.01853030599887,0.579710066318512,1.2913051529626755e-06,2048.0,0.05719839408993721
33795,182.24061824404635,0.5722867250442505,1.2904541565684312e-06,2048.0,0.06557335704565048
33840,182.46264492202317,0.5991448760032654,1.2896001276249547e-06,2048.0,0.0873514860868454
33885,182.68433736800216,0.5455083250999451,1.288743070571128e-06,2048.0,0.0744343250989914
33930,182.90649123705225,0.4008118510246277,1.287882989861574e-06,2048.0,0.07235845178365707
33975,183.1284045840148,0.6293177008628845,1.2870198899666297e-06,2048.0,0.07761470973491669
34020,183.35022808104986,0.6309367418289185,1.286153775372326e-06,2048.0,0.0802350714802742
34065,183.57198542699916,0.930206298828125,1.2852846505803614e-06,2048.0,0.07684828341007233
34110,183.79378032300156,0.36620667576789856,1.2844125201080814e-06,2048.0,0.06368803232908249
34155,184.0156743900152,0.9100517630577087,1.2835373884884527e-06,2048.0,0.06987281888723373
34200,184.2375083270017,0.7595951557159424,1.282659260270042e-06,2048.0,0.07220415771007538
34245,184.45920403301716,0.47729408740997314,1.2817781400169898e-06,2048.0,0.06833043694496155
34290,184.68102614901727,0.46755337715148926,1.2808940323089888e-06,2048.0,0.0580558106303215
34335,184.90280813601566,0.8398879766464233,1.2800069417412588e-06,2048.0,0.08574869483709335
34380,185.12454850203358,0.4731835424900055,1.2791168729245229e-06,2048.0,0.07751842588186264
34425,185.34620747703593,1.4194772243499756,1.2782238304849852e-06,2048.0,0.09265729039907455
34470,185.56786077201832,0.6429817080497742,1.2773278190643038e-06,2048.0,0.06772944331169128
34515,185.78972532000626,1.848145842552185,1.2764288433195697e-06,2048.0,0.08044169098138809
34560,186.01180105900858,0.5268392562866211,1.2755269079232799e-06,2048.0,0.08090711385011673
34605,186.23328747303458,0.5339217782020569,1.274622017563316e-06,2048.0,0.08458803594112396
34650,186.45484947803197,0.6053716540336609,1.2737141769429166e-06,2048.0,0.07105447351932526
34695,186.67694515699986,0.48661166429519653,1.2728033907806558e-06,2048.0,0.0649087056517601
34740,186.89873055403586,0.4180946946144104,1.2718896638104165e-06,2048.0,0.0639377310872078
34785,187.12108951603295,0.44621899724006653,1.2709730007813672e-06,2048.0,0.0976591557264328
34830,187.3429536440526,0.5037238001823425,1.270053406457937e-06,2048.0,0.05726005509495735
34875,187.56474875099957,0.6897342801094055,1.2691308856197899e-06,2048.0,0.07528774440288544
34920,187.78647458704654,0.5758972764015198,1.2682054430618012e-06,2048.0,0.07330358028411865
34965,188.00822896399768,0.6961115002632141,1.267277083594032e-06,2048.0,0.07927386462688446
35010,188.23012897203444,0.5779864192008972,1.2663458120417043e-06,2048.0,0.06855309009552002
35055,188.45209378103027,0.47693222761154175,1.2654116332451755e-06,2048.0,0.07158046960830688
35100,188.6737454070244,0.6573834419250488,1.2644745520599142e-06,2048.0,0.061192844063043594
35145,188.89555834402563,0.5162956714630127,1.2635345733564742e-06,2048.0,0.06015249341726303
35190,189.11731847102055,0.4619750380516052,1.2625917020204694e-06,2048.0,0.07897111028432846
35235,189.33938656101236,0.4622858166694641,1.261645942952548e-06,2048.0,0.08210229873657227
35280,189.5612104490283,0.46267932653427124,1.2606973010683677e-06,2048.0,0.06472717225551605
35325,189.7831903080223,0.5542486906051636,1.2597457812985704e-06,2048.0,0.06983622908592224
35370,190.00485490402207,0.46511682868003845,1.258791388588755e-06,2048.0,0.07004065066576004
35415,190.22686786402483,0.4844130873680115,1.2578341278994538e-06,2048.0,0.0622929222881794
35460,190.44861653103726,0.3904212713241577,1.2568740042061046e-06,2048.0,0.06634943187236786
35505,190.67039589805063,0.44962677359580994,1.2559110224990268e-06,2048.0,0.07166451960802078
35550,190.89225242700195,1.327797770500183,1.2549451877833936e-06,2048.0,0.07155332714319229
35595,191.1142701060162,0.6967622637748718,1.2539765050792084e-06,2048.0,0.06512624770402908
35640,191.33598360302858,0.3495441675186157,1.2530049794212755e-06,2048.0,0.060452692210674286
35685,191.55796093301615,0.6081521511077881,1.252030615859177e-06,2048.0,0.06967338919639587
35730,191.77957585902186,0.43493977189064026,1.2510534194572448e-06,2048.0,0.061560556292533875
35775,192.00143750704592,0.5848838090896606,1.2500733952945344e-06,2048.0,0.07584179937839508
35820,192.22344797704136,0.4308113753795624,1.249090548464799e-06,2048.0,0.05516450107097626
35865,192.44545839703642,0.5057268738746643,1.2481048840764632e-06,2048.0,0.07678426057100296
35910,192.66757272800896,0.4392116367816925,1.2471164072525956e-06,2048.0,0.05961248278617859
35955,192.8894153960282,0.5552777647972107,1.246125123130883e-06,2048.0,0.08382830023765564
36000,193.11129854503088,0.47922420501708984,1.2451310368636033e-06,2048.0,0.06978452950716019
36045,193.3332206850173,0.6850792169570923,1.2441341536175986e-06,2048.0,0.0967089906334877
36090,193.55514322401723,0.775507926940918,1.243134478574248e-06,2048.0,0.07857591658830643
36135,193.7770042430493,0.4222625195980072,1.242132016929443e-06,2048.0,0.06833267211914062
36180,193.99910660402384,0.6846640110015869,1.2411267738935563e-06,2048.0,0.06877129524946213
36225,194.22091661201557,0.6221863627433777,1.2401187546914189e-06,2048.0,0.059652991592884064
36270,194.44288049201714,0.6329359412193298,1.2391079645622905e-06,2048.0,0.08393841236829758
36315,194.6648092920077,0.6604169011116028,1.2380944087598327e-06,2048.0,0.08841090649366379
36360,194.88689019304002,0.3491421043872833,1.2370780925520827e-06,2048.0,0.07118694484233856
36405,195.10869909101166,0.9717681407928467,1.2360590212214233e-06,2048.0,0.07543621957302094
36450,195.33067797101103,0.49664372205734253,1.2350372000645597e-06,2048.0,0.08857636898756027
36495,195.55242677900242,0.6177499294281006,1.2340126343924878e-06,2048.0,0.076612688601017
36540,195.77406388701638,0.8778155446052551,1.2329853295304696e-06,2048.0,0.0718994289636612
36585,195.99580541503383,0.38701117038726807,1.2319552908180028e-06,2048.0,0.06503638625144958
36630,196.21784965600818,0.486989825963974,1.2309225236087954e-06,2048.0,0.08140674233436584
36675,196.4398694660049,0.47242501378059387,1.229887033270737e-06,2048.0,0.09169547259807587
36720,196.66144920303486,0.2970397174358368,1.2288488251858708e-06,2048.0,0.055935319513082504
36765,196.8835977850249,0.5484002232551575,1.2278079047503655e-06,2048.0,0.07979130744934082
36810,197.10568805702496,0.6109873652458191,1.2267642773744874e-06,2048.0,0.07258796691894531
36855,197.327488696028,0.43474602699279785,1.225717948482573e-06,2048.0,0.07253404706716537
36900,197.54920524405316,0.42576706409454346,1.2246689235129993e-06,2048.0,0.07488402724266052
36945,197.77108214300824,0.4072566330432892,1.223617207918157e-06,2048.0,0.06891462951898575
36990,197.99285615200642,0.7178294062614441,1.2225628071644208e-06,2048.0,0.0713307186961174
37035,198.21461854100926,0.3988591134548187,1.2215057267321226e-06,2048.0,0.06839761883020401
37080,198.4363811900257,0.7965013980865479,1.2204459721155216e-06,2048.0,0.06615576148033142
37125,198.65795135701774,0.47604647278785706,1.2193835488227766e-06,2048.0,0.07259397208690643
37170,198.8794644130394,0.3735862970352173,1.218318462375917e-06,2048.0,0.06829556822776794
37215,199.10105361102615,1.1123243570327759,1.2172507183108138e-06,2048.0,0.0668584480881691
37260,199.32291705004172,0.40508919954299927,1.2161803221771513e-06,2048.0,0.06567376852035522
37305,199.5449921520194,0.5120580792427063,1.2151072795383981e-06,2048.0,0.078410804271698
37350,199.767104365048,0.8516650795936584,1.2140315959717792e-06,2048.0,0.07364694029092789
37395,199.98947142902762,0.6245840191841125,1.2129532770682445e-06,2048.0,0.07816741615533829
37440,200.21145778003847,0.33544883131980896,1.2118723284324423e-06,2048.0,0.06108512356877327
37485,200.43338473100448,0.4986521005630493,1.2107887556826885e-06,2048.0,0.06556759774684906
37530,200.65540430304827,0.47205743193626404,1.2097025644509386e-06,2048.0,0.05655260756611824
37575,200.87745056400308,0.31959816813468933,1.208613760382758e-06,2048.0,0.07121218740940094
37620,201.09933931502746,0.4988689422607422,1.2075223491372915e-06,2048.0,0.06342913210391998
37665,201.32126724603586,0.4424575865268707,1.206428336387236e-06,2048.0,0.06508704274892807
37710,201.54336021799827,0.5342232584953308,1.2053317278188093e-06,2048.0,0.06806256622076035
37755,201.7656099720043,0.6900361180305481,1.2042325291317212e-06,2048.0,0.0645873174071312
37800,201.98744118202012,0.5536553263664246,1.2031307460391445e-06,2048.0,0.05133170261979103
37845,202.2093324730522,0.3572479784488678,1.202026384267684e-06,2048.0,0.058805838227272034
37890,202.4313352740137,0.5206749439239502,1.2009194495573472e-06,2048.0,0.06201235577464104
37935,202.65346867701737,0.6493710279464722,1.1998099476615157e-06,2048.0,0.05361313372850418
37980,202.87513458600733,0.45285776257514954,1.1986978843469127e-06,2048.0,0.06153498962521553
38025,203.09691713604843,0.5222654938697815,1.1975832653935761e-06,2048.0,0.061103250831365585
38070,203.31872447603382,0.6032472252845764,1.1964660965948263e-06,2048.0,0.08281789720058441
38115,203.5406531470362,0.7257964611053467,1.195346383757236e-06,2048.0,0.060504429042339325
38160,203.76217168499716,0.4473499655723572,1.1942241327006021e-06,2048.0,0.06542555242776871
38205,203.98407133604633,0.5753181576728821,1.1930993492579132e-06,2048.0,0.09095314890146255
38250,204.20639396004844,0.8513716459274292,1.1919720392753205e-06,2048.0,0.060434501618146896
38295,204.42847972305026,0.5103399753570557,1.1908422086121068e-06,2048.0,0.056137606501579285
38340,204.65075216803234,0.49069857597351074,1.189709863140657e-06,2048.0,0.05243155360221863
38385,204.87293383199722,0.4418868124485016,1.1885750087464259e-06,2048.0,0.052461910992860794
38430,205.09479024301982,0.4498688876628876,1.1874376513279095e-06,2048.0,0.06022022292017937
38475,205.31616990902694,0.363292932510376,1.186297796796613e-06,2048.0,0.07428964972496033
38520,205.53792982903542,0.6851992011070251,1.1851554510770205e-06,2048.0,0.061327528208494186
38565,205.75961127900518,0.5846896171569824,1.1840106201065648e-06,2048.0,0.06852395087480545
38610,205.9811491870205,0.40764695405960083,1.1828633098355958e-06,2048.0,0.06698556989431381
38655,206.20304128801217,0.2673581838607788,1.1817135262273491e-06,2048.0,0.05550607293844223
38700,206.4247293480439,0.40142083168029785,1.1805612752579167e-06,2048.0,0.07068661600351334
38745,206.6465534690069,0.5099927186965942,1.1794065629162135e-06,2048.0,0.06906028836965561
38790,206.86824615800288,0.5084328055381775,1.1782493952039492e-06,2048.0,0.07017383724451065
38835,207.09005085902754,0.6607970595359802,1.1770897781355946e-06,2048.0,0.085336834192276
38880,207.31186798005365,0.5042054653167725,1.1759277177383513e-06,2048.0,0.06544932723045349
38925,207.53352108900435,0.5289376378059387,1.17476322005212e-06,2048.0,0.0833980068564415
38970,207.75563286303077,0.5454789996147156,1.17359629112947e-06,2048.0,0.057539306581020355
39015,207.97745443403255,0.8180512189865112,1.172426937035607e-06,2048.0,0.06299161165952682
39060,208.1994101559976,0.5581136345863342,1.1712551638483414e-06,2048.0,0.06573197990655899
39105,208.42097191500943,0.5560168623924255,1.1700809776580573e-06,2048.0,0.0597078911960125
39150,208.64317044999916,0.47069987654685974,1.1689043845676806e-06,2048.0,0.06599581241607666
39195,208.86517586302944,0.44780969619750977,1.167725390692647e-06,2048.0,0.08071189373731613
39240,209.08717422600603,0.5311644077301025,1.166544002160871e-06,2048.0,0.05571441724896431
39285,209.30890715605346,0.9850338101387024,1.1653602251127127e-06,2048.0,0.061588335782289505
39330,209.53073714702623,0.6557058691978455,1.1641740657009473e-06,2048.0,0.05540667101740837
39375,209.75269894005032,0.35084784030914307,1.1629855300907324e-06,2048.0,0.06803929060697556
39420,209.97466728300788,0.5382509231567383,1.1617946244595766e-06,2048.0,0.06732580065727234
39465,210.19656765501713,0.34227171540260315,1.160601354997305e-06,2048.0,0.055758021771907806
39510,210.41844983701594,0.46528878808021545,1.1594057279060313e-06,2048.0,0.06398898363113403
39555,210.63994644599734,0.6423972845077515,1.158207749400122e-06,2048.0,0.06754402071237564
39600,210.86156422505155,0.4371449053287506,1.157007425706165e-06,2048.0,0.06903578341007233
39645,211.08355328801554,0.8156936168670654,1.1558047630629382e-06,2048.0,0.0612056739628315
39690,211.30543138104258,0.4815426766872406,1.1545997677213756e-06,2048.0,0.04809459298849106
39735,211.52740977401845,0.584334671497345,1.1533924459445365e-06,2048.0,0.0515284389257431
39780,211.74894382304046,0.383919894695282,1.152182804007571e-06,2048.0,0.06373247504234314
39825,211.97088672604878,0.4404841363430023,1.1509708481976899e-06,2048.0,0.05292200669646263
39870,212.19307616102742,0.4777652323246002,1.1497565848141285e-06,2048.0,0.06334985047578812
39915,212.415022944042,0.42438164353370667,1.1485400201681176e-06,2048.0,0.05802362412214279
39960,212.6373978810152,0.41162192821502686,1.1473211605828481e-06,2048.0,0.051308050751686096
40005,212.8591155920294,0.6238826513290405,1.1461000123934398e-06,2048.0,0.049545060843229294
40050,213.08093316404847,0.6410946846008301,1.1448765819469065e-06,2048.0,0.06632611155509949
40095,213.30315184005303,1.558064579963684,1.1436508756021258e-06,2048.0,0.059488695114851
40140,213.5248997810413,0.38656380772590637,1.142422899729803e-06,2048.0,0.067717544734478
40185,213.74673350300873,0.32697051763534546,1.1411926607124399e-06,2048.0,0.06308956444263458
40230,213.96859930601204,0.35990944504737854,1.1399601649443022e-06,2048.0,0.053150929510593414
40275,214.1904109379975,0.27839425206184387,1.1387254188313833e-06,2048.0,0.05505736917257309
40320,214.41242275200784,9.222553253173828,1.1374884287913747e-06,2048.0,0.06370922923088074
40365,214.63415925303707,0.49000006914138794,1.13624920125363e-06,2048.0,0.06792116165161133
40410,214.85600793600315,0.6538615226745605,1.1350077426591323e-06,2048.0,0.07185102254152298
40455,215.07772580703022,0.4899941682815552,1.1337640594604613e-06,2048.0,0.056763906031847
40500,215.29959573002998,0.5447611212730408,1.1325181581217593e-06,2048.0,0.05218721181154251
40545,215.52124504104722,0.4839977025985718,1.131270045118697e-06,2048.0,0.06427358835935593
40590,215.7433632260072,0.47181645035743713,1.1300197269384409e-06,2048.0,0.06862770766019821
40635,215.96518329903483,0.5084444880485535,1.1287672100796183e-06,2048.0,0.06402138620615005
40680,216.18650397704914,0.3665911555290222,1.1275125010522852e-06,2048.0,0.053834207355976105
40725,216.4084928710363,0.5293968915939331,1.1262556063778913e-06,2048.0,0.06600267440080643
40770,216.6302930030506,0.5545603632926941,1.1249965325892462e-06,2048.0,0.06573078781366348
40815,216.851960324042,0.41363799571990967,1.1237352862304862e-06,2048.0,0.07096785306930542
40860,217.0740237190039,0.5141294598579407,1.1224718738570383e-06,2048.0,0.0695037990808487
40905,217.29616319504566,1.2183187007904053,1.1212063020355895e-06,2048.0,0.0457318015396595
40950,217.51790595700732,0.6433913707733154,1.1199385773440488e-06,2048.0,0.05614161118865013
40995,217.73995229200227,0.36972129344940186,1.1186687063715164e-06,2048.0,0.051375675946474075
41040,217.96176092501264,0.44241005182266235,1.117396695718247e-06,2048.0,0.05881870165467262
41085,218.183880400029,0.34167996048927307,1.116122551995617e-06,2048.0,0.05411389842629433
41130,218.40550831099972,0.550503134727478,1.1148462818260894e-06,2048.0,0.045885708183050156
41175,218.6275904670474,0.9303894639015198,1.1135678918431795e-06,2048.0,0.06373931467533112
41220,218.84943237999687,0.4440818428993225,1.1122873886914202e-06,2048.0,0.0657319650053978
41265,219.07140826503746,1.0837185382843018,1.111004779026329e-06,2048.0,0.06994548439979553
41310,219.29338658903725,0.4683973789215088,1.1097200695143707e-06,2048.0,0.059513818472623825
41355,219.51558134600054,3.9891178607940674,1.108433266832925e-06,2048.0,0.0585855171084404
41400,219.73746393900365,0.40442967414855957,1.107144377670251e-06,2048.0,0.052679888904094696
41445,219.95910637103952,0.379426509141922,1.105853408725452e-06,2048.0,0.06763160973787308
41490,220.18109261599602,1.173038363456726,1.1045603667084414e-06,2048.0,0.05722680315375328
41535,220.40323262201855,0.40139177441596985,1.103265258339908e-06,2048.0,0.06173862889409065
41580,220.62507826602086,0.643704891204834,1.10196809035128e-06,2048.0,0.0593341626226902
41625,220.84694970899727,0.32079043984413147,1.1006688694846908e-06,2048.0,0.0505056269466877
41670,221.06864408199908,0.5618608593940735,1.0993676024929442e-06,2048.0,0.05694594979286194
41715,221.29073475801852,0.3707224428653717,1.0980642961394777e-06,2048.0,0.07766732573509216
41760,221.51254077104386,0.3781834542751312,1.0967589571983303e-06,2048.0,0.057767149060964584
41805,221.73460285703186,0.3965957462787628,1.095451592454104e-06,2048.0,0.057678692042827606
41850,221.95648072101176,0.321189820766449,1.094142208701931e-06,2048.0,0.05479055270552635
41895,222.17868630803423,0.3238305449485779,1.0928308127474374e-06,2048.0,0.05821022018790245
41940,222.40064535301644,0.3282518982887268,1.0915174114067071e-06,2048.0,0.04724469408392906
41985,222.6221417740453,0.4870695173740387,1.090202011506248e-06,2048.0,0.06624894589185715
42030,222.84390823700232,0.5439140796661377,1.0888846198829553e-06,2048.0,0.06277309358119965
42075,223.0662477349979,0.3619891107082367,1.0875652433840765e-06,2048.0,0.05682012811303139
42120,223.28806575899944,0.4313502311706543,1.0862438888671752e-06,2048.0,0.06124785542488098
42165,223.5096258710255,0.4172317683696747,1.0849205632000969e-06,2048.0,0.08042723685503006
42210,223.73149635503069,0.5561470985412598,1.0835952732609308e-06,2048.0,0.0528276301920414
42255,223.95319194800686,0.9437138438224792,1.0822680259379775e-06,2048.0,0.0657697394490242
42300,224.17509217205225,0.5123912692070007,1.0809388281297093e-06,2048.0,0.06725611537694931
42345,224.39720537903486,0.38791051506996155,1.0796076867447371e-06,2048.0,0.05215882137417793
42390,224.61948642705102,1.7030775547027588,1.0782746087017743e-06,2048.0,0.06244847550988197
42435,224.84155918401666,0.448388010263443,1.0769396009296001e-06,2048.0,0.06393854320049286
42480,225.06340048799757,0.37248098850250244,1.0756026703670218e-06,2048.0,0.06560789793729782
42525,225.28539313405054,0.4947374165058136,1.0742638239628435e-06,2048.0,0.058163028210401535
42570,225.5069785460364,0.6860008239746094,1.0729230686758245e-06,2048.0,0.06499172747135162
42615,225.72867988899816,1.839123010635376,1.0715804114746474e-06,2048.0,0.05577410012483597
42660,225.94999900902621,0.4311788082122803,1.070235859337879e-06,2048.0,0.07659710943698883
42705,226.17185742303263,0.9223327040672302,1.068889419253936e-06,2048.0,0.0673874095082283
42750,226.39384143904317,0.6168584227561951,1.0675410982210467e-06,2048.0,0.06286641210317612
42795,226.61560462304624,0.4968228340148926,1.0661909032472174e-06,2048.0,0.06504309177398682
42840,226.83754561899696,0.37956997752189636,1.0648388413501932e-06,2048.0,0.05524352565407753
42885,227.0591452610097,0.2835383713245392,1.0634849195574227e-06,2048.0,0.052634838968515396
42930,227.28090330504347,0.5821570158004761,1.0621291449060222e-06,2048.0,0.06099165976047516
42975,227.50268465903355,0.6137583255767822,1.0607715244427377e-06,2048.0,0.07020484656095505
43020,227.7247006749967,0.3115764856338501,1.0594120652239098e-06,2048.0,0.05275062471628189
43065,227.94670824200148,0.29393523931503296,1.0580507743154347e-06,2048.0,0.04904588311910629
43110,228.168726309028,0.542870044708252,1.0566876587927298e-06,2048.0,0.05059637501835823
43155,228.39076463499805,0.5000531077384949,1.0553227257406967e-06,2048.0,0.056218430399894714
43200,228.6129420430516,0.6028746366500854,1.0539559822536827e-06,2048.0,0.050288133323192596
43245,228.83489714900497,0.4356016516685486,1.052587435435446e-06,2048.0,0.060196563601493835
43290,229.05659497302258,0.8078566193580627,1.0512170923991164e-06,2048.0,0.05324026942253113
43335,229.27819233603077,0.32219308614730835,1.0498449602671607e-06,2048.0,0.06413718312978745
43380,229.5002722630161,0.44662168622016907,1.0484710461713448e-06,2048.0,0.07288815081119537
43425,229.72197224700358,0.8774590492248535,1.0470953572526965e-06,2048.0,0.057226669043302536
43470,229.94389924302232,0.3032604157924652,1.0457179006614666e-06,2048.0,0.05064588412642479
43515,230.16615075204754,0.3656448423862457,1.044338683557096e-06,2048.0,0.055097322911024094
43560,230.3879797370173,0.6205307245254517,1.0429577131081746e-06,2048.0,0.06660351157188416
43605,230.609889733023,0.5692002177238464,1.0415749964924061e-06,2048.0,0.05105827748775482
43650,230.83181020902703,0.5072868466377258,1.0401905408965696e-06,2048.0,0.055766165256500244
43695,231.0534632820054,0.6377448439598083,1.0388043535164823e-06,2048.0,0.052328672260046005
43740,231.2752796279965,0.3350226879119873,1.0374164415569636e-06,2048.0,0.05127387121319771
43785,231.49692592100473,1.780295729637146,1.036026812231796e-06,2048.0,0.051368098706007004
43830,231.71905504900496,0.6424701809883118,1.0346354727636876e-06,2048.0,0.06298750638961792
43875,231.94068964303005,0.4534814953804016,1.0332424303842356e-06,2048.0,0.05414963513612747
43920,232.1627495510038,0.4230571389198303,1.0318476923338888e-06,2048.0,0.05770774930715561
43965,232.38448564504506,0.9188963174819946,1.0304512658619082e-06,2048.0,0.05700783431529999
44010,232.60662327404134,0.47174072265625,1.0290531582263316e-06,2048.0,0.05134565755724907
44055,232.82841495901812,0.5250106453895569,1.0276533766939336e-06,2048.0,0.058426450937986374
44100,233.0503299050033,0.48166605830192566,1.0262519285401903e-06,2048.0,0.05602383613586426
44145,233.27212304004934,1.174333095550537,1.0248488210492392e-06,2048.0,0.05567712336778641
44190,233.49412659800146,0.7761399149894714,1.023444061513843e-06,2048.0,0.06312838941812515
44235,233.71565325104166,0.4121864140033722,1.0220376572353507e-06,2048.0,0.06075900420546532
44280,233.93731355504133,1.1968103647232056,1.0206296155236597e-06,2048.0,0.057198844850063324
44325,234.15904093004065,0.4651758372783661,1.0192199436971786e-06,2048.0,0.0595891959965229
44370,234.38089142600074,0.3667944669723511,1.017808649082789e-06,2048.0,0.05747566372156143
44415,234.60271462099627,0.3653877377510071,1.0163957390158057e-06,2048.0,0.057435132563114166
44460,234.82545629603555,0.44457510113716125,1.0149812208399412e-06,2048.0,0.05539233982563019
44505,235.0473529220326,0.49098482728004456,1.0135651019072655e-06,2048.0,0.059045977890491486
44550,235.2691407680395,0.3918111324310303,1.0121473895781697e-06,2048.0,0.053139496594667435
44595,235.49113981501432,0.3027043342590332,1.010728091221326e-06,2048.0,0.050024282187223434
44640,235.71305762202246,0.2612570822238922,1.0093072142136492e-06,2048.0,0.05636517331004143
44685,235.93498288904084,0.5477286577224731,1.0078847659402608e-06,2048.0,0.06387834250926971
44730,236.15674786502495,0.4088800847530365,1.0064607537944488e-06,2048.0,0.05922788754105568
44775,236.3785719810403,0.2941821217536926,1.0050351851776287e-06,2048.0,0.05503072962164879
44820,236.600403207005,0.3054320514202118,1.0036080674993066e-06,2048.0,0.04947839304804802
44865,236.8222862140392,0.6121461987495422,1.0021794081770394e-06,2048.0,0.055432990193367004
44910,237.04385836800793,1.2160367965698242,1.0007492146363977e-06,2048.0,0.06605323404073715
44955,237.26599384704605,0.9586507081985474,9.993174943109257e-07,2048.0,0.06121367588639259
45000,237.4878978340421,0.3995145261287689,9.978842546421031e-07,2048.0,0.050797782838344574
45045,237.70985091105103,0.3896838426589966,9.964495030793069e-07,2048.0,0.05194401741027832
45090,237.9315694370307,0.44736480712890625,9.950132470797717e-07,2048.0,0.06431864947080612
45135,238.15326318203006,0.4225746989250183,9.935754941085525e-07,2048.0,0.05492543429136276
45180,238.37515201902715,0.8734409809112549,9.921362516384842e-07,2048.0,0.05374481528997421
45225,238.59699218603782,0.4265201687812805,9.906955271501434e-07,2048.0,0.04683186858892441
45270,238.81859043001896,0.4697887599468231,9.892533281318097e-07,2048.0,0.058958500623703
45315,239.04066322901053,0.411683052778244,9.878096620794271e-07,2048.0,0.056540846824645996
45360,239.26234555401606,0.42012837529182434,9.86364536496565e-07,2048.0,0.04639749228954315
45405,239.4845231640502,0.3336835503578186,9.849179588943766e-07,2048.0,0.04691777750849724
45450,239.70642924204003,0.39893490076065063,9.83469936791565e-07,2048.0,0.057393621653318405
45495,239.92790612502722,0.622338593006134,9.820204777143392e-07,2048.0,0.05876285955309868
45540,240.14941918902332,0.2973604202270508,9.80569589196378e-07,2048.0,0.046251505613327026
45585,240.37121805601055,0.35914719104766846,9.7911727877879e-07,2048.0,0.07303417474031448
45630,240.59301855199737,0.44197168946266174,9.776635540100726e-07,2048.0,0.050578806549310684
45675,240.81474930804688,0.5728190541267395,9.762084224460758e-07,2048.0,0.05711590498685837
45720,241.03643865400227,0.47175732254981995,9.747518916499619e-07,2048.0,0.05131352320313454
45765,241.25798655801918,0.3852865397930145,9.732939691921648e-07,2048.0,0.05284680426120758
45810,241.47986391599989,0.39139023423194885,9.71834662650352e-07,2048.0,0.05732904002070427
45855,241.70138961001066,0.45289307832717896,9.70373979609385e-07,2048.0,0.05006082355976105
45900,241.92342976899818,0.5904945135116577,9.689119276612796e-07,2048.0,0.048093654215335846
45945,242.14535875699949,2.8324081897735596,9.67448514405167e-07,2048.0,0.051066718995571136
45990,242.36708697403083,0.293819785118103,9.659837474472533e-07,2048.0,0.055343784391880035
46035,242.58912978303852,0.40304702520370483,9.645176344007811e-07,2048.0,0.062894806265831
46080,242.81109157099854,0.4448331892490387,9.630501828859887e-07,2048.0,0.0537913478910923
46125,243.03307421004865,0.5257758498191833,9.615814005300725e-07,2048.0,0.05458623170852661
46170,243.25480664602946,0.5649858117103577,9.60111294967145e-07,2048.0,0.0634838119149208
46215,243.47671756404452,0.6008748412132263,9.586398738381956e-07,2048.0,0.0474315881729126
46260,243.69876695401035,0.49098241329193115,9.571671447910531e-07,2048.0,0.0471997894346714
46305,243.92072113300674,0.5116693377494812,9.556931154803434e-07,2048.0,0.05493509769439697
46350,244.14263994101202,0.5165514945983887,9.542177935674508e-07,2048.0,0.05533701181411743
46395,244.36425128602423,0.5666781067848206,9.527411867204771e-07,2048.0,0.07036440819501877
46440,244.58626197604463,0.47125738859176636,9.512633026142041e-07,2048.0,0.05309458076953888
46485,244.80813413404394,0.4051029682159424,9.497841489300516e-07,2048.0,0.045686956495046616
46530,245.03015924303327,1.4111266136169434,9.483037333560383e-07,2048.0,0.04475266858935356
46575,245.2521254220046,0.36060819029808044,9.46822063586741e-07,2048.0,0.05836348235607147
46620,245.47429112304235,0.276969850063324,9.453391473232559e-07,2048.0,0.04321730136871338
46665,245.6960363900289,0.35306113958358765,9.438549922731581e-07,2048.0,0.04384516179561615
46710,245.91752671502763,0.593493640422821,9.42369606150461e-07,2048.0,0.06425651162862778
46755,246.13933108199853,0.7391232848167419,9.40882996675577e-07,2048.0,0.06823494285345078
46800,246.36138611199567,0.44476190209388733,9.393951715752763e-07,2048.0,0.05744290351867676
46845,246.583680153999,0.5867894887924194,9.379061385826477e-07,2048.0,0.05075284093618393
46890,246.80578243499622,0.482982337474823,9.364159054370585e-07,2048.0,0.04883241653442383
46935,247.02781612501713,1.0531153678894043,9.349244798841139e-07,2048.0,0.06181730329990387
46980,247.24956180201843,0.6490616202354431,9.334318696756158e-07,2048.0,0.05239593982696533
47025,247.47144188999664,0.4544300138950348,9.319380825695245e-07,2048.0,0.04887070134282112
47070,247.69335998001043,0.3817805349826813,9.304431263299169e-07,2048.0,0.051133666187524796
47115,247.91530933900503,0.5106463432312012,9.289470087269463e-07,2048.0,0.06868958473205566
47160,248.13724643801106,0.6252696514129639,9.27449737536803e-07,2048.0,0.06421376764774323
47205,248.3590150050004,0.7176539897918701,9.259513205416722e-07,2048.0,0.04418718442320824
47250,248.58080956304912,0.49234357476234436,9.244517655296952e-07,2048.0,0.051216986030340195
47295,248.80258932104334,0.32245707511901855,9.229510802949284e-07,2048.0,0.05861788988113403
47340,249.02473913301947,0.3544400632381439,9.214492726373021e-07,2048.0,0.04003988578915596
47385,249.24681894300738,0.3921004831790924,9.199463503625802e-07,2048.0,0.045968715101480484
47430,249.4686435710173,0.39640313386917114,9.184423212823206e-07,2048.0,0.05416302755475044
47475,249.69065189204412,0.44152700901031494,9.16937193213834e-07,2048.0,0.058901648968458176
47520,249.91250962001504,0.346404105424881,9.15430973980143e-07,2048.0,0.05507425218820572
47565,250.13435542903608,0.6192770004272461,9.139236714099408e-07,2048.0,0.05680808052420616
47610,250.35630501899868,0.6454408168792725,9.124152933375522e-07,2048.0,0.04682356119155884
47655,250.57816207804717,0.4474794268608093,9.109058476028921e-07,2048.0,0.06460543721914291
47700,250.80006975703873,0.5941487550735474,9.093953420514241e-07,2048.0,0.05007294565439224
47745,251.0219791260315,0.3536120355129242,9.078837845341209e-07,2048.0,0.05027800798416138
47790,251.24374041403644,0.46054336428642273,9.063711829074219e-07,2048.0,0.04144247621297836
47835,251.4655150520266,0.42826008796691895,9.048575450331948e-07,2048.0,0.06838750839233398
47880,251.68731227103854,0.3951932191848755,9.033428787786915e-07,2048.0,0.06577162444591522
47925,251.90925850102212,0.586349368095398,9.018271920165111e-07,2048.0,0.05996493250131607
47970,252.1309518479975,0.6234548687934875,9.003104926245545e-07,2048.0,0.059161409735679626
48015,252.3528718180023,1.662088394165039,8.987927884859878e-07,2048.0,0.0549340583384037
48060,252.57465773704462,0.3577198088169098,8.972740874891982e-07,2048.0,0.05535218492150307
48105,252.79651636601193,0.28501689434051514,8.95754397527755e-07,2048.0,0.05323487147688866
48150,253.01845418603625,0.7426905632019043,8.942337265003665e-07,2048.0,0.06763272732496262
48195,253.24023108399706,0.3482334315776825,8.927120823108415e-07,2048.0,0.052438970655202866
48240,253.46200800302904,0.24410973489284515,8.91189472868046e-07,2048.0,0.05017538368701935
48285,253.68398584402166,0.3112536072731018,8.896659060858636e-07,2048.0,0.050539325922727585
48330,253.90573372202925,0.45154494047164917,8.881413898831535e-07,2048.0,0.05564841255545616
48375,254.1276172720245,0.37712281942367554,8.866159321837092e-07,2048.0,0.052282556891441345
48420,254.34939356002724,0.4300718605518341,8.850895409162177e-07,2048.0,0.0679439976811409
48465,254.57127586001297,0.807018518447876,8.835622240142194e-07,2048.0,0.05072331055998802
48510,254.7932214300381,0.5143531560897827,8.820339894160645e-07,2048.0,0.0443575493991375
48555,255.01494793902384,0.30724427103996277,8.805048450648736e-07,2048.0,0.05035533010959625
48600,255.23648737504845,0.6456436514854431,8.789747989084956e-07,2048.0,0.061473552137613297
48645,255.45871182804694,1.6781961917877197,8.774438588994668e-07,2048.0,0.04393235221505165
48690,255.6806547890301,0.39407843351364136,8.759120329949693e-07,2048.0,0.0638502687215805
48735,255.90226167603396,0.5987312197685242,8.743793291567896e-07,2048.0,0.04181727021932602
48780,256.1240415950306,0.6263908743858337,8.728457553512774e-07,2048.0,0.057388417422771454
48825,256.3460035659955,0.3562648892402649,8.713113195493042e-07,2048.0,0.04752098768949509
48870,256.5677859550342,0.309123158454895,8.697760297262216e-07,2048.0,0.044875189661979675
48915,256.78955815400695,1.1094133853912354,8.682398938618203e-07,2048.0,0.05203302204608917
48960,257.0118356080493,0.3373197019100189,8.66702919940288e-07,2048.0,0.051303330808877945
49005,257.2337307980051,0.4022180736064911,8.651651159501689e-07,2048.0,0.04996911436319351
49050,257.45553753804415,0.36085712909698486,8.636264898843209e-07,2048.0,0.048339854925870895
49095,257.6769188240287,0.3233289420604706,8.620870497398749e-07,2048.0,0.05010692775249481
49140,257.89847302105045,0.4500764310359955,8.605468035181931e-07,2048.0,0.05939851328730583
49185,258.1204580820049,0.6823781728744507,8.590057592248275e-07,2048.0,0.06054362282156944
49230,258.3418375879992,0.587499737739563,8.574639248694777e-07,2048.0,0.04637942463159561
49275,258.5638450590195,0.44380587339401245,8.559213084659503e-07,2048.0,0.05929958075284958
49320,258.7858084810432,0.25412043929100037,8.543779180321165e-07,2048.0,0.04000338166952133
49365,259.0076552910032,0.8277894854545593,8.528337615898699e-07,2048.0,0.06615655869245529
49410,259.2295262310072,0.3441667854785919,8.512888471650864e-07,2048.0,0.055072203278541565
49455,259.4512185200001,0.40658363699913025,8.49743182787581e-07,2048.0,0.061901580542325974
49500,259.6728964690119,0.38330474495887756,8.481967764910672e-07,2048.0,0.05406089499592781
49545,259.8947947990382,0.4680921137332916,8.466496363131137e-07,2048.0,0.05752069130539894
49590,260.11653425899567,0.8817793130874634,8.451017702951047e-07,2048.0,0.05420655384659767
49635,260.3381790770218,0.5553445816040039,8.435531864821963e-07,2048.0,0.058445584028959274
49680,260.559727415035,3.4299728870391846,8.420038929232761e-07,2048.0,0.07316558808088303
49725,260.7815411850461,1.7606651782989502,8.404538976709197e-07,2048.0,0.06292760372161865
49770,261.00323295401176,0.3852536678314209,8.389032087813502e-07,2048.0,0.051954470574855804
49815,261.22512715501944,0.47438377141952515,8.373518343143965e-07,2048.0,0.041884493082761765
49860,261.44690698501654,0.28547996282577515,8.357997823334498e-07,2048.0,0.05323602631688118
49905,261.66886740602786,0.40243425965309143,8.342470609054242e-07,2048.0,0.04140159487724304
49950,261.89046341500944,0.4951378405094147,8.326936781007116e-07,2048.0,0.05078238621354103
49995,262.1124691670411,0.48943403363227844,8.311396419931424e-07,2048.0,0.05966068059206009
50040,262.3343616980128,0.28347066044807434,8.29584960659943e-07,2048.0,0.05632268637418747
50085,262.5564050600515,0.4005476236343384,8.280296421816924e-07,2048.0,0.047227658331394196
50130,262.7781918210094,0.3256230056285858,8.264736946422817e-07,2048.0,0.052018601447343826
50175,263.0001661130227,0.6708866953849792,8.249171261288714e-07,2048.0,0.056843411177396774
50220,263.2222519660136,0.6514301896095276,8.233599447318505e-07,2048.0,0.0582004152238369
50265,263.444121706998,0.4149142801761627,8.218021585447923e-07,2048.0,0.0708199217915535
50310,263.66603784804465,0.46699580550193787,8.202437756644138e-07,2048.0,0.05261152237653732
50355,263.8880430710269,0.5110450387001038,8.186848041905334e-07,2048.0,0.047474343329668045
50400,264.11002085299697,0.9266155958175659,8.1712525222603e-07,2048.0,0.06221218407154083
50445,264.3318092430127,0.3325572907924652,8.155651278767972e-07,2048.0,0.0456424318253994
50490,264.5535269730026,0.6887989044189453,8.14004439251706e-07,2048.0,0.05101963132619858
50535,264.7753286140505,0.41815435886383057,8.124431944625587e-07,2048.0,0.043585970997810364
50580,264.9971297150478,0.4897255003452301,8.108814016240493e-07,2048.0,0.05454476922750473
50625,265.219074327033,0.2899645268917084,8.093190688537194e-07,2048.0,0.04316979646682739
50670,265.4405875550001,0.4067729115486145,8.077562042719179e-07,2048.0,0.051049020141363144
50715,265.66307421203237,0.4292542636394501,8.061928160017568e-07,2048.0,0.04356888681650162
50760,265.8850081540295,0.3277762532234192,8.046289121690711e-07,2048.0,0.04899013414978981
50805,266.1069574660505,0.46247875690460205,8.030645009023748e-07,2048.0,0.04817388579249382
50850,266.32839473400963,0.36983540654182434,8.014995903328195e-07,2048.0,0.04418150708079338
50895,266.549955523049,0.5223023295402527,7.999341885941516e-07,2048.0,0.05512964725494385
50940,266.77199786604615,0.42696383595466614,7.983683038226712e-07,2048.0,0.053414877504110336
50985,266.99385731702205,0.37835922837257385,7.968019441571882e-07,2048.0,0.05015077814459801
51030,267.2159953720402,0.4628911316394806,7.952351177389815e-07,2048.0,0.04928616061806679
51075,267.4378578030155,4.5611419677734375,7.936678327117553e-07,2048.0,0.035626720637083054
51120,267.65947880304884,0.38907140493392944,7.921000972215978e-07,2048.0,0.05008435994386673
51165,267.88128030404914,0.5211187601089478,7.905319194169389e-07,2048.0,0.05652999505400658
51210,268.10323360702023,0.2477635145187378,7.889633074485065e-07,2048.0,0.050958845764398575
51255,268.32515620900085,0.3292078375816345,7.873942694692859e-07,2048.0,0.055136214941740036
51300,268.54711677203886,0.8134803175926208,7.858248136344763e-07,2048.0,0.05261112004518509
51345,268.76881150202826,0.3847637474536896,7.842549481014491e-07,2048.0,0.05342855677008629
51390,268.99033731099917,0.3726808726787567,7.826846810297046e-07,2048.0,0.0437818318605423
51435,269.21207881200826,0.35937967896461487,7.811140205808304e-07,2048.0,0.04372337460517883
51480,269.4339340639999,0.6710727214813232,7.795429749184588e-07,2048.0,0.058302026242017746
51525,269.6557307650219,0.5059508681297302,7.779715522082239e-07,2048.0,0.06322109699249268
51570,269.8772656840156,0.8809728026390076,7.763997606177207e-07,2048.0,0.05897177383303642
51615,270.0991048460128,0.3411107063293457,7.748276083164593e-07,2048.0,0.032557163387537
51660,270.32095012802165,0.5966623425483704,7.732551034758268e-07,2048.0,0.055190443992614746
51705,270.54284645000007,0.4331405460834503,7.716822542690414e-07,2048.0,0.044798802584409714
51750,270.7650903760223,0.3531441390514374,7.701090688711119e-07,2048.0,0.04048950597643852
51795,270.9869068780099,0.4008123278617859,7.685355554587936e-07,2048.0,0.04826723784208298
51840,271.20879633002914,0.33284634351730347,7.66961722210548e-07,2048.0,0.05107492581009865
51885,271.43039003002923,0.4177529811859131,7.653875773064971e-07,2048.0,0.05041766166687012
51930,271.6521735120332,0.6504448056221008,7.638131289283848e-07,2048.0,0.043069060891866684
51975,271.8735416200361,1.0497376918792725,7.622383852595308e-07,2048.0,0.05889222025871277
52020,272.09553064301144,0.45710569620132446,7.606633544847902e-07,2048.0,0.049218617379665375
52065,272.31723601400154,0.3575921356678009,7.590880447905108e-07,2048.0,0.03958597779273987
52110,272.53925662802067,0.3188500702381134,7.57512464364489e-07,2048.0,0.05382239818572998
52155,272.7608576780185,0.5208539366722107,7.559366213959294e-07,2048.0,0.05070890486240387
52200,272.982659410045,0.3331908881664276,7.543605240754002e-07,2048.0,0.057120587676763535
52245,273.20515937905293,0.7739183306694031,7.527841805947929e-07,2048.0,0.053044550120830536
52290,273.4271886830102,0.45385444164276123,7.512075991472775e-07,2048.0,0.052932899445295334
52335,273.64938664902,0.4245620667934418,7.496307879272605e-07,2048.0,0.04590889811515808
52380,273.8714991840534,0.41044798493385315,7.480537551303439e-07,2048.0,0.03954434394836426
52425,274.09347525803605,0.2757278382778168,7.464765089532805e-07,2048.0,0.03901031240820885
52470,274.3154976220103,0.2704945504665375,7.448990575939322e-07,2048.0,0.04050897806882858
52515,274.53710715204943,0.4467063844203949,7.433214092512274e-07,2048.0,0.04956243932247162
52560,274.75880736403633,0.4546864628791809,7.417435721251186e-07,2048.0,0.043919891119003296
52605,274.9805343350163,0.5175374150276184,7.401655544165395e-07,2048.0,0.053714778274297714
52650,275.20215906604426,0.3383009731769562,7.385873643273622e-07,2048.0,0.04892832413315773
52695,275.4239515780355,0.3836601674556732,7.370090100603544e-07,2048.0,0.06269675493240356
52740,275.64577614102745,0.66304612159729,7.354304998191379e-07,2048.0,0.056235749274492264
52785,275.8684695220436,0.3323862850666046,7.338518418081448e-07,2048.0,0.04699967801570892
52830,276.0903356350027,0.5644716620445251,7.322730442325752e-07,2048.0,0.057110220193862915
52875,276.3123193590436,0.5695497393608093,7.306941152983544e-07,2048.0,0.04323817044496536
52920,276.5342799530481,0.3470759093761444,7.291150632120913e-07,2048.0,0.04551347717642784
52965,276.75609106599586,0.46267572045326233,7.275358961810338e-07,2048.0,0.04062477499246597
53010,276.9778236980201,0.54819256067276,7.259566224130278e-07,2048.0,0.057026248425245285
53055,277.19956444000127,0.5239070057868958,7.243772501164742e-07,2048.0,0.04667211323976517
53100,277.421426713001,0.39204004406929016,7.227977875002855e-07,2048.0,0.0450608916580677
53145,277.64360150904395,0.6274630427360535,7.212182427738438e-07,2048.0,0.05025713890790939
53190,277.86552729300456,0.34032976627349854,7.196386241469579e-07,2048.0,0.0491144135594368
53235,278.0875635880511,0.2403559684753418,7.180589398298215e-07,2048.0,0.0456162728369236
53280,278.3097174940049,0.4416760206222534,7.164791980329685e-07,2048.0,0.047973182052373886
53325,278.531349306053,0.4611847400665283,7.14899406967232e-07,2048.0,0.04116249457001686
53370,278.75290635600686,1.5834132432937622,7.133195748437016e-07,2048.0,0.04564279690384865
53415,278.97499805199914,0.3618414103984833,7.117397098736802e-07,2048.0,0.052015241235494614
53460,279.19676364504267,0.3322697877883911,7.101598202686409e-07,2048.0,0.05471881851553917
53505,279.418570837006,0.48421934247016907,7.085799142401853e-07,2048.0,0.04691189154982567
53550,279.6402877800283,0.7725957036018372,7.069999999999996e-07,2048.0,0.05327658727765083
53595,279.86199460201897,0.3277994990348816,7.054200857598146e-07,2048.0,0.06053726375102997
53640,280.0838986960007,0.951229453086853,7.038401797313591e-07,2048.0,0.055076178163290024
53685,280.30616865400225,0.4044335186481476,7.022602901263196e-07,2048.0,0.04526028037071228
53730,280.5282106590457,1.8030800819396973,7.006804251562981e-07,2048.0,0.039510346949100494
53775,280.750069043017,0.5809304714202881,6.991005930327676e-07,2048.0,0.03896947577595711
53820,280.9717401250382,0.3397413194179535,6.975208019670316e-07,2048.0,0.05269990488886833
53865,281.1933954569977,2.2287652492523193,6.959410601701785e-07,2048.0,0.0523352324962616
53910,281.4150292290142,0.39231595396995544,6.943613758530415e-07,2048.0,0.048326894640922546
53955,281.6369249530253,0.3470537066459656,6.927817572261561e-07,2048.0,0.04788544028997421
54000,281.85855175502365,0.3278501331806183,6.912022124997145e-07,2048.0,0.034782472997903824
54045,282.0804620590061,0.21300646662712097,6.896227498835256e-07,2048.0,0.0442371591925621
54090,282.302272363042,0.694776713848114,6.88043377586972e-07,2048.0,0.045318182557821274
54135,282.52391094504856,0.37048059701919556,6.864641038189659e-07,2048.0,0.05277353897690773
54180,282.7457296079956,0.3700794279575348,6.848849367879084e-07,2048.0,0.054105035960674286
54225,282.96741278102854,0.3967305123806,6.833058847016455e-07,2048.0,0.04215492680668831
54270,283.18922341504367,0.3360288441181183,6.817269557674246e-07,2048.0,0.05658091604709625
54315,283.41095314803533,0.31568121910095215,6.801481581918551e-07,2048.0,0.05077631399035454
54360,283.633216346032,0.31796708703041077,6.785695001808617e-07,2048.0,0.047431882470846176
54405,283.8550540700089,0.412880003452301,6.769909899396455e-07,2048.0,0.046739064157009125
54450,284.077135036001,0.4636387526988983,6.754126356726379e-07,2048.0,0.04796847328543663
54495,284.2990144500509,0.518374502658844,6.738344455834602e-07,2048.0,0.0487806536257267
54540,284.52085197501583,1.2206344604492188,6.722564278748811e-07,2048.0,0.037346214056015015
54585,284.74288965103915,0.2615831196308136,6.706785907487727e-07,2048.0,0.06157517433166504
54630,284.96475717501016,2.1148438453674316,6.691009424060677e-07,2048.0,0.04524758830666542
54675,285.1866518900497,0.3188905417919159,6.675234910467195e-07,2048.0,0.052881527692079544
54720,285.40822001203196,0.51851487159729,6.659462448696558e-07,2048.0,0.05344213917851448
54765,285.63015475700377,0.2990978956222534,6.64369212072739e-07,2048.0,0.047556497156620026
54810,285.8519838610082,0.5265936851501465,6.627924008527227e-07,2048.0,0.04218501225113869
54855,286.07383235602174,0.32376232743263245,6.612158194052069e-07,2048.0,0.046658698469400406
54900,286.2960771540529,0.3049364984035492,6.596394759245995e-07,2048.0,0.04722454026341438
54945,286.51771167700645,0.5022464394569397,6.580633786040705e-07,2048.0,0.060111936181783676
54990,286.7398246439989,2.315572500228882,6.564875356355109e-07,2048.0,0.04499950632452965
55035,286.9614506760263,0.47461408376693726,6.549119552094893e-07,2048.0,0.049402687698602676
55080,287.1831817800412,0.7336978912353516,6.533366455152094e-07,2048.0,0.050771601498126984
55125,287.40510528499726,0.4963974356651306,6.517616147404689e-07,2048.0,0.03761060908436775
55170,287.62754918599967,24.78459358215332,6.501868710716149e-07,2048.0,0.04895742982625961
55215,287.8495353120379,1.490213394165039,6.486124226935027e-07,2048.0,0.05028500035405159
55260,288.0713206960354,1.014050841331482,6.470382777894521e-07,2048.0,0.06419048458337784
55305,288.29318350105314,0.3457925617694855,6.454644445412061e-07,2048.0,0.041493676602840424
55350,288.51508811605163,0.7950208187103271,6.438909311288878e-07,2048.0,0.051197685301303864
55395,288.7369239810505,0.7205573916435242,6.423177457309586e-07,2048.0,0.044335655868053436
55440,288.95867948501837,0.2866389751434326,6.40744896524173e-07,2048.0,0.05671657994389534
55485,289.1805729510379,0.33398550748825073,6.391723916835405e-07,2048.0,0.05397589132189751
55530,289.4023936750018,0.20280343294143677,6.376002393822792e-07,2048.0,0.03300802782177925
55575,289.6239635280217,3.95302152633667,6.360284477917759e-07,2048.0,0.0492924265563488
55620,289.8459295339999,0.6004888415336609,6.344570250815412e-07,2048.0,0.04398952051997185
55665,290.0677380990237,0.7541120052337646,6.328859794191694e-07,2048.0,0.04951190948486328
55710,290.2896971850423,0.28886544704437256,6.313153189702952e-07,2048.0,0.05113625153899193
55755,290.5113259780337,0.494020938873291,6.297450518985506e-07,2048.0,0.04858770966529846
55800,290.7330507620354,0.896303653717041,6.281751863655234e-07,2048.0,0.05080513656139374
55845,290.9548507670406,0.5603217482566833,6.266057305307141e-07,2048.0,0.050000473856925964
55890,291.1766472120071,0.36875903606414795,6.250366925514933e-07,2048.0,0.04028819873929024
55935,291.3982912750216,0.3343603312969208,6.234680805830608e-07,2048.0,0.04811554029583931
55980,291.6201429910143,0.6193174719810486,6.218999027784021e-07,2048.0,0.05521063506603241
56025,291.84192222502315,1.2449054718017578,6.203321672882446e-07,2048.0,0.04888901859521866
56070,292.06377105100546,0.3249100148677826,6.187648822610184e-07,2048.0,0.047962039709091187
56115,292.28553747502156,0.511279821395874,6.171980558428115e-07,2048.0,0.04671543464064598
56160,292.50728447001893,0.2866290211677551,6.156316961773288e-07,2048.0,0.03727731853723526
56205,292.7290726250503,0.31036141514778137,6.140658114058485e-07,2048.0,0.04595470055937767
56250,292.95064428803744,0.45153191685676575,6.125004096671805e-07,2048.0,0.05596831068396568
56295,293.17276113602566,0.3436536490917206,6.10935499097625e-07,2048.0,0.0432560034096241
56340,293.39438488002634,0.2420586347579956,6.093710878309285e-07,2048.0,0.03361019492149353
56385,293.6161957750446,0.3344486355781555,6.078071839982431e-07,2048.0,0.05239454656839371
56430,293.8381992020295,0.27189499139785767,6.062437957280822e-07,2048.0,0.03982459753751755
56475,294.05979875603225,0.36092954874038696,6.046809311462804e-07,2048.0,0.04960213229060173
56520,294.28164134104736,0.45349276065826416,6.031185983759506e-07,2048.0,0.044382013380527496
56565,294.50361539801816,0.3880973756313324,6.015568055374412e-07,2048.0,0.04326333478093147
56610,294.7253550030291,0.4999120831489563,5.999955607482939e-07,2048.0,0.05169239640235901
56655,294.94719628902385,0.34079238772392273,5.984348721232026e-07,2048.0,0.037703074514865875
56700,295.1688993340358,0.3270963430404663,5.968747477739698e-07,2048.0,0.04625003784894943
56745,295.3909537710133,0.4303707480430603,5.953151958094661e-07,2048.0,0.0384892113506794
56790,295.61295789905125,0.3589423596858978,5.937562243355864e-07,2048.0,0.04290400817990303
56835,295.8348028350156,0.4744182527065277,5.921978414552077e-07,2048.0,0.046706423163414
56880,296.05694943404524,0.49968305230140686,5.906400552681494e-07,2048.0,0.05573016032576561
56925,296.2789335210109,0.47245800495147705,5.89082873871128e-07,2048.0,0.051700856536626816
56970,296.50099793903064,0.38045576214790344,5.875263053577183e-07,2048.0,0.04115041717886925
57015,296.72261153301224,0.35331931710243225,5.859703578183075e-07,2048.0,0.06447339802980423
57060,296.94472420203965,0.254300057888031,5.844150393400568e-07,2048.0,0.04066254571080208
57105,297.1669019210385,0.6930059194564819,5.828603580068572e-07,2048.0,0.04074448347091675
57150,297.38885287800804,0.7200666069984436,5.813063218992885e-07,2048.0,0.05197831243276596
57195,297.61088114604354,0.4136326313018799,5.797529390945758e-07,2048.0,0.05557256564497948
57240,297.83292022399837,0.362249493598938,5.782002176665499e-07,2048.0,0.05041559040546417
57285,298.0546270090272,0.42760205268859863,5.766481656856032e-07,2048.0,0.043753236532211304
57330,298.2763977050199,0.3801936209201813,5.750967912186496e-07,2048.0,0.037408679723739624
57375,298.49798062903574,0.5864986181259155,5.735461023290804e-07,2048.0,0.05221114307641983
57420,298.719842496037,0.42875152826309204,5.719961070767237e-07,2048.0,0.03981556370854378
57465,298.9416583220009,0.4547001123428345,5.704468135178034e-07,2048.0,0.04390808194875717
57510,299.1634361180477,0.8158647418022156,5.688982297048949e-07,2048.0,0.05294099450111389
57555,299.3852126430138,0.2611401081085205,5.673503636868862e-07,2048.0,0.052576396614313126
57600,299.60733171302127,0.2460411936044693,5.658032235089329e-07,2048.0,0.041139308363199234
57645,299.8293489009957,0.31532174348831177,5.642568172124186e-07,2048.0,0.04912317171692848
57690,300.051280898042,0.41541793942451477,5.627111528349134e-07,2048.0,0.05607132986187935
57735,300.2731011050055,0.303559809923172,5.6116623841013e-07,2048.0,0.03829840570688248
57780,300.49484907102305,0.7452538013458252,5.596220819678833e-07,2048.0,0.050762999802827835
57825,300.7167404680513,0.4747588038444519,5.580786915340494e-07,2048.0,0.056844986975193024
57870,300.9387772560003,0.4154329299926758,5.565360751305219e-07,2048.0,0.04049171134829521
57915,301.1603563710232,0.29776421189308167,5.549942407751722e-07,2048.0,0.049916889518499374
57960,301.38215587701416,0.29063230752944946,5.534531964818069e-07,2048.0,0.04548417404294014
58005,301.60416908503976,0.2380506843328476,5.519129502601249e-07,2048.0,0.0326928086578846
58050,301.8265106670442,0.342497318983078,5.503735101156792e-07,2048.0,0.03372403234243393
58095,302.04853386600735,0.30356213450431824,5.488348840498307e-07,2048.0,0.05085626244544983
58140,302.27035857201554,0.2900521457195282,5.472970800597118e-07,2048.0,0.044263482093811035
58185,302.4920723380055,0.26733529567718506,5.457601061381796e-07,2048.0,0.047581709921360016
58230,302.71390789502766,0.806294322013855,5.442239702737781e-07,2048.0,0.04224800691008568
58275,302.9356384910061,0.41653335094451904,5.426886804506956e-07,2048.0,0.059377752244472504
58320,303.1574457180104,0.47999778389930725,5.411542446487227e-07,2048.0,0.04527661204338074
58365,303.379432886024,0.44588232040405273,5.396206708432101e-07,2048.0,0.033916719257831573
58410,303.6010548310005,0.3109588921070099,5.380879670050306e-07,2048.0,0.04450404644012451
58455,303.82263637601864,0.4146498441696167,5.365561411005328e-07,2048.0,0.05341479182243347
58500,304.0445340940496,0.21957345306873322,5.35025201091504e-07,2048.0,0.04438740015029907
58545,304.26675937505206,0.4491161108016968,5.334951549351264e-07,2048.0,0.041797079145908356
58590,304.4884625709965,0.48811009526252747,5.319660105839353e-07,2048.0,0.04281551018357277
58635,304.71040062903194,0.4525826573371887,5.304377759857804e-07,2048.0,0.04430241510272026
58680,304.9319451730116,0.4357430934906006,5.289104590837819e-07,2048.0,0.038629256188869476
58725,305.1536637400277,0.25662145018577576,5.273840678162909e-07,2048.0,0.04304184392094612
58770,305.3752131439978,0.325327605009079,5.258586101168465e-07,2048.0,0.035348087549209595
58815,305.5969660410192,0.3136237561702728,5.24334093914136e-07,2048.0,0.0669165626168251
58860,305.8187219380052,0.28139814734458923,5.228105271319535e-07,2048.0,0.03724245727062225
58905,306.04039838403696,0.6316452026367188,5.212879176891581e-07,2048.0,0.05760426074266434
58950,306.26223932101857,0.47819799184799194,5.197662734996333e-07,2048.0,0.047353487461805344
58995,306.4839668580098,0.406484454870224,5.182456024722451e-07,2048.0,0.05216596648097038
59040,306.70630132005317,1.7741291522979736,5.167259125108016e-07,2048.0,0.05015513300895691
59085,306.92818738805363,0.31130433082580566,5.152072115140121e-07,2048.0,0.0456879623234272
59130,307.1502704080194,0.3560348153114319,5.136895073754456e-07,2048.0,0.0459936149418354
59175,307.3719000230194,0.947870671749115,5.121728079834889e-07,2048.0,0.04590253904461861
59220,307.59365266002715,1.4281529188156128,5.10657121221308e-07,2048.0,0.05876956507563591
59265,307.8152725560358,0.4239482581615448,5.091424549668049e-07,2048.0,0.05279454216361046
59310,308.03710849402705,0.4297384023666382,5.076288170925778e-07,2048.0,0.0479791983962059
59355,308.25886531104334,0.545354962348938,5.061162154658792e-07,2048.0,0.047833703458309174
59400,308.4809095310047,0.29494136571884155,5.046046579485756e-07,2048.0,0.04214916750788689
59445,308.70297068101354,0.45720961689949036,5.030941523971077e-07,2048.0,0.05083470046520233
59490,308.9249813799979,0.5143373608589172,5.015847066624475e-07,2048.0,0.0468965545296669
59535,309.14687869901536,0.3825942575931549,5.000763285900592e-07,2048.0,0.03786871209740639
59580,309.3690020890208,0.29610905051231384,4.985690260198571e-07,2048.0,0.04132247343659401
59625,309.5906353450264,0.4143701493740082,4.970628067861655e-07,2048.0,0.04068974032998085
59670,309.81246657302836,0.39935553073883057,4.955576787176789e-07,2048.0,0.048436492681503296
59715,310.03399769903626,0.4209676682949066,4.940536496374199e-07,2048.0,0.038334522396326065
59760,310.25594989804085,0.31510257720947266,4.92550727362698e-07,2048.0,0.04774473235011101
59805,310.4778160760179,0.39754289388656616,4.910489197050714e-07,2048.0,0.055664125829935074
59850,310.69948522304185,0.4218428134918213,4.895482344703043e-07,2048.0,0.038789086043834686
59895,310.9215208730311,0.4641397297382355,4.880486794583276e-07,2048.0,0.04685121774673462
59940,311.1428381160367,0.5717768669128418,4.86550262463197e-07,2048.0,0.05470668151974678
59985,311.36460759403417,0.4489155411720276,4.850529912730533e-07,2048.0,0.03799062594771385
60030,311.58653810300166,0.3012377917766571,4.835568736700829e-07,2048.0,0.03783034160733223
60075,311.80820116004907,0.35571861267089844,4.82061917430475e-07,2048.0,0.05114990100264549
60120,312.0298439260223,0.29002806544303894,4.80568130324384e-07,2048.0,0.037437815219163895
60165,312.251671894046,0.5417789220809937,4.79075520115886e-07,2048.0,0.03401414677500725
60210,312.4737000550376,0.33598563075065613,4.775840945629412e-07,2048.0,0.03694150224328041
60255,312.6950607090257,0.3155079782009125,4.760938614173521e-07,2048.0,0.03981303051114082
60300,312.91695120802615,0.3966771066188812,4.746048284247237e-07,2048.0,0.04955790564417839
60345,313.13899071799824,0.33895474672317505,4.731170033244228e-07,2048.0,0.03821449354290962
60390,313.36086959700333,0.34897366166114807,4.716303938495385e-07,2048.0,0.044108666479587555
60435,313.58265846502036,0.9150828123092651,4.7014500772684136e-07,2048.0,0.051759205758571625
60480,313.80391884804703,0.3162040412425995,4.68660852676744e-07,2048.0,0.03667804226279259
60525,314.025670136034,0.2217545509338379,4.6717793641325897e-07,2048.0,0.03367917239665985
60570,314.2477957580122,0.3737112879753113,4.6569626664396156e-07,2048.0,0.04771058261394501
60615,314.4695595460362,0.3410455882549286,4.642158510699481e-07,2048.0,0.052052922546863556
60660,314.6912780730054,0.21148476004600525,4.627366973857953e-07,2048.0,0.03337922319769859
60705,314.9130943120108,0.24075214564800262,4.6125881327952275e-07,2048.0,0.03426913917064667
60750,315.1349441910279,0.5015283823013306,4.597822064325493e-07,2048.0,0.05447077378630638
60795,315.35706843202934,0.39726772904396057,4.5830688451965625e-07,2048.0,0.035233478993177414
60840,315.5790106120403,0.55489182472229,4.568328552089465e-07,2048.0,0.05174042657017708
60885,315.800946192001,0.8640775084495544,4.5536012616180437e-07,2048.0,0.03526299074292183
60930,316.0226940300199,0.33146023750305176,4.5388870503285515e-07,2048.0,0.04521074891090393
60975,316.24449943902437,0.510071873664856,4.5241859946992734e-07,2048.0,0.055091794580221176
61020,316.466478839051,0.8351696133613586,4.509498171140107e-07,2048.0,0.052937816828489304
61065,316.6884004190215,0.2533024847507477,4.494823655992188e-07,2048.0,0.03589029982686043
61110,316.9103372390382,0.4462173581123352,4.4801625255274667e-07,2048.0,0.042929019778966904
61155,317.1324785409961,0.46101245284080505,4.465514855948329e-07,2048.0,0.04574304446578026
61200,317.3545324320439,0.2687087655067444,4.4508807233872013e-07,2048.0,0.049209512770175934
61245,317.5763026510249,0.6212174296379089,4.4362602039061467e-07,2048.0,0.03591166064143181
61290,317.7983154420508,0.398454874753952,4.4216533734964797e-07,2048.0,0.050809308886528015
61335,318.02021645201603,0.3048378527164459,4.407060308078351e-07,2048.0,0.044138770550489426
61380,318.24205599102424,0.2664733827114105,4.3924810835003773e-07,2048.0,0.04058024659752846
61425,318.4637485190178,0.42940184473991394,4.377915775539239e-07,2048.0,0.053005632013082504
61470,318.685867511027,0.3657113015651703,4.3633644598992753e-07,2048.0,0.03753354772925377
61515,318.9077142199967,0.29580575227737427,4.348827212212101e-07,2048.0,0.04701114445924759
61560,319.1292983070016,0.44383615255355835,4.334304108036216e-07,2048.0,0.051181551069021225
61605,319.35092240502127,0.5527721643447876,4.3197952228566027e-07,2048.0,0.04798812046647072
61650,319.5729804460425,0.3241611421108246,4.3053006320843474e-07,2048.0,0.04967745393514633
61695,319.7948935070308,0.5139805674552917,4.2908204110562333e-07,2048.0,0.0445849634706974
61740,320.01670798601117,0.27816617488861084,4.2763546350343513e-07,2048.0,0.037701889872550964
61785,320.23846984503325,0.2273930013179779,4.261903379205726e-07,2048.0,0.0367557518184185
61830,320.46030546404654,0.40301060676574707,4.247466718681898e-07,2048.0,0.04660965874791145
61875,320.6819522320293,0.8149905204772949,4.233044728498566e-07,2048.0,0.051620908081531525
61920,320.90394231304526,1.0809816122055054,4.2186374836151576e-07,2048.0,0.04253324121236801
61965,321.12558774102945,0.39099207520484924,4.204245058914471e-07,2048.0,0.04388893023133278
62010,321.34735351003474,0.6461207866668701,4.189867529202279e-07,2048.0,0.045065987855196
62055,321.5691807200201,0.5388093590736389,4.175504969206932e-07,2048.0,0.040753886103630066
62100,321.7910047900514,0.4191444218158722,4.1611574535789675e-07,2048.0,0.03777356073260307
62145,322.01268827804597,0.462677538394928,4.1468250568907405e-07,2048.0,0.046646978706121445
62190,322.23468884901376,0.29822489619255066,4.132507853636021e-07,2048.0,0.043894898146390915
62235,322.45628781704,0.4559691846370697,4.1182059182296045e-07,2048.0,0.046851761639118195
62280,322.6781249270425,0.2763907313346863,4.1039193250069375e-07,2048.0,0.03935152664780617
62325,322.89963385404553,0.45120465755462646,4.0896481482237124e-07,2048.0,0.0667702779173851
62370,323.12138786300784,0.30182966589927673,4.0753924620555105e-07,2048.0,0.0487663596868515
62415,323.343667297042,0.3005586862564087,4.061152340597386e-07,2048.0,0.06181235611438751
62460,323.565526787017,0.7041890025138855,4.046927857863506e-07,2048.0,0.03989042341709137
62505,323.7872079760418,0.5326634645462036,4.03271908778674e-07,2048.0,0.05345498397946358
62550,324.00898987601977,0.34057748317718506,4.0185261042182993e-07,2048.0,0.03971557319164276
62595,324.2310027370113,0.40584149956703186,4.004348980927341e-07,2048.0,0.04418548196554184
62640,324.4529095379985,0.310403972864151,3.990187791600587e-07,2048.0,0.03905656188726425
62685,324.6747086880496,0.402163028717041,3.9760426098419427e-07,2048.0,0.05011935904622078
62730,324.89627564605325,0.3603672683238983,3.961913509172111e-07,2048.0,0.037825409322977066
62775,325.1184618290281,0.2925238013267517,3.9478005630282083e-07,2048.0,0.04530586302280426
62820,325.34061986301094,0.28655797243118286,3.933703844763399e-07,2048.0,0.036942847073078156
62865,325.5625838840497,0.8335657715797424,3.919623427646493e-07,2048.0,0.038107603788375854
62910,325.78431958402507,0.4812421500682831,3.9055593848615684e-07,2048.0,0.045020826160907745
62955,326.0057575100218,0.8737483024597168,3.891511789507606e-07,2048.0,0.045468464493751526
63000,326.2276110810344,0.2570934593677521,3.8774807145980935e-07,2048.0,0.03522384911775589
63045,326.44929822999984,0.3317483067512512,3.8634662330606624e-07,2048.0,0.04402880743145943
63090,326.6713242420228,0.3833537995815277,3.849468417736684e-07,2048.0,0.0398423932492733
63135,326.89350915601244,0.30808091163635254,3.8354873413809144e-07,2048.0,0.0442621223628521
63180,327.11614157404983,0.24839013814926147,3.821523076661108e-07,2048.0,0.03743404895067215
63225,327.3382681370131,0.3821430504322052,3.807575696157642e-07,2048.0,0.05358007177710533
63270,327.56022796902107,0.3192664384841919,3.793645272363125e-07,2048.0,0.040749385952949524
63315,327.7820719300071,0.3431258797645569,3.7797318776820415e-07,2048.0,0.0438203290104866
63360,328.00399500102503,0.28529608249664307,3.7658355844303597e-07,2048.0,0.04025065153837204
63405,328.2256636710372,0.3727298676967621,3.7519564648351744e-07,2048.0,0.0483832061290741
63450,328.4475766920368,0.4802621901035309,3.7380945910343064e-07,2048.0,0.05705460160970688
63495,328.6696474250057,0.3388708233833313,3.7242500350759353e-07,2048.0,0.04370717704296112
63540,328.8915414060466,0.30111026763916016,3.71042286891825e-07,2048.0,0.04605073481798172
63585,329.11322799604386,0.5337580442428589,3.696613164429037e-07,2048.0,0.042919762432575226
63630,329.33539652003674,0.32883375883102417,3.6828209933853334e-07,2048.0,0.034838225692510605
63675,329.5570353290532,0.3201513886451721,3.669046427473038e-07,2048.0,0.0487055778503418
63720,329.77876845904393,0.5770084857940674,3.655289538286547e-07,2048.0,0.032762616872787476
63765,330.00022142601665,0.47185808420181274,3.6415503973283883e-07,2048.0,0.05159745365381241
63810,330.221903046011,0.38598504662513733,3.627829076008833e-07,2048.0,0.05226053670048714
63855,330.4439053380047,0.3168433606624603,3.614125645645538e-07,2048.0,0.046111781150102615
63900,330.6653267760412,0.4252261817455292,3.600440177463169e-07,2048.0,0.04573220759630203
63945,330.8875869010226,0.3279709815979004,3.5867727425930303e-07,2048.0,0.04676367715001106
63990,331.10931050102226,0.5361875295639038,3.5731234120726995e-07,2048.0,0.039247822016477585
64035,331.3310201410204,0.5277060866355896,3.559492256845655e-07,2048.0,0.04291351139545441
64080,331.5529511930072,0.23845061659812927,3.5458793477609004e-07,2048.0,0.03863619267940521
64125,331.77473544405075,0.44390302896499634,3.532284755572618e-07,2048.0,0.06581548601388931
64170,331.9966757260263,0.4490184783935547,3.5187085509397737e-07,2048.0,0.046032875776290894
64215,332.21896458102856,0.38433876633644104,3.50515080442577e-07,2048.0,0.03908997029066086
64260,332.4406198110082,0.38250547647476196,3.4916115864980673e-07,2048.0,0.056671690195798874
64305,332.66236092103645,0.3125346601009369,3.4780909675278247e-07,2048.0,0.05298025906085968
64350,332.8842631430016,0.8630349636077881,3.4645890177895313e-07,2048.0,0.042695749551057816
64395,333.10610123502556,0.4233081340789795,3.4511058074606406e-07,2048.0,0.05769197642803192
64440,333.3279971870361,0.324506551027298,3.4376414066212077e-07,2048.0,0.035781875252723694
64485,333.54980906803394,1.3720769882202148,3.4241958852535245e-07,2048.0,0.04703051224350929
64530,333.7718881320325,0.2591574788093567,3.4107693132417493e-07,2048.0,0.03347906470298767
64575,333.99351829104125,0.34862709045410156,3.3973617603715637e-07,2048.0,0.0372985415160656
64620,334.2150281899958,0.3696075975894928,3.383973296329779e-07,2048.0,0.04631466418504715
64665,334.43671857001027,0.4845856726169586,3.370603990704e-07,2048.0,0.04167066514492035
64710,334.65820934902877,0.2865244746208191,3.3572539129822544e-07,2048.0,0.03723543509840965
64755,334.8799803900183,0.35242098569869995,3.343923132552628e-07,2048.0,0.04409558326005936
64800,335.1020239730133,0.25917279720306396,3.3306117187029084e-07,2048.0,0.04056365787982941
64845,335.32358635304263,0.33093535900115967,3.3173197406202286e-07,2048.0,0.04772695153951645
64890,335.5452153320075,0.4716765880584717,3.304047267390687e-07,2048.0,0.04470064863562584
64935,335.7669223130215,0.3190102279186249,3.2907943679990313e-07,2048.0,0.039828822016716
64980,335.9891983389971,2.6688754558563232,3.2775611113282434e-07,2048.0,0.04879970848560333
65025,336.21134141401853,0.289704829454422,3.264347566159235e-07,2048.0,0.04283080995082855
65070,336.43314695503796,0.5282357335090637,3.2511538011704493e-07,2048.0,0.037958331406116486
65115,336.6548769760411,0.3155617117881775,3.2379798849375174e-07,2048.0,0.03787403181195259
65160,336.87679058901267,0.27058687806129456,3.2248258859329293e-07,2048.0,0.03139118850231171
65205,337.09860563103575,0.4798051118850708,3.2116918725256296e-07,2048.0,0.042802393436431885
65250,337.32101558800787,1.3183279037475586,3.198577912980687e-07,2048.0,0.0493396557867527
65295,337.54300090204924,0.3743181526660919,3.18548407545896e-07,2048.0,0.04290114343166351
65340,337.76480537303723,0.4302029013633728,3.172410428016696e-07,2048.0,0.043522000312805176
65385,337.9868364270078,1.1139363050460815,3.159357038605223e-07,2048.0,0.04277446120977402
65430,338.20889518101467,0.4454151391983032,3.146323975070563e-07,2048.0,0.037827376276254654
65475,338.4309342560009,0.4561668634414673,3.1333113051530884e-07,2048.0,0.056593768298625946
65520,338.6528081080178,0.3850824534893036,3.120319096487199e-07,2048.0,0.05171506851911545
65565,338.87469885102473,0.6160797476768494,3.107347416600916e-07,2048.0,0.03748006746172905
65610,339.09660877403803,0.2838265001773834,3.0943963329155815e-07,2048.0,0.050164055079221725
65655,339.3179534210358,0.31819769740104675,3.0814659127454803e-07,2048.0,0.0388922318816185
65700,339.53975735401036,0.33759307861328125,3.068556223297488e-07,2048.0,0.0476841926574707
65745,339.76146005501505,0.3115071952342987,3.055667331670749e-07,2048.0,0.05140886455774307
65790,339.9834915390238,0.34445807337760925,3.0427993048562943e-07,2048.0,0.04722772166132927
65835,340.20532019104576,1.3184574842453003,3.029952209736707e-07,2048.0,0.04027697816491127
65880,340.42708739300724,0.46681609749794006,3.017126113085797e-07,2048.0,0.04420292750000954
65925,340.649139998015,0.2957119643688202,3.004321081568205e-07,2048.0,0.03855395317077637
65970,340.87104436103255,0.459726482629776,2.9915371817391044e-07,2048.0,0.05288729444146156
66015,341.0931695360341,0.312982439994812,2.97877448004383e-07,2048.0,0.03734859824180603
66060,341.31498843804,0.44935357570648193,2.966033042817527e-07,2048.0,0.04079953581094742
66105,341.53662603901466,0.33057931065559387,2.9533129362848364e-07,2048.0,0.04446499049663544
66150,341.7583507610252,0.6432860493659973,2.9406142265595073e-07,2048.0,0.04379569739103317
66195,341.98056867701234,0.3811928331851959,2.927936979644104e-07,2048.0,0.03471570461988449
66240,342.2025938410079,0.47160962224006653,2.9152812614296163e-07,2048.0,0.05626411736011505
66285,342.4243960440508,0.23800840973854065,2.902647137695138e-07,2048.0,0.03515426814556122
66330,342.6463783479994,0.61971515417099,2.890034674107535e-07,2048.0,0.04569956660270691
66375,342.8679106880445,3.87805438041687,2.8774439362210833e-07,2048.0,0.04588484764099121
66420,343.08991148200585,0.3007945120334625,2.864874989477147e-07,2048.0,0.04006332531571388
66465,343.3117372050183,0.401671826839447,2.85232789920382e-07,2048.0,0.0416337288916111
66510,343.53378123999573,0.227090984582901,2.8398027306155904e-07,2048.0,0.03981809318065643
66555,343.7558585750521,0.5136904120445251,2.827299548813028e-07,2048.0,0.06166057288646698
66600,343.977665428014,0.41523420810699463,2.814818418782408e-07,2048.0,0.05111373960971832
66645,344.1997314930195,0.30123570561408997,2.8023594053953846e-07,2048.0,0.04718196764588356
66690,344.4215906560421,0.4458041191101074,2.789922573408677e-07,2048.0,0.04207499325275421
66735,344.64349830005085,0.3179791569709778,2.777507987463698e-07,2048.0,0.04007793590426445
66780,344.8656085260445,0.9012870192527771,2.7651157120862534e-07,2048.0,0.06018292158842087
66825,345.0877288710326,0.7359721660614014,2.7527458116861694e-07,2048.0,0.03684469312429428
66870,345.30997205805033,0.4339125156402588,2.740398350556977e-07,2048.0,0.0591912716627121
66915,345.53174526104704,0.29788756370544434,2.7280733928755985e-07,2048.0,0.044464435428380966
66960,345.753659005044,0.45794788002967834,2.7157710027019686e-07,2048.0,0.048633281141519547
67005,345.97534577699844,0.3878120481967926,2.703491243978743e-07,2048.0,0.04572775587439537
67050,346.1974351220415,0.422938734292984,2.691234180530933e-07,2048.0,0.03985605016350746
67095,346.4190319729969,0.5727589130401611,2.6789998760656015e-07,2048.0,0.03871384635567665
67140,346.6406424640445,0.7711660861968994,2.6667883941715195e-07,2048.0,0.05060641095042229
67185,346.86214977502823,0.37348395586013794,2.6545997983188273e-07,2048.0,0.03975341469049454
67230,347.083788886026,0.26973146200180054,2.6424341518587136e-07,2048.0,0.04366712644696236
67275,347.3058478720486,0.41011834144592285,2.630291518023104e-07,2048.0,0.03806556388735771
67320,347.52779206604464,0.6632798910140991,2.618171959924286e-07,2048.0,0.03723009675741196
67365,347.7497278310475,0.33805036544799805,2.6060755405546353e-07,2048.0,0.03872797265648842
67410,347.97144139400916,0.20986074209213257,2.594002322786246e-07,2048.0,0.03473271057009697
67455,348.1933491380187,0.2701622545719147,2.5819523693706164e-07,2048.0,0.03603937104344368
67500,348.41518108104356,0.38220539689064026,2.56992574293835e-07,2048.0,0.044111140072345734
67545,348.6370085750241,0.35611048340797424,2.5579225059987757e-07,2048.0,0.043759785592556
67590,348.8588895990397,0.3099620044231415,2.5459427209396834e-07,2048.0,0.048302147537469864
67635,349.08066705201054,0.7953243255615234,2.5339864500269493e-07,2048.0,0.04931461811065674
67680,349.30235618405277,0.2547094225883484,2.5220537554042344e-07,2048.0,0.03821622207760811
67725,349.5241779080243,0.37633877992630005,2.510144699092674e-07,2048.0,0.04396771267056465
67770,349.74594526103465,2.0533792972564697,2.498259342990529e-07,2048.0,0.03111446462571621
67815,349.967822925013,0.2694585621356964,2.486397748872871e-07,2048.0,0.043678831309080124
67860,350.1897000989993,0.8155205845832825,2.474559978391291e-07,2048.0,0.039119619876146317
67905,350.41152159305057,0.44814175367355347,2.462746093073525e-07,2048.0,0.031945180147886276
67950,350.6330322040012,0.3808131217956543,2.450956154323192e-07,2048.0,0.04750481992959976
67995,350.85479454702,0.24949856102466583,2.4391902234194273e-07,2048.0,0.03694652393460274
68040,351.0768187530339,0.28049057722091675,2.4274483615165853e-07,2048.0,0.04341764375567436
68085,351.2983682740014,0.32574012875556946,2.4157306296439323e-07,2048.0,0.0361650213599205
68130,351.5202263480169,0.3375793993473053,2.404037088705297e-07,2048.0,0.04473337531089783
68175,351.7421859030146,0.6848117709159851,2.3923677994788e-07,2048.0,0.04499320685863495
68220,351.96408570802305,0.6602796912193298,2.3807228226164907e-07,2048.0,0.04940241947770119
68265,352.1856769400183,0.4740932881832123,2.3691022186440515e-07,2048.0,0.04211125895380974
68310,352.40777599602006,0.42510756850242615,2.3575060479605067e-07,2048.0,0.041305381804704666
68355,352.6295232800185,0.4517362415790558,2.3459343708378658e-07,2048.0,0.04588478058576584
68400,352.85123063303763,0.5991306304931641,2.334387247420834e-07,2048.0,0.03856983780860901
68445,353.0729780860129,0.30070960521698,2.3228647377265095e-07,2048.0,0.030215587466955185
68490,353.29467608901905,0.8026134967803955,2.3113669016440385e-07,2048.0,0.043692104518413544
68535,353.5167265050113,0.23314160108566284,2.2998937989343498e-07,2048.0,0.03794119507074356
68580,353.7386118300492,0.38049086928367615,2.288445489229796e-07,2048.0,0.0424027293920517
68625,353.9602892330149,0.41137611865997314,2.277022032033869e-07,2048.0,0.05332878604531288
68670,354.1821219070116,0.49377012252807617,2.2656234867209069e-07,2048.0,0.05876108258962631
68715,354.40389610105194,0.24622884392738342,2.2542499125357397e-07,2048.0,0.032930031418800354
68760,354.6257431060076,0.6639849543571472,2.2429013685934306e-07,2048.0,0.04060886800289154
68805,354.8476808210253,0.677026093006134,2.2315779138789326e-07,2048.0,0.03251434490084648
68850,355.0694271950051,0.4257090389728546,2.2202796072467917e-07,2048.0,0.03980397805571556
68895,355.29119939904194,0.43822181224823,2.209006507420867e-07,2048.0,0.044846829026937485
68940,355.51293208199786,0.27691295742988586,2.1977586729939795e-07,2048.0,0.03841674327850342
68985,355.73444083402865,0.4199194312095642,2.1865361624276364e-07,2048.0,0.04181026294827461
69030,355.95650396100245,0.4075525999069214,2.175339034051737e-07,2048.0,0.03353478014469147
69075,356.17858209699625,0.34942272305488586,2.1641673460642348e-07,2048.0,0.03664533421397209
69120,356.4005261330167,1.8822193145751953,2.1530211565308707e-07,2048.0,0.038969166576862335
69165,356.62219319603173,0.4267236590385437,2.1419005233848447e-07,2048.0,0.04208995774388313
69210,356.8438873999985,0.8931597471237183,2.1308055044265228e-07,2048.0,0.039357829838991165
69255,357.065838635026,0.2839815318584442,2.119736157323159e-07,2048.0,0.0356878824532032
69300,357.2877753910143,0.230171799659729,2.1086925396085512e-07,2048.0,0.03179890289902687
69345,357.50984522805084,1.8045188188552856,2.0976747086827835e-07,2048.0,0.03458387032151222
69390,357.7315761120408,2.3293914794921875,2.0866827218119076e-07,2048.0,0.05338599532842636
69435,357.953791189997,0.28186702728271484,2.0757166361276385e-07,2048.0,0.03829944133758545
69480,358.17555696499767,0.3652758002281189,2.0647765086270851e-07,2048.0,0.03916892409324646
69525,358.3971269270405,0.6195583939552307,2.0538623961724234e-07,2048.0,0.04385421797633171
69570,358.6189202420064,0.3136986494064331,2.0429743554906106e-07,2048.0,0.03870850428938866
69615,358.8408290770021,0.2094038426876068,2.0321124431731153e-07,2048.0,0.03472486138343811
69660,359.06268058303976,0.2580007314682007,2.0212767156755767e-07,2048.0,0.04028879478573799
69705,359.2845088580507,0.28370732069015503,2.010467229317554e-07,2048.0,0.04247873276472092
69750,359.50664137501735,0.39824002981185913,1.9996840402822096e-07,2048.0,0.03645326569676399
69795,359.72836997004924,0.3231879472732544,1.988927204616017e-07,2048.0,0.03289239853620529
69840,359.95040038600564,0.28397315740585327,1.9781967782284902e-07,2048.0,0.035940252244472504
69885,360.1723533630138,0.28283441066741943,1.9674928168918608e-07,2048.0,0.04218405485153198
69930,360.393930336053,0.30822083353996277,1.9568153762408295e-07,2048.0,0.04824889451265335
69975,360.6154614679981,0.2763679027557373,1.9461645117722332e-07,2048.0,0.0385272391140461
70020,360.8372578030103,0.2669213116168976,1.9355402788447814e-07,2048.0,0.03487721458077431
70065,361.05912871903274,0.3648751676082611,1.9249427326787728e-07,2048.0,0.04190210998058319
70110,361.2807640020037,0.28826314210891724,1.9143719283557932e-07,2048.0,0.043645162135362625
70155,361.50271138804965,0.6473574042320251,1.9038279208184305e-07,2048.0,0.03913066163659096
70200,361.7243687720038,0.26170453429222107,1.8933107648700083e-07,2048.0,0.040247853845357895
70245,361.94617946702056,0.5532088875770569,1.8828205151742672e-07,2048.0,0.04540900141000748
70290,362.16874690004624,0.39003634452819824,1.872357226255124e-07,2048.0,0.04124598205089569
70335,362.39068956603296,0.3908993899822235,1.8619209524963472e-07,2048.0,0.03816711902618408
70380,362.61244319099933,0.615854024887085,1.8515117481412917e-07,2048.0,0.04517402872443199
70425,362.834200146026,0.22881031036376953,1.8411296672926293e-07,2048.0,0.03649419918656349
70470,363.05624745303066,0.2742719054222107,1.8307747639120436e-07,2048.0,0.04054868966341019
70515,363.2778010360198,0.24807581305503845,1.8204470918199722e-07,2048.0,0.04183582961559296
70560,363.49957652104786,0.23655185103416443,1.8101467046953064e-07,2048.0,0.04105781391263008
70605,363.7210675640381,0.8665987849235535,1.7998736560751173e-07,2048.0,0.048526499420404434
70650,363.94302023004275,0.2388298213481903,1.789627999354402e-07,2048.0,0.03696577996015549
70695,364.1644276320003,0.571124792098999,1.7794097877857642e-07,2048.0,0.043254684656858444
70740,364.3862438680371,0.27138233184814453,1.769219074479176e-07,2048.0,0.04310018941760063
70785,364.6083221360459,0.3007145822048187,1.759055912401672e-07,2048.0,0.04827219620347023
70830,364.8300859410083,1.1989800930023193,1.748920354377092e-07,2048.0,0.045499324798583984
70875,365.0518901059986,0.4462677240371704,1.7388124530858094e-07,2048.0,0.038916412740945816
70920,365.2736880520242,0.461386114358902,1.7287322610644373e-07,2048.0,0.044167663902044296
70965,365.4951496840222,0.5833889245986938,1.7186798307055684e-07,2048.0,0.04530159756541252
71010,365.71711357100867,0.4131365120410919,1.7086552142575177e-07,2048.0,0.03982339799404144
71055,365.9388911470305,0.33949846029281616,1.6986584638240133e-07,2048.0,0.04606061056256294
71100,366.1608286240371,0.3187573552131653,1.6886896313639666e-07,2048.0,0.050690069794654846
71145,366.38289311202243,0.23115231096744537,1.6787487686911686e-07,2048.0,0.03313231095671654
71190,366.60457097605104,0.34947970509529114,1.6688359274740414e-07,2048.0,0.03901249170303345
71235,366.82640432199696,0.4147816002368927,1.658951159235368e-07,2048.0,0.0390060730278492
71280,367.0482565590064,0.3446001410484314,1.6490945153520058e-07,2048.0,0.03608333691954613
71325,367.26995247299783,0.3454143702983856,1.6392660470546555e-07,2048.0,0.03782365843653679
71370,367.4915248970501,0.5772950649261475,1.6294658054275528e-07,2048.0,0.042283911257982254
71415,367.7136552360025,0.39994287490844727,1.6196938414082272e-07,2048.0,0.028026508167386055
71460,367.93540707201464,0.39041343331336975,1.6099502057872442e-07,2048.0,0.034529685974121094
71505,368.1574750900036,0.5354061126708984,1.6002349492079167e-07,2048.0,0.04543965309858322
71550,368.379483428027,0.36154866218566895,1.5905481221660607e-07,2048.0,0.0355033315718174
71595,368.601609837031,0.17705222964286804,1.5808897750097338e-07,2048.0,0.031196722760796547
71640,368.8236727960175,0.4472464323043823,1.5712599579389506e-07,2048.0,0.04467451572418213
71685,369.04557240201393,0.6694116592407227,1.561658721005461e-07,2048.0,0.04891078919172287
71730,369.2676161210402,0.4120260179042816,1.5520861141124491e-07,2048.0,0.038596153259277344
71775,369.4894322770415,0.3512304723262787,1.5425421870142946e-07,2048.0,0.03871981054544449
71820,369.71147044503596,0.36563774943351746,1.5330269893163224e-07,2048.0,0.03972325474023819
71865,369.9331396300113,0.2771955132484436,1.5235405704745178e-07,2048.0,0.03694375976920128
71910,370.15497539704666,0.3656533360481262,1.5140829797953055e-07,2048.0,0.03963882848620415
71955,370.3769780850271,0.39205431938171387,1.5046542664352584e-07,2048.0,0.04105823114514351
72000,370.5989940930158,0.2686936557292938,1.4952544794008544e-07,2048.0,0.03829611465334892
72045,370.820557627012,0.2527570128440857,1.4858836675482437e-07,2048.0,0.03129080310463905
72090,371.0424254240352,0.2454686313867569,1.4765418795829586e-07,2048.0,0.032936692237854004
72135,371.2642979110242,0.2697463035583496,1.4672291640596783e-07,2048.0,0.040397804230451584
72180,371.48635830002604,2.2539751529693604,1.4579455693819883e-07,2048.0,0.032815396785736084
72225,371.7081555960467,0.4195239543914795,1.4486911438020979e-07,2048.0,0.04346448555588722
72270,371.9299069120316,1.1994816064834595,1.4394659354206286e-07,2048.0,0.044365573674440384
72315,372.15166151802987,0.28980275988578796,1.4302699921863267e-07,2048.0,0.045127272605895996
72360,372.37347288499586,0.5280498266220093,1.4211033618958323e-07,2048.0,0.05343840643763542
72405,372.5952765610418,0.3307260274887085,1.4119660921934416e-07,2048.0,0.04595847800374031
72450,372.8172283990425,0.28996509313583374,1.4028582305708315e-07,2048.0,0.04705631732940674
72495,373.0390967570129,0.28693264722824097,1.39377982436684e-07,2048.0,0.03933326154947281
72540,373.2607614820008,0.22571337223052979,1.3847309207672005e-07,2048.0,0.02763957530260086
72585,373.48272954003187,0.31331557035446167,1.375711566804302e-07,2048.0,0.034706179052591324
72630,373.70444378600223,0.49605312943458557,1.3667218093569613e-07,2048.0,0.03828609362244606
72675,373.92623529204866,0.32787492871284485,1.3577616951501508e-07,2048.0,0.03691914305090904
72720,374.1479934990057,0.2602962851524353,1.348831270754768e-07,2048.0,0.03178980574011803
72765,374.36960406403523,1.3023837804794312,1.3399305825874138e-07,2048.0,0.03692340850830078
72810,374.5915050920448,0.24468785524368286,1.331059676910111e-07,2048.0,0.034677375108003616
72855,374.81345765001606,0.4251196086406708,1.3222185998301016e-07,2048.0,0.03979449346661568
72900,375.0349566140212,0.22664248943328857,1.3134073972995821e-07,2048.0,0.03977227583527565
72945,375.2568073210423,0.3754584491252899,1.3046261151154706e-07,2048.0,0.04751242697238922
72990,375.4787616690155,0.45538169145584106,1.2958747989191876e-07,2048.0,0.04457763582468033
73035,375.70066551701166,0.3301459550857544,1.2871534941963846e-07,2048.0,0.028809932991862297
73080,375.92215631104773,0.4194808006286621,1.278462246276739e-07,2048.0,0.04752244055271149
73125,376.1438216570532,0.24081692099571228,1.2698011003337005e-07,2048.0,0.04161008447408676
73170,376.3657635350246,0.5813010931015015,1.261170101384258e-07,2048.0,0.041329555213451385
73215,376.58781004505,0.24644148349761963,1.2525692942887181e-07,2048.0,0.038893185555934906
73260,376.80949330102885,0.42619067430496216,1.2439987237504553e-07,2048.0,0.04037504643201828
73305,377.03150964004453,0.436209112405777,1.235458434315683e-07,2048.0,0.0411752350628376
73350,377.2530286240508,0.46762728691101074,1.226948470373244e-07,2048.0,0.03240535780787468
73395,377.47478909103666,0.3638862669467926,1.218468876154342e-07,2048.0,0.04401862621307373
73440,377.69662783900276,0.34867632389068604,1.2100196957323445e-07,2048.0,0.05306436866521835
73485,377.9181645530043,0.8370983004570007,1.2016009730225367e-07,2048.0,0.0442618653178215
73530,378.1396846680436,0.6759134531021118,1.1932127517818927e-07,2048.0,0.04757742956280708
73575,378.36188735900214,0.8292558789253235,1.1848550756088636e-07,2048.0,0.04233507812023163
73620,378.5833956139977,0.2398475557565689,1.1765279879431265e-07,2048.0,0.03558722138404846
73665,378.8050707000075,0.31396812200546265,1.1682315320653882e-07,2048.0,0.04409932717680931
73710,379.02680130599765,0.35854625701904297,1.1599657510971316e-07,2048.0,0.03253679722547531
73755,379.2487162949983,0.3798988461494446,1.1517306880004057e-07,2048.0,0.04266439005732536
73800,379.47023470903514,0.39596080780029297,1.143526385577608e-07,2048.0,0.037809696048498154
73845,379.69197703601094,0.6179456114768982,1.1353528864712511e-07,2048.0,0.0446394681930542
73890,379.9135198110016,0.3109722435474396,1.1272102331637395e-07,2048.0,0.05406565219163895
73935,380.1349954760517,20.09589958190918,1.1190984679771658e-07,2048.0,0.059488680213689804
73980,380.3568345940439,0.41769349575042725,1.1110176330730644e-07,2048.0,0.04886665940284729
74025,380.5785938310437,0.3063453137874603,1.1029677704522258e-07,2048.0,0.038618650287389755
74070,380.8004210090148,0.35756880044937134,1.0949489219544432e-07,2048.0,0.037892527878284454
74115,381.0224544390221,0.2987448573112488,1.0869611292583158e-07,2048.0,0.041775308549404144
74160,381.2441119250143,0.5950746536254883,1.079004433881032e-07,2048.0,0.042076848447322845
74205,381.4661215150263,0.4203610122203827,1.0710788771781453e-07,2048.0,0.030803164467215538
74250,381.687375487003,0.7253536581993103,1.0631845003433688e-07,2048.0,0.03557398542761803
74295,381.9089685830404,0.650065004825592,1.0553213444083491e-07,2048.0,0.06014561653137207
74340,382.1309609130258,0.3688216805458069,1.0474894502424572e-07,2048.0,0.050013162195682526
74385,382.3527586800046,0.4552137851715088,1.0396888585525949e-07,2048.0,0.04026973247528076
74430,382.5742635250208,0.28170326352119446,1.0319196098829473e-07,2048.0,0.0343138612806797
74475,382.79590648203157,0.36977195739746094,1.0241817446148055e-07,2048.0,0.041834671050310135
74520,383.0176874890458,0.6328771710395813,1.0164753029663341e-07,2048.0,0.05470398813486099
74565,383.23915755405324,0.312459796667099,1.008800324992374e-07,2048.0,0.038351353257894516
74610,383.46051152801374,3.780305862426758,1.0011568505842373e-07,2048.0,0.04167095571756363
74655,383.68199836299755,0.34297874569892883,9.935449194694832e-08,2048.0,0.051942624151706696
74700,383.90366024000105,0.5609247088432312,9.85964571211725e-08,2048.0,0.05418486148118973
74745,384.1253817670513,0.46738478541374207,9.784158452104308e-08,2048.0,0.03839181363582611
74790,384.3471118940506,0.3984205722808838,9.708987807006956e-08,2048.0,0.041876211762428284
74835,384.5688909920282,0.3032468557357788,9.634134167530636e-08,2048.0,0.04240519553422928
74880,384.79078975104494,1.0166693925857544,9.559597922733039e-08,2048.0,0.040415532886981964
74925,385.0122691760189,0.3361213207244873,9.485379460022204e-08,2048.0,0.042450640350580215
74970,385.23380995204207,0.29525336623191833,9.411479165154508e-08,2048.0,0.044829726219177246
75015,385.4548918430228,0.37384530901908875,9.33789742223253e-08,2048.0,0.034591224044561386
75060,385.67662193102296,0.21766337752342224,9.264634613703297e-08,2048.0,0.02583060786128044
75105,385.8982674680301,0.36398717761039734,9.191691120356019e-08,2048.0,0.045879460871219635
75150,386.1198215840268,0.46177127957344055,9.119067321320256e-08,2048.0,0.04195641726255417
75195,386.3413884800393,0.3617996573448181,9.046763594064019e-08,2048.0,0.03537521883845329
75240,386.563175718009,0.26618877053260803,8.974780314391624e-08,2048.0,0.04938697814941406
75285,386.7846767040319,0.3950214982032776,8.903117856441868e-08,2048.0,0.04866316542029381
75330,387.00642037100624,0.4069612920284271,8.8317765926861e-08,2048.0,0.03793783113360405
75375,387.22816783899907,0.41050633788108826,8.760756893926124e-08,2048.0,0.038603901863098145
75420,387.4498885270441,0.5276541113853455,8.690059129292542e-08,2048.0,0.0476229265332222
75465,387.6714875040343,0.3668014109134674,8.619683666242543e-08,2048.0,0.052818674594163895
75510,387.89333531301236,0.4731760621070862,8.549630870558156e-08,2048.0,0.04033687338232994
75555,388.11501552001573,0.35925057530403137,8.479901106344391e-08,2048.0,0.03650384023785591
75600,388.33692038903246,0.44825536012649536,8.410494736027149e-08,2048.0,0.03878052905201912
75645,388.55865627800813,0.5558273196220398,8.341412120351633e-08,2048.0,0.03974074125289917
75690,388.78039235505275,0.8301918506622314,8.272653618380172e-08,2048.0,0.05411515757441521
75735,389.0020696630236,0.3804920017719269,8.204219587490494e-08,2048.0,0.0341508686542511
75780,389.223802491033,0.249557763338089,8.136110383373973e-08,2048.0,0.04513118043541908
75825,389.4456533300108,0.2204028218984604,8.068326360033558e-08,2048.0,0.038972560316324234
75870,389.667836712033,0.27970388531684875,8.000867869782056e-08,2048.0,0.03785550966858864
75915,389.88944250904024,0.3791655898094177,7.933735263240382e-08,2048.0,0.04237150028347969
75960,390.1110866970266,2.7643144130706787,7.866928889335502e-08,2048.0,0.037951912730932236
76005,390.3327184240334,0.3063054382801056,7.800449095298931e-08,2048.0,0.04726748168468475
76050,390.55457776301773,0.379774272441864,7.734296226664618e-08,2048.0,0.034167855978012085
76067,414.9561099880375,0.3906886875629425,7.668470627267307e-08,2048.0,0.03683403134346008
