chunks,time,grad_norm,lr,scale,loss
40,16.252086750988383,inf,1.7000000000000001e-07,65536.0,0.5565685629844666
80,16.47213793802075,5.2790141105651855,1.7306000000000002e-07,32768.0,0.6099362373352051
120,16.666180557978805,inf,1.7612000000000002e-07,32768.0,0.5352598428726196
160,16.860144286998548,5.013532638549805,1.7918000000000002e-07,16384.0,0.6395601630210876
200,17.05569321697112,inf,1.8224e-07,16384.0,0.5363022685050964
240,17.249199373007286,7.1211371421813965,1.8530000000000002e-07,8192.0,0.5563368201255798
280,17.44591940997634,6.2918195724487305,1.8836000000000003e-07,8192.0,0.49020108580589294
320,17.64268729899777,4.6900715827941895,1.9142e-07,8192.0,0.5113909840583801
360,17.839254966005683,12.947717666625977,1.9448e-07,8192.0,0.48009416460990906
400,18.036021513980813,7.9404377937316895,1.9754e-07,8192.0,0.5424176454544067
440,18.232853093009908,5.5167460441589355,2.006e-07,8192.0,0.5453566908836365
480,18.42949960997794,12.99256420135498,2.0366e-07,8192.0,0.636268138885498
520,18.626124799018726,3.80692458152771,2.0672000000000001e-07,8192.0,0.4890555441379547
560,18.82263516599778,4.577375411987305,2.0978000000000002e-07,8192.0,0.4626123011112213
600,19.019442446005996,4.189101696014404,2.1284000000000002e-07,8192.0,0.48641881346702576
640,19.215922452975065,4.6629743576049805,2.159e-07,8192.0,0.501698911190033
680,19.412495640979614,3.0413894653320312,2.1896e-07,8192.0,0.48091426491737366
720,19.609058299975004,6.098313808441162,2.2202e-07,8192.0,0.5211869478225708
760,19.805627249006648,6.318568706512451,2.2508000000000003e-07,8192.0,0.537766695022583
800,20.002550540026277,5.473316192626953,2.2814000000000003e-07,8192.0,0.5365260243415833
840,20.19951298099477,6.565989971160889,2.3120000000000003e-07,8192.0,0.6227909326553345
880,20.396173860994168,5.838427543640137,2.3426e-07,8192.0,0.513013482093811
920,20.593635985977016,7.333138942718506,2.3732e-07,8192.0,0.5865114331245422
960,20.790347356989514,13.703536033630371,2.4038e-07,8192.0,0.4487551152706146
1000,20.98741391999647,4.311237335205078,2.4344e-07,8192.0,0.548100471496582
1040,21.184230001003016,5.965494155883789,2.4650000000000004e-07,8192.0,0.5694390535354614
1080,21.380966371973045,4.581401348114014,2.4955999999999997e-07,8192.0,0.5291494727134705
1120,21.577778814011253,6.056136131286621,2.5262e-07,8192.0,0.4937615990638733
1160,21.774665547010954,4.756603240966797,2.5568e-07,8192.0,0.5220848321914673
1200,21.9713956679916,4.8716630935668945,2.5874e-07,8192.0,0.4418129026889801
1240,22.168094919994473,9.2990083694458,2.618e-07,8192.0,0.49437475204467773
1280,22.3647505309782,6.280430316925049,2.6486e-07,8192.0,0.5184754729270935
1320,22.561342363012955,5.473288536071777,2.6792e-07,8192.0,0.4769923686981201
1360,22.758034344995394,7.048452377319336,2.7098e-07,8192.0,0.4810294806957245
1400,22.954830888018478,4.722680568695068,2.7404000000000004e-07,8192.0,0.5283390879631042
1440,23.151544660970103,5.567059516906738,2.771e-07,8192.0,0.5361592769622803
1480,23.3484353540116,5.1962080001831055,2.8016e-07,8192.0,0.5013124346733093
1520,23.545095336972736,5.257872581481934,2.8322e-07,8192.0,0.5098845362663269
1560,23.742033081012778,6.224893569946289,2.8628e-07,8192.0,0.4864939749240875
1600,23.939050337008666,3.605821371078491,2.8934e-07,8192.0,0.5258776545524597
1640,24.13592540100217,4.509432315826416,2.9240000000000005e-07,8192.0,0.5219413042068481
1680,24.332464114006143,3.7516846656799316,2.9546000000000003e-07,8192.0,0.45919308066368103
1720,24.529195996990893,5.614237308502197,2.9852e-07,8192.0,0.5296502113342285
1760,24.725921211997047,6.865551948547363,3.0158000000000003e-07,8192.0,0.4900245666503906
1800,24.922788886993658,4.682449817657471,3.0464e-07,8192.0,0.5503404140472412
1840,25.11990676401183,7.233826160430908,3.077e-07,8192.0,0.5139690637588501
1880,25.31706974102417,9.606082916259766,3.1076e-07,8192.0,0.520274817943573
1920,25.51410426798975,6.721701622009277,3.1382000000000004e-07,8192.0,0.5582578182220459
1960,25.71095828397665,4.306859493255615,3.1688e-07,8192.0,0.48458462953567505
2000,25.906817413982935,nan,3.1994e-07,8192.0,0.5210412740707397
2040,26.10050844901707,40.37614440917969,3.23e-07,4096.0,0.4970998466014862
2080,26.297440095979255,7.245784282684326,3.2606000000000005e-07,4096.0,0.4874902665615082
2120,26.494496902974788,4.936120986938477,3.2911999999999997e-07,4096.0,0.4980871379375458
2160,26.691830842988566,4.092781066894531,3.3218000000000005e-07,4096.0,0.5352086424827576
2200,26.88858581002569,7.561747074127197,3.3524e-07,4096.0,0.4827514588832855
2240,27.08513184497133,3.170154094696045,3.383e-07,4096.0,0.48483237624168396
2280,27.282297744008247,18.399028778076172,3.4136e-07,4096.0,0.5275328159332275
2320,27.478845248988364,5.106151580810547,3.4442e-07,4096.0,0.4813441336154938
2360,27.675309563986957,26.086294174194336,3.4748e-07,4096.0,0.49096280336380005
2400,27.872187011991628,5.171051025390625,3.5054e-07,4096.0,0.4858280122280121
2440,28.069038519985043,4.2654829025268555,3.536e-07,4096.0,0.4951792359352112
2480,28.265919297991786,5.853004455566406,3.5665999999999997e-07,4096.0,0.4658227860927582
2520,28.462724726006854,14.139318466186523,3.5972000000000005e-07,4096.0,0.4813152253627777
2560,28.65950880397577,4.651353359222412,3.6277999999999997e-07,4096.0,0.5169450044631958
2600,28.856373373011593,9.05207633972168,3.6584e-07,4096.0,0.4822092056274414
2640,29.05306397000095,6.451233863830566,3.6890000000000003e-07,4096.0,0.45051050186157227
2680,29.25006863998715,5.160212993621826,3.7196e-07,4096.0,0.5249999165534973
2720,29.44709850999061,7.323544025421143,3.7502e-07,4096.0,0.541821300983429
2760,29.643916279019322,12.033271789550781,3.7808e-07,4096.0,0.5199686288833618
2800,29.840783128980547,7.595641136169434,3.8114000000000004e-07,4096.0,0.4419380724430084
2840,30.037875759997405,4.597079753875732,3.842e-07,4096.0,0.5153828263282776
2880,30.234891760977916,5.44340181350708,3.8726e-07,4096.0,0.5128955841064453
2920,30.432004511996638,12.972954750061035,3.9032e-07,4096.0,0.43946847319602966
2960,30.62907028401969,11.025847434997559,3.9338e-07,4096.0,0.45954450964927673
3000,30.825862823985517,7.627946853637695,3.9643999999999997e-07,4096.0,0.4489639401435852
3040,31.02308367699152,5.803081035614014,3.9950000000000005e-07,4096.0,0.4520133137702942
3080,31.219658715999685,10.630887985229492,4.0256e-07,4096.0,0.4526307284832001
3120,31.41669871698832,6.885539531707764,4.0562e-07,4096.0,0.4976114332675934
3160,31.613625599013176,6.2441487312316895,4.0868000000000003e-07,4096.0,0.502101719379425
3200,31.81073787197238,4.067191123962402,4.1174e-07,4096.0,0.46486663818359375
3240,32.007591093017254,4.271897792816162,4.1480000000000004e-07,4096.0,0.4281124174594879
3280,32.20459995599231,6.943994522094727,4.1786000000000006e-07,4096.0,0.4952845275402069
3320,32.40160876797745,5.935962200164795,4.2092e-07,4096.0,0.4662012755870819
3360,32.59859678102657,11.003440856933594,4.2397999999999996e-07,4096.0,0.4935024678707123
3400,32.795596583979204,4.798887252807617,4.2704e-07,4096.0,0.4748203754425049
3440,32.99251569696935,3.0540125370025635,4.301e-07,4096.0,0.4011901915073395
3480,33.18956356099807,5.204651832580566,4.3316000000000005e-07,4096.0,0.4586964249610901
3520,33.386628594016656,6.7742180824279785,4.3622e-07,4096.0,0.4506506025791168
3560,33.58378452900797,3.640937089920044,4.3927999999999995e-07,4096.0,0.4878060519695282
3600,33.7806209520204,4.273364543914795,4.4234e-07,4096.0,0.4381525218486786
3640,33.977393543988,4.646231651306152,4.454e-07,4096.0,0.4634798467159271
3680,34.174439969006926,5.244611740112305,4.484600000000001e-07,4096.0,0.4390625059604645
3720,34.37158930400619,3.059011936187744,4.5152e-07,4096.0,0.4468652904033661
3760,34.56852243799949,6.509502410888672,4.5458e-07,4096.0,0.42694899439811707
3800,34.7655764130177,8.164491653442383,4.5764e-07,4096.0,0.4583873748779297
3840,34.96245914802421,3.8012285232543945,4.6070000000000004e-07,4096.0,0.4374070167541504
3880,35.159867624985054,6.871074676513672,4.6375999999999997e-07,4096.0,0.49640876054763794
3920,35.357001701020636,5.498374938964844,4.6681999999999994e-07,4096.0,0.46598026156425476
3960,35.55403911700705,5.6010541915893555,4.6987999999999997e-07,4096.0,0.42096105217933655
4000,35.751360824971925,3.678518772125244,4.7294e-07,4096.0,0.43319636583328247
4040,35.94805670797359,3.676677942276001,4.7600000000000003e-07,4096.0,0.40916702151298523
4080,36.14514808502281,5.092421531677246,4.7906e-07,4096.0,0.39712095260620117
4120,36.342438033025246,4.639941692352295,4.8212e-07,4096.0,0.44539475440979004
4160,36.539440058986656,6.483830451965332,4.8518e-07,4096.0,0.47850704193115234
4200,36.73614405398257,7.267823696136475,4.8824e-07,4096.0,0.4006870687007904
4240,36.933081249997485,4.607631683349609,4.913e-07,4096.0,0.45420047640800476
4280,37.13021360698622,3.1691677570343018,4.9436e-07,4096.0,0.40598011016845703
4320,37.32748872600496,4.904963493347168,4.974199999999999e-07,4096.0,0.4129146635532379
4360,37.52469865401508,3.308837890625,5.0048e-07,4096.0,0.4152703285217285
4400,37.72215999499895,4.604537487030029,5.035400000000001e-07,4096.0,0.4238719046115875
4440,37.91969163599424,3.3775789737701416,5.066e-07,4096.0,0.42896291613578796
4480,38.11706264602253,3.5221173763275146,5.096599999999999e-07,4096.0,0.4092071056365967
4520,38.31435562501429,4.0051798820495605,5.1272e-07,4096.0,0.34888219833374023
4560,38.5113566229702,4.191951751708984,5.1578e-07,4096.0,0.39129725098609924
4600,38.708610482979566,3.782335042953491,5.188400000000001e-07,4096.0,0.3669290244579315
4640,38.90551651100395,4.607224941253662,5.219e-07,4096.0,0.3952479958534241
4680,39.10304552299203,8.089388847351074,5.249599999999999e-07,4096.0,0.4213848114013672
4720,39.30018409201875,6.446630954742432,5.2802e-07,4096.0,0.3933369219303131
4760,39.497433252981864,4.606512069702148,5.310800000000001e-07,4096.0,0.42198124527931213
4800,39.6945282620145,8.535104751586914,5.341399999999999e-07,4096.0,0.3819481134414673
4840,39.89190329401754,3.720271110534668,5.371999999999999e-07,4096.0,0.44644594192504883
4880,40.0891531649977,4.268065452575684,5.4026e-07,4096.0,0.451723575592041
4920,40.28624768496957,13.472724914550781,5.4332e-07,4096.0,0.3978736698627472
4960,40.48350795597071,5.7289719581604,5.4638e-07,4096.0,0.3789185583591461
5000,40.68087431899039,3.6944282054901123,5.494400000000001e-07,4096.0,0.369649738073349
5040,40.878008440020494,4.235063552856445,5.525e-07,4096.0,0.42934471368789673
5080,41.07541502302047,4.10317850112915,5.5556e-07,4096.0,0.3719598948955536
5120,41.27320187800797,3.142064094543457,5.586200000000001e-07,4096.0,0.3880658447742462
5160,41.47033367899712,3.3835434913635254,5.616799999999999e-07,4096.0,0.37987908720970154
5200,41.667264080024324,2.756357431411743,5.647400000000001e-07,4096.0,0.36170363426208496
5240,41.86442394199548,7.469145774841309,5.678000000000001e-07,4096.0,0.37535911798477173
5280,42.061676763987634,3.369166612625122,5.7086e-07,4096.0,0.33700546622276306
5320,42.25932905002264,5.398434162139893,5.7392e-07,4096.0,0.3809068202972412
5360,42.45677132398123,9.2880859375,5.7698e-07,4096.0,0.35384508967399597
5400,42.653872816008516,3.644901752471924,5.800399999999999e-07,4096.0,0.3532652258872986
5440,42.851099359977525,3.28933048248291,5.831e-07,4096.0,0.3542676270008087
5480,43.04861755500315,3.124182939529419,5.8616e-07,4096.0,0.37148454785346985
5520,43.24586662801448,2.79042911529541,5.8922e-07,4096.0,0.38631245493888855
5560,43.443301462975796,4.097977161407471,5.9228e-07,4096.0,0.390664666891098
5600,43.64059730799636,3.3166353702545166,5.9534e-07,4096.0,0.32570067048072815
5640,43.83825774502475,3.8859736919403076,5.984e-07,4096.0,0.38827064633369446
5680,44.035215237003285,2.476778030395508,6.0146e-07,4096.0,0.34088751673698425
5720,44.232295389985666,5.185031414031982,6.0452e-07,4096.0,0.3601505756378174
5760,44.42947077401914,4.965009689331055,6.075799999999999e-07,4096.0,0.34764012694358826
5800,44.626941811002325,3.4861371517181396,6.1064e-07,4096.0,0.3455953598022461
5840,44.82459364901297,3.0813663005828857,6.136999999999999e-07,4096.0,0.3447395861148834
5880,45.02222569700098,5.472229957580566,6.1676e-07,4096.0,0.3161613643169403
5920,45.21956641197903,3.308907985687256,6.198200000000001e-07,4096.0,0.33634820580482483
5960,45.416779628023505,3.664999008178711,6.228799999999999e-07,4096.0,0.3651542663574219
6000,45.61416770401411,3.8290679454803467,6.2594e-07,4096.0,0.3455922603607178
6040,45.81150569097372,4.635660171508789,6.29e-07,4096.0,0.33295875787734985
6080,46.00880893698195,4.970931529998779,6.3206e-07,4096.0,0.30485475063323975
6120,46.20611359400209,12.710038185119629,6.351200000000001e-07,4096.0,0.35041603446006775
6160,46.40362706198357,4.143830299377441,6.3818e-07,4096.0,0.3160553574562073
6200,46.600928559026215,3.1072425842285156,6.412399999999999e-07,4096.0,0.34626808762550354
6240,46.79803602502216,4.507554531097412,6.443e-07,4096.0,0.29771801829338074
6280,46.99522211099975,4.953354835510254,6.473600000000001e-07,4096.0,0.29721543192863464
6320,47.192485968000256,3.993072986602783,6.504199999999999e-07,4096.0,0.32576489448547363
6360,47.38977407600032,5.134155750274658,6.534799999999999e-07,4096.0,0.2972598671913147
6400,47.587406475970056,2.9421892166137695,6.5654e-07,4096.0,0.3196629583835602
6440,47.784851205011364,3.877408981323242,6.596e-07,4096.0,0.31935110688209534
6480,47.98217181302607,3.4961795806884766,6.626600000000001e-07,4096.0,0.3090134561061859
6520,48.17944625101518,5.16745662689209,6.657200000000001e-07,4096.0,0.31014949083328247
6560,48.37694525998086,3.2859838008880615,6.687799999999999e-07,4096.0,0.3418180048465729
6600,48.57396755699301,9.278120040893555,6.7184e-07,4096.0,0.2724655568599701
6640,48.77127826598007,5.454233169555664,6.749000000000001e-07,4096.0,0.3238660991191864
6680,48.96884373697685,3.6324403285980225,6.779599999999999e-07,4096.0,0.31160327792167664
6720,49.16637550701853,4.000454425811768,6.810199999999999e-07,4096.0,0.2578815519809723
6760,49.36401676898822,3.262113571166992,6.8408e-07,4096.0,0.2756057381629944
6800,49.561319527972955,3.9977834224700928,6.8714e-07,4096.0,0.2889639437198639
6840,49.758626137976535,2.579456090927124,6.902000000000001e-07,4096.0,0.2856719493865967
6880,49.95566479599802,3.7023355960845947,6.9326e-07,4096.0,0.26479601860046387
6920,50.153049546992406,12.825003623962402,6.963199999999999e-07,4096.0,0.2649413049221039
6960,50.35042422701372,3.516360282897949,6.9938e-07,4096.0,0.26550522446632385
7000,50.54784632800147,4.9599785804748535,7.0244e-07,4096.0,0.28908592462539673
7040,50.745421539992094,3.5373640060424805,7.055000000000001e-07,4096.0,0.2744114398956299
7080,50.94288788200356,5.062525272369385,7.085599999999999e-07,4096.0,0.25839585065841675
7120,51.14050118497107,4.827996730804443,7.1162e-07,4096.0,0.271536648273468
7160,51.33828657900449,2.659708023071289,7.1468e-07,4096.0,0.25090235471725464
7200,51.53599657199811,2.7268762588500977,7.177400000000001e-07,4096.0,0.2632543742656708
7240,51.73332776397001,2.8526389598846436,7.208e-07,4096.0,0.24755950272083282
7280,51.931116199004464,2.994239568710327,7.238599999999999e-07,4096.0,0.28492996096611023
7320,52.1284348500194,3.8057005405426025,7.2692e-07,4096.0,0.25918498635292053
7360,52.32565999100916,4.520296096801758,7.2998e-07,4096.0,0.27527138590812683
7400,52.52304231398739,3.177112579345703,7.330400000000001e-07,4096.0,0.20310799777507782
7440,52.7202344959951,3.0517561435699463,7.361000000000001e-07,4096.0,0.2212146371603012
7480,52.917663109023124,3.3270516395568848,7.391599999999999e-07,4096.0,0.23553316295146942
7520,53.11504133197013,4.259258270263672,7.4222e-07,4096.0,0.24131646752357483
7560,53.31224170298083,2.932044267654419,7.452800000000001e-07,4096.0,0.2199629545211792
7600,53.50948186597088,3.201475143432617,7.4834e-07,4096.0,0.2475181668996811
7640,53.7066486380063,4.035760402679443,7.514000000000001e-07,4096.0,0.2328069508075714
7680,53.90397036098875,3.573239803314209,7.5446e-07,4096.0,0.24036581814289093
7720,54.10136601497652,3.959242343902588,7.5752e-07,4096.0,0.24432425200939178
7760,54.29882308898959,3.2699596881866455,7.6058e-07,4096.0,0.26805543899536133
7800,54.49643653497333,2.2986533641815186,7.636399999999999e-07,4096.0,0.21694467961788177
7840,54.6937337089912,2.8129889965057373,7.666999999999999e-07,4096.0,0.21612349152565002
7880,54.89118542399956,3.6629295349121094,7.6976e-07,4096.0,0.2486114799976349
7920,55.0885149880196,2.586430072784424,7.728200000000001e-07,4096.0,0.21030293405056
7960,55.28589060297236,2.3838813304901123,7.7588e-07,4096.0,0.23855391144752502
8000,55.483080865989905,2.0852606296539307,7.789399999999999e-07,4096.0,0.25640416145324707
8040,55.68072371301241,2.5891079902648926,7.82e-07,4096.0,0.20857703685760498
8080,55.87812083901372,2.727912187576294,7.8506e-07,4096.0,0.2014237940311432
8120,56.07574065600056,2.264296054840088,7.8812e-07,4096.0,0.22560839354991913
8160,56.273308962990995,6.527184009552002,7.911800000000001e-07,4096.0,0.21047234535217285
8200,56.47055958700366,2.1385152339935303,7.942400000000001e-07,4096.0,0.20568470656871796
8240,56.66788077302044,3.0255303382873535,7.973000000000002e-07,4096.0,0.21147273480892181
8280,56.86539014999289,2.066758632659912,8.003600000000001e-07,4096.0,0.22347834706306458
8320,57.063032848003786,2.645993232727051,8.034199999999998e-07,4096.0,0.22771406173706055
8360,57.26072405697778,2.554006576538086,8.064799999999999e-07,4096.0,0.18617184460163116
8400,57.45835673500551,3.384526014328003,8.0954e-07,4096.0,0.18578319251537323
8440,57.65579359198455,2.081451654434204,8.126e-07,4096.0,0.21971836686134338
8480,57.85290639701998,3.2372381687164307,8.1566e-07,4096.0,0.23779669404029846
8520,58.05033612501575,3.117321252822876,8.1872e-07,4096.0,0.21953009068965912
8560,58.24820257502142,2.0000908374786377,8.217800000000001e-07,4096.0,0.2266920804977417
8600,58.44600119499955,3.386751174926758,8.2484e-07,4096.0,0.23070748150348663
8640,58.643312442000024,21.98583984375,8.278999999999999e-07,4096.0,0.24012236297130585
8680,58.84068376000505,2.4694292545318604,8.3096e-07,4096.0,0.22439320385456085
8720,59.038065387983806,1.5724109411239624,8.340200000000001e-07,4096.0,0.18909408152103424
8760,59.23563076701248,2.193211793899536,8.370800000000001e-07,4096.0,0.1778702735900879
8800,59.433149076008704,4.583399772644043,8.4014e-07,4096.0,0.18997441232204437
8840,59.63082740700338,1.7965328693389893,8.432e-07,4096.0,0.18298335373401642
8880,59.82844015699811,2.285892963409424,8.4626e-07,4096.0,0.19960854947566986
8920,60.02597152697854,1.6504051685333252,8.493199999999999e-07,4096.0,0.17225968837738037
8960,60.22351001697825,17.46737289428711,8.5238e-07,4096.0,0.2195555716753006
9000,60.420777035003994,6.11806583404541,8.554399999999999e-07,4096.0,0.19520559906959534
9040,60.618355345970485,1.8200308084487915,8.585e-07,4096.0,0.16551029682159424
9080,60.815710334980395,2.534708023071289,8.615600000000001e-07,4096.0,0.1852201223373413
9120,61.01326177601004,1.7701407670974731,8.646199999999999e-07,4096.0,0.21918216347694397
9160,61.211078558000736,1.207876443862915,8.676799999999999e-07,4096.0,0.1698008030653
9200,61.408681929984596,2.8939192295074463,8.7074e-07,4096.0,0.18544326722621918
9240,61.60712220700225,1.843546986579895,8.738e-07,4096.0,0.16656933724880219
9280,61.80500040098559,2.195749282836914,8.768600000000001e-07,4096.0,0.1617780327796936
9320,62.00262807297986,2.014397144317627,8.7992e-07,4096.0,0.1758607029914856
9360,62.200021143013146,1.645728349685669,8.829799999999999e-07,4096.0,0.18794840574264526
9400,62.39781287702499,2.2141025066375732,8.8604e-07,4096.0,0.18800091743469238
9440,62.59528844797751,2.6782608032226562,8.891000000000001e-07,4096.0,0.19065998494625092
9480,62.79276685998775,1.2057970762252808,8.921600000000001e-07,4096.0,0.15770307183265686
9520,62.990253791969735,2.487187147140503,8.952199999999999e-07,4096.0,0.17572152614593506
9560,63.18794415501179,1.7660554647445679,8.9828e-07,4096.0,0.21878968179225922
9600,63.385424287000205,1.6721179485321045,9.013399999999998e-07,4096.0,0.20059111714363098
9640,63.5829361199867,1.88991117477417,9.043999999999999e-07,4096.0,0.18297965824604034
9680,63.780794995022006,1.4574118852615356,9.0746e-07,4096.0,0.1916298121213913
9720,63.97822176798945,2.7677066326141357,9.105199999999999e-07,4096.0,0.16154520213603973
9760,64.17585255100857,1.5390452146530151,9.1358e-07,4096.0,0.16974858939647675
9800,64.37346318498021,1.3512210845947266,9.166400000000001e-07,4096.0,0.20190076529979706
9840,64.57079656701535,1.7071850299835205,9.197000000000001e-07,4096.0,0.19041478633880615
9880,64.76826346101006,2.243957757949829,9.227600000000001e-07,4096.0,0.1763252466917038
9920,64.96573937498033,2.2462613582611084,9.2582e-07,4096.0,0.1900477260351181
9960,65.16329332900932,1.8440953493118286,9.2888e-07,4096.0,0.21173761785030365
10000,65.36073131201556,1.284754991531372,9.319400000000001e-07,4096.0,0.15710970759391785
10040,65.55833273701137,1.482826590538025,9.35e-07,4096.0,0.15532809495925903
10080,65.75618062302237,4.716434478759766,9.380600000000001e-07,4096.0,0.17148683965206146
10120,65.95403994998196,1.177595853805542,9.411199999999998e-07,4096.0,0.18718324601650238
10160,66.15197595802601,1.8469171524047852,9.441799999999999e-07,4096.0,0.1780204027891159
10200,66.34973439399619,2.49580979347229,9.472399999999998e-07,4096.0,0.1509457379579544
10240,66.54735626000911,2.0211243629455566,9.502999999999999e-07,4096.0,0.14400610327720642
10280,66.74510448699584,2.2857563495635986,9.5336e-07,4096.0,0.16738548874855042
10320,66.94289706397103,1.3050967454910278,9.564199999999998e-07,4096.0,0.19145570695400238
10360,67.14026731898775,2.3885748386383057,9.5948e-07,4096.0,0.22970500588417053
10400,67.33820975699928,1.6727819442749023,9.625400000000001e-07,4096.0,0.1953575164079666
10440,67.53560907201609,2.206083059310913,9.656000000000001e-07,4096.0,0.16267316043376923
10480,67.73322712897789,1.8107969760894775,9.6866e-07,4096.0,0.18433503806591034
10520,67.93085212598089,1.3974510431289673,9.7172e-07,4096.0,0.16632181406021118
10560,68.12851551297354,1.7037080526351929,9.7478e-07,4096.0,0.16288383305072784
10600,68.32630827097455,5.968896865844727,9.7784e-07,4096.0,0.17441768944263458
10640,68.5240404389915,1.551845669746399,9.809000000000002e-07,4096.0,0.16737356781959534
10680,68.7213475049939,1.8565367460250854,9.839600000000002e-07,4096.0,0.20342524349689484
10720,68.91900624299888,2.4399166107177734,9.870199999999997e-07,4096.0,0.1501954346895218
10760,69.11671864101663,2.024942398071289,9.9008e-07,4096.0,0.21412932872772217
10800,69.31426831899444,2.049980401992798,9.9314e-07,4096.0,0.19553418457508087
10840,69.51178181602154,1.1901087760925293,9.961999999999999e-07,4096.0,0.16738329827785492
10880,69.70929615397472,1.4085652828216553,9.9926e-07,4096.0,0.1579097956418991
10920,69.90673412202159,1.8532017469406128,1.0023199999999998e-06,4096.0,0.19258813560009003
10960,70.10434677999001,3.0268921852111816,1.0053799999999998e-06,4096.0,0.1824469119310379
11000,70.30220169998938,1.1655420064926147,1.00844e-06,4096.0,0.15908025205135345
11040,70.49988417897839,1.518692970275879,1.0115e-06,4096.0,0.16179652512073517
11080,70.69748478900874,2.3426334857940674,1.01456e-06,4096.0,0.1828354001045227
11120,70.89526293898234,1.0180716514587402,1.01762e-06,4096.0,0.1562400758266449
11160,71.09306257998105,1.3397936820983887,1.02068e-06,4096.0,0.13654491305351257
11200,71.29055688797962,1.477173089981079,1.0237399999999999e-06,4096.0,0.1794091761112213
11240,71.48812812799588,2.1602935791015625,1.0268e-06,4096.0,0.1710314005613327
11280,71.68572645797394,1.0169098377227783,1.0298599999999998e-06,4096.0,0.16234469413757324
11320,71.8845718660159,1.9119656085968018,1.03292e-06,4096.0,0.14467571675777435
11360,72.08260417898418,2.2221853733062744,1.03598e-06,4096.0,0.15538762509822845
11400,72.2805472809705,1.9415903091430664,1.03904e-06,4096.0,0.14163583517074585
11440,72.47832695301622,1.3418231010437012,1.0421e-06,4096.0,0.1888844072818756
11480,72.67597124399617,1.1761282682418823,1.04516e-06,4096.0,0.14986185729503632
11520,72.87346854398493,1.2181540727615356,1.0482199999999999e-06,4096.0,0.17559130489826202
11560,73.07136222702684,1.8860529661178589,1.0512799999999999e-06,4096.0,0.15256670117378235
11600,73.26919665001333,1.387831687927246,1.05434e-06,4096.0,0.1879269927740097
11640,73.4672993440181,1.5398486852645874,1.0574e-06,4096.0,0.17609883844852448
11680,73.66488707601093,1.407217025756836,1.0604599999999998e-06,4096.0,0.14246617257595062
11720,73.86258196801646,1.3804402351379395,1.06352e-06,4096.0,0.14617988467216492
11760,74.06034113100031,2.213050603866577,1.06658e-06,4096.0,0.17353050410747528
11800,74.25813166401349,1.7780373096466064,1.06964e-06,4096.0,0.1637115329504013
11840,74.45568588498281,1.1336450576782227,1.0727000000000001e-06,4096.0,0.1623600572347641
11880,74.65318810701137,1.658347487449646,1.0757599999999999e-06,4096.0,0.18231752514839172
11920,74.85067484900355,1.7367984056472778,1.0788199999999999e-06,4096.0,0.1700778752565384
11960,75.0482878619805,1.6623375415802002,1.08188e-06,4096.0,0.17164190113544464
12000,75.24568472302053,1.7092106342315674,1.08494e-06,4096.0,0.1772041618824005
12040,75.44324085500557,2.0739283561706543,1.088e-06,4096.0,0.1770578920841217
12080,75.64093401900027,2.6267201900482178,1.09106e-06,4096.0,0.1621362268924713
12120,75.8386669930187,1.3352265357971191,1.09412e-06,4096.0,0.1203889399766922
12160,76.03601700498257,1.6049870252609253,1.09718e-06,4096.0,0.17814931273460388
12200,76.23393815098098,1.3120241165161133,1.1002400000000001e-06,4096.0,0.16314561665058136
12240,76.4312165720039,3.671274423599243,1.1033e-06,4096.0,0.18852964043617249
12280,76.62895958701847,1.0329145193099976,1.1063599999999999e-06,4096.0,0.16117216646671295
12320,76.8265325310058,1.3185476064682007,1.10942e-06,4096.0,0.1810164451599121
12360,77.02422440500231,5.269246578216553,1.11248e-06,4096.0,0.1753707379102707
12400,77.22190011997009,1.168033242225647,1.11554e-06,4096.0,0.13607288897037506
12440,77.41970531601692,1.0440435409545898,1.1186e-06,4096.0,0.14507892727851868
12480,77.61742826097179,0.9334293603897095,1.12166e-06,4096.0,0.14367841184139252
12520,77.81523580802605,1.6573940515518188,1.12472e-06,4096.0,0.19948488473892212
12560,78.01247587002581,1.1184167861938477,1.12778e-06,4096.0,0.18305495381355286
12600,78.21016902598785,1.6102856397628784,1.1308399999999999e-06,4096.0,0.12290964275598526
12640,78.4077156209969,1.670882225036621,1.1338999999999999e-06,4096.0,0.16687658429145813
12680,78.6055939180078,0.8753649592399597,1.13696e-06,4096.0,0.1614997684955597
12720,78.80326190398773,0.8952988982200623,1.1400199999999998e-06,4096.0,0.14688263833522797
12760,79.00079612998525,0.7862355709075928,1.1430799999999998e-06,4096.0,0.1412660926580429
12800,79.1986589069711,0.8609681129455566,1.14614e-06,4096.0,0.17290382087230682
12840,79.39654797501862,0.8062537312507629,1.1492000000000002e-06,4096.0,0.13330282270908356
12880,79.5941079609911,2.098572254180908,1.15226e-06,4096.0,0.15066196024417877
12920,79.79211288999068,1.617554783821106,1.1553199999999999e-06,4096.0,0.13696186244487762
12960,79.98946642497322,2.5373618602752686,1.15838e-06,4096.0,0.17039160430431366
13000,80.1869942509802,2.3909342288970947,1.16144e-06,4096.0,0.16563330590724945
13040,80.3843894060119,1.9830098152160645,1.1645e-06,4096.0,0.1677994430065155
13080,80.58184203197015,2.5939455032348633,1.16756e-06,4096.0,0.18700993061065674
13120,80.77915747801308,2.128220319747925,1.17062e-06,4096.0,0.18902428448200226
13160,80.97703961702064,1.1295362710952759,1.17368e-06,4096.0,0.1545737236738205
13200,81.17448118299944,1.06972336769104,1.17674e-06,4096.0,0.16488295793533325
13240,81.37193303997628,1.4390314817428589,1.1798e-06,4096.0,0.16433990001678467
13280,81.5695267880219,1.4564671516418457,1.1828599999999999e-06,4096.0,0.14409592747688293
13320,81.7671867859899,1.2908856868743896,1.1859199999999999e-06,4096.0,0.14808440208435059
13360,81.96522695699241,1.7687900066375732,1.1889799999999998e-06,4096.0,0.15623728930950165
13400,82.16381369199371,0.8102934956550598,1.1920399999999998e-06,4096.0,0.14893846213817596
13440,82.36212934501236,1.3778371810913086,1.1951e-06,4096.0,0.14344066381454468
13480,82.55981978401542,1.3758165836334229,1.19816e-06,4096.0,0.13843654096126556
13520,82.75766705500428,1.106413722038269,1.2012199999999997e-06,4096.0,0.13292860984802246
13560,82.95556315599242,1.4766881465911865,1.20428e-06,4096.0,0.14173883199691772
13600,83.15331161598442,1.6613659858703613,1.20734e-06,4096.0,0.1542678326368332
13640,83.35123569698771,3.436861753463745,1.2103999999999999e-06,4096.0,0.14660702645778656
13680,83.54916835902259,1.0441901683807373,1.21346e-06,4096.0,0.1413124054670334
13720,83.74681969900848,1.4253547191619873,1.2165199999999998e-06,4096.0,0.15226875245571136
13760,83.94425456802128,1.6538912057876587,1.2195799999999998e-06,4096.0,0.14755366742610931
13800,84.14181537699187,9.712762832641602,1.22264e-06,4096.0,0.16028065979480743
13840,84.33935489697615,1.0544657707214355,1.2257e-06,4096.0,0.1329158991575241
13880,84.53700584697071,0.8853254318237305,1.22876e-06,4096.0,0.132054403424263
13920,84.73468458798015,1.292540431022644,1.23182e-06,4096.0,0.1282964050769806
13960,84.93242687999737,1.0316516160964966,1.23488e-06,4096.0,0.13684944808483124
14000,85.13031959201908,1.5475479364395142,1.2379399999999999e-06,4096.0,0.11995118856430054
14040,85.32790171197848,0.964092493057251,1.241e-06,4096.0,0.15486100316047668
14080,85.52561581402551,0.9675005078315735,1.24406e-06,4096.0,0.13067220151424408
14120,85.72342349699466,0.9554249048233032,1.2471199999999998e-06,4096.0,0.14056278765201569
14160,85.92091956798686,1.2941676378250122,1.25018e-06,4096.0,0.13431404531002045
14200,86.11843757797033,0.9212144017219543,1.25324e-06,4096.0,0.14277665317058563
14240,86.3162570510176,1.2138696908950806,1.2563e-06,4096.0,0.14753274619579315
14280,86.51389488298446,1.3713711500167847,1.2593600000000001e-06,4096.0,0.1519547551870346
14320,86.71169120597187,1.4586400985717773,1.2624199999999999e-06,4096.0,0.15096986293792725
14360,86.90941211901372,1.5607041120529175,1.2654799999999999e-06,4096.0,0.14245723187923431
14400,87.10719111299841,1.0731403827667236,1.26854e-06,4096.0,0.11956113576889038
14440,87.30523961799918,2.1211044788360596,1.2716e-06,4096.0,0.14460544288158417
14480,87.5030778219807,0.9516697525978088,1.27466e-06,4096.0,0.12885943055152893
14520,87.70070401497651,1.1409856081008911,1.27772e-06,4096.0,0.1269485503435135
14560,87.89863541000523,1.0372700691223145,1.28078e-06,4096.0,0.1297430843114853
14600,88.09624710300704,1.2913904190063477,1.28384e-06,4096.0,0.14372144639492035
14640,88.2940886580036,1.0669364929199219,1.2869000000000001e-06,4096.0,0.12972651422023773
14680,88.49179707199801,1.1425706148147583,1.28996e-06,4096.0,0.13519416749477386
14720,88.6890638829791,3.0243570804595947,1.2930199999999996e-06,4096.0,0.15276490151882172
14760,88.88636663497891,3.3797271251678467,1.29608e-06,4096.0,0.1658412218093872
14800,89.08398824901087,1.1377450227737427,1.2991399999999998e-06,4096.0,0.16183291375637054
14840,89.28179598401766,1.045649528503418,1.3022e-06,4096.0,0.13496659696102142
14880,89.47925445699366,1.9638620615005493,1.30526e-06,4096.0,0.1585795134305954
14920,89.67719994398067,0.8077012300491333,1.30832e-06,4096.0,0.15602733194828033
14960,89.87490107899066,1.3492273092269897,1.3113799999999997e-06,4096.0,0.13244307041168213
15000,90.07266298501054,0.6364976167678833,1.3144400000000001e-06,4096.0,0.12761597335338593
15040,90.27046114997938,1.4866544008255005,1.3174999999999999e-06,4096.0,0.1347053050994873
15080,90.46795352397021,8.30595874786377,1.32056e-06,4096.0,0.14225327968597412
15120,90.66563344997121,0.9920969009399414,1.3236199999999998e-06,4096.0,0.16455721855163574
15160,90.86345753702335,2.382378578186035,1.32668e-06,4096.0,0.1638415902853012
15200,91.06107974197948,1.0661110877990723,1.3297399999999998e-06,4096.0,0.16584014892578125
15240,91.25883462897036,1.1470541954040527,1.3328e-06,4096.0,0.1376093029975891
15280,91.45675126597052,1.046342372894287,1.33586e-06,4096.0,0.12646529078483582
15320,91.65456046402687,1.4066849946975708,1.3389199999999997e-06,4096.0,0.1415029615163803
15360,91.85227925999789,0.9656432867050171,1.3419800000000001e-06,4096.0,0.1415800303220749
15400,92.04982442600885,1.0293514728546143,1.3450399999999999e-06,4096.0,0.1378144472837448
15440,92.24788506497862,1.0897653102874756,1.3481e-06,4096.0,0.1264098733663559
15480,92.44634350697743,0.7155487537384033,1.35116e-06,4096.0,0.12164492905139923
15520,92.64409541501664,0.9563417434692383,1.35422e-06,4096.0,0.1363280713558197
15560,92.84197469399078,1.3283931016921997,1.3572799999999998e-06,4096.0,0.13813084363937378
15600,93.03975219198037,0.8984096646308899,1.36034e-06,4096.0,0.1466681957244873
15640,93.23769244097639,1.2249829769134521,1.3634e-06,4096.0,0.11962080001831055
15680,93.43562279001344,1.1144739389419556,1.3664600000000001e-06,4096.0,0.14602838456630707
15720,93.6332769980072,0.9795383214950562,1.3695199999999999e-06,4096.0,0.13114812970161438
15760,93.83103072701488,1.2562505006790161,1.37258e-06,4096.0,0.1305273026227951
15800,94.02851735398872,0.6883534789085388,1.3756399999999998e-06,4096.0,0.12125426530838013
15840,94.22607099101879,0.9857850074768066,1.3787e-06,4096.0,0.12772051990032196
15880,94.4239628710202,1.2830227613449097,1.38176e-06,4096.0,0.13037410378456116
15920,94.62165679002646,0.7516453266143799,1.3848199999999998e-06,4096.0,0.1299213469028473
15960,94.81954037002288,0.6217201352119446,1.38788e-06,4096.0,0.12919223308563232
16000,95.0175552709843,0.8147463798522949,1.39094e-06,4096.0,0.11347750574350357
16040,95.21496330801165,1.1638915538787842,1.394e-06,4096.0,0.1581203192472458
16080,95.4127248779987,1.4139631986618042,1.3970599999999999e-06,4096.0,0.11920119822025299
16120,95.61053993797395,0.914880096912384,1.4001199999999999e-06,4096.0,0.13434849679470062
16160,95.80784500500886,1.6059693098068237,1.4031799999999998e-06,4096.0,0.15773095190525055
16200,96.00568226602627,0.7497206330299377,1.4062399999999998e-06,4096.0,0.13596831262111664
16240,96.20351948699681,1.1248869895935059,1.4093e-06,4096.0,0.13381429016590118
16280,96.40100779599743,1.2217433452606201,1.41236e-06,4096.0,0.13436391949653625
16320,96.59889105701586,1.240234136581421,1.41542e-06,4096.0,0.11531729996204376
16360,96.79670416901354,0.7702831029891968,1.4184800000000001e-06,4096.0,0.12278421968221664
16400,96.99489360302687,0.8213127851486206,1.42154e-06,4096.0,0.12261400371789932
16440,97.19273483398138,0.9841492176055908,1.4246e-06,4096.0,0.1234469935297966
16480,97.39047577499878,0.8085178136825562,1.42766e-06,4096.0,0.1080249696969986
16520,97.58842728799209,0.8893896341323853,1.4307199999999998e-06,4096.0,0.14199495315551758
16560,97.78623453999171,1.8716931343078613,1.4337799999999998e-06,4096.0,0.11056137084960938
16600,97.98343783797463,2.2296812534332275,1.4368399999999998e-06,4096.0,0.16419759392738342
16640,98.18102237902349,0.8393173813819885,1.4399e-06,4096.0,0.11700797080993652
16680,98.37907273299061,0.8488486409187317,1.4429599999999997e-06,4096.0,0.09696654975414276
16720,98.57692346599652,0.779475748538971,1.44602e-06,4096.0,0.14603088796138763
16760,98.77469870797358,1.0047450065612793,1.4490799999999997e-06,4096.0,0.0929204449057579
16800,98.97231573000317,1.0959020853042603,1.4521399999999999e-06,4096.0,0.13362909853458405
16840,99.16970978002064,1.2789562940597534,1.4551999999999998e-06,4096.0,0.12359108030796051
16880,99.36758992401883,0.884364664554596,1.45826e-06,4096.0,0.11400832235813141
16920,99.56495387398172,1.5311367511749268,1.4613199999999998e-06,4096.0,0.11108162254095078
16960,99.76286434900248,0.8232976794242859,1.46438e-06,4096.0,0.14947918057441711
17000,99.9605359910056,1.1228893995285034,1.46744e-06,4096.0,0.1090896874666214
17040,100.15830503497273,1.5744521617889404,1.4705e-06,4096.0,0.15090791881084442
17080,100.35601141798543,2.9945337772369385,1.4735600000000001e-06,4096.0,0.12858282029628754
17120,100.55366248101927,0.7103532552719116,1.4766199999999999e-06,4096.0,0.11310680210590363
17160,100.75172458699672,1.1236088275909424,1.4796799999999999e-06,4096.0,0.13091492652893066
17200,100.94987416401273,0.6536397337913513,1.4827399999999998e-06,4096.0,0.10638637840747833
17240,101.14776677900227,0.9969858527183533,1.4858e-06,4096.0,0.11629891395568848
17280,101.34564822399989,0.6572115421295166,1.4888599999999998e-06,4096.0,0.10204335302114487
17320,101.54343401902588,1.1230032444000244,1.49192e-06,4096.0,0.13446752727031708
17360,101.74102252197918,1.0627409219741821,1.4949799999999997e-06,4096.0,0.12652401626110077
17400,101.93870906700613,0.9542319178581238,1.49804e-06,4096.0,0.12558089196681976
17440,102.13666752300924,0.602078914642334,1.5011e-06,4096.0,0.11529731005430222
17480,102.33490702102426,1.363664150238037,1.50416e-06,4096.0,0.11895801872015
17520,102.53294216800714,1.0168302059173584,1.5072199999999999e-06,4096.0,0.12747156620025635
17560,102.73069909401238,1.0848270654678345,1.51028e-06,4096.0,0.1316085010766983
17600,102.92832319898298,0.7872256636619568,1.5133399999999998e-06,4096.0,0.13812768459320068
17640,103.1263858259772,1.0834205150604248,1.5164e-06,4096.0,0.11716524511575699
17680,103.32442151400028,0.975770890712738,1.51946e-06,4096.0,0.12628549337387085
17720,103.522001128993,1.5853434801101685,1.52252e-06,4096.0,0.12562771141529083
17760,103.72002024698304,0.8879820704460144,1.5255799999999997e-06,4096.0,0.11848633736371994
17800,103.91792889498174,0.7266497015953064,1.52864e-06,4096.0,0.1264834851026535
17840,104.1157426009886,0.7664274573326111,1.5317e-06,4096.0,0.1306796371936798
17880,104.31373591901502,1.3553768396377563,1.5347599999999999e-06,4096.0,0.10043463855981827
17920,104.5115625669714,0.7247735857963562,1.53782e-06,4096.0,0.10804368555545807
17960,104.70964058599202,0.6991070508956909,1.5408799999999998e-06,4096.0,0.11477670818567276
18000,104.90749112400226,4.780922889709473,1.54394e-06,4096.0,0.11341462284326553
18040,105.10516666097101,1.3253051042556763,1.547e-06,4096.0,0.12805365025997162
18080,105.30291039700387,0.6961644291877747,1.5500600000000002e-06,4096.0,0.1014283075928688
18120,105.50078188598854,0.7366196513175964,1.55312e-06,4096.0,0.11598800867795944
18160,105.69878521497594,0.591786801815033,1.5561800000000001e-06,4096.0,0.11457047611474991
18200,105.89672124397475,0.8361294865608215,1.5592399999999999e-06,4096.0,0.115541473031044
18240,106.09436271199957,1.4239040613174438,1.5623e-06,4096.0,0.10805919021368027
18280,106.29224900098052,0.6389088034629822,1.56536e-06,4096.0,0.09733756631612778
18320,106.49025476002134,0.9819129109382629,1.56842e-06,4096.0,0.14190417528152466
18360,106.68800901900977,1.4110374450683594,1.5714799999999998e-06,4096.0,0.10775309056043625
18400,106.88565060700057,1.0297931432724,1.5745399999999998e-06,4096.0,0.12030718475580215
18440,107.08352029701928,1.0146688222885132,1.5776e-06,4096.0,0.1049351915717125
18480,107.28124904498691,0.7852984070777893,1.58066e-06,4096.0,0.12803415954113007
18520,107.47902501397766,1.1000440120697021,1.58372e-06,4096.0,0.10583329200744629
18560,107.67700689501362,0.7196807265281677,1.5867799999999999e-06,4096.0,0.1002088189125061
18600,107.87514106702292,1.0908221006393433,1.5898399999999998e-06,4096.0,0.1202920451760292
18640,108.07219498197082,0.8548161387443542,1.5929e-06,4096.0,0.11842906475067139
18680,108.27022363297874,1.5816197395324707,1.59596e-06,4096.0,0.12020474672317505
18720,108.4677152109798,1.5721654891967773,1.59902e-06,4096.0,0.10723268985748291
18760,108.66561945201829,1.288837194442749,1.60208e-06,4096.0,0.12113182991743088
18800,108.86350295302691,0.7245751023292542,1.60514e-06,4096.0,0.11879359930753708
18840,109.06110034201993,0.6544026732444763,1.6082000000000001e-06,4096.0,0.10930822044610977
18880,109.25905632402282,0.7437427639961243,1.6112599999999999e-06,4096.0,0.11222036182880402
18920,109.45618512999499,1.9294370412826538,1.61432e-06,4096.0,0.16554218530654907
18960,109.65382407000288,0.8932382464408875,1.6173799999999998e-06,4096.0,0.13129939138889313
19000,109.85162510199007,0.6087153553962708,1.6204399999999998e-06,4096.0,0.11039891093969345
19040,110.04925758199533,1.1895045042037964,1.6235e-06,4096.0,0.12001142650842667
19080,110.24692242202582,1.6140185594558716,1.6265599999999998e-06,4096.0,0.15329423546791077
19120,110.4447807240067,0.8274526000022888,1.62962e-06,4096.0,0.13038678467273712
19160,110.64242183498573,1.2986068725585938,1.6326799999999997e-06,4096.0,0.12457376718521118
19200,110.84036023798399,1.8294718265533447,1.63574e-06,4096.0,0.1156366616487503
19240,111.03841399098746,0.810230016708374,1.6387999999999999e-06,4096.0,0.11119308322668076
19280,111.23636823502602,0.7042362689971924,1.64186e-06,4096.0,0.10419304668903351
19320,111.4343815179891,1.1945339441299438,1.6449199999999998e-06,4096.0,0.11654140800237656
19360,111.63223087100778,0.7255477905273438,1.6479799999999998e-06,4096.0,0.10750485956668854
19400,111.83000263397116,0.7490633726119995,1.65104e-06,4096.0,0.12538577616214752
19440,112.02813694899669,1.0754508972167969,1.6541e-06,4096.0,0.11609377712011337
19480,112.22583532100543,1.406721830368042,1.65716e-06,4096.0,0.1397055685520172
19520,112.42386998597067,0.6588096022605896,1.6602200000000001e-06,4096.0,0.10852145403623581
19560,112.62204562098486,1.6731579303741455,1.66328e-06,4096.0,0.11176258325576782
19600,112.81950480298838,0.6326274275779724,1.6663399999999999e-06,4096.0,0.12002022564411163
19640,113.01781215000665,0.6209301948547363,1.6694e-06,4096.0,0.0960109755396843
19680,113.21552948298631,0.6582710146903992,1.6724599999999998e-06,4096.0,0.11383794993162155
19720,113.41335715597961,0.6823555827140808,1.67552e-06,4096.0,0.11463788896799088
19760,113.6111648909864,1.5117266178131104,1.6785799999999998e-06,4096.0,0.09922287613153458
19800,113.80894840497058,1.6701977252960205,1.68164e-06,4096.0,0.13498365879058838
19840,114.00702950102277,0.7055899500846863,1.6846999999999997e-06,4096.0,0.12008221447467804
19880,114.20464866398834,0.9664041996002197,1.6877600000000001e-06,4096.0,0.0976032242178917
19920,114.40257858898258,17.90434455871582,1.6908199999999999e-06,4096.0,0.14393477141857147
19960,114.6003981649992,0.8834747672080994,1.6938799999999999e-06,4096.0,0.1241409108042717
20000,114.79812847898575,1.170710802078247,1.6969399999999998e-06,4096.0,0.10137148201465607
20040,114.9956093619694,0.9955992698669434,1.7e-06,4096.0,0.12086512893438339
20080,115.19371844897978,0.6276227831840515,1.6999952397505873e-06,4096.0,0.11235388368368149
20120,115.39150592399528,0.994723916053772,1.6999809590562058e-06,4096.0,0.0935218334197998
20160,115.58917088899761,0.6821606159210205,1.6999571580784226e-06,4096.0,0.11550986766815186
20200,115.78708629502216,1.1145824193954468,1.699923837086516e-06,4096.0,0.0976715087890625
20240,115.98508872301318,0.8030222654342651,1.6998809964574703e-06,4096.0,0.10644876211881638
20280,116.18306636001216,0.6497430205345154,1.6998286366759727e-06,4096.0,0.09912998229265213
20320,116.38101210602326,0.6016213893890381,1.6997667583344068e-06,4096.0,0.10517573356628418
20360,116.57826744898921,1.3081005811691284,1.699695362132848e-06,4096.0,0.141950324177742
20400,116.7760974559933,1.0535463094711304,1.6996144488790524e-06,4096.0,0.1043873205780983
20440,116.97392687300453,1.2540252208709717,1.6995240194884504e-06,4096.0,0.0922708660364151
20480,117.17196018097457,0.6979173421859741,1.6994240749841357e-06,4096.0,0.12608540058135986
20520,117.36979645700194,0.8051759004592896,1.6993146164968522e-06,4096.0,0.12405872344970703
20560,117.56781651597703,0.6622869968414307,1.6991956452649832e-06,4096.0,0.11052077263593674
20600,117.7656260629883,0.9511609077453613,1.6990671626345368e-06,4096.0,0.08300193399190903
20640,117.96328218997223,0.8876450657844543,1.6989291700591296e-06,4096.0,0.11521565914154053
20680,118.16089277598076,0.7419483661651611,1.6987816690999715e-06,4096.0,0.10424830764532089
20720,118.35881009401055,0.7884547710418701,1.698624661425848e-06,4096.0,0.11304227262735367
20760,118.55674247199204,0.8103905320167542,1.6984581488131e-06,4096.0,0.11366225779056549
20800,118.75473230198259,0.5135865807533264,1.698282133145606e-06,4096.0,0.1057502031326294
20840,118.95213709701784,1.2268948554992676,1.6980966164147585e-06,4096.0,0.08221031725406647
20880,119.14978885400342,0.9351969361305237,1.6979016007194424e-06,4096.0,0.09149277210235596
20920,119.3477807539748,0.8755360245704651,1.6976970882660112e-06,4096.0,0.10348024219274521
20960,119.5457020829781,2.351806402206421,1.6974830813682628e-06,4096.0,0.10137937217950821
21000,119.74362908198964,0.57722008228302,1.6972595824474123e-06,4096.0,0.08529870957136154
21040,119.9416280129808,0.5894157290458679,1.6970265940320644e-06,4096.0,0.11587195843458176
21080,120.13960229197983,0.5927427411079407,1.696784118758186e-06,4096.0,0.09476064890623093
21120,120.337443641969,1.032498836517334,1.6965321593690754e-06,4096.0,0.12378206104040146
21160,120.53522543096915,0.7346278429031372,1.6962707187153317e-06,4096.0,0.11955349892377853
21200,120.73327415197855,0.7374649047851562,1.6959997997548226e-06,4096.0,0.10621807724237442
21240,120.93118549202336,0.6555414199829102,1.6957194055526495e-06,4096.0,0.11139573901891708
21280,121.1290462220204,0.5436958074569702,1.6954295392811163e-06,4096.0,0.08832532167434692
21320,121.32668023102451,0.9311312437057495,1.695130204219689e-06,4096.0,0.10079222172498703
21360,121.52468867198331,0.4820084571838379,1.6948214037549623e-06,4096.0,0.0788879469037056
21400,121.72243616200285,0.6535794734954834,1.6945031413806192e-06,4096.0,0.08839881420135498
21440,121.92002650001086,0.7097182273864746,1.694175420697393e-06,4096.0,0.11606883257627487
21480,122.11783133097924,0.45418789982795715,1.6938382454130248e-06,4096.0,0.09248001128435135
21520,122.31573260197183,1.0981653928756714,1.6934916193422224e-06,4096.0,0.10828270763158798
21560,122.51366581302136,1.1078579425811768,1.693135546406618e-06,4096.0,0.11336871236562729
21600,122.71174667601008,0.5859300494194031,1.692770030634722e-06,4096.0,0.07656849920749664
21640,122.9096953580156,0.8122315406799316,1.6923950761618797e-06,4096.0,0.1060449630022049
21680,123.10774698102614,1.6278619766235352,1.6920106872302223e-06,4096.0,0.09108664840459824
21720,123.30533568997635,0.7281225323677063,1.6916168681886199e-06,4096.0,0.10064369440078735
21760,123.50318085198523,16.9643611907959,1.6912136234926324e-06,4096.0,0.08553627878427505
21800,123.70138457696885,0.6756496429443359,1.6908009577044593e-06,4096.0,0.09837526082992554
21840,123.89939502999187,0.5374385118484497,1.6903788754928875e-06,4096.0,0.10340099781751633
21880,124.09698233002564,0.7821587324142456,1.6899473816332382e-06,4096.0,0.12170135229825974
21920,124.29498790297657,0.9584585428237915,1.6895064810073148e-06,4096.0,0.10052918642759323
21960,124.49265433498658,0.5761770606040955,1.6890561786033444e-06,4096.0,0.08695996552705765
22000,124.69032327597961,1.0612677335739136,1.6885964795159247e-06,4096.0,0.0805862545967102
22040,124.88841408101143,0.6746467351913452,1.688127388945964e-06,4096.0,0.09854166954755783
22080,125.08616162301041,0.6412276029586792,1.6876489122006243e-06,4096.0,0.08917267620563507
22120,125.28415813698666,0.9638157486915588,1.6871610546932584e-06,4096.0,0.09853774309158325
22160,125.48207968997303,0.9811698794364929,1.6866638219433523e-06,4096.0,0.1335424929857254
22200,125.67965080199065,0.5599774718284607,1.6861572195764601e-06,4096.0,0.1026502177119255
22240,125.87752716499381,0.5497297644615173,1.6856412533241407e-06,4096.0,0.10259892046451569
22280,126.07524815801298,0.7398531436920166,1.6851159290238944e-06,4096.0,0.09181518852710724
22320,126.27291528997011,0.678601086139679,1.6845812526190952e-06,4096.0,0.09299256652593613
22360,126.47065542300697,2.1885292530059814,1.6840372301589248e-06,4096.0,0.09531380981206894
22400,126.66869622899685,0.7239364981651306,1.6834838677983028e-06,4096.0,0.105538509786129
22440,126.86653543298598,0.6872881650924683,1.682921171797818e-06,4096.0,0.09537669271230698
22480,127.06391475402052,0.7883049845695496,1.6823491485236584e-06,4096.0,0.106827512383461
22520,127.26209106098395,0.4865576922893524,1.6817678044475369e-06,4096.0,0.10288816690444946
22560,127.45969365298515,0.6132646799087524,1.6811771461466205e-06,4096.0,0.09734677523374557
22600,127.657830489974,0.500420331954956,1.6805771803034539e-06,4096.0,0.10087268799543381
22640,127.85549358400749,0.667743980884552,1.679967913705885e-06,4096.0,0.10557766258716583
22680,128.05313083797228,0.5473265647888184,1.6793493532469886e-06,4096.0,0.09245681762695312
22720,128.25092276197392,0.8617735505104065,1.6787215059249865e-06,4096.0,0.09958125650882721
22760,128.44874991697725,0.6015114784240723,1.6780843788431702e-06,4096.0,0.09340500086545944
22800,128.6467186040245,0.5931356549263,1.6774379792098196e-06,4096.0,0.08460389822721481
22840,128.8445520590176,0.6406552195549011,1.6767823143381222e-06,4096.0,0.11120610684156418
22880,129.0423974749865,0.8316605687141418,1.6761173916460892e-06,4096.0,0.0883442834019661
22920,129.24029120098567,0.5967695116996765,1.6754432186564723e-06,4096.0,0.11155028641223907
22960,129.43802492599934,0.5705723762512207,1.674759802996679e-06,4096.0,0.08766541630029678
23000,129.63583655201364,0.7279729247093201,1.6740671523986858e-06,4096.0,0.11563494056463242
23040,129.83344529697206,1.0003924369812012,1.6733652746989493e-06,4096.0,0.11467576026916504
23080,130.03130423399853,0.8162285089492798,1.6726541778383212e-06,4096.0,0.0779961347579956
23120,130.2292963709915,0.5169536471366882,1.671933869861955e-06,4096.0,0.0814431831240654
23160,130.42690878600115,1.3586775064468384,1.6712043589192164e-06,4096.0,0.09236929565668106
23200,130.62455780198798,0.4503655731678009,1.6704656532635909e-06,4096.0,0.08352822810411453
23240,130.82252058997983,1.1919244527816772,1.6697177612525901e-06,4096.0,0.08929495513439178
23280,131.02028786600567,1.2775198221206665,1.6689606913476584e-06,4096.0,0.09458265453577042
23320,131.21826825401513,1.5565860271453857,1.6681944521140754e-06,4096.0,0.09718380123376846
23360,131.41630784299923,0.6193857192993164,1.6674190522208609e-06,4096.0,0.10166418552398682
23400,131.61425918102032,0.7515895366668701,1.6666345004406749e-06,4096.0,0.08976846188306808
23440,131.81209370901342,0.6878025531768799,1.6658408056497197e-06,4096.0,0.10499032586812973
23480,132.0098241060041,1.3603767156600952,1.6650379768276398e-06,4096.0,0.08320461958646774
23520,132.20780405501137,0.7610568404197693,1.664226023057418e-06,4096.0,0.0769595354795456
23560,132.40572796401102,0.7788825035095215,1.6634049535252762e-06,4096.0,0.10909123718738556
23600,132.60377378301928,1.0922400951385498,1.662574777520568e-06,4096.0,0.08441375941038132
23640,132.80140158097493,0.7204077839851379,1.661735504435676e-06,4096.0,0.07958026975393295
23680,132.9993657799787,0.43725720047950745,1.6608871437659042e-06,4096.0,0.08431290835142136
23720,133.19734279002296,0.8109300136566162,1.6600297051093709e-06,4096.0,0.09398656338453293
23760,133.39512482797727,0.7793119549751282,1.6591631981669007e-06,4096.0,0.08945707976818085
23800,133.5933365590172,1.341701626777649,1.6582876327419141e-06,4096.0,0.10107331722974777
23840,133.79105193802388,0.5911234617233276,1.657403018740317e-06,4096.0,0.08645892888307571
23880,133.9889496579999,0.45604777336120605,1.6565093661703873e-06,4096.0,0.0808754488825798
23920,134.18698015797418,0.5274811387062073,1.6556066851426646e-06,4096.0,0.0971822664141655
23960,134.38519071997143,1.0835903882980347,1.654694985869832e-06,4096.0,0.08228722214698792
24000,134.58323426102288,0.74039626121521,1.6537742786666048e-06,4096.0,0.10378487408161163
24040,134.7811770719709,0.7620974779129028,1.6528445739496092e-06,4096.0,0.07645019143819809
24080,134.97922450397164,0.3477862477302551,1.6519058822372683e-06,4096.0,0.08124017715454102
24120,135.17698713298887,0.4526728689670563,1.650958214149681e-06,4096.0,0.08165273815393448
24160,135.37435292999726,0.711114227771759,1.6500015804085025e-06,4096.0,0.13049279153347015
24200,135.57226327102398,0.5269030928611755,1.6490359918368233e-06,4096.0,0.09087388962507248
24240,135.77051626401953,0.4969598352909088,1.6480614593590458e-06,4096.0,0.07707115262746811
24280,135.96834146499168,0.4697501063346863,1.6470779940007618e-06,4096.0,0.10050468891859055
24320,136.16657732898602,0.8797804713249207,1.646085606888627e-06,4096.0,0.08955966681241989
24360,136.36455112998374,1.9236329793930054,1.645084309250235e-06,4096.0,0.09387293457984924
24400,136.562792703975,0.4725129008293152,1.6440741124139916e-06,4096.0,0.08180733770132065
24440,136.76068216597196,0.5123217105865479,1.6430550278089849e-06,4096.0,0.10670095682144165
24480,136.95877306902548,0.3974266052246094,1.6420270669648565e-06,4096.0,0.08189492672681808
24520,137.15646284999093,0.8957923650741577,1.6409902415116724e-06,4096.0,0.08367189764976501
24560,137.35437142197043,0.4726850390434265,1.6399445631797892e-06,4096.0,0.08004223555326462
24600,137.55237191502238,1.0348737239837646,1.6388900437997233e-06,4096.0,0.06926540285348892
24640,137.7501771170064,0.4432477056980133,1.6378266953020161e-06,4096.0,0.08010031282901764
24680,137.94810802896973,0.5561876893043518,1.636754529717099e-06,4096.0,0.07684411853551865
24720,138.14581858098973,0.6023253798484802,1.6356735591751577e-06,4096.0,0.10775716602802277
24760,138.3437644339865,0.5012922286987305,1.6345837959059945e-06,4096.0,0.09068738669157028
24800,138.54162685602205,1.099320888519287,1.6334852522388904e-06,4096.0,0.08958157896995544
24840,138.73940396902617,0.6810305714607239,1.6323779406024656e-06,4096.0,0.08861684799194336
24880,138.93744948302628,1.1037414073944092,1.6312618735245379e-06,4096.0,0.07842081040143967
24920,139.1350510540069,0.3727778196334839,1.630137063631983e-06,4096.0,0.07286134362220764
24960,139.33289460698143,0.5385311841964722,1.629003523650589e-06,4096.0,0.08195368945598602
25000,139.530852521013,0.5980345606803894,1.6278612664049148e-06,4096.0,0.07638897746801376
25040,139.7286552049918,0.7830047607421875,1.6267103048181442e-06,4096.0,0.08195830881595612
25080,139.92646760802018,0.5678225755691528,1.6255506519119379e-06,4096.0,0.10960358381271362
25120,140.12440382299246,0.5614872574806213,1.62438232080629e-06,4096.0,0.08524522930383682
25160,140.32228098600172,0.5098240971565247,1.6232053247193758e-06,4096.0,0.09337256848812103
25200,140.52011561999097,1.7514995336532593,1.622019676967404e-06,4096.0,0.11118534952402115
25240,140.71787509397836,0.9178647398948669,1.6208253909644673e-06,4096.0,0.10518559068441391
25280,140.91581379901618,0.4503866732120514,1.6196224802223863e-06,4096.0,0.08096151053905487
25320,141.1137233839836,0.6362951993942261,1.618410958350563e-06,4096.0,0.08355432003736496
25360,141.31187834998127,0.7392944097518921,1.6171908390558202e-06,4096.0,0.0917939618229866
25400,141.50991008599522,0.9937824606895447,1.615962136142252e-06,4096.0,0.09232210367918015
25440,141.70744770899182,0.49849191308021545,1.6147248635110633e-06,4096.0,0.0874444842338562
25480,141.90541647502687,0.675265908241272,1.613479035160416e-06,4096.0,0.10583295673131943
25520,142.10381316399435,0.8262994885444641,1.6122246651852675e-06,4096.0,0.06608721613883972
25560,142.30163534899475,0.5177754163742065,1.6109617677772142e-06,4096.0,0.08808297663927078
25600,142.4996990460204,0.4207809567451477,1.6096903572243294e-06,4096.0,0.06881057471036911
25640,142.69761900202138,0.7165389060974121,1.6084104479110003e-06,4096.0,0.09938489645719528
25680,142.8956645890139,0.5599889755249023,1.6071220543177682e-06,4096.0,0.07279367744922638
25720,143.09359310602304,0.4127514958381653,1.6058251910211624e-06,4096.0,0.07282493263483047
25760,143.29136875097174,0.5741246342658997,1.6045198726935374e-06,4096.0,0.07689101248979568
25800,143.4890697359806,0.6673206090927124,1.6032061141029036e-06,4096.0,0.10387147963047028
25840,143.68683353200322,1.1538478136062622,1.6018839301127636e-06,4096.0,0.09040021151304245
25880,143.88483218901092,0.32674872875213623,1.600553335681942e-06,4096.0,0.07987958192825317
25920,144.08262335602194,0.5185778141021729,1.5992143458644176e-06,4096.0,0.09578336030244827
25960,144.28040281200083,0.33778780698776245,1.5978669758091517e-06,4096.0,0.07657785713672638
26000,144.47828305797884,0.6744574904441833,1.5965112407599169e-06,4096.0,0.07661191374063492
26040,144.67597263498465,0.5779373645782471,1.5951471560551257e-06,4096.0,0.0915173664689064
26080,144.87384950200794,0.4117944538593292,1.5937747371276557e-06,4096.0,0.07349931448698044
26120,145.0717733100173,0.8230445981025696,1.5923939995046772e-06,4096.0,0.08080929517745972
26160,145.26986466901144,0.42537224292755127,1.5910049588074736e-06,4096.0,0.07754311710596085
26200,145.46750163502293,0.3865857720375061,1.5896076307512684e-06,4096.0,0.08006013929843903
26240,145.66547039302532,1.0203042030334473,1.5882020311450457e-06,4096.0,0.09461070597171783
26280,145.86329724098323,0.4209723174571991,1.5867881758913715e-06,4096.0,0.08062420040369034
26320,146.06105654797284,0.477133184671402,1.5853660809862143e-06,4096.0,0.07844365388154984
26360,146.25865140499081,0.82021564245224,1.5839357625187633e-06,4096.0,0.07056360691785812
26400,146.4562167910044,0.6487314105033875,1.5824972366712472e-06,4096.0,0.09199792146682739
26440,146.65379532700172,0.6306109428405762,1.5810505197187506e-06,4096.0,0.08692333102226257
26480,146.8516693559941,0.7657210230827332,1.5795956280290296e-06,4096.0,0.09216366708278656
26520,147.0493296040222,0.8462734222412109,1.5781325780623276e-06,4096.0,0.0920473262667656
26560,147.24709423200693,0.9151345491409302,1.5766613863711882e-06,4096.0,0.08767841011285782
26600,147.4450277009746,0.8117810487747192,1.5751820696002684e-06,4096.0,0.08157338947057724
26640,147.64249021699652,0.7006447911262512,1.5736946444861496e-06,4096.0,0.07360302656888962
26680,147.84025519597344,0.668107807636261,1.5721991278571498e-06,4096.0,0.09211330115795135
26720,148.03790997399483,0.6928949952125549,1.5706955366331308e-06,4096.0,0.07270083576440811
26760,148.23569879302522,0.38998135924339294,1.5691838878253093e-06,4096.0,0.05500325188040733
26800,148.43357922299765,0.5678519010543823,1.5676641985360628e-06,4096.0,0.07836463302373886
26840,148.6313416219782,0.4323368966579437,1.5661364859587365e-06,4096.0,0.07417898625135422
26880,148.8290939719882,0.8781748414039612,1.5646007673774493e-06,4096.0,0.06922196596860886
26920,149.02671364002163,2.362665891647339,1.563057060166897e-06,4096.0,0.08785071969032288
26960,149.22468846099218,1.1803538799285889,1.5615053817921576e-06,4096.0,0.06376508623361588
27000,149.42229736899026,1.0916911363601685,1.5599457498084918e-06,4096.0,0.09020672738552094
27040,149.62021240999456,0.6857857704162598,1.5583781818611455e-06,4096.0,0.08816081285476685
27080,149.81796232098714,0.7547145485877991,1.5568026956851503e-06,4096.0,0.07831386476755142
27120,150.01566362997983,0.4782196879386902,1.5552193091051219e-06,4096.0,0.0705048218369484
27160,150.2132951800013,0.5742671489715576,1.5536280400350588e-06,4096.0,0.09840493649244308
27200,150.4111817809753,0.7534137964248657,1.552028906478141e-06,4096.0,0.07417198270559311
27240,150.6091243029805,0.5830669403076172,1.5504219265265234e-06,4096.0,0.08401267975568771
27280,150.80707933497615,0.5365521907806396,1.5488071183611351e-06,4096.0,0.08182244002819061
27320,151.00524098798633,0.7329267263412476,1.547184500251469e-06,4096.0,0.06952305138111115
27360,151.2033375009778,1.4093633890151978,1.545554090555379e-06,4096.0,0.07649792730808258
27400,151.4009575509699,0.49676749110221863,1.5439159077188707e-06,4096.0,0.08007150888442993
27440,151.59870043297997,0.9107328057289124,1.5422699702758928e-06,4096.0,0.0699322372674942
27480,151.79657652502647,0.598234236240387,1.5406162968481275e-06,4096.0,0.07218898087739944
27520,151.99469473899808,0.7507829666137695,1.5389549061447792e-06,4096.0,0.06318793445825577
27560,152.19248082098784,3.5898399353027344,1.5372858169623644e-06,4096.0,0.08953691273927689
27600,152.3906778949895,0.43189528584480286,1.5356090481844973e-06,4096.0,0.07600940763950348
27640,152.58847223798512,1.408385992050171,1.5339246187816776e-06,4096.0,0.07817929238080978
27680,152.7861307489802,0.5247562527656555,1.5322325478110744e-06,4096.0,0.09615105390548706
27720,152.98425700399093,0.7853461503982544,1.530532854416312e-06,4096.0,0.06911643594503403
27760,153.18249729002127,0.46421727538108826,1.5288255578272523e-06,4096.0,0.09864132851362228
27800,153.38002553000115,0.6567015647888184,1.5271106773597783e-06,4096.0,0.07277967780828476
27840,153.57793244399363,0.5712277293205261,1.5253882324155742e-06,4096.0,0.08179593086242676
27880,153.77563679602463,1.4019626379013062,1.5236582424819067e-06,4096.0,0.0959906205534935
27920,153.97365972097032,1.1039483547210693,1.521920727131405e-06,4096.0,0.09855599701404572
27960,154.17171434598276,0.8770647048950195,1.520175706021838e-06,4096.0,0.09151345491409302
28000,154.36959289002698,0.5486060976982117,1.5184231988958932e-06,4096.0,0.08357838541269302
28040,154.5673664729693,0.4445591866970062,1.516663225580953e-06,4096.0,0.0756540447473526
28080,154.76492597500328,0.7263404130935669,1.5148958059888695e-06,4096.0,0.07494162768125534
28120,154.9628330200212,0.4565069079399109,1.5131209601157405e-06,4096.0,0.0817941352725029
28160,155.1608127449872,0.4983392655849457,1.5113387080416825e-06,4096.0,0.06616287678480148
28200,155.35882702097297,0.3751218020915985,1.5095490699306035e-06,4096.0,0.061447251588106155
28240,155.55652460397687,0.7372552156448364,1.5077520660299756e-06,4096.0,0.07771247625350952
28280,155.75443674001144,0.566899299621582,1.5059477166706048e-06,4096.0,0.07219443470239639
28320,155.95192322199,0.6749226450920105,1.5041360422664027e-06,4096.0,0.080625981092453
28360,156.14968612598022,0.6624009013175964,1.5023170633141528e-06,4096.0,0.07135280221700668
28400,156.3472618390224,1.831539511680603,1.5004908003932818e-06,4096.0,0.0731329694390297
28440,156.5453100759769,0.4006400406360626,1.4986572741656235e-06,4096.0,0.06457646936178207
28480,156.7430477309972,0.6606222987174988,1.4968165053751889e-06,4096.0,0.07072929292917252
28520,156.9406537549803,0.8396317958831787,1.4949685148479272e-06,4096.0,0.088515505194664
28560,157.13845134002622,0.5347666144371033,1.4931133234914944e-06,4096.0,0.07430217415094376
28600,157.33615189499687,0.5891122817993164,1.4912509522950129e-06,4096.0,0.07168583571910858
28640,157.53376162901986,1.420164942741394,1.4893814223288369e-06,4096.0,0.07865730673074722
28680,157.73168536601588,0.5249132513999939,1.4875047547443122e-06,4096.0,0.07894182205200195
28720,157.92943941097474,0.5929180979728699,1.4856209707735387e-06,4096.0,0.0840645581483841
28760,158.12723134702537,0.4357808530330658,1.4837300917291277e-06,4096.0,0.0731641948223114
28800,158.3252142050187,0.6687110662460327,1.4818321390039643e-06,4096.0,0.0835041031241417
28840,158.52337629301473,0.8409904837608337,1.4799271340709608e-06,4096.0,0.07068245857954025
28880,158.72117186000105,0.4842943847179413,1.4780150984828177e-06,4096.0,0.06448426097631454
28920,158.91905145702185,0.5868861675262451,1.476096053871778e-06,4096.0,0.07162757962942123
28960,159.11686738400022,0.7184435725212097,1.4741700219493835e-06,4096.0,0.07115725427865982
29000,159.3148253019899,0.46148890256881714,1.4722370245062272e-06,4096.0,0.07034307718276978
29040,159.51309233199572,0.47821563482284546,1.4702970834117095e-06,4096.0,0.07304001599550247
29080,159.71107084100368,0.47087547183036804,1.4683502206137885e-06,4096.0,0.0820733830332756
29120,159.90898884896887,4.220046520233154,1.4663964581387325e-06,4096.0,0.08520971983671188
29160,160.10687170701567,0.84408038854599,1.4644358180908712e-06,4096.0,0.09505260735750198
29200,160.30440568202175,1.356181025505066,1.4624683226523454e-06,4096.0,0.09930212795734406
29240,160.50224369001808,0.4564846158027649,1.4604939940828556e-06,4096.0,0.0652889534831047
29280,160.70013723900774,0.4529760181903839,1.4585128547194102e-06,4096.0,0.07005590200424194
29320,160.89809719799086,0.3615303337574005,1.4565249269760737e-06,4096.0,0.07015478610992432
29360,161.095915006008,0.46588143706321716,1.4545302333437117e-06,4096.0,0.0760180875658989
29400,161.29377123399172,0.5288524627685547,1.452528796389738e-06,4096.0,0.08767999708652496
29440,161.4917949939845,0.49229222536087036,1.4505206387578578e-06,4096.0,0.06852755695581436
29480,161.68974162399536,0.4797499477863312,1.4485057831678128e-06,4096.0,0.07193708419799805
29520,161.88750712201,0.4778445065021515,1.4464842524151229e-06,4096.0,0.06785898655653
29560,162.08563290297752,0.6771807670593262,1.4444560693708296e-06,4096.0,0.059936851263046265
29600,162.28336619201582,0.6033656001091003,1.4424212569812362e-06,4096.0,0.09171845018863678
29640,162.480671976984,1.5497833490371704,1.4403798382676481e-06,4096.0,0.08323531597852707
29680,162.67857658700086,0.5057273507118225,1.438331836326114e-06,4096.0,0.06390561908483505
29720,162.87634098599665,0.5959614515304565,1.4362772743271634e-06,4096.0,0.07051076740026474
29760,163.07432662701467,0.3662683367729187,1.4342161755155425e-06,4096.0,0.05312981829047203
29800,163.27191132499138,0.4495079815387726,1.4321485632099552e-06,4096.0,0.06463513523340225
29840,163.46983939502388,0.5476458072662354,1.4300744608027968e-06,4096.0,0.06610957533121109
29880,163.66772195597878,0.6400123238563538,1.4279938917598899e-06,4096.0,0.07306309789419174
29920,163.86562422697898,0.6297577023506165,1.425906879620218e-06,4096.0,0.06703784316778183
29960,164.06350227701478,0.45417624711990356,1.4238134479956608e-06,4096.0,0.08002065867185593
30000,164.26123577699764,0.7280294895172119,1.4217136205707267e-06,4096.0,0.07789894193410873
30040,164.45914337801514,0.4344182014465332,1.419607421102283e-06,4096.0,0.06790981441736221
30080,164.65705079899635,0.5444836020469666,1.41749487341929e-06,4096.0,0.06135808303952217
30120,164.85500071098795,0.5216096043586731,1.4153760014225285e-06,4096.0,0.07918863743543625
30160,165.05298841302283,0.524255633354187,1.413250829084333e-06,4096.0,0.08389241993427277
30200,165.25076291401638,0.47482216358184814,1.4111193804483156e-06,4096.0,0.06945457309484482
30240,165.44862266501877,0.5328605771064758,1.4089816796290987e-06,4096.0,0.08089961856603622
30280,165.6468058489845,0.4800202250480652,1.4068377508120399e-06,4096.0,0.07277742773294449
30320,165.84470639098436,0.5516546368598938,1.404687618252958e-06,4096.0,0.09255774319171906
30360,166.04245425201952,1.1317862272262573,1.4025313062778594e-06,4096.0,0.08323470503091812
30400,166.24027649400523,0.4430192708969116,1.4003688392826628e-06,4096.0,0.05910534784197807
30440,166.43839043797925,0.6056396961212158,1.3982002417329236e-06,4096.0,0.06444533914327621
30480,166.63626330997795,0.5298498272895813,1.3960255381635559e-06,4096.0,0.060596298426389694
30520,166.83416342298733,0.48390811681747437,1.3938447531785555e-06,4096.0,0.07452498376369476
30560,167.03196254500654,0.5964441895484924,1.3916579114507226e-06,4096.0,0.06366652250289917
30600,167.22995550901396,0.3966263234615326,1.389465037721381e-06,4096.0,0.06876453012228012
30640,167.42770678998204,0.45360761880874634,1.3872661568000987e-06,4096.0,0.08952999860048294
30680,167.62546878302237,0.4547429382801056,1.3850612935644079e-06,4096.0,0.060922831296920776
30720,167.82327554601943,0.5343650579452515,1.3828504729595232e-06,4096.0,0.07241225242614746
30760,168.0206851660041,0.7009180188179016,1.380633719998059e-06,4096.0,0.07837865501642227
30800,168.21824309701333,0.5457526445388794,1.3784110597597462e-06,4096.0,0.08598336577415466
30840,168.41612798999995,0.6383295059204102,1.3761825173911497e-06,4096.0,0.07029183954000473
30880,168.61407377501018,0.5146037340164185,1.3739481181053831e-06,4096.0,0.07516161352396011
30920,168.81212437001523,0.4842115044593811,1.3717078871818237e-06,4096.0,0.07107346504926682
30960,169.01001160399755,0.40723294019699097,1.3694618499658253e-06,4096.0,0.0708686113357544
31000,169.20773649698822,1.0236670970916748,1.3672100318684337e-06,4096.0,0.07908418029546738
31040,169.40535664901836,1.104719638824463,1.364952458366098e-06,4096.0,0.08402057737112045
31080,169.6033765139873,0.6296055912971497,1.3626891550003814e-06,4096.0,0.07715699821710587
31120,169.80137187999208,0.5425211787223816,1.3604201473776738e-06,4096.0,0.06680560111999512
31160,169.99912980402587,0.358964741230011,1.3581454611689014e-06,4096.0,0.06343578547239304
31200,170.19702875899384,0.3108007311820984,1.3558651221092369e-06,4096.0,0.05556568130850792
31240,170.39492606400745,0.42893487215042114,1.353579155997806e-06,4096.0,0.06596206873655319
31280,170.59270865801955,0.34622907638549805,1.3512875886973997e-06,4096.0,0.07667878270149231
31320,170.79053796298103,0.7318717837333679,1.3489904461341776e-06,4096.0,0.06987617909908295
31360,170.98857084900374,0.5058987140655518,1.3466877542973776e-06,4096.0,0.061986424028873444
31400,171.18646763497964,0.920783281326294,1.3443795392390187e-06,4096.0,0.07229351252317429
31440,171.38439138099784,0.3011173605918884,1.3420658270736102e-06,4096.0,0.05735510587692261
31480,171.5823239570018,0.3495997190475464,1.3397466439778527e-06,4096.0,0.063997283577919
31520,171.7800960019813,0.4158579111099243,1.3374220161903441e-06,4096.0,0.07880903780460358
31560,171.97777828702237,0.7179911136627197,1.3350919700112817e-06,4096.0,0.06477940082550049
31600,172.17527975002304,0.5631210207939148,1.332756531802165e-06,4096.0,0.07592566311359406
31640,172.37299089500448,0.5136786103248596,1.3304157279854974e-06,4096.0,0.0723419189453125
31680,172.57084411097458,0.42107611894607544,1.3280695850444882e-06,4096.0,0.06232725456357002
31720,172.76831643498736,0.7085461616516113,1.3257181295227503e-06,4096.0,0.0872400552034378
31760,172.96630604297388,0.41309255361557007,1.323361388024003e-06,4096.0,0.057445354759693146
31800,173.1639820979908,0.47739312052726746,1.3209993872117702e-06,4096.0,0.05882176384329796
31840,173.36186133499723,0.3581019639968872,1.3186321538090766e-06,4096.0,0.06990963965654373
31880,173.5595355600235,0.7183803915977478,1.3162597145981475e-06,4096.0,0.06637056916952133
31920,173.757607749023,0.3876098096370697,1.313882096420106e-06,4096.0,0.05935966596007347
31960,173.95507351402193,0.6260641813278198,1.311499326174669e-06,4096.0,0.06484363228082657
32000,174.15289710101206,0.3563854992389679,1.30911143081984e-06,4096.0,0.06230989098548889
32040,174.35122852097265,0.9954642653465271,1.3067184373716092e-06,4096.0,0.07153838127851486
32080,174.5491609890014,0.49503403902053833,1.304320372903644e-06,4096.0,0.07229434698820114
32120,174.7472417189856,0.4262940287590027,1.3019172645469844e-06,4096.0,0.07354620844125748
32160,174.94536732899724,0.31707656383514404,1.299509139489735e-06,4096.0,0.054114241153001785
32200,175.14329632697627,0.3668679893016815,1.2970960249767582e-06,4096.0,0.06227370724081993
32240,175.34123481501592,0.45257729291915894,1.294677948309366e-06,4096.0,0.05973110347986221
32280,175.53916075400775,0.7670785784721375,1.292254936845011e-06,4096.0,0.07075104862451553
32320,175.73716865398455,0.3552021384239197,1.289827017996976e-06,4096.0,0.06275305896997452
32360,175.93488696101122,0.4199897050857544,1.287394219234065e-06,4096.0,0.05298065021634102
32400,176.13269658997888,0.5275409817695618,1.284956568080292e-06,4096.0,0.06384843587875366
32440,176.33062247897033,0.3270333409309387,1.2825140921145693e-06,4096.0,0.0676775574684143
32480,176.52828813600354,0.610912561416626,1.2800668189703965e-06,4096.0,0.06570275127887726
32520,176.72621293598786,0.928348958492279,1.2776147763355465e-06,4096.0,0.07209606468677521
32560,176.92420134600252,0.38934236764907837,1.2751579919517536e-06,4096.0,0.04578721523284912
32600,177.12227821699344,0.6283711194992065,1.2726964936143979e-06,4096.0,0.08840387314558029
32640,177.32035254698712,0.38989049196243286,1.2702303091721923e-06,4096.0,0.055926334112882614
32680,177.5180274459999,0.41411229968070984,1.2677594665268677e-06,4096.0,0.08069419860839844
32720,177.7156943840091,0.34071651101112366,1.2652839936328563e-06,4096.0,0.06329908221960068
32760,177.91374547500163,0.4155031144618988,1.2628039184969744e-06,4096.0,0.05505925416946411
32800,178.11130986298667,0.8948913812637329,1.260319269178109e-06,4096.0,0.08318621665239334
32840,178.30893413198646,0.5697303414344788,1.257830073786896e-06,4096.0,0.07314782589673996
32880,178.50687582197133,0.45116692781448364,1.2553363604854058e-06,4096.0,0.06194406375288963
32920,178.70470781298354,0.4871208071708679,1.2528381574868224e-06,4096.0,0.0538209043443203
32960,178.9024774520076,0.48088544607162476,1.2503354930551256e-06,4096.0,0.06998471915721893
33000,179.100141701987,0.529076099395752,1.24782839550477e-06,4096.0,0.055828120559453964
33040,179.29790456197225,0.38958826661109924,1.2453168932003656e-06,4096.0,0.05338753014802933
33080,179.49575789197115,0.7866869568824768,1.2428010145563563e-06,4096.0,0.06606533378362656
33120,179.6935762729845,1.296193242073059,1.2402807880366994e-06,4096.0,0.07900750637054443
33160,179.8910502520157,1.0591036081314087,1.2377562421545423e-06,4096.0,0.06560273468494415
33200,180.0887402619701,0.9549160599708557,1.2352274054719005e-06,4096.0,0.07375123351812363
33240,180.28646655200282,0.9530579447746277,1.2326943065993342e-06,4096.0,0.07140606641769409
33280,180.4837882000138,0.5291619300842285,1.230156974195625e-06,4096.0,0.08031298965215683
33320,180.68157243099995,0.4308414161205292,1.2276154369674533e-06,4096.0,0.06018264219164848
33360,180.87927377200685,0.4709836542606354,1.225069723669068e-06,4096.0,0.05333281680941582
33400,181.07708606298547,0.8934201002120972,1.2225198631019678e-06,4096.0,0.09054534882307053
33440,181.27508712600684,0.5635619163513184,1.2199658841145717e-06,4096.0,0.06144148111343384
33480,181.47310947900405,0.4469723105430603,1.2174078156018938e-06,4096.0,0.07154136896133423
33520,181.67088975099614,0.5078858733177185,1.2148456865052144e-06,4096.0,0.0628514513373375
33560,181.86880018399097,0.7410485744476318,1.2122795258117557e-06,4096.0,0.08218246698379517
33600,182.06656606600154,0.3199220895767212,1.2097093625543518e-06,4096.0,0.05006160959601402
33640,182.2644087279914,0.4398137331008911,1.2071352258111211e-06,4096.0,0.0719553604722023
33680,182.46228528098436,0.41743403673171997,1.2045571447051357e-06,4096.0,0.07195873558521271
33720,182.66019660502207,0.9619572758674622,1.2019751484040942e-06,4096.0,0.06257056444883347
33760,182.85793870699126,0.4543670415878296,1.1993892661199908e-06,4096.0,0.07633765786886215
33800,183.0557945399778,0.7667414546012878,1.1967995271087836e-06,4096.0,0.059966232627630234
33840,183.25344849197427,0.4332869052886963,1.1942059606700653e-06,4096.0,0.05748319253325462
33880,183.45129414502298,0.47766026854515076,1.1916085961467313e-06,4096.0,0.06116488575935364
33920,183.6490425679949,0.525521993637085,1.1890074629246476e-06,4096.0,0.06467097997665405
33960,183.84661915997276,0.4367811679840088,1.1864025904323166e-06,4096.0,0.05779963731765747
34000,184.04424912197283,0.7423275709152222,1.1837940081405478e-06,4096.0,0.07040815055370331
34040,184.2422761769849,0.7256280183792114,1.1811817455621217e-06,4096.0,0.06027320772409439
34080,184.44006329099648,0.4973587989807129,1.178565832251456e-06,4096.0,0.05276094004511833
34120,184.63822811702266,0.36785805225372314,1.1759462978042721e-06,4096.0,0.07102576643228531
34160,184.836178062018,0.34573957324028015,1.17332317185726e-06,4096.0,0.05432618781924248
34200,185.03402699698927,1.8775768280029297,1.1706964840877433e-06,4096.0,0.053370654582977295
34240,185.2319285220001,0.41707682609558105,1.1680662642133427e-06,4096.0,0.06671113520860672
34280,185.43009978800546,0.4223765432834625,1.1654325419916396e-06,4096.0,0.05434379726648331
34320,185.62796016398352,0.4138619601726532,1.1627953472198405e-06,4096.0,0.06687033176422119
34360,185.82576768798754,0.4715161621570587,1.1601547097344407e-06,4096.0,0.05523226410150528
34400,186.0234733420075,0.5823824405670166,1.1575106594108825e-06,4096.0,0.06534842401742935
34440,186.22118257702095,0.43631336092948914,1.1548632261632224e-06,4096.0,0.07020751386880875
34480,186.4190782419755,0.38209792971611023,1.1522124399437902e-06,4096.0,0.05455946922302246
34520,186.616811297019,0.466827392578125,1.1495583307428496e-06,4096.0,0.05699329450726509
34560,186.81477449298836,0.527873694896698,1.1469009285882595e-06,4096.0,0.07259035855531693
34600,187.0128977210261,0.7646159529685974,1.1442402635451348e-06,4096.0,0.052767276763916016
34640,187.2105895060231,0.5950512886047363,1.1415763657155054e-06,4096.0,0.06328218430280685
34680,187.40861267299624,0.5286202430725098,1.1389092652379776e-06,4096.0,0.06701034307479858
34720,187.60644709900953,0.4030607044696808,1.1362389922873888e-06,4096.0,0.0633653923869133
34760,187.80440332600847,0.5313860774040222,1.133565577074471e-06,4096.0,0.06628167629241943
34800,188.0022959630005,0.3986474871635437,1.1308890498455064e-06,4096.0,0.06264908611774445
34840,188.20023736997973,0.9514153003692627,1.1282094408819858e-06,4096.0,0.07162755727767944
34880,188.3980044249911,0.3905844986438751,1.125526780500265e-06,4096.0,0.06216549873352051
34920,188.59566715097753,0.6636294722557068,1.1228410990512245e-06,4096.0,0.0857839286327362
34960,188.79347821802367,0.5226005911827087,1.1201524269199223e-06,4096.0,0.06262210756540298
35000,188.9912361939787,0.490594744682312,1.1174607945252534e-06,4096.0,0.07562427967786789
35040,189.18905668100342,0.42757856845855713,1.114766232319604e-06,4096.0,0.06305956095457077
35080,189.3868640679866,0.3923013508319855,1.112068770788507e-06,4096.0,0.06378448754549026
35120,189.58486612600973,0.4609629809856415,1.1093684404502992e-06,4096.0,0.04729035496711731
35160,189.7826557040098,0.3482453227043152,1.1066652718557718e-06,4096.0,0.059990156441926956
35200,189.9804228110006,1.6460177898406982,1.1039592955878288e-06,4096.0,0.06495687365531921
35240,190.17825266800355,0.45962342619895935,1.101250542261139e-06,4096.0,0.048193611204624176
35280,190.37611716601532,0.4196498394012451,1.098539042521791e-06,4096.0,0.06589303910732269
35320,190.5739517339971,0.3205716609954834,1.0958248270469435e-06,4096.0,0.056216027587652206
35360,190.77194420300657,0.5330843925476074,1.093107926544482e-06,4096.0,0.07142295688390732
35400,190.9698385319789,0.28822779655456543,1.0903883717526697e-06,4096.0,0.05689803510904312
35440,191.1674343990162,0.43757864832878113,1.0876661934397986e-06,4096.0,0.06483519077301025
35480,191.36492062400794,1.038022756576538,1.0849414224038432e-06,4096.0,0.06125688552856445
35520,191.5625672119786,0.6104839444160461,1.082214089472111e-06,4096.0,0.06335528939962387
35560,191.76045998098562,0.5333379507064819,1.079484225500895e-06,4096.0,0.04970468208193779
35600,191.95840758096892,0.5000517964363098,1.0767518613751223e-06,4096.0,0.054224491119384766
35640,192.15628404001473,0.3982048034667969,1.0740170280080067e-06,4096.0,0.07831776142120361
35680,192.35422779998044,0.4296133816242218,1.0712797563406985e-06,4096.0,0.06494981050491333
35720,192.55217392899795,0.40551114082336426,1.0685400773419352e-06,4096.0,0.05603037402033806
35760,192.74982939800248,0.6051575541496277,1.065798022007687e-06,4096.0,0.053150858730077744
35800,192.94759107701248,0.8104928135871887,1.063053621360813e-06,4096.0,0.09529207646846771
35840,193.14550591702573,0.6985692977905273,1.0603069064507042e-06,4096.0,0.07146499305963516
35880,193.3434594469727,0.6076062321662903,1.0575579083529362e-06,4096.0,0.06495746225118637
35920,193.5412889670115,0.9046260714530945,1.0548066581689137e-06,4096.0,0.07658379524946213
35960,193.73884485499002,0.4560161232948303,1.052053187025523e-06,4096.0,0.05675072222948074
36000,193.93673717597267,0.37698525190353394,1.0492975260747767e-06,4096.0,0.05910110101103783
36040,194.13459811598295,0.5385220050811768,1.0465397064934624e-06,4096.0,0.06206906959414482
36080,194.33232449600473,0.37069830298423767,1.0437797594827906e-06,4096.0,0.05848357826471329
36120,194.53001303499332,0.46241286396980286,1.0410177162680393e-06,4096.0,0.06520743668079376
36160,194.72769939497812,0.39834630489349365,1.038253608098204e-06,4096.0,0.04234257712960243
36200,194.92555352597265,0.49435827136039734,1.0354874662456418e-06,4096.0,0.048830997198820114
36240,195.1237279989873,0.4058711528778076,1.0327193220057182e-06,4096.0,0.05654017999768257
36280,195.32168786099646,0.4325597286224365,1.0299492066964536e-06,4096.0,0.06747668981552124
36320,195.5194515309995,0.48791423439979553,1.0271771516581686e-06,4096.0,0.06242953613400459
36360,195.71747388399672,1.392540454864502,1.0244031882531282e-06,4096.0,0.05287207290530205
36400,195.91527317499276,0.6376003623008728,1.0216273478651896e-06,4096.0,0.06186915561556816
36440,196.11314672697335,0.7198848128318787,1.0188496618994454e-06,4096.0,0.06068352609872818
36480,196.31102422898402,0.39572063088417053,1.0160701617818677e-06,4096.0,0.06916099041700363
36520,196.50888075999683,0.42447414994239807,1.0132888789589542e-06,4096.0,0.0600678026676178
36560,196.70704264502274,0.5380262136459351,1.0105058448973712e-06,4096.0,0.06234946846961975
36600,196.9047623159713,0.683483898639679,1.007721091083598e-06,4096.0,0.06801900267601013
36640,197.1024463570211,0.5405123829841614,1.0049346490235722e-06,4096.0,0.06318780034780502
36680,197.30004945700057,0.655518114566803,1.0021465502423287e-06,4096.0,0.06359157711267471
36720,197.4980008410057,0.47537466883659363,9.993568262836487e-07,4096.0,0.07223622500896454
36760,197.69559016200947,0.32475340366363525,9.965655087097e-07,4096.0,0.05481517314910889
36800,197.89347373502096,0.37889668345451355,9.937726291006782e-07,4096.0,0.07994281500577927
36840,198.09097040497,0.6784303784370422,9.909782190544532e-07,4096.0,0.0666152834892273
36880,198.28894514899002,0.5937850475311279,9.881823101862095e-07,4096.0,0.053882550448179245
36920,198.48579113499727,inf,9.853849341280886e-07,4096.0,0.0583641417324543
36960,198.68022500397637,0.4012437164783478,9.825861225288312e-07,2048.0,0.058966826647520065
37000,198.8778230259777,0.7208043932914734,9.797859070534196e-07,2048.0,0.053109098225831985
37040,199.0755767180235,0.3716728389263153,9.769843193827186e-07,2048.0,0.05892808362841606
37080,199.27357283298625,0.4618780016899109,9.741813912131195e-07,2048.0,0.057355012744665146
37120,199.47124377498403,1.4954239130020142,9.71377154256177e-07,2048.0,0.06938532739877701
37160,199.66904044902185,0.7074934244155884,9.685716402382545e-07,2048.0,0.06868050247430801
37200,199.86702210397925,2.718848943710327,9.657648809001635e-07,2048.0,0.060873597860336304
37240,200.0651005199761,0.49738383293151855,9.62956907996806e-07,2048.0,0.06247926875948906
37280,200.26303468400147,0.4278302490711212,9.601477532968108e-07,2048.0,0.06865780800580978
37320,200.46069550700486,0.5159812569618225,9.573374485821804e-07,2048.0,0.05582539364695549
37360,200.6585371720139,0.7674236297607422,9.545260256479266e-07,2048.0,0.06493227928876877
37400,200.85640557698207,0.6286298036575317,9.517135163017125e-07,2048.0,0.06471371650695801
37440,201.0540959900245,0.5368518233299255,9.48899952363493e-07,2048.0,0.06002141162753105
37480,201.25170449301368,0.430877149105072,9.460853656651545e-07,2048.0,0.05704771354794502
37520,201.44945460697636,0.4381338953971863,9.432697880501545e-07,2048.0,0.05268516018986702
37560,201.64697021001484,1.437462568283081,9.404532513731607e-07,2048.0,0.05501825734972954
37600,201.84469467500458,0.7983264923095703,9.376357874996922e-07,2048.0,0.06349819153547287
37640,202.04248031997122,0.33588308095932007,9.348174283057577e-07,2048.0,0.051574766635894775
37680,202.23979023098946,0.6421071290969849,9.319982056774965e-07,2048.0,0.0662449523806572
37720,202.43779180798447,0.41175541281700134,9.291781515108143e-07,2048.0,0.05165311321616173
37760,202.6355084030074,0.35932666063308716,9.263572977110265e-07,2048.0,0.05513613298535347
37800,202.83318141801283,0.4214194715023041,9.235356761924944e-07,2048.0,0.0461769662797451
37840,203.03090923296986,0.6832613348960876,9.207133188782661e-07,2048.0,0.07466109097003937
37880,203.22869297798024,0.5554319620132446,9.178902576997126e-07,2048.0,0.07708578556776047
37920,203.42658894497436,0.5558348298072815,9.150665245961699e-07,2048.0,0.05408301576972008
37960,203.62443678098498,0.5770682096481323,9.12242151514575e-07,2048.0,0.06062643602490425
38000,203.82232343801297,0.4788050949573517,9.094171704091053e-07,2048.0,0.06916544586420059
38040,204.02033284597564,0.4982486367225647,9.06591613240818e-07,2048.0,0.06197577714920044
38080,204.21799579099752,0.33530858159065247,9.037655119772872e-07,2048.0,0.04993351921439171
38120,204.4156986969756,0.5951544046401978,9.009388985922433e-07,2048.0,0.05424774810671806
38160,204.61332172201946,0.5253135561943054,8.981118050652096e-07,2048.0,0.05221594497561455
38200,204.8110406990163,0.38053345680236816,8.952842633811424e-07,2048.0,0.058572184294462204
38240,205.008743984974,0.4784379303455353,8.924563055300683e-07,2048.0,0.059306301176548004
38280,205.20671973301796,0.7398068308830261,8.896279635067227e-07,2048.0,0.051444876939058304
38320,205.40461380098714,0.42310473322868347,8.867992693101857e-07,2048.0,0.050678618252277374
38360,205.60239314800128,0.3779068887233734,8.839702549435237e-07,2048.0,0.0617169514298439
38400,205.8001625050092,0.3887961208820343,8.811409524134251e-07,2048.0,0.049043167382478714
38440,205.99771099101054,0.4273449778556824,8.783113937298375e-07,2048.0,0.06310033053159714
38480,206.1952687469893,0.32387036085128784,8.754816109056073e-07,2048.0,0.05157007649540901
38520,206.39283624198288,0.44895845651626587,8.726516359561165e-07,2048.0,0.0746811255812645
38560,206.59066113102017,0.3616297245025635,8.698215008989214e-07,2048.0,0.041880052536726
38600,206.78829458798282,0.5377849340438843,8.669912377533882e-07,2048.0,0.05934050306677818
38640,206.98574015300255,0.3885863423347473,8.641608785403342e-07,2048.0,0.0730132982134819
38680,207.1832680089865,0.5889538526535034,8.613304552816621e-07,2048.0,0.04838230088353157
38720,207.3811820190167,0.35774433612823486,8.585000000000004e-07,2048.0,0.04820939898490906
38760,207.5786232840037,5.717874050140381,8.556695447183378e-07,2048.0,0.05565602704882622
38800,207.77639834297588,0.6577048301696777,8.528391214596659e-07,2048.0,0.07445221394300461
38840,207.97416623099707,0.3639983534812927,8.500087622466119e-07,2048.0,0.0604776032269001
38880,208.17169686802663,0.5555384755134583,8.471784991010792e-07,2048.0,0.06783150881528854
38920,208.3693926759879,0.5177488923072815,8.443483640438839e-07,2048.0,0.045139361172914505
38960,208.5672015559976,0.39153000712394714,8.415183890943928e-07,2048.0,0.06314805895090103
39000,208.76479154400295,0.5881315469741821,8.386886062701626e-07,2048.0,0.05004183575510979
39040,208.96277941402514,0.43927034735679626,8.358590475865752e-07,2048.0,0.05894148349761963
39080,209.16031689202646,0.26481929421424866,8.330297450564766e-07,2048.0,0.0414154939353466
39120,209.35790816997178,0.5709104537963867,8.302007306898142e-07,2048.0,0.058770835399627686
39160,209.55548585799988,0.33775293827056885,8.273720364932781e-07,2048.0,0.048298876732587814
39200,209.75359941000352,0.5497230887413025,8.245436944699318e-07,2048.0,0.04381931945681572
39240,209.9510591480066,0.34697532653808594,8.217157366188577e-07,2048.0,0.055256325751543045
39280,210.1489978589816,0.46172747015953064,8.188881949347908e-07,2048.0,0.058309685438871384
39320,210.34709582099458,0.36653271317481995,8.160611014077571e-07,2048.0,0.038958001881837845
39360,210.54485895100515,0.3723224103450775,8.132344880227131e-07,2048.0,0.050896257162094116
39400,210.74276629299857,0.43338969349861145,8.10408386759182e-07,2048.0,0.047191012650728226
39440,210.94027854100568,0.6505843997001648,8.075828295908948e-07,2048.0,0.05793541297316551
39480,211.13795823097462,0.4159087538719177,8.047578484854256e-07,2048.0,0.05505586788058281
39520,211.3354493890074,0.33218252658843994,8.019334754038305e-07,2048.0,0.04702191427350044
39560,211.5330363889807,1.9839545488357544,7.991097423002872e-07,2048.0,0.06221288442611694
39600,211.73072740901262,0.3753952085971832,7.962866811217339e-07,2048.0,0.058149874210357666
39640,211.92872703197645,0.3493596911430359,7.934643238075056e-07,2048.0,0.044680155813694
39680,212.12627754098503,0.3735966980457306,7.906427022889738e-07,2048.0,0.04788753017783165
39720,212.32407504302682,0.3423609435558319,7.87821848489186e-07,2048.0,0.05489501357078552
39760,212.52191766398028,0.362154483795166,7.85001794322504e-07,2048.0,0.06414536386728287
39800,212.71960600599414,0.4214489758014679,7.821825716942423e-07,2048.0,0.05942295864224434
39840,212.91711703501642,0.3538738489151001,7.793642125003079e-07,2048.0,0.04761868715286255
39880,213.11462502501672,0.3255331218242645,7.765467486268395e-07,2048.0,0.05609627440571785
39920,213.31254395801807,0.5921429395675659,7.73730211949846e-07,2048.0,0.0464356504380703
39960,213.51034014002653,0.33930638432502747,7.709146343348456e-07,2048.0,0.04073566943407059
40000,213.70811890199548,0.7305554151535034,7.68100047636507e-07,2048.0,0.04471149668097496
40040,213.9059193250141,0.3466649651527405,7.652864836982876e-07,2048.0,0.046196527779102325
40080,214.10373202798655,0.3335159122943878,7.624739743520739e-07,2048.0,0.06666769832372665
40120,214.30119462800212,0.37738320231437683,7.5966255141782e-07,2048.0,0.05486827716231346
40160,214.4989692600211,0.32622987031936646,7.568522467031892e-07,2048.0,0.050518132746219635
40200,214.6967700329842,0.3552975356578827,7.540430920031942e-07,2048.0,0.0547906756401062
40240,214.89471277798293,0.45239564776420593,7.512351190998364e-07,2048.0,0.044350653886795044
40280,215.09203922702,0.4471883177757263,7.484283597617458e-07,2048.0,0.06828077882528305
40320,215.28997078101384,0.4986957013607025,7.456228457438233e-07,2048.0,0.05522533133625984
40360,215.48775638500229,0.4642563462257385,7.428186087868811e-07,2048.0,0.051047682762145996
40400,215.68559616897255,0.2979161739349365,7.400156806172814e-07,2048.0,0.04967857152223587
40440,215.88319945102558,0.3059083819389343,7.372140929465807e-07,2048.0,0.05424216389656067
40480,216.08088501397287,0.44392117857933044,7.34413877471169e-07,2048.0,0.0514758937060833
40520,216.2785487169749,0.9156391620635986,7.316150658719118e-07,2048.0,0.05154496058821678
40560,216.4763571699732,1.556710124015808,7.288176898137908e-07,2048.0,0.05797231197357178
40600,216.6741778649739,0.36768120527267456,7.260217809455469e-07,2048.0,0.058909106999635696
40640,216.87192639900604,0.35522082448005676,7.232273708993221e-07,2048.0,0.04962996765971184
40680,217.06944165099412,0.271960586309433,7.204344912903007e-07,2048.0,0.055631425231695175
40720,217.26717057498172,1.357600212097168,7.176431737163515e-07,2048.0,0.06554926931858063
40760,217.46482768800342,0.42950692772865295,7.148534497576716e-07,2048.0,0.04533793404698372
40800,217.66237330198055,0.3884183466434479,7.120653509764282e-07,2048.0,0.058762114495038986
40840,217.8599117550184,0.7322902679443359,7.092789089164019e-07,2048.0,0.04133403301239014
40880,218.05771040002583,0.4190283417701721,7.064941551026292e-07,2048.0,0.04849396273493767
40920,218.25530375301605,1.5379704236984253,7.037111210410461e-07,2048.0,0.04997262358665466
40960,218.45285372599028,0.8474332094192505,7.009298382181328e-07,2048.0,0.051425497978925705
41000,218.6506115120137,0.7886878252029419,6.98150338100555e-07,2048.0,0.05070297047495842
41040,218.8482021560194,0.7532187104225159,6.953726521348103e-07,2048.0,0.054613061249256134
41080,219.045896540978,0.4393047094345093,6.92596811746872e-07,2048.0,0.05030728131532669
41120,219.2437988970196,0.32270336151123047,6.89822848341832e-07,2048.0,0.05801906809210777
41160,219.44145322201075,0.29384514689445496,6.870507933035467e-07,2048.0,0.03857008367776871
41200,219.6393355979817,1.5639253854751587,6.842806779942818e-07,2048.0,0.0591752789914608
41240,219.83690630301135,0.4646279513835907,6.815125337543583e-07,2048.0,0.05636584758758545
41280,220.0345374480239,0.41532182693481445,6.787463919017963e-07,2048.0,0.05064530298113823
41320,220.23224970302545,0.5212029814720154,6.75982283731961e-07,2048.0,0.05524302273988724
41360,220.42992338899057,0.5552098155021667,6.732202405172096e-07,2048.0,0.0629640445113182
41400,220.6273363219807,0.4425482153892517,6.704602935065373e-07,2048.0,0.055716145783662796
41440,220.825419721019,0.7135430574417114,6.677024739252236e-07,2048.0,0.06344511359930038
41480,221.02328937902348,0.35729163885116577,6.649468129744772e-07,2048.0,0.05585026741027832
41520,221.22115687601035,2.056605815887451,6.621933418310864e-07,2048.0,0.046020280569791794
41560,221.41890043200692,0.5406984090805054,6.594420916470645e-07,2048.0,0.05112692713737488
41600,221.61647257802542,1.1651737689971924,6.566930935492958e-07,2048.0,0.06371910870075226
41640,221.8141277540126,0.287193238735199,6.539463786391871e-07,2048.0,0.05069015547633171
41680,222.01190408197,0.6020729541778564,6.512019779923131e-07,2048.0,0.04904686287045479
41720,222.20981703000143,0.42309898138046265,6.484599226580655e-07,2048.0,0.052264608442783356
41760,222.4076049469877,0.40467020869255066,6.457202436593016e-07,2048.0,0.053593266755342484
41800,222.60547964600846,0.30185291171073914,6.429829719919935e-07,2048.0,0.053169675171375275
41840,222.80296569201164,0.5072055459022522,6.40248138624878e-07,2048.0,0.04373974725604057
41880,223.0004242269788,5.55631685256958,6.375157744991052e-07,2048.0,0.06224481016397476
41920,223.19802324398188,0.4691820740699768,6.347859105278891e-07,2048.0,0.05735468491911888
41960,223.3956678410177,0.2613371014595032,6.320585775961571e-07,2048.0,0.04304126650094986
42000,223.59346490900498,0.5439269542694092,6.293338065602013e-07,2048.0,0.04996733367443085
42040,223.79113646701444,0.5004640221595764,6.266116282473307e-07,2048.0,0.041132159531116486
42080,223.98922090698034,0.4516877233982086,6.238920734555179e-07,2048.0,0.05691605433821678
42120,224.18693364498904,0.5767155289649963,6.211751729530566e-07,2048.0,0.07045955210924149
42160,224.3845806029858,0.4461374878883362,6.184609574782096e-07,2048.0,0.04533157870173454
42200,224.58224430098198,0.7586476802825928,6.157494577388613e-07,2048.0,0.053904928267002106
42240,224.77981955901487,0.3523811101913452,6.130407044121712e-07,2048.0,0.05825281888246536
42280,224.9773616460152,0.9562109112739563,6.103347281442284e-07,2048.0,0.05744063854217529
42320,225.17522819602164,0.9052584767341614,6.076315595497011e-07,2048.0,0.05889592692255974
42360,225.3731789260055,0.8082828521728516,6.04931229211493e-07,2048.0,0.05233396217226982
42400,225.5706197330146,0.4133714735507965,6.022337676803965e-07,2048.0,0.05229324847459793
42440,225.7684590530116,0.5741369128227234,5.995392054747466e-07,2048.0,0.04942294582724571
42480,225.966132971982,0.6396726965904236,5.968475730800783e-07,2048.0,0.048539720475673676
42520,226.16400187200634,0.4577171504497528,5.941589009487756e-07,2048.0,0.05441325902938843
42560,226.36185062298318,0.2966676652431488,5.91473219499735e-07,2048.0,0.053666044026613235
42600,226.55967996298568,0.3987949788570404,5.887905591180145e-07,2048.0,0.054345645010471344
42640,226.7575012440211,0.433626651763916,5.861109501544942e-07,2048.0,0.052003998309373856
42680,226.95510411297437,0.5058429837226868,5.834344229255291e-07,2048.0,0.05216987058520317
42720,227.15280209301272,0.39936402440071106,5.807610077126116e-07,2048.0,0.050307244062423706
42760,227.35036709101405,0.5806873440742493,5.78090734762023e-07,2048.0,0.05333657190203667
42800,227.54816433298402,0.48789891600608826,5.754236342844949e-07,2048.0,0.043851517140865326
42840,227.7456447799923,0.47887909412384033,5.727597364548656e-07,2048.0,0.06700407713651657
42880,227.94341388199246,0.4371854364871979,5.700990714117406e-07,2048.0,0.0732562318444252
42920,228.14120780298254,0.8670491576194763,5.674416692571506e-07,2048.0,0.050963398069143295
42960,228.33874261198798,0.5195938944816589,5.647875600562098e-07,2048.0,0.05526456981897354
43000,228.5363937820075,0.4564090073108673,5.621367738367777e-07,2048.0,0.062293052673339844
43040,228.7339152119821,0.46698078513145447,5.594893405891176e-07,2048.0,0.053905244916677475
43080,228.93204672599677,0.3041388988494873,5.568452902655602e-07,2048.0,0.056180160492658615
43120,229.12990601797355,0.24260935187339783,5.542046527801594e-07,2048.0,0.044875048100948334
43160,229.32753373897867,0.9465551972389221,5.515674580083607e-07,2048.0,0.05525237321853638
43200,229.52544726099586,0.651836097240448,5.489337357866577e-07,2048.0,0.045408423990011215
43240,229.72313192300498,0.5222628116607666,5.463035159122569e-07,2048.0,0.049069952219724655
43280,229.9209572150139,0.37078502774238586,5.436768281427399e-07,2048.0,0.04814022406935692
43320,230.11866214702604,0.303177148103714,5.410537021957279e-07,2048.0,0.0422799214720726
43360,230.31654999998864,0.4541928172111511,5.384341677485443e-07,2048.0,0.045522626489400864
43400,230.5142897409969,0.33607444167137146,5.358182544378786e-07,2048.0,0.051552098244428635
43440,230.7119517630199,0.32784587144851685,5.332059918594524e-07,2048.0,0.04686242341995239
43480,230.90970604598988,3.0930516719818115,5.305974095676834e-07,2048.0,0.04420825466513634
43520,231.10779737099074,0.8379078507423401,5.279925370753532e-07,2048.0,0.059006012976169586
43560,231.3057223149808,0.3565294146537781,5.253914038532687e-07,2048.0,0.0373508483171463
43600,231.50354952801717,0.2675323188304901,5.227940393299348e-07,2048.0,0.0368163101375103
43640,231.7012014000211,0.4278291165828705,5.202004728912169e-07,2048.0,0.04653378948569298
43680,231.89874391199555,0.3972153067588806,5.176107338800097e-07,2048.0,0.05269072577357292
43720,232.09637154400116,0.41819772124290466,5.150248515959059e-07,2048.0,0.056581247597932816
43760,232.29409522697097,0.48846670985221863,5.124428552948643e-07,2048.0,0.04946740344166756
43800,232.49174960900564,0.690625011920929,5.09864774188879e-07,2048.0,0.06116976961493492
43840,232.68974715500372,0.8030889630317688,5.072906374456485e-07,2048.0,0.05205387994647026
43880,232.8874348680256,12.622443199157715,5.047204741882446e-07,2048.0,0.04967654496431351
43920,233.08502003998728,0.4401162266731262,5.021543134947856e-07,2048.0,0.05105774477124214
43960,233.28271952399518,0.34606122970581055,4.995921843981063e-07,2048.0,0.0457308404147625
44000,233.4802480560029,2.0728132724761963,4.970341158854283e-07,2048.0,0.05811895802617073
44040,233.67815653100843,0.5000429153442383,4.944801368980322e-07,2048.0,0.0490092933177948
44080,233.87575540400576,0.5596566796302795,4.919302763309321e-07,2048.0,0.0465405248105526
44120,234.07343084801687,0.35061123967170715,4.893845630325473e-07,2048.0,0.04344755783677101
44160,234.27094635099638,0.44911715388298035,4.868430258043748e-07,2048.0,0.06316816061735153
44200,234.46883537597023,0.36468321084976196,4.843056934006661e-07,2048.0,0.047535475343465805
44240,234.66631578898523,0.478298157453537,4.817725945280999e-07,2048.0,0.06656872481107712
44280,234.86398270301288,0.7931731939315796,4.792437578454583e-07,2048.0,0.049548350274562836
44320,235.06162979797227,0.33987143635749817,4.7671921196330065e-07,2048.0,0.04803546145558357
44360,235.2595531240222,0.4679506719112396,4.7419898544364364e-07,2048.0,0.05718609318137169
44400,235.45713453699136,0.5879584550857544,4.7168310679963456e-07,2048.0,0.046421561390161514
44440,235.6546105609741,0.4660629332065582,4.6917160449523037e-07,2048.0,0.04876580834388733
44480,235.85304984101094,2.882646322250366,4.6666450694487463e-07,2048.0,0.043517570942640305
44520,236.05093181802658,0.4821925759315491,4.641618425131774e-07,2048.0,0.06460171192884445
44560,236.24875222402625,0.835719883441925,4.6166363951459436e-07,2048.0,0.0470212884247303
44600,236.44668597000418,0.8270308375358582,4.591699262131041e-07,2048.0,0.05788116529583931
44640,236.6445357769844,0.5187408328056335,4.5668073082189146e-07,2048.0,0.048105038702487946
44680,236.8424068739987,0.338084876537323,4.541960815030258e-07,2048.0,0.06315499544143677
44720,237.040623694018,0.4228454530239105,4.517160063671445e-07,2048.0,0.05266518518328667
44760,237.2380896669929,0.34790316224098206,4.492405334731324e-07,2048.0,0.049612514674663544
44800,237.43607199500548,0.6836851239204407,4.4676969082780785e-07,2048.0,0.06957053393125534
44840,237.63352118997136,0.3997556269168854,4.4430350638560263e-07,2048.0,0.053530849516391754
44880,237.83122092601843,0.4272785484790802,4.418420080482471e-07,2048.0,0.044806815683841705
44920,238.02906625298783,0.4624585807323456,4.393852236644538e-07,2048.0,0.04444683715701103
44960,238.22700043098303,0.3509717285633087,4.3693318102960357e-07,2048.0,0.05656617879867554
45000,238.42490412900224,0.4007933437824249,4.34485907885431e-07,2048.0,0.057545144110918045
45040,238.6228005969897,0.3194798529148102,4.320434319197085e-07,2048.0,0.04175521805882454
45080,238.8204263939988,1.4721759557724,4.296057807659355e-07,2048.0,0.06116179749369621
45120,239.01825591101078,0.4086141288280487,4.2717298200302417e-07,2048.0,0.043870966881513596
45160,239.2160524589708,0.3898003101348877,4.2474506315498895e-07,2048.0,0.04625120386481285
45200,239.4137976259808,0.4907398819923401,4.22322051690634e-07,2048.0,0.03945642337203026
45240,239.61149572301656,0.395367294549942,4.1990397502324196e-07,2048.0,0.04426053911447525
45280,239.80923057097243,1.5383318662643433,4.174908605102653e-07,2048.0,0.044085122644901276
45320,240.00698897900293,0.5535163283348083,4.150827354530161e-07,2048.0,0.04428165778517723
45360,240.20477177697467,1.4849259853363037,4.12679627096356e-07,2048.0,0.04788943752646446
45400,240.40271957596997,0.3574814796447754,4.102815626283908e-07,2048.0,0.052262719720602036
45440,240.60039144399343,0.32542359828948975,4.0788856918016034e-07,2048.0,0.040927398949861526
45480,240.79843051399803,0.22350969910621643,4.0550067382533146e-07,2048.0,0.03950130194425583
45520,240.99648069497198,0.4670000374317169,4.031179035798942e-07,2048.0,0.04821792617440224
45560,241.1943385839695,0.7655107975006104,4.0074028540185255e-07,2048.0,0.039940547198057175
45600,241.3919164109975,0.364090234041214,3.9836784619092367e-07,2048.0,0.04890192300081253
45640,241.5894512779778,0.7114514112472534,3.9600061278823017e-07,2048.0,0.051957786083221436
45680,241.7870525859762,0.4183039963245392,3.9363861197599696e-07,2048.0,0.05417376756668091
45720,241.98472184501588,0.30269280076026917,3.9128187047724997e-07,2048.0,0.04308187589049339
45760,242.18241991300602,0.47273632884025574,3.8893041495551187e-07,2048.0,0.04921407625079155
45800,242.38004453101894,0.5732231736183167,3.8658427201450263e-07,2048.0,0.057981278747320175
45840,242.57776106102392,0.6416091322898865,3.8424346819783517e-07,2048.0,0.05018511414527893
45880,242.77556842000922,0.5357611179351807,3.819080299887184e-07,2048.0,0.04219437763094902
45920,242.9729681679746,0.3939029574394226,3.7957798380965625e-07,2048.0,0.06373320519924164
45960,243.17103173898067,0.5708190202713013,3.7725335602214744e-07,2048.0,0.052214741706848145
46000,243.36884284898406,0.46175336837768555,3.7493417292638996e-07,2048.0,0.04714781790971756
46040,243.5666637700051,0.508404552936554,3.7262046076098137e-07,2048.0,0.06064886972308159
46080,243.7643889799947,0.6064563989639282,3.7031224570262296e-07,2048.0,0.040311042219400406
46120,243.96236712200334,0.29120346903800964,3.680095538658226e-07,2048.0,0.05053407698869705
46160,244.1601873220061,0.409319669008255,3.657124113026004e-07,2048.0,0.056441307067871094
46200,244.35802783299005,1.1104233264923096,3.63420844002194e-07,2048.0,0.05497432500123978
46240,244.5554596009897,0.5629388689994812,3.6113487789076374e-07,2048.0,0.056099165230989456
46280,244.75350566400448,0.5919832587242126,3.5885453883109873e-07,2048.0,0.05099433660507202
46320,244.9515026169829,0.3167499899864197,3.565798526223263e-07,2048.0,0.03776633366942406
46360,245.14929414802464,0.41666314005851746,3.543108449996186e-07,2048.0,0.057543981820344925
46400,245.34733367100125,0.3672325909137726,3.520475416339022e-07,2048.0,0.04599955305457115
46440,245.5452857830096,0.8104520440101624,3.4978996813156624e-07,2048.0,0.04490015655755997
46480,245.74274583201623,0.2920186519622803,3.4753815003417483e-07,2048.0,0.040275245904922485
46520,245.94057960400824,8.306886672973633,3.4529211281817684e-07,2048.0,0.04902578517794609
46560,246.13869373797206,0.5319918394088745,3.430518818946172e-07,2048.0,0.05057124048471451
46600,246.33665240101982,0.362659215927124,3.408174826088504e-07,2048.0,0.04851949214935303
46640,246.5343774019857,0.30618783831596375,3.385889402402539e-07,2048.0,0.05139973759651184
46680,246.73218111397,0.3418499827384949,3.363662800019414e-07,2048.0,0.06411632150411606
46720,246.92988830601098,0.5690423846244812,3.3414952704047694e-07,2048.0,0.04377015307545662
46760,247.12785132002318,0.24644769728183746,3.3193870643559216e-07,2048.0,0.036978475749492645
46800,247.32562685199082,0.3487479090690613,3.2973384319990157e-07,2048.0,0.058295588940382004
46840,247.5235973050003,1.6876565217971802,3.2753496227861955e-07,2048.0,0.05248716101050377
46880,247.7213219780242,0.3878422677516937,3.253420885492778e-07,2048.0,0.04349658265709877
46920,247.91902426001616,0.41971272230148315,3.231552468214447e-07,2048.0,0.04811020568013191
46960,248.1163829889847,0.3515397906303406,3.2097446183644417e-07,2048.0,0.06072814390063286
47000,248.31414413201855,0.4378800392150879,3.187997582670768e-07,2048.0,0.05459246784448624
47040,248.5119067649939,0.2954557538032532,3.1663116071733714e-07,2048.0,0.044971611350774765
47080,248.7098140590242,0.4267047643661499,3.1446869372214065e-07,2048.0,0.0490662157535553
47120,248.90718468901468,0.49327248334884644,3.1231238174704227e-07,2048.0,0.0671408548951149
47160,249.10509124299278,0.5597058534622192,3.1016224918796024e-07,2048.0,0.0486128032207489
47200,249.30263047502376,0.5774484872817993,3.080183203709013e-07,2048.0,0.0652218759059906
47240,249.50044123799307,0.35701239109039307,3.0588061955168453e-07,2048.0,0.05388246849179268
47280,249.6982177820173,0.4979693591594696,3.0374917091566756e-07,2048.0,0.05870018154382706
47320,249.8959012849955,0.40203556418418884,3.0162399857747167e-07,2048.0,0.04866042733192444
47360,250.09375742997508,0.3482617139816284,2.9950512658071056e-07,2048.0,0.04394596442580223
47400,250.29134253197117,0.43370485305786133,2.9739257889771704e-07,2048.0,0.041772883385419846
47440,250.48871440300718,0.48137781023979187,2.952863794292737e-07,2048.0,0.056948184967041016
47480,250.6871455219807,0.5330690741539001,2.931865520043392e-07,2048.0,0.04969384893774986
47520,250.8848782759742,1.037630319595337,2.9109312037978213e-07,2048.0,0.05231610685586929
47560,251.08250278997002,0.36930444836616516,2.8900610824011026e-07,2048.0,0.046114496886730194
47600,251.27995714201825,0.515400767326355,2.8692553919720336e-07,2048.0,0.054351627826690674
47640,251.4776497859857,0.5716596841812134,2.84851436790045e-07,2048.0,0.06075243279337883
47680,251.67516026902013,0.44399458169937134,2.827838244844578e-07,2048.0,0.045172713696956635
47720,251.87280188297154,0.31978338956832886,2.807227256728372e-07,2048.0,0.05932430177927017
47760,252.0707148690126,0.4463043510913849,2.7866816367388607e-07,2048.0,0.0437452495098114
47800,252.26864213502267,0.3940981328487396,2.7662016173235204e-07,2048.0,0.05061378702521324
47840,252.466006446979,0.38629579544067383,2.7457874301876396e-07,2048.0,0.04510821774601936
47880,252.66416960500646,0.3775654435157776,2.725439306291706e-07,2048.0,0.0438259057700634
47920,252.8620095709921,0.9888935685157776,2.705157475848772e-07,2048.0,0.05973039194941521
47960,253.05969394597923,1.0490576028823853,2.684942168321873e-07,2048.0,0.055348899215459824
48000,253.2573743709945,0.33010077476501465,2.664793612421422e-07,2048.0,0.05203218013048172
48040,253.45546084898524,0.25585001707077026,2.6447120361026236e-07,2048.0,0.037293095141649246
48080,253.6529878929723,0.32504042983055115,2.6246976665628853e-07,2048.0,0.04563337191939354
48120,253.85071381897433,0.2919839322566986,2.604750730239267e-07,2048.0,0.04970774054527283
48160,254.04861828597495,0.3004990518093109,2.584871452805899e-07,2048.0,0.050687748938798904
48200,254.24632254097378,0.5679984092712402,2.565060059171448e-07,2048.0,0.04858698695898056
48240,254.44424122798955,0.4273648262023926,2.5453167734765455e-07,2048.0,0.04652921482920647
48280,254.64197251497535,0.45575669407844543,2.5256418190912873e-07,2048.0,0.05743187665939331
48320,254.83971820102306,0.3438153564929962,2.506035418612678e-07,2048.0,0.06656529009342194
48360,255.03711072501028,0.5993798971176147,2.486497793862118e-07,2048.0,0.054212987422943115
48400,255.23485640098806,0.3816034495830536,2.467029165882907e-07,2048.0,0.052666302770376205
48440,255.43264681799337,0.40870043635368347,2.447629754937729e-07,2048.0,0.05645613744854927
48480,255.6301102929865,0.5630637407302856,2.4282997805061677e-07,2048.0,0.04266277700662613
48520,255.82791317999363,0.46470481157302856,2.409039461282222e-07,2048.0,0.048872437328100204
48560,256.02570295799524,0.34014320373535156,2.3898490151718273e-07,2048.0,0.049480635672807693
48600,256.22340011497727,0.4640476107597351,2.3707286592903935e-07,2048.0,0.04793650284409523
48640,256.4212391820038,0.38713839650154114,2.3516786099603615e-07,2048.0,0.05270278453826904
48680,256.61917333101155,0.4255269467830658,2.3326990827087212e-07,2048.0,0.05086218938231468
48720,256.81667396699777,0.28712189197540283,2.313790292264614e-07,2048.0,0.04434388875961304
48760,257.0144077540026,0.6571500897407532,2.2949524525568777e-07,2048.0,0.045902468264102936
48800,257.2119330900023,0.41481950879096985,2.276185776711635e-07,2048.0,0.04637494310736656
48840,257.4097487590043,0.45238760113716125,2.2574904770498714e-07,2048.0,0.050208400934934616
48880,257.6077498780214,0.24376854300498962,2.2388667650850563e-07,2048.0,0.05006768926978111
48920,257.8054906760226,0.3639298677444458,2.2203148515207277e-07,2048.0,0.04364586994051933
48960,258.0032438649796,0.33907294273376465,2.2018349462481136e-07,2048.0,0.04673289135098457
49000,258.2011362040066,0.33684200048446655,2.1834272583437676e-07,2048.0,0.03922351077198982
49040,258.39867806097027,0.332407683134079,2.1650919960671848e-07,2048.0,0.043666791170835495
49080,258.59638500900473,0.591106116771698,2.1468293668584766e-07,2048.0,0.040904026478528976
49120,258.7943726989906,0.4392414689064026,2.1286395773359752e-07,2048.0,0.05613483116030693
49160,258.9919774470036,0.7855892777442932,2.1105228332939515e-07,2048.0,0.050846248865127563
49200,259.18938887299737,0.3594518303871155,2.0924793397002458e-07,2048.0,0.06144097074866295
49240,259.3873057430028,0.2643390893936157,2.0745093006939689e-07,2048.0,0.04197218641638756
49280,259.5846483390196,0.7496595978736877,2.0566129195831773e-07,2048.0,0.05070983245968819
49320,259.7826581710251,0.7819458842277527,2.038790398842595e-07,2048.0,0.06250597536563873
49360,259.98043557000346,0.5426155924797058,2.0210419401113058e-07,2048.0,0.05095231533050537
49400,260.1779874379863,0.5753481388092041,2.003367744190471e-07,2048.0,0.04559002444148064
49440,260.3758807880222,0.3154475688934326,1.9857680110410687e-07,2048.0,0.04914966970682144
49480,260.5734936569934,0.6182535290718079,1.9682429397816198e-07,2048.0,0.05020156130194664
49520,260.771105066,0.2758142054080963,1.950792728685952e-07,2048.0,0.046745430678129196
49560,260.9686343439971,0.39019155502319336,1.9334175751809337e-07,2048.0,0.0432976558804512
49600,261.1663245939999,0.3443864583969116,1.9161176758442593e-07,2048.0,0.04132392629981041
49640,261.36359140998684,0.7720662951469421,1.8988932264022153e-07,2048.0,0.044718872755765915
49680,261.5609211070114,0.5204949378967285,1.8817444217274786e-07,2048.0,0.05154023319482803
49720,261.75865619798424,0.5414919853210449,1.8646714558368812e-07,2048.0,0.0516720712184906
49760,261.9562668669969,0.35461878776550293,1.8476745218892572e-07,2048.0,0.051611270755529404
49800,262.1535569539992,0.5753052830696106,1.8307538121832268e-07,2048.0,0.05696461722254753
49840,262.3510319920024,3.777223587036133,1.8139095181550275e-07,2048.0,0.052301909774541855
49880,262.5484364909935,0.6390839219093323,1.7971418303763565e-07,2048.0,0.06656935065984726
49920,262.7459388200077,0.33009767532348633,1.780450938552208e-07,2048.0,0.05298909172415733
49960,262.9431746570044,0.5456556081771851,1.763837031518726e-07,2048.0,0.07050799578428268
50000,263.14052447502036,0.3013284206390381,1.7473002972410727e-07,2048.0,0.04441375657916069
50040,263.33768067200435,2.28096079826355,1.7308409228112934e-07,2048.0,0.05405154451727867
50080,263.5352747919969,0.46342071890830994,1.7144590944462085e-07,2048.0,0.0418509915471077
50120,263.7327629509964,0.3652711808681488,1.6981549974853138e-07,2048.0,0.051658641546964645
50160,263.93043846299406,0.703216016292572,1.681928816388651e-07,2048.0,0.05475006625056267
50200,264.1282802349888,0.3914330005645752,1.6657807347347638e-07,2048.0,0.036331865936517715
50240,264.3261232369696,0.3676393926143646,1.6497109352185935e-07,2048.0,0.05472053214907646
50280,264.52393646899145,0.41205790638923645,1.6337195996494136e-07,2048.0,0.057990290224552155
50320,264.72190407302696,0.2932255268096924,1.617806908948785e-07,2048.0,0.0415697880089283
50360,264.91954286402324,0.36765310168266296,1.601973043148499e-07,2048.0,0.05436920002102852
50400,265.1166449019802,0.5500824451446533,1.5862181813885446e-07,2048.0,0.05540130287408829
50440,265.31417333200807,0.3277280032634735,1.5705425019150844e-07,2048.0,0.04223087430000305
50480,265.5115249219816,0.32179054617881775,1.554946182078426e-07,2048.0,0.048827093094587326
50520,265.70904381299624,0.4112229347229004,1.539429398331028e-07,2048.0,0.05902000889182091
50560,265.90614440100035,0.33040672540664673,1.523992326225507e-07,2048.0,0.04906532168388367
50600,266.10382966301404,0.3868409991264343,1.5086351404126353e-07,2048.0,0.045520007610321045
50640,266.30166429601377,0.8083088397979736,1.4933580146393726e-07,2048.0,0.055616557598114014
50680,266.49940096901264,0.5614818334579468,1.478161121746907e-07,2048.0,0.04976698383688927
50720,266.69722928199917,0.3949006199836731,1.463044633668695e-07,2048.0,0.058885443955659866
50760,266.89517793699633,0.5041714906692505,1.4480087214285058e-07,2048.0,0.03739013522863388
50800,267.09304712101584,0.877581775188446,1.433053555138505e-07,2048.0,0.04543330892920494
50840,267.29034315102035,0.3110112249851227,1.4181793039973189e-07,2048.0,0.044210728257894516
50880,267.48793719301466,0.39995718002319336,1.403386136288121e-07,2048.0,0.05021771416068077
50920,267.6855746160145,0.33759739995002747,1.3886742193767245e-07,2048.0,0.04062483459711075
50960,267.8832765899715,2.3301594257354736,1.374043719709704e-07,2048.0,0.04615185409784317
51000,268.0809578630142,0.3335026502609253,1.3594948028124944e-07,2048.0,0.041854240000247955
51040,268.2786100860103,0.41090625524520874,1.3450276332875287e-07,2048.0,0.05588516592979431
51080,268.47613106801873,0.45849084854125977,1.3306423748123665e-07,2048.0,0.048133980482816696
51120,268.67402148398105,0.33978426456451416,1.3163391901378578e-07,2048.0,0.04101194068789482
51160,268.8717692280188,0.2670274078845978,1.3021182410862859e-07,2048.0,0.04768640175461769
51200,269.06931231101044,0.6903411149978638,1.287979688549547e-07,2048.0,0.055574823170900345
51240,269.266729252995,0.377273827791214,1.2739236924873193e-07,2048.0,0.04960934445261955
51280,269.4644063569722,0.3650113344192505,1.2599504119252667e-07,2048.0,0.04003891348838806
51320,269.6620075009996,0.4392895996570587,1.2460600049532308e-07,2048.0,0.05737290903925896
51360,269.85957830399275,0.34734705090522766,1.23225262872344e-07,2048.0,0.05056118592619896
51400,270.05743325001094,0.5576983094215393,1.218528439448744e-07,2048.0,0.036399006843566895
51440,270.25493119301973,0.39802083373069763,1.204887592400832e-07,2048.0,0.0398741252720356
51480,270.45247991598444,0.2993659973144531,1.191330241908485e-07,2048.0,0.030027836561203003
51520,270.6502350019873,0.3902635872364044,1.1778565413558236e-07,2048.0,0.059831179678440094
51560,270.8480975679704,0.909991979598999,1.164466643180579e-07,2048.0,0.04793470725417137
51600,271.0458122129785,0.3567454218864441,1.1511606988723653e-07,2048.0,0.046702802181243896
51640,271.2436169090215,0.34910255670547485,1.1379388589709668e-07,2048.0,0.04690669849514961
51680,271.44140718498966,0.6894247531890869,1.1248012730646287e-07,2048.0,0.04746108502149582
51694,296.259187905991,2.2752270698547363,1.1117480897883741e-07,2048.0,0.045418787747621536
